PC1,PC2,macro_cluster
-0.24654526832653692,-0.3849276740412218,0
-0.058801254077843215,1.5465194101712838,1
-1.381840974138355,-1.6195778719867835,2
0.2603346004215606,-1.4819819316369627,0
-0.2759176140038659,-1.343457972520551,0
-0.5433335797869667,0.036260269941594384,0
-0.489686008135279,-0.731997344068201,0
0.02822606658619756,-1.491888198200339,0
-0.9839299710259738,-1.6601516067422784,2
0.29767797022443,-1.5574799700773214,0
-0.4804547992627602,-0.18046089675688073,0
-0.489686008135279,-0.731997344068201,0
-1.2118243533575157,-1.6457376733374403,2
0.5438425144382563,1.6930312925522606,1
-0.489686008135279,-0.731997344068201,0
-1.2392046434892026,-1.4654896027502196,2
0.2228646654622786,1.7651880154278567,1
-0.9839299710259738,-1.6601516067422784,2
0.258738494517643,0.2678453084057352,0
0.5229176698472903,-1.3959565454955565,0
-0.6728454562930264,-0.5225343610290105,0
-0.2876176033574664,0.39890733721892346,0
-0.5338516892387457,1.0670418968889979,1
-0.27298261264530554,2.0274166417514032,1
1.6916961286038195,1.4486467919313488,1
-0.6804155348600472,-0.5341491491009411,0
-1.235846010279358,-1.7326392356510691,2
-0.7523048986720398,-1.1230345927995644,0
0.20392208856491376,-1.2527510194127414,0
-0.14267612324368723,2.3270900310100022,1
-1.0595085008166372,-0.46597308700626294,2
-0.5743272803992733,0.1815979798689055,0
-0.6481324302327245,-0.008607291567810269,0
-0.6538272727222276,-1.1308739781913215,0
1.800977810611068,0.1380562992540336,1
-0.6160508305124143,-1.1205178799135218,0
-0.37516846065338055,1.8088551732632911,1
-0.16195677407470016,1.6748125480058458,1
-0.9839299710259738,-1.6601516067422784,2
-1.0489199818635264,-0.9707907316984242,0
-0.22032097596853664,1.021796015160417,1
-0.33308096191325315,0.9160294137890448,1
0.14219472026569235,-1.7606039343283535,0
-0.4001984864665582,2.995966454344325,1
-0.2917969090244603,2.4870954622002825,1
-0.0862182387046818,2.155956043300988,1
1.2911113536649095,0.02144514221754681,0
-1.2532624876163163,-1.6506356220526588,2
-0.6752354864436386,2.9476836459776474,1
-0.014148666309847097,-1.4992443454194189,0
0.03313285973026338,1.1978990485033583,1
0.27131148311907005,1.1038944498193173,1
-1.244609642500477,-1.2935953201690213,2
-1.3858665741175833,-1.6162026777810146,2
-1.2515728576921514,-1.6098036089757748,2
0.9871217892031009,-0.060684579959663164,0
0.045741594836572724,-1.5892630909970982,0
-0.4001984864665582,2.995966454344325,1
0.5672629628102623,-1.0447057214847943,0
0.5898354763901971,-1.5697358181305672,0
-0.3521063090263448,0.08123526587307849,0
-0.20356309813557133,-0.3678671445525947,0
-0.22032097596853664,1.021796015160417,1
-0.9963731574569384,-0.9883871127057972,0
0.8781470118365647,2.1800660827806655,1
0.16850189980166935,1.8907769178947733,1
-0.4331469506456135,-0.09835211414598691,0
-1.0509297513328044,-0.9661321520138164,0
-1.1146592309295005,-1.6451012786973744,2
4.12004990544678,-3.4283943559553025,2
-1.0489199818635264,-0.9707907316984242,0
-0.865088177116941,-1.0665899822827627,0
-0.9839299710259738,-1.6601516067422784,2
-0.9572262161926294,-0.664115154381593,2
-0.1397614598281613,2.3166117275190485,1
0.09284851716535178,1.3206446907588751,1
0.4599756060050507,-1.5782380516700172,0
-0.4807949897939084,2.908277030725001,1
-0.9839299710259738,-1.6601516067422784,2
-0.39953370870043536,2.9973549845717216,1
-1.1441496297543159,-1.642741833018286,2
0.0393656947572725,0.644348357202729,1
-0.6511545547351402,-1.0600760541521788,0
-1.1278875314898793,-1.0529150424916336,2
0.09284851716535178,1.3206446907588751,1
0.0057255330934426266,1.8692623816151666,1
0.04550186381472246,-1.4359651254355161,0
-0.21821564874196953,-1.3436401676530236,0
-0.5960673409666638,-1.2506332106810176,0
6.43255992967436,-1.2073539484051241,3
0.9583081153696449,0.912632599744971,1
-0.5739387111661738,0.19863057900291778,2
-0.19920267846045756,2.698084247212631,1
-0.012932378079165523,1.9844783029350672,1
0.1330797960259244,1.9991710366940103,1
-0.9839299710259738,-1.6601516067422784,2
-0.09146916639878676,-1.4888477514064105,0
-0.2759176140038659,-1.343457972520551,0
-0.6780561669302707,-0.08620714753837086,0
-0.32111289411650085,-1.2533530618948499,0
-1.3616156143280789,-1.622935512489963,2
-0.7961221146922022,0.36552763450459685,2
-1.3858665741175833,-1.6162026777810146,2
0.12576943557458187,2.078220955881573,1
-0.17802398046312773,3.6997784559756797,1
-0.06987599047280994,0.026053137618456068,0
-0.2884118963433759,1.0527960559427711,1
-0.03855829367257229,-1.1841019395904882,0
0.00636430403477576,1.8680129316687322,1
-1.1999056014778022,-0.32902188449621267,2
-0.10412433811631995,0.48160075656571205,1
-0.9839299710259738,-1.6601516067422784,2
-1.0465677362591164,-0.9684790822295161,0
-0.3521063090263448,0.08123526587307849,0
-1.240269747858931,-1.467082933940254,2
-0.5234356461879343,0.25852082719542735,0
-0.46284779591186687,-0.07845337527552407,0
-0.6728454562930264,-0.5225343610290105,0
0.8781470118365647,2.1800660827806655,1
-0.10412433811631995,0.48160075656571205,1
-0.8899704868196376,-1.0543688991854248,0
5.8461251350895855,0.6626331626042982,1
-0.6728454562930264,-0.5225343610290105,0
-1.3458790763782766,-1.6403839273600382,2
0.27597817182580303,1.2476744511501552,1
0.14250900224810722,2.141195615541916,1
-0.6040206247626092,-1.6573444125000698,2
-0.489686008135279,-0.731997344068201,0
-0.10412433811631995,0.48160075656571205,1
0.00636430403477576,1.8680129316687322,1
-1.3616156143280789,-1.622935512489963,2
1.6006054489331145,1.9924756269432726,1
-1.2406662643995523,-1.7379803668841354,2
-1.3616156143280789,-1.622935512489963,2
1.0908662872912775,1.6933563495102346,1
2.0664261430391244,1.3390330831454347,1
-1.094180259165887,-0.768925461811687,2
-0.26946269874741363,-1.3022121695846343,0
-0.21377521024295645,1.0144134943663676,1
7.591127935611819,0.6152605198093786,3
-0.2876176033574664,0.39890733721892346,0
0.5297096745221558,-1.3983227385759893,0
-1.3326082504690884,-1.423867528011358,2
7.591127935611819,0.6152605198093786,3
-1.1441496297543159,-1.642741833018286,2
0.19477900024784556,-0.6124107087506799,0
-0.9897868628701129,-0.9407134265267351,2
-0.5739387111661738,0.19863057900291778,2
-0.007256217290393247,-1.3002968376594777,0
-1.0489199818635264,-0.9707907316984242,0
-0.9839299710259738,-1.6601516067422784,2
-0.6747842127373807,2.948588828038164,1
-0.36722624595923137,0.03688549851297302,0
-0.641852552719603,-0.5184459179759716,2
-0.003233628310117282,-1.3663326950258785,0
-0.6804155348600472,-0.5341491491009411,0
-1.2450791468489473,-1.4790730864146513,2
-0.3014812271187122,3.6817660147708904,1
0.5004142407453158,2.2231761397632077,1
0.1365431624359212,2.1907917453982844,1
0.6802555474130226,-1.7589339140846223,0
-0.21726152911825525,0.01993345201517661,0
-0.9839299710259738,-1.6601516067422784,2
0.34622124622967165,-1.5236537542124837,0
-0.07663225256130407,1.0674141992621906,1
-0.03855829367257229,-1.1841019395904882,0
-0.12349715802354129,2.3808244356768236,1
0.25544306809766304,1.7322144034737315,1
0.7239828012982413,-2.1564971377598354,0
-1.240269747858931,-1.467082933940254,2
1.3288348742308003,0.95085229519267,1
-0.4234095139228305,-1.1558466651508603,0
-0.3991372913391692,2.9981706213099706,1
-1.0529791871362566,-0.9676285207294609,0
-0.7937328303859443,0.3702030949445671,2
-1.3326082504690884,-1.423867528011358,2
-0.14844122202999704,-1.663329088552249,2
-0.22615508066062517,2.2648871367362213,1
0.14219472026569235,-1.7606039343283535,0
2.625036762740167,0.561210483609683,1
-1.3616156143280789,-1.622935512489963,2
-1.1278875314898793,-1.0529150424916336,2
-0.46284779591186687,-0.07845337527552407,0
0.5097106992135971,1.6248895039880316,1
-0.6779293180635221,-0.5732383745506163,2
-0.3802773076939921,2.2966735415004487,1
-0.3629377993302627,2.6041308698497265,1
-0.9839299710259738,-1.6601516067422784,2
0.5438425144382563,1.6930312925522606,1
0.6506239656946067,1.4019592256848081,1
-0.3993775721003272,2.9976772720691995,1
-0.3993775721003272,2.9976772720691995,1
-0.3418531176737539,2.3532636347597786,1
-0.37755930126242315,2.3027620068410926,1
-0.3521063090263448,0.08123526587307849,0
-0.9839299710259738,-1.6601516067422784,2
-0.8584350265519577,-1.1589859683557422,2
13.603870566388538,-1.8922915819891377,3
-0.3981894074302246,3.0000886990814655,1
-0.9691581612070405,-1.0030846183702817,0
-1.0296476830007824,-0.9737389320517067,0
-0.005963125534622964,1.8258634054602563,1
0.47761860150538843,1.6612662286758144,1
-0.489686008135279,-0.731997344068201,0
-0.014148666309847097,-1.4992443454194189,0
-0.2785213307034641,-1.1581647675728377,0
-0.9480166424478734,-0.5862062801319877,2
-0.9839299710259738,-1.6601516067422784,2
-0.22032097596853664,1.021796015160417,1
-1.240269747858931,-1.467082933940254,2
-0.9839299710259738,-1.6601516067422784,2
1.2400261064353078,0.375324430074802,1
-1.052463310814488,-0.9675057818712137,0
-0.818233256532199,-1.2806146882642033,2
-0.06388312474052611,1.3296631301088069,1
-0.5037197959577356,2.434658516948814,1
-0.7089993317593034,1.5913277416751173,1
-1.094180259165887,-0.768925461811687,2
-0.26946269874741363,-1.3022121695846343,0
-0.6722067672820219,2.9536051434279877,1
-0.6804155348600472,-0.5341491491009411,0
0.040375798289465296,1.2119310204718186,1
0.3926343130836079,2.5383221836880288,1
-0.39809767473896784,3.00027214804055,1
0.00111258207655973,1.554003375136551,1
-0.3213386287119054,0.9254403780634454,1
-0.489686008135279,-0.731997344068201,0
-0.6651869736617028,-1.1281286060777744,0
13.603870566388538,-1.8922915819891377,3
-1.1441496297543159,-1.642741833018286,2
2.056782982487799,-1.7452670660845147,0
0.014780386569877044,-1.4461197882445558,0
0.14633737057301138,-1.6189633740806717,0
-0.22032097596853664,1.021796015160417,1
-0.6524296544739504,-0.08953963184122844,0
0.49090099142342686,1.613951199158721,1
-1.3590964200697147,-1.6324172662283176,2
-0.4578517331153588,0.2640755301774511,0
0.2718232025340211,-1.490464625197466,0
0.1036552735073091,-1.7354544961926281,0
0.16947439877080192,-0.30556482799717355,0
13.603870566388538,-1.8922915819891377,3
0.14219472026569235,-1.7606039343283535,0
4.12004990544678,-3.4283943559553025,2
4.4894470233021995,-2.8391843760340696,2
-0.15813286443654792,0.7027947886251511,1
1.800977810611068,0.1380562992540336,1
0.23361819527270308,-1.4376169829551455,0
-0.3195774049647955,2.373389173567248,1
-0.6804155348600472,-0.5341491491009411,0
-1.3616156143280789,-1.622935512489963,2
-0.08623085470813262,2.1550590374986305,1
1.2108626339183883,0.558765408365724,1
-1.315025651449734,-1.6809044584557344,2
-0.5338516892387457,1.0670418968889979,1
-0.10412433811631995,0.48160075656571205,1
-0.30011615748282316,-1.3099534040209593,0
-0.19848481682717692,1.3604718834237215,1
0.6206355605748417,-1.300727378154644,0
-0.0862182387046818,2.155956043300988,1
0.05736379954840384,1.1315406969646695,1
-0.9839299710259738,-1.6601516067422784,2
-0.03187349205139189,-1.4534744769525134,0
-0.7097532523814559,-0.09801821517157634,0
-0.03187349205139189,-1.4534744769525134,0
1.5796679053487732,-1.5230935317854493,0
-0.20356309813557133,-0.3678671445525947,0
0.1597131836186665,1.0645655496162385,1
0.16850189980166935,1.8907769178947733,1
0.686274376082098,-1.13678567133723,0
-0.2785213307034641,-1.1581647675728377,0
-1.3326082504690884,-1.423867528011358,2
-0.6747842127373807,2.948588828038164,1
-1.3616156143280789,-1.622935512489963,2
-0.6804155348600472,-0.5341491491009411,0
-0.07496145188269422,1.2487794401224854,1
-0.1858208355340651,2.3604299627381082,1
0.9871217892031009,-0.060684579959663164,0
0.3759205892965443,2.1723296093714195,1
-0.0050957437687248145,-0.8626729776819994,0
0.09213853002240403,-0.34644144936599547,0
-1.0503441089658028,-0.9666792438762917,0
-1.3332632716275359,-1.4251727156363083,2
0.9641265960097289,-1.8352647036339853,0
-0.8342152916359556,-0.7940955292150931,2
-1.2064480594407216,-1.7017632413866732,2
-0.6860817243205174,-1.1779718427821448,0
-0.7972600658819127,0.4011118308223094,2
-1.3420383444801833,-1.6484778920643604,2
-0.6311061401862509,-1.1288544162724956,0
-0.6728454562930264,-0.5225343610290105,0
-0.0862182387046818,2.155956043300988,1
-0.41494618409693046,0.34902765536820834,0
-0.9839299710259738,-1.6601516067422784,2
-0.8218428704174718,-0.8070681005004416,2
-0.07496145188269422,1.2487794401224854,1
-0.10412433811631995,0.48160075656571205,1
-0.24112304993404862,0.3652209754787826,0
-0.6728454562930264,-0.5225343610290105,0
-0.22032097596853664,1.021796015160417,1
0.47761860150538843,1.6612662286758144,1
0.5229176698472903,-1.3959565454955565,0
1.800977810611068,0.1380562992540336,1
-0.22032097596853664,1.021796015160417,1
1.0286014109741917,-0.9680049953249223,0
0.3276844182155186,1.3061595123633782,1
-0.23120930875079557,-0.08610122622336043,0
-0.5425474290205933,0.12571570831603512,0
-0.489686008135279,-0.731997344068201,0
-0.6779293180635221,-0.5732383745506163,2
-0.07496145188269422,1.2487794401224854,1
-0.6804155348600472,-0.5341491491009411,0
-1.119198300021771,-0.9983070618204817,2
-0.6740073890498901,-0.21323059457584226,0
0.6232900518001022,-1.5695991095620436,0
-1.2515728576921514,-1.6098036089757748,2
-0.5739387111661738,0.19863057900291778,2
1.6514788686160649,-0.581060085036602,0
0.09284851716535178,1.3206446907588751,1
-1.3332632716275359,-1.4251727156363083,2
-0.0862182387046818,2.155956043300988,1
-0.298745855632057,-0.0006562777063583267,0
-0.6779293180635221,-0.5732383745506163,2
-0.49535003207911477,2.6312507813643915,1
-1.3326082504690884,-1.423867528011358,2
-0.21821564874196953,-1.3436401676530236,0
-0.5739387111661738,0.19863057900291778,2
-1.3678081304101706,-1.6313804832186034,2
-0.40541432036447866,0.5176992185872835,0
-0.4331469506456135,-0.09835211414598691,0
-0.6728454562930264,-0.5225343610290105,0
0.14219472026569235,-1.7606039343283535,0
-0.11094113401838078,1.6713015063748817,1
-0.1580693913842426,-2.085404506063089,2
-0.2592840633375875,1.1164375197435057,1
4.12004990544678,-3.4283943559553025,2
1.016237430203016,1.6759835150502675,1
-0.6763720260972892,2.945356489595077,1
-1.3332632716275359,-1.4251727156363083,2
-0.39905553579986697,2.998337783961843,1
-0.4234095139228305,-1.1558466651508603,0
-0.12625500834053885,-1.4302327747332806,0
-0.5388876223918758,0.7097779375119703,1
0.7719255436210274,1.8075468702933108,1
3.4093788640153337,-2.673867207445707,2
0.6802555474130226,-1.7589339140846223,0
-0.8891009971006638,-0.22980473181302682,2
-1.052463310814488,-0.9675057818712137,0
-0.0862182387046818,2.155956043300988,1
-0.5960673409666638,-1.2506332106810176,0
-0.43507188740901903,0.615037768212264,1
-0.42078725868570366,-0.9648743973818936,2
-0.2860350043394456,-1.3215472896806606,0
-1.196740982819804,-1.4068098043318227,2
0.3608943516996231,2.4311379431706595,1
-0.5558614848821373,-0.30226484429536116,2
-1.1134818281237469,-1.5749659546172239,2
-0.41911419398020694,0.07078036251469806,0
0.5297096745221558,-1.3983227385759893,0
-1.2903590784537553,-1.6518257283277133,2
-0.418052051667558,0.9085082526393682,1
0.1387036394392262,0.896927618590901,1
0.47761860150538843,1.6612662286758144,1
-0.4331469506456135,-0.09835211414598691,0
-0.5422907260422947,1.727840308565551,1
-0.37804848205153685,1.5702843708099168,1
-0.5764892640277405,0.31724545081269695,2
-0.2958185156759777,-0.7700432596490029,2
0.21672630370240964,1.4981602792882094,1
-1.1028378999289936,-1.6551981148350796,2
-0.06987599047280994,0.026053137618456068,0
-0.2876176033574664,0.39890733721892346,0
0.5380680172596274,1.6782183814546043,1
-1.3616156143280789,-1.622935512489963,2
-0.0862182387046818,2.155956043300988,1
-0.9480166424478734,-0.5862062801319877,2
0.05510314356587395,1.1340527916570238,1
-1.3616156143280789,-1.622935512489963,2
1.800977810611068,0.1380562992540336,1
0.09284851716535178,1.3206446907588751,1
-0.9839299710259738,-1.6601516067422784,2
1.3916957003685726,0.19500590727411374,0
-1.036108533452391,-0.979959556379837,0
0.08252450170235845,-0.3979130688767332,2
-0.0911957692256092,2.206124446237018,1
-0.29593942949583535,1.1666505150824624,1
0.5297096745221558,-1.3983227385759893,0
-1.3326082504690884,-1.423867528011358,2
-0.9019313177632182,-1.715800922661724,2
-0.8584350265519577,-1.1589859683557422,2
-0.3380531845237546,1.3655151536738457,1
0.5321768805925123,1.759316651066221,1
-0.6615412388713582,-1.523053693170048,2
-0.6804155348600472,-0.5341491491009411,0
-0.4331469506456135,-0.09835211414598691,0
-0.33199677016869283,-0.6868550302721532,0
-1.3332632716275359,-1.4251727156363083,2
-0.9757159191798241,-1.5119150446797018,2
0.2022599324275701,-1.745027779522074,0
0.09284851716535178,1.3206446907588751,1
0.33999320332505206,1.6681630702574872,1
-0.9897868628701129,-0.9407134265267351,2
-0.7597664747140153,-0.026751559913551645,2
-0.01525435831454085,1.0481738798972202,1
-0.22032097596853664,1.021796015160417,1
-1.124873508797651,-1.8350277687883454,2
-1.3858665741175833,-1.6162026777810146,2
0.9085194675807136,0.3221974877938023,1
-1.3616156143280789,-1.622935512489963,2
-0.3195774049647955,2.373389173567248,1
0.03484723637467063,2.191063766090047,1
0.9455336786785415,1.606794928124506,1
-0.4972963447442671,0.166482063809829,0
0.4353385831749086,-1.3445073523813826,0
-0.2876176033574664,0.39890733721892346,0
-0.9975738847274019,-0.9921654611113362,0
-0.18209819648737288,3.6889480565143136,1
-1.1134818281237469,-1.5749659546172239,2
0.3170275241782533,1.7490711125060663,1
0.47761860150538843,1.6612662286758144,1
-0.46284779591186687,-0.07845337527552407,0
-0.09521634832253059,1.6390308766751835,1
-0.9839299710259738,-1.6601516067422784,2
13.579493858914761,-2.2791007193450064,3
-0.6737959519119924,-0.09297343404451239,0
-0.20040094879303705,1.2805311930992709,1
-0.4001984864665582,2.995966454344325,1
-0.26946269874741363,-1.3022121695846343,0
1.7170095666551697,0.13065844915829097,0
0.3200757543280637,-1.5183560519402344,0
0.045741594836572724,-1.5892630909970982,0
-0.23128358756961753,2.5279136794354478,1
-0.4988916708286173,0.1601988927300749,0
-0.05524030391509658,1.6591395156948388,1
-0.9839299710259738,-1.6601516067422784,2
-0.8138693741180305,-1.846201431846374,2
-0.9839299710259738,-1.6601516067422784,2
-1.3435102900154117,-1.438298298473993,2
0.49149677389279717,2.4654284394184813,1
-0.3991372913391692,2.9981706213099706,1
-0.0862182387046818,2.155956043300988,1
-0.9480166424478734,-0.5862062801319877,2
-0.2884118963433759,1.0527960559427711,1
1.9958225797516815,2.8609974629842987,1
0.3200757543280637,-1.5183560519402344,0
0.230386298846684,0.7634474984513783,1
0.8651624496388761,-1.4917099963814573,0
-0.22032097596853664,1.021796015160417,1
0.49751781333285555,-0.18677140209678467,0
-0.22032097596853664,1.021796015160417,1
-0.04531304538928876,0.14067898616549368,0
-1.0574021252362042,-0.46122010512798667,2
1.6916961286038195,1.4486467919313488,1
-1.0595085008166372,-0.46597308700626294,2
-0.347353249268119,0.9887420231902673,1
-1.094180259165887,-0.768925461811687,2
0.03484723637467063,2.191063766090047,1
-0.9016356468560713,-1.024675452013379,0
-0.9480166424478734,-0.5862062801319877,2
-0.22032097596853664,1.021796015160417,1
0.5174263719011302,-1.5441269803069062,0
0.0749977690075674,1.4486297600503903,1
-0.6040206247626092,-1.6573444125000698,2
-0.6804155348600472,-0.5341491491009411,0
-0.33308096191325315,0.9160294137890448,1
0.8672012853200946,0.7563087963390358,1
-0.22032097596853664,1.021796015160417,1
-0.7979752882452056,0.40412414098232347,2
7.591127935611819,0.6152605198093786,3
-0.012932378079165523,1.9844783029350672,1
1.4708981849037994,0.23243965005640851,1
0.8781470118365647,2.1800660827806655,1
-0.007256217290393247,-1.3002968376594777,0
-1.1441496297543159,-1.642741833018286,2
-0.641852552719603,-0.5184459179759716,2
-1.1896950167224694,-1.6225837074423934,2
-0.489686008135279,-0.731997344068201,0
-0.7461414378785394,-1.0986139093418326,0
2.6186524781994205,0.7050020714038406,1
-0.2988410805665447,-0.3542551925917351,0
-0.364995804788331,0.2564501481741332,0
-0.489686008135279,-0.731997344068201,0
0.24631026103564285,0.5724357720560165,1
0.4457317813325543,-1.3495178580680087,0
0.21509429034639774,1.9338200292797283,1
-0.21377521024295645,1.0144134943663676,1
-0.4234095139228305,-1.1558466651508603,0
-0.05524030391509658,1.6591395156948388,1
0.08675479497752933,-0.6857829008121566,0
0.12128260657221779,-1.4614473883603254,0
0.14219472026569235,-1.7606039343283535,0
-0.10412433811631995,0.48160075656571205,1
-0.09883537011873292,1.9998663615492578,1
-0.5739387111661738,0.19863057900291778,2
-0.13781726240013667,-1.416299118511661,0
-0.9048410974584092,-1.0235596451469653,0
-0.4564969733685628,1.2780690649183586,1
-0.22032097596853664,1.021796015160417,1
-0.22032097596853664,1.021796015160417,1
-0.33308096191325315,0.9160294137890448,1
-1.0643338350453688,-0.963195896325035,0
0.3375007275557392,-1.146501360126906,0
-0.007340941040126253,0.07716356368832909,0
-0.3926448627317867,0.6381079926843876,1
-0.6804155348600472,-0.5341491491009411,0
-0.6046383256117762,-0.1451166204591116,0
0.5097106992135971,1.6248895039880316,1
-1.0476968412821182,-0.9667403270346229,0
-1.0486748766912064,-0.9712744126306727,0
0.8828984418787396,-1.814281315447567,0
-1.385923330316697,-1.6161921092926435,2
-0.06987599047280994,0.026053137618456068,0
-0.15940917304155408,-1.4302708583481598,0
-0.2860350043394456,-1.3215472896806606,0
13.603870566388538,-1.8922915819891377,3
-0.8370492886093931,-1.7067899554797796,2
-1.2355105436144247,-1.7329205018348812,2
0.32323885087099163,1.8725062045920202,1
-0.10412433811631995,0.48160075656571205,1
0.2780185896951605,0.6555498407342895,1
0.14219472026569235,-1.7606039343283535,0
0.14219472026569235,-1.7606039343283535,0
0.09284851716535178,1.3206446907588751,1
-0.2884118963433759,1.0527960559427711,1
-0.16078297919813148,-1.2580806623828755,0
-1.093130265203592,-1.3646342862747942,2
-0.489686008135279,-0.731997344068201,0
-0.07496145188269422,1.2487794401224854,1
-0.4920198947414873,-1.70679001207534,0
-0.21377521024295645,1.0144134943663676,1
-0.19421483060419936,-0.21555420804417802,0
-0.6752354864436386,2.9476836459776474,1
-0.2390299594951728,1.863840735571365,1
1.5449642183196588,0.4153086302719656,1
-0.3981894074302246,3.0000886990814655,1
-1.2988351277371026,-1.5884856889231047,2
-0.37189234563121404,0.8064007005670368,1
-1.332245663039095,-1.449533275049497,2
-0.41864986527961984,1.4503111975379417,1
-0.0009251251500222323,2.4970497413205166,1
-0.3991372913391692,2.9981706213099706,1
1.4908090170035826,-2.6560524862823147,2
1.1344105527960338,0.32688935170701683,1
-0.13684187676890883,-1.4840415435977523,0
-0.6296895010425766,-1.1441370119083303,0
0.8828984418787396,-1.814281315447567,0
-0.489686008135279,-0.731997344068201,0
-1.1059600720818399,-1.500912214658612,2
0.14219472026569235,-1.7606039343283535,0
-0.033716131303748946,-1.4581141771492676,0
-0.6040206247626092,-1.6573444125000698,2
-0.6763720260972892,2.945356489595077,1
0.011820559949844468,1.8742235976392223,1
-0.40541432036447866,0.5176992185872835,0
-0.5283646380548634,1.2550749372040928,1
-0.3991372913391692,2.9981706213099706,1
-0.24277770029696963,1.1690587978270628,1
-0.06297919853122713,-0.4872537824845565,0
-0.6870528790657772,-1.1727688356634784,0
-1.3329884831393517,-1.424623037350324,2
-0.22032097596853664,1.021796015160417,1
-1.2064480594407216,-1.7017632413866732,2
0.7239828012982413,-2.1564971377598354,0
-0.45146664606593623,1.2375423108435681,1
5.398221170887174,0.03303750871448657,1
-1.0514987687579551,-0.9676862706283302,0
-0.5739387111661738,0.19863057900291778,2
0.040980100359867794,-1.4385209815573676,0
-1.1890893262533462,-0.5520600523688278,2
0.016370143823158777,1.8879258308957898,1
-0.10769810310527544,0.34818453903789076,1
0.20419193951125458,2.2744550091437343,1
0.2228646654622786,1.7651880154278567,1
-1.296308521682649,-1.5969007897432939,2
-0.4578517331153588,0.2640755301774511,0
-0.7619572910627542,0.573121706825632,2
0.14219472026569235,-1.7606039343283535,0
-0.007256217290393247,-1.3002968376594777,0
-1.0418087394688664,-0.9708118915583686,0
-1.1059600720818399,-1.500912214658612,2
-0.3991372913391692,2.9981706213099706,1
0.31424264059202167,0.7179444898477162,1
0.016606073719117147,0.7614442892143913,1
-0.21821564874196953,-1.3436401676530236,0
-0.8450726165841831,-1.0640542546057061,0
-0.7730167411723301,-0.4163522618613606,0
-0.10412433811631995,0.48160075656571205,1
-1.1683827443174446,-1.428401811349146,2
-0.29593942949583535,1.1666505150824624,1
-0.18223779527524417,-1.6370329668957266,0
-0.2362925975704607,-1.263809871324451,0
0.47771432512426,1.9096877434374622,1
-0.6752354864436386,2.9476836459776474,1
-0.7207790425139021,-0.024466883852472844,0
-0.6747842127373807,2.948588828038164,1
-1.1059600720818399,-1.500912214658612,2
0.16850189980166935,1.8907769178947733,1
-0.08623085470813262,2.1550590374986305,1
-0.364995804788331,0.2564501481741332,0
2.0664261430391244,1.3390330831454347,1
1.355930654490915,-0.2450927768193016,0
0.8828984418787396,-1.814281315447567,0
-0.3042012470767613,2.1098915921387684,1
-0.37516846065338055,1.8088551732632911,1
1.028093847406211,1.4085292791623873,1
-0.9839299710259738,-1.6601516067422784,2
-0.33308096191325315,0.9160294137890448,1
-1.055848864792363,-0.45794304504045685,2
-0.2362925975704607,-1.263809871324451,0
-0.47502930200177773,-1.3029469399762215,0
13.603870566388538,-1.8922915819891377,3
-0.9480166424478734,-0.5862062801319877,2
-1.3428191761824766,-1.2933319346619447,2
-0.3213386287119054,0.9254403780634454,1
0.14219472026569235,-1.7606039343283535,0
0.06991518533189418,1.368693101447685,1
13.603870566388538,-1.8922915819891377,3
-0.6747842127373807,2.948588828038164,1
-1.1896950167224694,-1.6225837074423934,2
-0.22820369685616385,1.0836360671293153,1
-0.489686008135279,-0.731997344068201,0
-0.6752354864436386,2.9476836459776474,1
-0.18535540429838362,2.063349464130069,1
0.06952164143564762,2.404501794849363,1
-0.9058791233246767,-1.7898528609202404,2
-0.03855829367257229,-1.1841019395904882,0
-1.1441496297543159,-1.642741833018286,2
-1.3616156143280789,-1.622935512489963,2
0.11445093605497453,0.7097494908986994,1
0.23667634535511334,1.4422918817906052,1
-1.1028378999289936,-1.6551981148350796,2
-0.6804155348600472,-0.5341491491009411,0
-0.489686008135279,-0.731997344068201,0
-0.7530840131543378,-1.7435715469818118,2
-0.9839299710259738,-1.6601516067422784,2
-0.5746722279851894,0.3046137842507702,0
-0.6374081727242127,0.019472876220657073,0
1.0094672171655181,-1.922630681296308,0
-0.6779293180635221,-0.5732383745506163,2
-0.6804155348600472,-0.5341491491009411,0
-1.036108533452391,-0.979959556379837,0
-0.6040206247626092,-1.6573444125000698,2
5.907541228300401,1.1502293292667551,1
0.09284851716535178,1.3206446907588751,1
-0.6607675956811627,-0.053580759519686855,0
-1.3326082504690884,-1.423867528011358,2
-0.48856495115167436,-0.8120967652829454,2
-1.1059600720818399,-1.500912214658612,2
-0.489686008135279,-0.731997344068201,0
-0.03187349205139189,-1.4534744769525134,0
-0.4234095139228305,-1.1558466651508603,0
-0.9879531241379723,-0.9975524178985476,0
-1.3254713729786347,-1.211920266923233,2
-0.20040094879303705,1.2805311930992709,1
0.09284851716535178,1.3206446907588751,1
-0.8830026213262846,-0.6334887973317826,2
-0.014148666309847097,-1.4992443454194189,0
-0.2618248156594163,0.18930457782973192,0
-1.3858665741175833,-1.6162026777810146,2
0.14219472026569235,-1.7606039343283535,0
0.8363444401955832,0.9360266596553983,1
-0.23420174559113716,-0.4404753765361741,0
-1.3616156143280789,-1.622935512489963,2
-0.26477893444694084,1.4357695672853152,1
-0.9480166424478734,-0.5862062801319877,2
-0.13078666017895538,1.4907541352996385,1
-0.6728454562930264,-0.5225343610290105,0
-1.0503441089658028,-0.9666792438762917,0
-1.3332632716275359,-1.4251727156363083,2
4.12004990544678,-3.4283943559553025,2
0.7375054628512167,1.3274552221029627,1
-0.08372343725545227,-1.282966412715751,0
0.21672630370240964,1.4981602792882094,1
-0.3991372913391692,2.9981706213099706,1
-0.9839299710259738,-1.6601516067422784,2
-1.2004367113560077,-1.3532465532171642,2
-1.094180259165887,-0.768925461811687,2
0.09284851716535178,1.3206446907588751,1
-0.10742586298900424,2.2899397976325857,1
-0.6747842127373807,2.948588828038164,1
-1.385923330316697,-1.6161921092926435,2
-0.22032097596853664,1.021796015160417,1
0.5174263719011302,-1.5441269803069062,0
-1.1441496297543159,-1.642741833018286,2
1.0908662872912775,1.6933563495102346,1
-0.033716131303748946,-1.4581141771492676,0
1.4708981849037994,0.23243965005640851,1
-1.3616156143280789,-1.622935512489963,2
-1.1951334134229252,-0.4594989480443921,2
-0.6040206247626092,-1.6573444125000698,2
-0.46284779591186687,-0.07845337527552407,0
-1.3458790763782766,-1.6403839273600382,2
-0.40747171448082314,3.6111232557566773,1
0.20434259051142584,1.2237408876504503,1
-0.3980645426865458,0.28549539049662814,0
-0.0862182387046818,2.155956043300988,1
3.907829436815795,1.3131447488113899,1
-0.6763720260972892,2.945356489595077,1
-0.2860350043394456,-1.3215472896806606,0
-0.8370492886093931,-1.7067899554797796,2
-0.6763720260972892,2.945356489595077,1
-0.46284779591186687,-0.07845337527552407,0
-0.5345602727049148,-1.1122910917667324,0
0.7403862033183392,-1.9577376979633163,0
-0.23120930875079557,-0.08610122622336043,0
2.625036762740167,0.561210483609683,1
-1.058408754037356,-0.46343632464093343,2
-0.2876176033574664,0.39890733721892346,0
0.8200005339722158,1.3807245603866245,1
-0.17824249380386697,1.7691559205150191,1
-1.2379929540279409,-1.7339543585851946,2
-0.2974152176583469,0.6541984997373126,1
-0.1845393068961306,0.022751538760421096,0
0.19071258790408982,1.3656315516539022,1
-1.3616156143280789,-1.622935512489963,2
-0.6144405380900109,1.1809362504071335,1
-0.6754089318779425,2.9473331042256006,1
0.30071589988425307,0.5518321013378041,1
0.5472453174288462,-2.124018325494621,0
-0.9839299710259738,-1.6601516067422784,2
1.800977810611068,0.1380562992540336,1
0.24631919844505804,1.546844585920082,1
1.4908090170035826,-2.6560524862823147,2
-0.36722624595923137,0.03688549851297302,0
-0.6779293180635221,-0.5732383745506163,2
-1.3616156143280789,-1.622935512489963,2
-0.4972963447442671,0.166482063809829,0
-0.364995804788331,0.2564501481741332,0
-1.385923330316697,-1.6161921092926435,2
0.16850189980166935,1.8907769178947733,1
1.5382897214988793,-1.078962491737879,0
-0.21021568384613648,1.3962596958365359,1
-1.2426894873370447,-1.7300166320117938,2
-0.3062053306825859,0.7180889339445539,1
-0.5388876223918758,0.7097779375119703,1
-0.37755930126242315,2.3027620068410926,1
-0.8616263016259101,-1.0639977820464568,0
1.9242320636848056,2.789410738848022,1
-0.2876176033574664,0.39890733721892346,0
-0.6763720260972892,2.945356489595077,1
-0.2206395053888474,0.9773072201810015,1
-0.1453828815901399,1.6104264714992453,1
-0.08575443855171436,-0.666738855282698,0
0.8781470118365647,2.1800660827806655,1
-0.18581972730576174,2.3605666043719835,1
-0.03855829367257229,-1.1841019395904882,0
0.7486826134620804,1.8629885999257043,1
-0.33308096191325315,0.9160294137890448,1
0.7293436128127797,0.526641120545581,1
-0.46284779591186687,-0.07845337527552407,0
-1.1441496297543159,-1.642741833018286,2
-0.6752354864436386,2.9476836459776474,1
0.03056052036216198,1.247168811382218,1
-0.10896437851626253,2.5969025686440492,1
0.26845442800774844,0.9119196953287406,1
0.8828984418787396,-1.814281315447567,0
-0.6999607694537604,-1.0887240160308926,0
-1.3616156143280789,-1.622935512489963,2
-0.08623085470813262,2.1550590374986305,1
-0.10742586298900424,2.2899397976325857,1
-0.8370492886093931,-1.7067899554797796,2
-1.3616156143280789,-1.622935512489963,2
0.04550186381472246,-1.4359651254355161,0
-1.2717299638590394,-1.6425363427091089,2
0.8828984418787396,-1.814281315447567,0
-0.36722624595923137,0.03688549851297302,0
-1.3616156143280789,-1.622935512489963,2
-0.9969080416643806,-0.9881815756279817,0
-0.4234095139228305,-1.1558466651508603,0
-1.1441496297543159,-1.642741833018286,2
-1.1441496297543159,-1.642741833018286,2
-0.29378553910238564,0.7684341467239902,1
-0.4001984864665582,2.995966454344325,1
-0.7597664747140153,-0.026751559913551645,2
-0.20356309813557133,-0.3678671445525947,0
-0.22032097596853664,1.021796015160417,1
-1.2418100235767322,-1.4737981962144424,2
1.252426279295889,-2.362971152813728,2
-0.40541432036447866,0.5176992185872835,0
-0.6230777636189012,-1.0427679676020103,2
-0.750923754363453,-0.47185408266084805,0
-0.06766566018600269,1.3173632876760462,1
-0.22032097596853664,1.021796015160417,1
-0.9945141055123385,-1.374762082469851,2
-0.2673008675336716,1.4475587041353806,1
-0.47815170895698383,2.9134345213325132,1
-0.9019313177632182,-1.715800922661724,2
-1.3616156143280789,-1.622935512489963,2
0.3744071846510591,2.1772749809679905,1
-0.3991372913391692,2.9981706213099706,1
-0.10030205279637455,0.8801563944050416,1
-0.48184365857926764,2.9061607275663297,1
-0.6225420156096253,0.7518351582828386,1
-0.09146916639878676,-1.4888477514064105,0
-0.04531304538928876,0.14067898616549368,0
-0.13283096042134543,1.955212178675528,1
0.2603346004215606,-1.4819819316369627,0
1.6692884288297363,1.4226284255993902,1
-1.1656091928793435,-1.732611027046045,2
-0.9201298730067192,-1.5952914193836623,2
0.25815172609365844,0.8405460098289793,1
13.603870566388538,-1.8922915819891377,3
-0.6524296544739504,-0.08953963184122844,0
-1.058408754037356,-0.46343632464093343,2
-0.6607675956811627,-0.053580759519686855,0
-0.22032097596853664,1.021796015160417,1
-1.3265555353397027,-1.4061020959394115,2
-1.2515728576921514,-1.6098036089757748,2
-1.1441496297543159,-1.642741833018286,2
-0.9839299710259738,-1.6601516067422784,2
-1.331396207046654,-1.223782760956443,2
-0.29385620459047607,2.5095670895872892,1
0.14219472026569235,-1.7606039343283535,0
-0.8370492886093931,-1.7067899554797796,2
0.22896880033264083,1.0874598293915039,1
0.003880701928254458,1.5500274900400621,1
-0.21021568384613648,1.3962596958365359,1
0.8363444401955832,0.9360266596553983,1
-1.3337876382164586,-1.4262309197715146,2
-0.48336023871279654,-1.144319885127615,0
-0.6728454562930264,-0.5225343610290105,0
0.03484723637467063,2.191063766090047,1
7.591127935611819,0.6152605198093786,3
0.5438425144382563,1.6930312925522606,1
-0.9839299710259738,-1.6601516067422784,2
-0.4999231934136536,-1.107039044810768,0
-1.3201420715473011,-1.6043640856788157,2
0.8828984418787396,-1.814281315447567,0
-0.4999231934136536,-1.107039044810768,0
-0.2627441892931798,0.19023081567412287,0
-0.33308096191325315,0.9160294137890448,1
-0.3946907139793451,3.006878488379489,1
-0.5681565608828435,0.16467710793730495,0
-0.5739387111661738,0.19863057900291778,2
-1.2368626186870568,-1.7410954318828122,2
1.1758459015696663,1.705491063283337,1
-1.1441496297543159,-1.642741833018286,2
-0.13781726240013667,-1.416299118511661,0
-1.1817404766423893,-1.7842154939745323,2
3.5889697546625006,1.1334197861724953,1
0.6802555474130226,-1.7589339140846223,0
-0.2876176033574664,0.39890733721892346,0
-1.3616156143280789,-1.622935512489963,2
-1.094180259165887,-0.768925461811687,2
-0.33308096191325315,0.9160294137890448,1
-0.21821564874196953,-1.3436401676530236,0
-0.9480166424478734,-0.5862062801319877,2
7.591127935611819,0.6152605198093786,3
-0.9839299710259738,-1.6601516067422784,2
-0.0862182387046818,2.155956043300988,1
-1.0442320145275974,-0.9738529896954976,0
-0.489686008135279,-0.731997344068201,0
0.10542217869971116,-1.4813427118398854,0
-0.4001984864665582,2.995966454344325,1
-1.2685061635389736,-1.6023950662975757,2
-0.012932378079165523,1.9844783029350672,1
-1.2717299638590394,-1.6425363427091089,2
-1.047220267440395,-0.9670500755763836,0
-0.24277770029696963,1.1690587978270628,1
0.2927072327348452,-1.482799688897329,0
-1.2379929540279409,-1.7339543585851946,2
-0.3991372913391692,2.9981706213099706,1
-0.22032097596853664,1.021796015160417,1
-0.2749231827224704,-1.2551981987264431,0
-0.6728454562930264,-0.5225343610290105,0
-0.33308096191325315,0.9160294137890448,1
-0.4999231934136536,-1.107039044810768,0
13.603870566388538,-1.8922915819891377,3
-0.6760650998520178,2.945992336432811,1
-0.364995804788331,0.2564501481741332,0
-0.48856495115167436,-0.8120967652829454,2
0.16077797084007658,-1.5278732895483607,0
0.08252450170235845,-0.3979130688767332,2
13.603870566388538,-1.8922915819891377,3
-0.22032097596853664,1.021796015160417,1
-0.4375348103260492,0.39719280492242864,0
-0.4999231934136536,-1.107039044810768,0
-0.09440623192455574,1.875633174711193,1
-0.44580998715768866,0.3494650665010166,0
-0.12625500834053885,-1.4302327747332806,0
0.14219472026569235,-1.7606039343283535,0
-0.4331469506456135,-0.09835211414598691,0
-0.6763720260972892,2.945356489595077,1
-0.9670351898786606,-1.6193716742359794,2
0.8392656539285274,1.4217891292064349,1
-0.22032097596853664,1.021796015160417,1
-1.3616156143280789,-1.622935512489963,2
-0.364995804788331,0.2564501481741332,0
0.3375007275557392,-1.146501360126906,0
-0.2809810820358681,0.6215022768888215,1
-0.3290744818855155,-0.40127010635635835,0
2.5261367507782113,0.35622988523273247,1
-0.03855829367257229,-1.1841019395904882,0
-0.014148666309847097,-1.4992443454194189,0
-0.15991832054156296,3.4165168827307393,1
-0.8370492886093931,-1.7067899554797796,2
2.02650377213663,-0.16018718809628596,0
-0.2884118963433759,1.0527960559427711,1
0.12576943557458187,2.078220955881573,1
0.34622124622967165,-1.5236537542124837,0
-1.2118243533575157,-1.6457376733374403,2
0.8363444401955832,0.9360266596553983,1
-0.4575078140697504,1.5595571546315266,1
-0.8584350265519577,-1.1589859683557422,2
-1.3326082504690884,-1.423867528011358,2
-0.39722625749396534,3.0019979883590984,1
1.016237430203016,1.6759835150502675,1
-0.6754089318779425,2.9473331042256006,1
-0.08623085470813262,2.1550590374986305,1
-0.21377521024295645,1.0144134943663676,1
-0.6776181348617241,-0.08508762354177121,0
-0.017149001162849318,-1.443165753752527,0
-0.09146916639878676,-1.4888477514064105,0
-0.08053373908765722,1.719116708684601,1
-0.8138693741180305,-1.846201431846374,2
-0.6423771039132687,-1.6540126502918346,2
-0.6746908118234015,2.948775000137868,1
0.6390597157967209,1.7505154617537022,1
-0.9839299710259738,-1.6601516067422784,2
-0.489686008135279,-0.731997344068201,0
0.5297096745221558,-1.3983227385759893,0
-0.18470443750833695,3.674210496908928,1
1.5727618045674245,0.39596465691446064,1
-0.33308096191325315,0.9160294137890448,1
0.6609289942879487,1.6914266827736621,1
-0.6504722941312048,-1.1633565296939163,0
-0.2419649440270689,-1.6071528349332616,0
0.7239828012982413,-2.1564971377598354,0
0.19079577954474372,0.33264269654476225,0
-1.2515728576921514,-1.6098036089757748,2
-0.6804155348600472,-0.5341491491009411,0
13.603870566388538,-1.8922915819891377,3
-0.2419649440270689,-1.6071528349332616,0
0.38192960327767517,0.6968194950047771,1
-1.240269747858931,-1.467082933940254,2
-0.797701459603853,0.3623091196206339,2
-0.324132758321611,2.5309505115656896,1
0.27122566770077455,-1.3499243039240671,0
-0.43507188740901903,0.615037768212264,1
-1.3416971400915536,-1.2911295777744947,2
-0.2884118963433759,1.0527960559427711,1
-1.3298140867860764,-1.4184637422290662,2
-1.119198300021771,-0.9983070618204817,2
-0.6871597350632034,-1.1081736397631654,0
-0.236079877450098,1.3366202045745381,1
-0.21377521024295645,1.0144134943663676,1
-1.235846010279358,-1.7326392356510691,2
-1.3616156143280789,-1.622935512489963,2
-0.6728454562930264,-0.5225343610290105,0
-0.3550284001994828,0.16822797738752132,0
2.82825352827821,0.5757564252488818,1
-0.641852552719603,-0.5184459179759716,2
0.5174263719011302,-1.5441269803069062,0
-0.5852941118248823,-1.1611965893670124,0
0.14600911225065533,-1.5848374389855553,0
-0.10299903217214787,1.2299054649188172,1
-1.2392046434892026,-1.4654896027502196,2
-0.33308096191325315,0.9160294137890448,1
0.17272452694100648,0.993824345966004,1
-0.6804155348600472,-0.5341491491009411,0
-1.1278875314898793,-1.0529150424916336,2
-0.6804155348600472,-0.5341491491009411,0
-1.2392046434892026,-1.4654896027502196,2
-0.29019857651797043,-1.7212334708293957,2
-0.22032097596853664,1.021796015160417,1
-0.5739387111661738,0.19863057900291778,2
-1.2365293343975483,-1.690623527548279,2
-1.1278875314898793,-1.0529150424916336,2
-0.9897868628701129,-0.9407134265267351,2
-0.13866510741959126,2.438672999531169,1
-0.5338516892387457,1.0670418968889979,1
-0.2876176033574664,0.39890733721892346,0
0.07895117697557778,0.589994864463694,1
-0.09124987252751939,2.336939472662277,1
-0.489686008135279,-0.731997344068201,0
0.3507267870650874,1.396939580722434,1
-0.46284779591186687,-0.07845337527552407,0
-0.4578517331153588,0.2640755301774511,0
-0.1397614598281613,2.3166117275190485,1
1.1758459015696663,1.705491063283337,1
1.2400261064353078,0.375324430074802,1
-0.6804155348600472,-0.5341491491009411,0
3.3150985439534852,1.1438376029612398,1
-0.489686008135279,-0.731997344068201,0
-0.9839299710259738,-1.6601516067422784,2
2.0664261430391244,1.3390330831454347,1
0.014780386569877044,-1.4461197882445558,0
-1.1090733496201755,-1.0543023017103397,2
0.5097106992135971,1.6248895039880316,1
-0.6730205222388126,0.9191000221426591,1
-1.327507427819699,-1.5851732529139184,2
3.5889697546625006,1.1334197861724953,1
-1.2064480594407216,-1.7017632413866732,2
0.010957388254205048,-0.2255639679121624,0
-1.1494969336319103,-1.8019219248542853,2
0.04550186381472246,-1.4359651254355161,0
0.03313285973026338,1.1978990485033583,1
-0.4514217549385299,-0.04303138332412362,0
-1.2982848616085079,-1.498294669908201,2
-0.37755930126242315,2.3027620068410926,1
-0.5960673409666638,-1.2506332106810176,0
-0.6737959519119924,-0.09297343404451239,0
-0.4313678280741115,0.38000975606975723,0
-0.08372343725545227,-1.282966412715751,0
-0.6779293180635221,-0.5732383745506163,2
-1.052463310814488,-0.9675057818712137,0
-1.0585175952859216,-0.46368140908202393,2
-0.3348733043537131,-1.2386462065323902,0
-0.8897819363237297,-1.0495475097773344,0
-0.489686008135279,-0.731997344068201,0
-0.9839299710259738,-1.6601516067422784,2
-0.364995804788331,0.2564501481741332,0
0.014780386569877044,-1.4461197882445558,0
0.7239828012982413,-2.1564971377598354,0
-0.22032097596853664,1.021796015160417,1
-1.3616156143280789,-1.622935512489963,2
-0.33308096191325315,0.9160294137890448,1
-0.6040206247626092,-1.6573444125000698,2
-0.22032097596853664,1.021796015160417,1
-1.119198300021771,-0.9983070618204817,2
-0.4234095139228305,-1.1558466651508603,0
-0.2673008675336716,1.4475587041353806,1
0.41627397315010645,0.1294011109195526,0
1.1758459015696663,1.705491063283337,1
-0.6728454562930264,-0.5225343610290105,0
-1.3616156143280789,-1.622935512489963,2
-1.2428797508838276,-1.0908977412140055,2
-0.7629908504997147,0.04570608070293124,2
0.10542217869971116,-1.4813427118398854,0
-1.385923330316697,-1.6161921092926435,2
-0.3993775721003272,2.9976772720691995,1
-0.3344827926273543,-1.2231874252928387,0
-0.2876176033574664,0.39890733721892346,0
-1.1441496297543159,-1.642741833018286,2
-0.6752354864436386,2.9476836459776474,1
-0.10769810310527544,0.34818453903789076,1
-1.0489199818635264,-0.9707907316984242,0
0.5498053112881942,1.1329326335442456,1
-0.5637961046253843,2.072604515897252,1
-1.0588329968287635,-0.46439850696239837,2
-0.3344827926273543,-1.2231874252928387,0
0.14219472026569235,-1.7606039343283535,0
-0.09521634832253059,1.6390308766751835,1
0.14219472026569235,-1.7606039343283535,0
-0.05524030391509658,1.6591395156948388,1
0.5324005601836659,-1.6220039591257198,0
0.09284851716535178,1.3206446907588751,1
-0.6747842127373807,2.948588828038164,1
-0.46284779591186687,-0.07845337527552407,0
-1.3326082504690884,-1.423867528011358,2
-0.014148666309847097,-1.4992443454194189,0
-0.14267612324368723,2.3270900310100022,1
-0.37516846065338055,1.8088551732632911,1
-0.4001984864665582,2.995966454344325,1
3.3115891144495646,1.2455040014909178,1
0.12576943557458187,2.078220955881573,1
-0.0006716038896252383,1.2328377279385179,1
0.3375007275557392,-1.146501360126906,0
-0.019241225174683633,1.1237369249066687,1
-0.43507188740901903,0.615037768212264,1
-0.8584350265519577,-1.1589859683557422,2
-0.4011824624976301,2.993854628617943,1
-0.13078666017895538,1.4907541352996385,1
-0.3993775721003272,2.9976772720691995,1
-0.6746908118234015,2.948775000137868,1
-0.8370492886093931,-1.7067899554797796,2
-1.3858665741175833,-1.6162026777810146,2
-0.6804155348600472,-0.5341491491009411,0
-1.2186402422523397,-1.655116276948438,2
-0.3195774049647955,2.373389173567248,1
-0.4557516218230264,0.29277527545697646,0
-0.18223779527524417,-1.6370329668957266,0
-1.3420383444801833,-1.6484778920643604,2
0.5396327826036914,-1.525831732837509,0
-0.05524030391509658,1.6591395156948388,1
-1.2417095610159066,-1.0953921184589406,2
-0.5222507006838688,-0.39768977991635707,0
0.5472453174288462,-2.124018325494621,0
-0.5290601728455456,0.49455190209229183,1
-0.6040206247626092,-1.6573444125000698,2
0.7181724611081363,1.641406755334364,1
-0.424842037700553,0.47617711112091865,0
0.49751781333285555,-0.18677140209678467,0
-0.2876176033574664,0.39890733721892346,0
-0.10412433811631995,0.48160075656571205,1
2.5261367507782113,0.35622988523273247,1
-0.5588669587943337,1.9367151017386035,1
0.5472453174288462,-2.124018325494621,0
-1.1683827443174446,-1.428401811349146,2
-0.10769810310527544,0.34818453903789076,1
-1.2717299638590394,-1.6425363427091089,2
-0.03760743275995775,2.8674647711474863,1
-0.8956895269483681,-1.3640334121256574,2
-0.03187349205139189,-1.4534744769525134,0
1.6330898765883135,1.937515166718946,1
-0.814081363324062,-0.8045948071691427,2
-0.3599892592402566,1.5705554951646183,1
2.0314552063610494,0.6702910316696328,1
-1.0343499361853274,-0.9737939801809005,0
1.1758459015696663,1.705491063283337,1
-1.1059600720818399,-1.500912214658612,2
-1.3346688597271157,-1.428040180487505,2
-0.21726152911825525,0.01993345201517661,0
-1.3616156143280789,-1.622935512489963,2
-0.48336023871279654,-1.144319885127615,0
0.19071258790408982,1.3656315516539022,1
-1.2379929540279409,-1.7339543585851946,2
0.27131148311907005,1.1038944498193173,1
-0.06987599047280994,0.026053137618456068,0
-1.3332632716275359,-1.4251727156363083,2
-0.8584350265519577,-1.1589859683557422,2
-0.5056377935176689,3.1973635438922625,1
-0.2876176033574664,0.39890733721892346,0
-0.08623085470813262,2.1550590374986305,1
-0.22032097596853664,1.021796015160417,1
-1.1017954482558017,-0.9518140895850294,2
-0.9839299710259738,-1.6601516067422784,2
-0.4514217549385299,-0.04303138332412362,0
-0.5343992535682279,-0.18755771934781776,0
0.8651624496388761,-1.4917099963814573,0
13.603870566388538,-1.8922915819891377,3
1.061394211556532,1.714281596020181,1
-0.77848327987421,0.612794797217588,2
0.9389172113632712,0.9342683231792405,1
7.591127935611819,0.6152605198093786,3
-1.3616156143280789,-1.622935512489963,2
-0.06987599047280994,0.026053137618456068,0
0.09284851716535178,1.3206446907588751,1
2.3485346677901964,0.1187142654547148,1
1.72927686576182,-1.5981614083298186,0
-0.3195774049647955,2.373389173567248,1
0.06952164143564762,2.404501794849363,1
0.8781470118365647,2.1800660827806655,1
-0.22598907622164283,0.9615780171194681,1
0.3003238126949268,1.0595286972158218,1
0.06875767661184261,0.5120995743047004,1
0.04550186381472246,-1.4359651254355161,0
-0.24654526832653692,-0.3849276740412218,0
5.398221170887174,0.03303750871448657,1
-0.4234095139228305,-1.1558466651508603,0
-0.364995804788331,0.2564501481741332,0
-0.43507188740901903,0.615037768212264,1
-0.0862182387046818,2.155956043300988,1
1.4831789053285553,-0.114881101631424,0
0.7795172381553014,2.0836475662130827,1
-1.1028378999289936,-1.6551981148350796,2
0.09284851716535178,1.3206446907588751,1
-1.0474497045447169,-0.9712841921044683,0
0.11813971814398805,-1.3243595278281226,0
-0.39953370870043536,2.9973549845717216,1
-0.22032097596853664,1.021796015160417,1
-0.9839299710259738,-1.6601516067422784,2
-0.24654526832653692,-0.3849276740412218,0
-0.6230034484495504,-1.1467062253810234,0
-1.1494969336319103,-1.8019219248542853,2
-1.3616156143280789,-1.622935512489963,2
0.3887822054908454,-1.1501124552748356,0
-1.385923330316697,-1.6161921092926435,2
-0.3991372913391692,2.9981706213099706,1
-1.2064480594407216,-1.7017632413866732,2
-0.3946907139793451,3.006878488379489,1
-1.2982848616085079,-1.498294669908201,2
-0.3138192849633419,2.222015674653559,1
-0.22032097596853664,1.021796015160417,1
1.118594988552329,-1.9408759375710163,0
-0.77848327987421,0.612794797217588,2
2.1952923158328055,-1.773569011363821,0
-0.7226447657739622,-0.6543241798718903,2
-0.671025921273702,2.955836082989553,1
-0.6582480474580169,-0.17850232324508455,0
-0.6752354864436386,2.9476836459776474,1
1.1758459015696663,1.705491063283337,1
-0.6804155348600472,-0.5341491491009411,0
0.8781470118365647,2.1800660827806655,1
0.012725737505801683,2.079051495184217,1
1.9506426724753259,2.831465768189892,1
-0.20040094879303705,1.2805311930992709,1
-0.45981259632027127,-1.2392550313444348,0
-1.3678081304101706,-1.6313804832186034,2
-0.6268829341682634,-1.1978779254297913,0
0.3701875626026318,1.121016983358349,1
0.7239828012982413,-2.1564971377598354,0
-0.02067509711111926,1.1275986290902145,1
-0.6040206247626092,-1.6573444125000698,2
-0.20356309813557133,-0.3678671445525947,0
-1.385923330316697,-1.6161921092926435,2
0.03484723637467063,2.191063766090047,1
-0.18581972730576174,2.3605666043719835,1
-0.18632041029645066,-1.3599513209858534,0
-0.05524030391509658,1.6591395156948388,1
0.10097319768229081,0.9229253004610216,1
-0.9480166424478734,-0.5862062801319877,2
-0.6230777636189012,-1.0427679676020103,2
-0.0862182387046818,2.155956043300988,1
0.7403862033183392,-1.9577376979633163,0
-0.47502930200177773,-1.3029469399762215,0
-0.21377521024295645,1.0144134943663676,1
-0.6747842127373807,2.948588828038164,1
-0.2885071613256541,-1.3843673896822333,0
-0.6804155348600472,-0.5341491491009411,0
0.5371695094262966,2.171262919919134,1
-0.9480166424478734,-0.5862062801319877,2
0.9284702434877526,0.9329607351297539,1
1.1758459015696663,1.705491063283337,1
0.7181724611081363,1.641406755334364,1
0.14219472026569235,-1.7606039343283535,0
-0.7938589598618196,0.5300067609555608,2
-0.489686008135279,-0.731997344068201,0
-0.10412433811631995,0.48160075656571205,1
-1.0489199818635264,-0.9707907316984242,0
-0.4331469506456135,-0.09835211414598691,0
-0.19848481682717692,1.3604718834237215,1
0.8781470118365647,2.1800660827806655,1
0.6871759249197869,0.3744763913407731,1
-1.3616156143280789,-1.622935512489963,2
0.4611336261875425,1.8017660779037574,1
-0.620421854264839,-1.1399527268602943,0
-0.012932378079165523,1.9844783029350672,1
-0.0862182387046818,2.155956043300988,1
0.14219472026569235,-1.7606039343283535,0
-1.381840974138355,-1.6195778719867835,2
-1.2515728576921514,-1.6098036089757748,2
-0.3898718874159695,-1.2408408524353098,0
-1.094180259165887,-0.768925461811687,2
0.14219472026569235,-1.7606039343283535,0
-0.0862182387046818,2.155956043300988,1
0.12375891789941243,1.2955953438567656,1
0.014780386569877044,-1.4461197882445558,0
0.9287445327244082,1.90626353380668,1
-0.8573284292529245,-0.6253485168434203,2
-0.6524296544739504,-0.08953963184122844,0
-0.46284779591186687,-0.07845337527552407,0
-0.6388860591873695,-0.206044258822447,0
1.9506426724753259,2.831465768189892,1
-0.22032097596853664,1.021796015160417,1
-0.2293829731541545,0.23052890325400754,0
-0.5222507006838688,-0.39768977991635707,0
1.344342183662084,1.5318261676341973,1
0.07509815735139383,-1.2533447111889284,0
1.72927686576182,-1.5981614083298186,0
-0.18014779336415582,1.270669974267662,1
0.021721461553259463,-1.993305639643154,2
-0.6804155348600472,-0.5341491491009411,0
-0.18209819648737288,3.6889480565143136,1
0.016370143823158777,1.8879258308957898,1
-0.39953370870043536,2.9973549845717216,1
-1.3326082504690884,-1.423867528011358,2
-0.9757726914678084,-0.9994139499869998,0
0.10542217869971116,-1.4813427118398854,0
-0.33906217699951663,0.6206518346193565,1
1.118594988552329,-1.9408759375710163,0
-0.46284779591186687,-0.07845337527552407,0
-0.22032097596853664,1.021796015160417,1
3.576878639790881,1.1333347224487407,1
-0.028910971117861017,0.8410511361703974,1
-0.22032097596853664,1.021796015160417,1
0.23059229259152192,2.4676019300159355,1
-0.33308096191325315,0.9160294137890448,1
-1.0503441089658028,-0.9666792438762917,0
-0.4467407202136543,-1.227694642426449,0
-0.3195774049647955,2.373389173567248,1
-1.094569764734864,-0.028667698549227766,2
0.5913670706895177,0.1718703712678429,0
-0.4511535241144149,1.2513505346802607,1
-0.10742586298900424,2.2899397976325857,1
-0.10412433811631995,0.48160075656571205,1
-0.8370492886093931,-1.7067899554797796,2
-0.6728454562930264,-0.5225343610290105,0
-1.340947708660463,-1.4326994999255243,2
-0.19978375724814326,0.8795904278152018,1
-0.22032097596853664,1.021796015160417,1
-1.2643033998925735,-1.6446102410165313,2
-0.07825009549842517,1.7205881401785086,1
-0.6636815742726038,-0.08360749669164823,0
-1.0137900346800646,-1.549704957316058,2
-0.39953370870043536,2.9973549845717216,1
0.3759205892965443,2.1723296093714195,1
0.8781470118365647,2.1800660827806655,1
0.3200757543280637,-1.5183560519402344,0
-1.1441496297543159,-1.642741833018286,2
-0.6928882739583485,-1.0788560480454321,0
-0.22032097596853664,1.021796015160417,1
0.8781470118365647,2.1800660827806655,1
-0.08372343725545227,-1.282966412715751,0
-0.6752354864436386,2.9476836459776474,1
0.3375007275557392,-1.146501360126906,0
1.121755446126763,1.6747442932603092,1
0.09284851716535178,1.3206446907588751,1
-0.13684187676890883,-1.4840415435977523,0
-1.0495120996685583,-0.9663996620423244,0
0.5262161223639168,2.180888896840463,1
1.016237430203016,1.6759835150502675,1
-1.1494969336319103,-1.8019219248542853,2
-0.6714347512634276,2.9550676006717924,1
0.14530356943098724,1.7051827156210595,1
2.772198961617082,0.28162402004190407,1
6.366273357158488,4.601143596250964,1
-0.39953370870043536,2.9973549845717216,1
-0.39953370870043536,2.9973549845717216,1
0.07098778217910497,1.9526054983720609,1
-0.364995804788331,0.2564501481741332,0
2.8157256296777766,0.2609890549201533,1
0.1387036394392262,0.896927618590901,1
0.3551619577842374,-1.362629880273077,0
16.976239033338363,-1.870979657310792,3
-0.27298261264530554,2.0274166417514032,1
-0.27104971340370076,0.317157458862235,0
1.016237430203016,1.6759835150502675,1
-0.09031338069183906,1.6685949077974958,1
0.5172325008206748,0.030776394693600797,0
-0.07663225256130407,1.0674141992621906,1
-0.6749678227959051,2.948221693956612,1
-0.39953370870043536,2.9973549845717216,1
-0.007340941040126253,0.07716356368832909,0
-0.03187349205139189,-1.4534744769525134,0
-0.6642572486070003,-1.1024436159750737,0
-0.8560729888272574,-1.0622825141076415,0
-0.9572262161926294,-0.664115154381593,2
-0.22032097596853664,1.021796015160417,1
0.01514818633944897,2.0795620735206954,1
0.6146225371472426,0.22444350508196936,0
-0.25252776139213734,0.9819962322942785,1
-0.9839299710259738,-1.6601516067422784,2
-1.1278875314898793,-1.0529150424916336,2
-0.4375348103260492,0.39719280492242864,0
-1.2417095610159066,-1.0953921184589406,2
-0.2876176033574664,0.39890733721892346,0
0.6802555474130226,-1.7589339140846223,0
-1.0288952958339572,-0.9787360451748062,0
-1.3616156143280789,-1.622935512489963,2
-1.1441496297543159,-1.642741833018286,2
13.603870566388538,-1.8922915819891377,3
-0.489686008135279,-0.731997344068201,0
-0.2577451531685968,0.462302412162288,1
3.878411358045668,0.7080297479338151,1
-1.381840974138355,-1.6195778719867835,2
-0.9480166424478734,-0.5862062801319877,2
-1.1134818281237469,-1.5749659546172239,2
-0.22032097596853664,1.021796015160417,1
-0.3521063090263448,0.08123526587307849,0
22.115087636835483,-2.0632646722693484,3
0.5174263719011302,-1.5441269803069062,0
-1.094180259165887,-0.768925461811687,2
1.1344105527960338,0.32688935170701683,1
-0.6728454562930264,-0.5225343610290105,0
-0.46284779591186687,-0.07845337527552407,0
-0.37499984648810686,0.08778224007374083,0
-0.9945141055123385,-1.374762082469851,2
13.603870566388538,-1.8922915819891377,3
-1.2515728576921514,-1.6098036089757748,2
-0.9897868628701129,-0.9407134265267351,2
-1.3616156143280789,-1.622935512489963,2
0.9031236340316463,2.0967888194066027,1
-0.3898718874159695,-1.2408408524353098,0
-0.27298261264530554,2.0274166417514032,1
-0.22032097596853664,1.021796015160417,1
-1.1441496297543159,-1.642741833018286,2
-1.183115780163534,-1.5736740350874014,2
-0.29125362371882874,2.5149278083972955,1
-0.26946269874741363,-1.3022121695846343,0
0.5898354763901971,-1.5697358181305672,0
-1.1482022044829714,-1.4717751533328238,2
-0.0862182387046818,2.155956043300988,1
0.5438425144382563,1.6930312925522606,1
-0.2876176033574664,0.39890733721892346,0
-0.35297539398642475,2.2660663690279392,1
-0.5454057417800466,-1.159823016316892,0
-0.9599380254672601,-1.0022719105314952,0
-0.07663225256130407,1.0674141992621906,1
-1.057590955089354,-0.4616294679467822,2
-0.15940917304155408,-1.4302708583481598,0
-0.6745007392218159,2.9491526834184447,1
-0.4334644963506806,2.202833791823417,1
-0.22032097596853664,1.021796015160417,1
-0.4972963447442671,0.166482063809829,0
0.22042310848259886,1.3968318619571092,1
13.603870566388538,-1.8922915819891377,3
4.12004990544678,-3.4283943559553025,2
0.014780386569877044,-1.4461197882445558,0
-1.2428797508838276,-1.0908977412140055,2
-0.09205663818719131,1.2144637412784394,1
-0.8814414028023301,-1.0599637271739761,0
-0.884267490710415,-0.631508541778582,2
0.14219472026569235,-1.7606039343283535,0
0.016656014400317568,0.5055038832753794,1
-0.6455028082745382,0.06946318617261132,0
-0.22598907622164283,0.9615780171194681,1
-1.3060972321249125,-1.5981432731070992,2
-0.0862182387046818,2.155956043300988,1
-0.3991372913391692,2.9981706213099706,1
-0.07867057216601996,-1.4559408239060334,0
-0.3580982729931492,-0.6695964114054772,0
-0.7657518833270519,-1.7602531538546025,2
-0.2876176033574664,0.39890733721892346,0
-1.2363113127279364,-1.7213106341988977,2
-0.9480166424478734,-0.5862062801319877,2
-0.7972600658819127,0.4011118308223094,2
-0.007256217290393247,-1.3002968376594777,0
0.3859368482545068,2.0188862002046513,1
-1.1420915719031337,-0.7761036525317682,2
1.6911522069066671,1.6427221392513354,1
-0.9839299710259738,-1.6601516067422784,2
0.5229176698472903,-1.3959565454955565,0
-0.6138024748713322,0.007946389016646885,0
-0.28860350125411854,0.7453837710858169,1
0.38680381628487837,-1.4780351163664454,0
-0.5739387111661738,0.19863057900291778,2
-0.6711393201279452,-1.152080395287946,0
-1.3616156143280789,-1.622935512489963,2
-1.1134818281237469,-1.5749659546172239,2
-1.2428797508838276,-1.0908977412140055,2
-0.45981259632027127,-1.2392550313444348,0
0.5472453174288462,-2.124018325494621,0
-0.5960673409666638,-1.2506332106810176,0
-1.3616156143280789,-1.622935512489963,2
0.9022887120196006,1.607303065060397,1
0.6431441014047582,1.793317789247978,1
0.4159644001951617,1.7135444672355715,1
-1.2363113127279364,-1.7213106341988977,2
-0.15250996499620492,1.5024317174061483,1
0.1645373323036539,1.8467500601218556,1
-0.6746908118234015,2.948775000137868,1
0.3926343130836079,2.5383221836880288,1
-1.235846010279358,-1.7326392356510691,2
-0.3993775721003272,2.9976772720691995,1
-0.43507188740901903,0.615037768212264,1
2.07812996182406,-1.7587916213204107,0
-0.9909115548235309,-0.9924342262071825,0
0.1667069813449844,1.0544087307393184,1
-0.489686008135279,-0.731997344068201,0
-0.08623085470813262,2.1550590374986305,1
-0.0009251251500222323,2.4970497413205166,1
-0.4293680731997422,2.2123184071069093,1
-0.24654526832653692,-0.3849276740412218,0
4.12004990544678,-3.4283943559553025,2
0.25618657554388957,0.6817488553827799,1
-1.1441496297543159,-1.642741833018286,2
-0.13334660942626833,-1.275964124969394,0
-0.6747842127373807,2.948588828038164,1
-0.489686008135279,-0.731997344068201,0
0.10542217869971116,-1.4813427118398854,0
-0.6636815742726038,-0.08360749669164823,0
-0.40541432036447866,0.5176992185872835,0
1.4908090170035826,-2.6560524862823147,2
0.5120406892848671,1.6036328498210812,1
-1.2363113127279364,-1.7213106341988977,2
-1.1146592309295005,-1.6451012786973744,2
-0.9723193893565314,-1.5709994403047498,2
-0.4001984864665582,2.995966454344325,1
-0.9839299710259738,-1.6601516067422784,2
0.08252450170235845,-0.3979130688767332,2
-0.9839299710259738,-1.6601516067422784,2
-0.4407649796706394,2.683054493075714,1
-0.5338516892387457,1.0670418968889979,1
-0.2876176033574664,0.39890733721892346,0
-0.3138192849633419,2.222015674653559,1
-0.37755930126242315,2.3027620068410926,1
0.49751781333285555,-0.18677140209678467,0
0.16774962923776413,2.004853158942978,1
-0.5338516892387457,1.0670418968889979,1
0.31424264059202167,0.7179444898477162,1
1.774617390219444,-2.5198459784804963,2
-0.23120930875079557,-0.08610122622336043,0
-0.30593016867962197,-1.2560140082184954,0
0.16707741299526643,1.0539347478284677,1
1.0994952396080244,1.9452747992982753,1
-0.11432145134920904,-1.2067158013845976,0
-0.9839299710259738,-1.6601516067422784,2
0.042641310233876434,2.509144017400006,1
-0.3802773076939921,2.2966735415004487,1
-0.5059920605759872,-1.1961109114387771,0
0.11445093605497453,0.7097494908986994,1
-0.2876176033574664,0.39890733721892346,0
-0.6040206247626092,-1.6573444125000698,2
-0.7597664747140153,-0.026751559913551645,2
-0.6753226993875614,2.947507574874883,1
-0.5433335797869667,0.036260269941594384,0
0.014780386569877044,-1.4461197882445558,0
0.011820559949844468,1.8742235976392223,1
-1.0002973970505111,-0.9886018264701305,0
1.4908090170035826,-2.6560524862823147,2
-0.10412433811631995,0.48160075656571205,1
-0.007256217290393247,-1.3002968376594777,0
0.8781470118365647,2.1800660827806655,1
-0.236079877450098,1.3366202045745381,1
-0.3352591564137605,2.366555467002155,1
-0.21377521024295645,1.0144134943663676,1
-0.06987599047280994,0.026053137618456068,0
-0.641852552719603,-0.5184459179759716,2
-0.6804155348600472,-0.5341491491009411,0
-0.47502930200177773,-1.3029469399762215,0
-0.4514217549385299,-0.04303138332412362,0
0.4057514102030918,1.2029334625115762,1
0.006455367327467934,1.1542086700678573,1
-0.0862182387046818,2.155956043300988,1
-0.27673999520407006,0.1185913074312659,0
-1.1957663182476395,-1.6959045468083354,2
-0.6478291554608201,-1.1218132188968724,0
1.198834183066876,1.7402612297515232,1
0.4243378484161709,-0.405135724373335,0
-1.0070014904578253,-0.7219803227377456,2
-1.0032696601225832,-0.9852088285470813,0
2.0282600075658657,1.3587104214664092,1
1.016237430203016,1.6759835150502675,1
-0.36884131608362947,2.0007058808695133,1
-0.9966662620651626,-0.9905885643545732,0
-0.8891009971006638,-0.22980473181302682,2
-0.18581972730576174,2.3605666043719835,1
4.12004990544678,-3.4283943559553025,2
13.603870566388538,-1.8922915819891377,3
3.589625091569324,1.132997007379463,1
-1.3616156143280789,-1.622935512489963,2
-0.6752354864436386,2.9476836459776474,1
0.32869515611192046,0.548393314070954,1
-0.8602896501540951,-1.0530887898473664,0
0.1645373323036539,1.8467500601218556,1
0.3926343130836079,2.5383221836880288,1
-0.20585209449877703,0.24651611880568677,1
-0.3103743177278722,0.9425663984545599,1
-0.33308096191325315,0.9160294137890448,1
-1.00303997349657,-0.9911029693590541,0
-0.4234095139228305,-1.1558466651508603,0
0.07608318048064168,0.5510531621747862,1
13.603870566388538,-1.8922915819891377,3
0.1430092402381652,1.6142777728400586,1
2.1910260964349426,-1.802271107175338,0
0.7403862033183392,-1.9577376979633163,0
-0.1367050628036849,-0.18297273068286532,0
-0.9480166424478734,-0.5862062801319877,2
-0.489686008135279,-0.731997344068201,0
-1.3590964200697147,-1.6324172662283176,2
0.15431157832465908,-1.2336874554453587,0
-0.2876176033574664,0.39890733721892346,0
13.603870566388538,-1.8922915819891377,3
-1.3616156143280789,-1.622935512489963,2
-0.4044643608027941,-0.0459351548041673,0
13.603870566388538,-1.8922915819891377,3
1.1541416675799958,1.0176432063764729,1
-0.42991746013429183,-1.2682394051130477,0
-0.37277352837872135,0.3272371096860919,0
-1.2379929540279409,-1.7339543585851946,2
-0.26141418103943487,0.18889622065239253,0
-0.6747842127373807,2.948588828038164,1
0.2603346004215606,-1.4819819316369627,0
-1.3616156143280789,-1.622935512489963,2
0.0057255330934426266,1.8692623816151666,1
-0.6804155348600472,-0.5341491491009411,0
-0.39953370870043536,2.9973549845717216,1
-0.3803238213010319,2.2965639063813033,1
-1.3616156143280789,-1.622935512489963,2
0.7142826169340181,-1.589761535536505,0
0.5297096745221558,-1.3983227385759893,0
1.9506426724753259,2.831465768189892,1
0.03484723637467063,2.191063766090047,1
-1.34072166135072,-1.4322293848064234,2
-1.2643033998925735,-1.6446102410165313,2
-0.21123017013377315,2.32772242149257,1
-0.9539882174468992,-1.3717674708475882,2
0.2022599324275701,-1.745027779522074,0
0.5297096745221558,-1.3983227385759893,0
0.5472453174288462,-2.124018325494621,0
-0.2876176033574664,0.39890733721892346,0
-0.6746908118234015,2.948775000137868,1
-0.4999231934136536,-1.107039044810768,0
-0.9839299710259738,-1.6601516067422784,2
-0.12276527732894421,2.2317243512031673,1
0.45259976724451906,1.370895639215387,1
-1.094180259165887,-0.768925461811687,2
-0.4578517331153588,0.2640755301774511,0
0.14219472026569235,-1.7606039343283535,0
-0.5433335797869667,0.036260269941594384,0
-1.0478600077846316,-0.9705509504535191,0
0.14219472026569235,-1.7606039343283535,0
-1.3616156143280789,-1.622935512489963,2
-0.6661183732718429,-0.12832126662456791,0
-0.9480166424478734,-0.5862062801319877,2
2.2762239400289217,1.3228338854179962,1
3.0972189881952215,1.5129456477349432,1
-1.0489199818635264,-0.9707907316984242,0
1.9958225797516815,2.8609974629842987,1
13.603870566388538,-1.8922915819891377,3
4.9661375995664025,1.5491707399582753,1
-0.8417991704681871,-1.0700773915541013,0
0.8828984418787396,-1.814281315447567,0
-0.3195774049647955,2.373389173567248,1
-0.033716131303748946,-1.4581141771492676,0
0.02822606658619756,-1.491888198200339,0
-0.6103598386078499,-1.1579757682798588,0
0.15193481706919562,0.9016105632748599,1
-1.1441496297543159,-1.642741833018286,2
-0.6478291554608201,-1.1218132188968724,0
0.4599756060050507,-1.5782380516700172,0
-0.43507188740901903,0.615037768212264,1
-0.20484066592281136,1.2573443054622069,1
-0.22032097596853664,1.021796015160417,1
-0.6752354864436386,2.9476836459776474,1
-1.0489199818635264,-0.9707907316984242,0
1.0908662872912775,1.6933563495102346,1
-0.36198769198679986,-0.6667767275341392,0
0.1645373323036539,1.8467500601218556,1
0.14331158211217576,0.6026849271924174,1
-0.7089993317593034,1.5913277416751173,1
-0.22032097596853664,1.021796015160417,1
-0.21377521024295645,1.0144134943663676,1
-1.3858665741175833,-1.6162026777810146,2
-0.46284779591186687,-0.07845337527552407,0
-0.629657443264235,-1.1047771502003576,0
-1.1441496297543159,-1.642741833018286,2
-0.2482835332257703,-0.3013726296037205,0
-0.46284779591186687,-0.07845337527552407,0
-0.9480166424478734,-0.5862062801319877,2
-0.2876176033574664,0.39890733721892346,0
-0.8058561563931346,-1.1036480085885292,0
-1.1603766522949917,-1.4104680762537718,2
0.5297096745221558,-1.3983227385759893,0
-1.0588329968287635,-0.46439850696239837,2
-0.4514217549385299,-0.04303138332412362,0
0.5927959102754522,-1.3899751485078344,0
-0.017149001162849318,-1.443165753752527,0
-0.33308096191325315,0.9160294137890448,1
1.5727618045674245,0.39596465691446064,1
-0.364995804788331,0.2564501481741332,0
-0.43507188740901903,0.615037768212264,1
-0.9839299710259738,-1.6601516067422784,2
-0.9839299710259738,-1.6601516067422784,2
-0.6483715513902418,-1.1345901779615974,0
-0.2156931456850589,2.037671355732157,1
-0.08623085470813262,2.1550590374986305,1
-0.6745007392218159,2.9491526834184447,1
-0.3521063090263448,0.08123526587307849,0
-0.33906217699951663,0.6206518346193565,1
-0.10412433811631995,0.48160075656571205,1
-0.30767396288778376,-0.49470201419324394,0
-0.9480166424478734,-0.5862062801319877,2
4.095170999217675,-0.2177969331620661,1
-0.5960673409666638,-1.2506332106810176,0
0.0016805500818194061,1.6931968225755158,1
-0.46257474668747606,0.5537480756595967,1
1.1758459015696663,1.705491063283337,1
-0.6746908118234015,2.948775000137868,1
-0.23270590244509284,1.04754474003436,1
5.8461251350895855,0.6626331626042982,1
-0.22032097596853664,1.021796015160417,1
0.8828984418787396,-1.814281315447567,0
-1.1059600720818399,-1.500912214658612,2
-0.4234095139228305,-1.1558466651508603,0
-0.26946269874741363,-1.3022121695846343,0
-0.06987599047280994,0.026053137618456068,0
0.31542061629447293,-1.2994438874852206,0
-0.10412433811631995,0.48160075656571205,1
-1.3616156143280789,-1.622935512489963,2
-0.5094470394905065,1.9184402466396004,1
-0.641852552719603,-0.5184459179759716,2
-1.1441496297543159,-1.642741833018286,2
0.09243284027641614,2.404853136003401,1
0.20434259051142584,1.2237408876504503,1
-0.489686008135279,-0.731997344068201,0
-1.1441496297543159,-1.642741833018286,2
-0.012932378079165523,1.9844783029350672,1
-1.1388751641092159,-1.5500067194449438,2
-0.46284779591186687,-0.07845337527552407,0
-0.03760743275995775,2.8674647711474863,1
0.19663021286239807,1.0255906462585624,1
-0.6763720260972892,2.945356489595077,1
-0.9839299710259738,-1.6601516067422784,2
0.005201324605167777,1.9315770667466095,1
1.633175372723307,-1.6100986009827105,0
-0.6776618755370046,2.9426105356397225,1
-0.6268561924893608,-0.10578973335658619,0
1.8442174791645034,0.8762643571859252,1
-0.4536255719033776,0.035324292887748764,0
-0.8370492886093931,-1.7067899554797796,2
0.18900796902227007,-0.8436611630799592,0
-0.6747842127373807,2.948588828038164,1
-0.0862182387046818,2.155956043300988,1
-1.0411012171776277,-1.4832754759513957,2
2.1257419559290245,0.9477452459856881,1
-0.031205308082390824,0.7060870151343267,1
-0.8370492886093931,-1.7067899554797796,2
4.12004990544678,-3.4283943559553025,2
-1.3332632716275359,-1.4251727156363083,2
1.118594988552329,-1.9408759375710163,0
-1.14770183832879,-1.7673283528194108,2
-1.2379929540279409,-1.7339543585851946,2
0.3926343130836079,2.5383221836880288,1
0.14219472026569235,-1.7606039343283535,0
-0.21377521024295645,1.0144134943663676,1
0.1036552735073091,-1.7354544961926281,0
-0.6747842127373807,2.948588828038164,1
-0.22278804277883205,0.902174486585706,1
-0.33889372165789283,-0.044879676839661486,0
-1.1683827443174446,-1.428401811349146,2
-1.2532624876163163,-1.6506356220526588,2
-0.22032097596853664,1.021796015160417,1
-1.1134818281237469,-1.5749659546172239,2
-0.4375348103260492,0.39719280492242864,0
-0.09146916639878676,-1.4888477514064105,0
0.5670280037307925,-1.230799006280725,0
-1.1278875314898793,-1.0529150424916336,2
-1.3616156143280789,-1.622935512489963,2
-1.1278875314898793,-1.0529150424916336,2
1.274350879725205,-0.5279692785168377,0
0.23910835424033988,2.091963548897442,1
0.7413168675243583,1.3517432686619613,1
0.1036552735073091,-1.7354544961926281,0
-0.8584350265519577,-1.1589859683557422,2
0.5552445753709315,-0.6001862758356423,0
0.14507476019351842,2.4684425354763166,1
0.22624197686598782,0.8924767950190846,1
-0.9839299710259738,-1.6601516067422784,2
-1.1539118835112014,-1.465185159463592,2
-1.0184409856562398,-0.9797912926454309,0
-0.394055806052857,-1.225548336187624,0
0.8279938788756545,1.3320594129567096,1
-0.4331469506456135,-0.09835211414598691,0
-0.20484066592281136,1.2573443054622069,1
-0.22032097596853664,1.021796015160417,1
2.5519229660690117,2.1780051866192465,1
-0.16404569869396204,1.3698337159474472,1
-0.08441319945003364,2.2122227304625754,1
7.591127935611819,0.6152605198093786,3
-0.5960673409666638,-1.2506332106810176,0
4.4894470233021995,-2.8391843760340696,2
0.23691299785577716,-0.2672373002661935,0
0.6802555474130226,-1.7589339140846223,0
-1.2982848616085079,-1.498294669908201,2
-0.3335485318966871,0.6334933598381093,1
-0.8342152916359556,-0.7940955292150931,2
0.5898354763901971,-1.5697358181305672,0
-1.3543920333547639,-1.5719333215423528,2
-1.3616156143280789,-1.622935512489963,2
-0.5960673409666638,-1.2506332106810176,0
-0.26731464537828487,-1.2799356445634262,0
0.23196134882964867,1.0388818679132277,1
-0.489686008135279,-0.731997344068201,0
1.5727618045674245,0.39596465691446064,1
-0.482553301991648,2.904698960437104,1
2.146934094101439,0.301201817020547,1
-0.4116083465275327,1.3568958451773934,1
-1.1951334134229252,-0.4594989480443921,2
-0.8370492886093931,-1.7067899554797796,2
-1.3616156143280789,-1.622935512489963,2
-0.16356907463958398,1.4237371578347426,1
-0.6511545547351402,-1.0600760541521788,0
-0.39953370870043536,2.9973549845717216,1
-0.0911957692256092,2.206124446237018,1
-1.013722588271577,-1.5689781053500047,2
-0.6728454562930264,-0.5225343610290105,0
-0.4375348103260492,0.39719280492242864,0
0.8828984418787396,-1.814281315447567,0
-0.418052051667558,0.9085082526393682,1
-0.3981894074302246,3.0000886990814655,1
-0.03855829367257229,-1.1841019395904882,0
0.00111258207655973,1.554003375136551,1
0.04550186381472246,-1.4359651254355161,0
3.5100147205398646,0.7779677751772884,1
-0.6737959519119924,-0.09297343404451239,0
-0.6747842127373807,2.948588828038164,1
0.15193481706919562,0.9016105632748599,1
-0.9618130972737208,-0.9998124012375672,0
0.3276844182155186,1.3061595123633782,1
-1.12645821136127,-1.7477131217719308,2
-1.119198300021771,-0.9983070618204817,2
0.10270384777405901,-0.17673933163533925,0
-1.2379929540279409,-1.7339543585851946,2
-0.6779293180635221,-0.5732383745506163,2
-0.6779293180635221,-0.5732383745506163,2
0.14219472026569235,-1.7606039343283535,0
-0.6804155348600472,-0.5341491491009411,0
-0.9839299710259738,-1.6601516067422784,2
-0.2351876272041696,-0.46231977062394497,0
-1.3616156143280789,-1.622935512489963,2
-0.48336023871279654,-1.144319885127615,0
0.8363444401955832,0.9360266596553983,1
-0.6763720260972892,2.945356489595077,1
0.9641265960097289,-1.8352647036339853,0
-0.22032097596853664,1.021796015160417,1
-0.07663225256130407,1.0674141992621906,1
-1.1134818281237469,-1.5749659546172239,2
-1.1441496297543159,-1.642741833018286,2
-0.620781172137038,0.2220465429117699,0
-0.5606238241684572,-0.19058730171971863,0
-1.0567346203553765,-0.45979341511520305,2
-1.0584634117808245,-0.4635592539254349,2
-0.5338516892387457,1.0670418968889979,1
-1.3326082504690884,-1.423867528011358,2
-0.6804155348600472,-0.5341491491009411,0
0.9031236340316463,2.0967888194066027,1
-1.3858665741175833,-1.6162026777810146,2
-0.43507188740901903,0.615037768212264,1
-0.8492315620999794,-0.7517305211130145,2
-0.9839299710259738,-1.6601516067422784,2
-0.3195774049647955,2.373389173567248,1
-0.03738486451404278,2.085017281606475,1
0.7247814461659356,0.5294412986727868,1
-1.048292624708612,-0.9666289456793223,0
-1.2368626186870568,-1.7410954318828122,2
-0.6747842127373807,2.948588828038164,1
-1.240269747858931,-1.467082933940254,2
-0.4193018930656243,0.3550509364321516,0
-0.46284779591186687,-0.07845337527552407,0
0.14219472026569235,-1.7606039343283535,0
-1.1441496297543159,-1.642741833018286,2
-1.3616156143280789,-1.622935512489963,2
-0.10412433811631995,0.48160075656571205,1
-0.12625500834053885,-1.4302327747332806,0
-0.46851123072895146,0.5572711899002469,1
-0.08372343725545227,-1.282966412715751,0
-0.5761486022650679,0.17782052862965791,0
-0.4514217549385299,-0.04303138332412362,0
0.6299270006360523,2.0864436605063337,1
0.5898354763901971,-1.5697358181305672,0
0.07098778217910497,1.9526054983720609,1
-0.5283389677501464,4.0277253998163784,1
0.6802555474130226,-1.7589339140846223,0
0.24631919844505804,1.546844585920082,1
-0.4557516218230264,0.29277527545697646,0
-0.4293680731997422,2.2123184071069093,1
-0.46284779591186687,-0.07845337527552407,0
0.7181724611081363,1.641406755334364,1
1.016237430203016,1.6759835150502675,1
0.8672012853200946,0.7563087963390358,1
1.6916961286038195,1.4486467919313488,1
0.8279938788756545,1.3320594129567096,1
-0.6859013978245223,-0.12332709698664687,0
0.7811529528207476,1.6620236934896353,1
0.08396668313963436,1.9928367478154947,1
0.21509429034639774,1.9338200292797283,1
-0.469853450125007,0.10922434441403626,0
7.591127935611819,0.6152605198093786,3
-0.489686008135279,-0.731997344068201,0
-0.9480166424478734,-0.5862062801319877,2
1.4708981849037994,0.23243965005640851,1
-1.1028378999289936,-1.6551981148350796,2
-0.34663357802019373,2.3843554335561703,1
-0.6728454562930264,-0.5225343610290105,0
-1.063146134208472,-1.018856342428652,2
-0.5960673409666638,-1.2506332106810176,0
0.7181724611081363,1.641406755334364,1
-0.07102731066213909,1.3358813533165352,1
0.9076719458273799,-1.8735515666335347,0
-1.1951334134229252,-0.4594989480443921,2
-1.3616156143280789,-1.622935512489963,2
-0.39880513158174546,2.9988476583323216,1
0.8828984418787396,-1.814281315447567,0
-0.08575443855171436,-0.666738855282698,0
-0.20256518324336298,0.3972777160905598,0
-1.1441496297543159,-1.642741833018286,2
0.6232900518001022,-1.5695991095620436,0
-0.05984715060813789,-0.9795768771977021,0
-0.47502930200177773,-1.3029469399762215,0
4.750517772382549,1.2485788356973673,1
4.12004990544678,-3.4283943559553025,2
0.4655690142967266,-1.3847343366952982,0
0.7239828012982413,-2.1564971377598354,0
-1.058128182373588,-0.46280978982548515,2
-0.8370492886093931,-1.7067899554797796,2
0.014780386569877044,-1.4461197882445558,0
-1.1441496297543159,-1.642741833018286,2
-0.652768915100735,-0.055084956892939164,0
-0.19219636922179087,1.3774849221520347,1
-0.4467407202136543,-1.227694642426449,0
-0.2876176033574664,0.39890733721892346,0
-0.46284779591186687,-0.07845337527552407,0
0.03313285973026338,1.1978990485033583,1
-0.10917406380138056,-1.4432440611309316,2
-0.6882232546776613,-0.1530960604224388,0
0.03484723637467063,2.191063766090047,1
-0.6763720260972892,2.945356489595077,1
2.5261367507782113,0.35622988523273247,1
-0.671025921273702,2.955836082989553,1
-1.3616156143280789,-1.622935512489963,2
-0.34663357802019373,2.3843554335561703,1
-0.4999231934136536,-1.107039044810768,0
-1.3616156143280789,-1.622935512489963,2
-1.1913071459796691,-0.8072869093381607,2
-0.0862182387046818,2.155956043300988,1
-0.23526754744492487,-1.315532686860776,0
-0.5338516892387457,1.0670418968889979,1
0.6697261795334356,-1.6712803980133988,0
-0.46284779591186687,-0.07845337527552407,0
-0.7623004220017383,0.5724604690330429,2
6.43255992967436,-1.2073539484051241,3
1.800977810611068,0.1380562992540336,1
-0.44253782179550644,-0.47586303532056023,0
-0.347353249268119,0.9887420231902673,1
1.1758459015696663,1.705491063283337,1
0.10542217869971116,-1.4813427118398854,0
0.09935028971433725,-0.35084917153583434,0
-0.3195774049647955,2.373389173567248,1
-0.2206395053888474,0.9773072201810015,1
-0.26477893444694084,1.4357695672853152,1
-1.3326082504690884,-1.423867528011358,2
-0.5739387111661738,0.19863057900291778,2
0.20909257184059327,0.3562244789822405,0
0.7342625413120639,-1.6948659222335813,2
-0.3587055301302573,0.13064782853074192,0
-0.623525074104168,1.6177308210228143,1
-0.8584350265519577,-1.1589859683557422,2
0.968635974386427,-1.8513782436083375,0
-1.1441496297543159,-1.642741833018286,2
-0.14267612324368723,2.3270900310100022,1
-0.10412433811631995,0.48160075656571205,1
-0.5338516892387457,1.0670418968889979,1
-0.1704942950197112,1.7607698864333243,1
-1.0504192588691805,-0.966228092863964,0
-1.2515728576921514,-1.6098036089757748,2
0.22042310848259886,1.3968318619571092,1
13.603870566388538,-1.8922915819891377,3
0.235241201201436,1.4681130889130187,1
-0.40541432036447866,0.5176992185872835,0
-0.49477912788566103,3.184023573958426,1
-0.3195774049647955,2.373389173567248,1
-0.394055806052857,-1.225548336187624,0
-0.6747842127373807,2.948588828038164,1
-0.631645627067971,-1.1318283116625503,0
-1.331582796727082,-1.4218565364718454,2
-0.13781726240013667,-1.416299118511661,0
0.2096464251523544,1.8266325720282606,1
-0.5739387111661738,0.19863057900291778,2
-1.1441496297543159,-1.642741833018286,2
7.591127935611819,0.6152605198093786,3
0.039628321704565685,1.1601635289587602,1
-0.15813286443654792,0.7027947886251511,1
0.8781470118365647,2.1800660827806655,1
0.1036552735073091,-1.7354544961926281,0
-0.30213557442338307,3.6804282189666386,1
-0.4831102461596904,0.5668788222997201,1
-0.6746908118234015,2.948775000137868,1
-1.2118243533575157,-1.6457376733374403,2
0.6773738541567232,2.100049882028049,1
-1.3616156143280789,-1.622935512489963,2
-0.620781172137038,0.2220465429117699,0
-1.385923330316697,-1.6161921092926435,2
1.1758459015696663,1.705491063283337,1
-0.8370492886093931,-1.7067899554797796,2
-0.03175366821324343,-1.2764631054251505,0
-1.0584634117808245,-0.4635592539254349,2
-0.08575443855171436,-0.666738855282698,0
-0.5960673409666638,-1.2506332106810176,0
-0.41494618409693046,0.34902765536820834,0
-0.12625500834053885,-1.4302327747332806,0
-0.40747171448082314,3.6111232557566773,1
-1.3616156143280789,-1.622935512489963,2
-0.4180002009380401,-0.6794832428448608,0
-0.22032097596853664,1.021796015160417,1
13.603870566388538,-1.8922915819891377,3
-0.5739387111661738,0.19863057900291778,2
0.4243378484161709,-0.405135724373335,0
-0.886922476509099,-1.0304451372537828,0
-0.5242825288313113,2.644832026246459,1
-0.46284779591186687,-0.07845337527552407,0
0.03315605662975976,-1.674656645085968,0
0.14219472026569235,-1.7606039343283535,0
0.031448868176695684,2.1766657102805516,1
0.7332388258583359,1.1909918587375916,1
-1.331582796727082,-1.4218565364718454,2
-1.2532624876163163,-1.6506356220526588,2
-0.24654526832653692,-0.3849276740412218,0
-1.1418828429262065,-1.5803961380721714,2
-1.05364720671153,-0.4535064419076885,2
-0.6524296544739504,-0.08953963184122844,0
-1.1441496297543159,-1.642741833018286,2
-0.5960673409666638,-1.2506332106810176,0
0.14219472026569235,-1.7606039343283535,0
-0.37516846065338055,1.8088551732632911,1
1.6916961286038195,1.4486467919313488,1
0.8935994342075302,-0.7258164389294534,0
-1.183115780163534,-1.5736740350874014,2
-1.1441496297543159,-1.642741833018286,2
0.014780386569877044,-1.4461197882445558,0
-1.151706695637716,-1.653261611795454,2
0.49751781333285555,-0.18677140209678467,0
-0.9164316695672309,-0.7981283830346504,2
1.800977810611068,0.1380562992540336,1
-0.22032097596853664,1.021796015160417,1
-0.0862182387046818,2.155956043300988,1
-0.2876176033574664,0.39890733721892346,0
0.043099686547259285,1.1509932665520233,1
0.26933590089275855,-0.0982475800323508,0
3.2466487371433983,2.030842944077348,1
-0.631645627067971,-1.1318283116625503,0
-0.6728454562930264,-0.5225343610290105,0
0.021436565248682187,1.9067155980846378,1
13.603870566388538,-1.8922915819891377,3
0.09001075546435458,-1.6465174584975604,0
-0.18860081302791887,1.5013865733340417,1
-1.1028378999289936,-1.6551981148350796,2
-1.1330356329843045,-1.6244011288726783,2
0.0016805500818194061,1.6931968225755158,1
-0.05524030391509658,1.6591395156948388,1
-0.35471221941442144,0.16793510272745027,0
0.1035902079646692,-1.0922052584149813,2
-0.04362772458888154,2.121681014941267,1
-0.17876574560459302,1.4819154037113689,1
0.040980100359867794,-1.4385209815573676,0
-1.0567346203553765,-0.45979341511520305,2
0.02822606658619756,-1.491888198200339,0
-0.28860350125411854,0.7453837710858169,1
-0.5739387111661738,0.19863057900291778,2
-0.7972600658819127,0.4011118308223094,2
-0.6763720260972892,2.945356489595077,1
-0.9480166424478734,-0.5862062801319877,2
-0.3580982729931492,-0.6695964114054772,0
-0.05524030391509658,1.6591395156948388,1
0.7480524469102895,0.5156522368088606,1
-1.185050774412328,-1.7236629277101503,2
0.5174263719011302,-1.5441269803069062,0
2.201537823023568,-1.806685398478903,0
-1.3286117820049377,-1.3855413063911037,2
0.014780386569877044,-1.4461197882445558,0
0.3375007275557392,-1.146501360126906,0
1.0249013490483185,0.761798208673086,1
1.0707993292336717,-0.7030287703227204,0
-0.24654526832653692,-0.3849276740412218,0
-1.1134818281237469,-1.5749659546172239,2
-0.19941529709249103,0.39746747085510176,0
-0.5820848065802298,-1.1624298118339051,0
-0.6804155348600472,-0.5341491491009411,0
-0.9572262161926294,-0.664115154381593,2
-0.5279100628169734,1.2561203411598643,1
-1.3858665741175833,-1.6162026777810146,2
0.25544306809766304,1.7322144034737315,1
0.5147215365723335,-1.7633068933907599,0
-0.6804155348600472,-0.5341491491009411,0
0.14219472026569235,-1.7606039343283535,0
-1.2685061635389736,-1.6023950662975757,2
-1.1542624051589168,-1.4172066648223125,2
-0.10742586298900424,2.2899397976325857,1
-0.9480166424478734,-0.5862062801319877,2
-0.22032097596853664,1.021796015160417,1
-1.3326082504690884,-1.423867528011358,2
-0.4375348103260492,0.39719280492242864,0
0.9286770403498109,1.2575752676379883,1
0.337776861477299,-1.304186673136057,0
-1.2450791468489473,-1.4790730864146513,2
-0.2317619651457149,-1.1615875667367437,0
0.18256863721052904,1.4021687145235942,1
-1.3858665741175833,-1.6162026777810146,2
-0.2759176140038659,-1.343457972520551,0
-1.1059600720818399,-1.500912214658612,2
-1.1782786752588996,-0.49946690652115655,2
-1.047220267440395,-0.9670500755763836,0
-1.0044365094279664,-0.9852054952876194,0
-0.07496145188269422,1.2487794401224854,1
0.03484723637467063,2.191063766090047,1
-1.2379929540279409,-1.7339543585851946,2
-0.08372343725545227,-1.282966412715751,0
-0.8584350265519577,-1.1589859683557422,2
-0.36780305945431097,0.5496346294911699,1
-0.30011615748282316,-1.3099534040209593,0
-1.047220267440395,-0.9670500755763836,0
-1.1441496297543159,-1.642741833018286,2
-0.47803074516135874,2.9136656859872256,1
-0.6728454562930264,-0.5225343610290105,0
-0.08372343725545227,-1.282966412715751,0
-0.22060446330895372,1.749424289614664,1
-0.03187349205139189,-1.4534744769525134,0
-0.2876176033574664,0.39890733721892346,0
0.08396668313963436,1.9928367478154947,1
0.24631919844505804,1.546844585920082,1
-0.1397614598281613,2.3166117275190485,1
0.007063865865560322,1.8629854946819862,1
-0.9940806630219151,-0.9945457154124627,0
-0.3991372913391692,2.9981706213099706,1
-1.0491430277101206,-0.966467944989333,0
0.15857374084363374,1.0041636501549842,1
-1.2118243533575157,-1.6457376733374403,2
0.6928710573064235,-1.4526137979765033,0
-0.2198695797703294,0.8193076368641399,1
-1.1028378999289936,-1.6551981148350796,2
0.3926343130836079,2.5383221836880288,1
-1.3616156143280789,-1.622935512489963,2
-1.0503441089658028,-0.9666792438762917,0
-0.8584350265519577,-1.1589859683557422,2
-1.3337876382164586,-1.4262309197715146,2
-1.3616156143280789,-1.622935512489963,2
-0.07395977243950295,-1.440623022080401,0
0.8895334644897861,-1.8628497313035337,0
-0.3946907139793451,3.006878488379489,1
0.2603346004215606,-1.4819819316369627,0
-1.2004367113560077,-1.3532465532171642,2
-0.6772601858314918,-1.1255190738838146,0
-0.6760650998520178,2.945992336432811,1
-0.6595092956074736,-1.1326783198201194,0
-0.007183690091566194,1.9125156911467598,1
0.33665625250825576,1.027959154821751,1
-1.184735279566562,-1.595124010518282,2
-1.3326082504690884,-1.423867528011358,2
-0.28963781902586533,0.5140141351242783,0
0.007063865865560322,1.8629854946819862,1
2.0664261430391244,1.3390330831454347,1
1.2400261064353078,0.375324430074802,1
-0.489686008135279,-0.731997344068201,0
-0.818233256532199,-1.2806146882642033,2
0.6180347164864607,0.3926658235306918,1
-0.22032097596853664,1.021796015160417,1
-0.7999344535309825,0.35748428358012835,2
-0.1938244298831162,-0.7579397142021252,0
-0.22032097596853664,1.021796015160417,1
-1.058128182373588,-0.46280978982548515,2
-1.094180259165887,-0.768925461811687,2
1.5727618045674245,0.39596465691446064,1
0.14219472026569235,-1.7606039343283535,0
-0.34663357802019373,2.3843554335561703,1
-0.4999231934136536,-1.107039044810768,0
-0.5338516892387457,1.0670418968889979,1
-1.1539118835112014,-1.465185159463592,2
0.3596841561777079,-1.5110644456947333,0
-0.1858208355340651,2.3604299627381082,1
1.72927686576182,-1.5981614083298186,0
-0.236079877450098,1.3366202045745381,1
-0.8370492886093931,-1.7067899554797796,2
-0.6804155348600472,-0.5341491491009411,0
0.04261624383800927,1.1527711274245651,1
-0.0862182387046818,2.155956043300988,1
-0.012504462677666278,-1.5623637371825967,0
-0.6338490807558627,0.40746748804239935,2
-0.3521063090263448,0.08123526587307849,0
-0.1824543334989067,3.6877936740038555,1
-1.1441496297543159,-1.642741833018286,2
-0.21726152911825525,0.01993345201517661,0
0.5396327826036914,-1.525831732837509,0
-0.012932378079165523,1.9844783029350672,1
-0.10742586298900424,2.2899397976325857,1
1.5449642183196588,0.4153086302719656,1
0.03491276580852837,2.1907662359215263,1
-0.15813286443654792,0.7027947886251511,1
-0.4514217549385299,-0.04303138332412362,0
-1.3298140867860764,-1.4184637422290662,2
-0.22032097596853664,1.021796015160417,1
1.6330898765883135,1.937515166718946,1
0.6697261795334356,-1.6712803980133988,0
0.47771791199437086,-0.42361424315569507,0
-0.489686008135279,-0.731997344068201,0
-0.4598191216253174,1.8236628818025122,1
-0.3991372913391692,2.9981706213099706,1
-1.0070014904578253,-0.7219803227377456,2
0.0385508913011766,0.11540159052228971,0
-0.2319557237496524,-1.381835380640986,0
-0.8370492886093931,-1.7067899554797796,2
0.039628321704565685,1.1601635289587602,1
0.07608318048064168,0.5510531621747862,1
0.23361819527270308,-1.4376169829551455,0
-0.3035567937163553,3.6774341139207407,1
6.43255992967436,-1.2073539484051241,3
-1.3616156143280789,-1.622935512489963,2
-0.2876176033574664,0.39890733721892346,0
-0.4017170533527117,2.150802244121753,1
-0.48009041173356976,-0.1222128582244701,0
-0.5290601728455456,0.49455190209229183,1
-1.3332632716275359,-1.4251727156363083,2
-0.6690318642553221,0.0785019029526744,0
-1.119198300021771,-0.9983070618204817,2
-0.8593151704234246,-1.0819143311691117,0
-1.2865506428091402,-1.693187026892116,2
-0.7975643761346197,-1.71940904010593,2
-0.8370492886093931,-1.7067899554797796,2
-0.39953370870043536,2.9973549845717216,1
-1.1441496297543159,-1.642741833018286,2
0.5097106992135971,1.6248895039880316,1
-0.9626226205109667,-0.7003327255448359,2
-0.2673008675336716,1.4475587041353806,1
-1.058408754037356,-0.46343632464093343,2
-0.5516817814333628,2.570479177924888,1
-0.364995804788331,0.2564501481741332,0
0.09284851716535178,1.3206446907588751,1
-0.015735407368939188,1.3866732474244687,1
-0.3774336836505314,0.5866311297289222,1
-0.43507188740901903,0.615037768212264,1
-0.36780305945431097,0.5496346294911699,1
-0.21821564874196953,-1.3436401676530236,0
-1.119198300021771,-0.9983070618204817,2
-0.20040094879303705,1.2805311930992709,1
-0.11094113401838078,1.6713015063748817,1
7.591127935611819,0.6152605198093786,3
-0.28001265389393065,2.4517033951919402,1
-0.3195774049647955,2.373389173567248,1
0.5438425144382563,1.6930312925522606,1
-1.3858665741175833,-1.6162026777810146,2
-0.8451423879869511,-0.2851696206430638,2
-0.18530484043175127,1.804279707587986,1
-0.06987599047280994,0.026053137618456068,0
-0.2427684931426263,-1.2644068332936456,0
6.43255992967436,-1.2073539484051241,3
-1.2643033998925735,-1.6446102410165313,2
-1.0442320145275974,-0.9738529896954976,0
0.7181724611081363,1.641406755334364,1
-0.6230777636189012,-1.0427679676020103,2
0.19071258790408982,1.3656315516539022,1
-0.38599838335778697,-0.5751208510036858,0
-0.4234095139228305,-1.1558466651508603,0
1.0908662872912775,1.6933563495102346,1
0.8781470118365647,2.1800660827806655,1
1.5172867360295668,2.468607338468385,1
-0.8370492886093931,-1.7067899554797796,2
-0.489686008135279,-0.731997344068201,0
-0.364995804788331,0.2564501481741332,0
-1.3616156143280789,-1.622935512489963,2
-0.11281807888564464,0.7375367556376364,1
0.07608318048064168,0.5510531621747862,1
-0.23420174559113716,-0.4404753765361741,0
-1.1441496297543159,-1.642741833018286,2
0.3991410852246764,0.8109649811351132,1
-0.22615508066062517,2.2648871367362213,1
-0.9839299710259738,-1.6601516067422784,2
-1.331582796727082,-1.4218565364718454,2
-0.5143933413063972,-0.546539712697251,0
-0.18581972730576174,2.3605666043719835,1
0.6697261795334356,-1.6712803980133988,0
-0.3138192849633419,2.222015674653559,1
-0.5380953705754924,1.315689057151467,1
13.603870566388538,-1.8922915819891377,3
0.5438425144382563,1.6930312925522606,1
-0.48009041173356976,-0.1222128582244701,0
1.0137271376105204,-1.5225683641381078,0
-0.2958185156759777,-0.7700432596490029,2
-0.4234095139228305,-1.1558466651508603,0
-0.25989699859704707,2.9019334011760924,1
-0.39953370870043536,2.9973549845717216,1
-0.631645627067971,-1.1318283116625503,0
-0.7597664747140153,-0.026751559913551645,2
-0.5960673409666638,-1.2506332106810176,0
0.5472453174288462,-2.124018325494621,0
-0.48856495115167436,-0.8120967652829454,2
-0.6752354864436386,2.9476836459776474,1
-1.1278875314898793,-1.0529150424916336,2
-1.2392046434892026,-1.4654896027502196,2
-0.2419649440270689,-1.6071528349332616,0
7.591127935611819,0.6152605198093786,3
-0.6728454562930264,-0.5225343610290105,0
-0.5283389677501464,4.0277253998163784,1
0.1036552735073091,-1.7354544961926281,0
-0.1186384310604649,1.962642988427193,1
0.14219472026569235,-1.7606039343283535,0
0.7403862033183392,-1.9577376979633163,0
0.1365431624359212,2.1907917453982844,1
-0.22032097596853664,1.021796015160417,1
0.025897205996196316,1.3455532634534826,1
-1.3332632716275359,-1.4251727156363083,2
1.334873473412487,1.1203397585219503,1
0.34851206912576715,2.346064357956069,1
-0.43507188740901903,0.615037768212264,1
-0.6745007392218159,2.9491526834184447,1
0.09284851716535178,1.3206446907588751,1
-1.1441496297543159,-1.642741833018286,2
0.19071258790408982,1.3656315516539022,1
13.603870566388538,-1.8922915819891377,3
-0.631645627067971,-1.1318283116625503,0
-1.3329884831393517,-1.424623037350324,2
-0.10821147986115423,2.590850609832161,1
-0.3980226897495878,0.9065282845101084,1
-0.398808155873463,-1.2372373803068384,0
-0.631645627067971,-1.1318283116625503,0
-0.5290601728455456,0.49455190209229183,1
-0.46284779591186687,-0.07845337527552407,0
0.3759205892965443,2.1723296093714195,1
-0.6040206247626092,-1.6573444125000698,2
0.49751781333285555,-0.18677140209678467,0
-1.0442320145275974,-0.9738529896954976,0
-0.6804155348600472,-0.5341491491009411,0
-1.244609642500477,-1.2935953201690213,2
-0.3521063090263448,0.08123526587307849,0
-0.014148666309847097,-1.4992443454194189,0
-1.2392046434892026,-1.4654896027502196,2
-0.6804155348600472,-0.5341491491009411,0
-1.3616156143280789,-1.622935512489963,2
-0.5433335797869667,0.036260269941594384,0
-0.5817552865873147,1.89129659131311,1
0.014107495498186184,1.5386761202905566,1
-1.3326082504690884,-1.423867528011358,2
0.3200757543280637,-1.5183560519402344,0
-0.6478291554608201,-1.1218132188968724,0
-0.9305127772193488,-1.0179346722424478,0
0.8279938788756545,1.3320594129567096,1
0.4700737419441442,-0.9522361466584971,0
-0.7655322119165232,0.5660389461804624,2
-1.3420383444801833,-1.6484778920643604,2
-0.6747842127373807,2.948588828038164,1
-0.2876176033574664,0.39890733721892346,0
-1.094180259165887,-0.768925461811687,2
0.09284851716535178,1.3206446907588751,1
-0.45981259632027127,-1.2392550313444348,0
0.23648346508349777,0.5871919481427276,1
-1.3326082504690884,-1.423867528011358,2
-0.5338516892387457,1.0670418968889979,1
1.1344105527960338,0.32688935170701683,1
-0.9019193283428234,-1.323634774736598,2
0.9022887120196006,1.607303065060397,1
0.23196134882964867,1.0388818679132277,1
0.14219472026569235,-1.7606039343283535,0
-0.17149001486710733,2.0575951654853246,1
-0.6804155348600472,-0.5341491491009411,0
4.290888850867824,-0.14179168332562916,1
-0.42078725868570366,-0.9648743973818936,2
-0.07825009549842517,1.7205881401785086,1
0.5438425144382563,1.6930312925522606,1
-0.1858208355340651,2.3604299627381082,1
-1.2902897785747987,-1.5961416344202681,2
-0.07663225256130407,1.0674141992621906,1
0.9808415526658165,-1.5134268571046285,0
-0.364995804788331,0.2564501481741332,0
-0.5960673409666638,-1.2506332106810176,0
-1.385923330316697,-1.6161921092926435,2
-0.0862182387046818,2.155956043300988,1
0.8828984418787396,-1.814281315447567,0
-0.033716131303748946,-1.4581141771492676,0
0.4554463881795266,1.4429589600964432,1
-0.489686008135279,-0.731997344068201,0
-0.424842037700553,0.47617711112091865,0
0.7044669279190658,0.542663101090399,1
-1.039171462840398,-0.9180310958484028,2
-0.5960673409666638,-1.2506332106810176,0
1.118594988552329,-1.9408759375710163,0
-0.4375348103260492,0.39719280492242864,0
0.03484723637467063,2.191063766090047,1
-0.4843540039731771,2.900849445838183,1
-0.3348733043537131,-1.2386462065323902,0
0.14219472026569235,-1.7606039343283535,0
-1.0579538328215758,-0.4624240640760589,2
-1.12645821136127,-1.7477131217719308,2
4.0522724933278615,1.467612974078075,1
-0.46284779591186687,-0.07845337527552407,0
0.09284851716535178,1.3206446907588751,1
0.23674825115423906,0.017014311189642552,0
-0.007183690091566194,1.9125156911467598,1
-1.1683827443174446,-1.428401811349146,2
-0.8780057232834008,-0.49085500672426163,2
-0.24654526832653692,-0.3849276740412218,0
-0.6728454562930264,-0.5225343610290105,0
-1.1441496297543159,-1.642741833018286,2
-0.9480166424478734,-0.5862062801319877,2
0.8781470118365647,2.1800660827806655,1
0.09213853002240403,-0.34644144936599547,0
-0.6746908118234015,2.948775000137868,1
-0.22032097596853664,1.021796015160417,1
-1.3420383444801833,-1.6484778920643604,2
-0.6804155348600472,-0.5341491491009411,0
-0.42991746013429183,-1.2682394051130477,0
-0.6804155348600472,-0.5341491491009411,0
-0.40075777336026114,-0.4319948265675159,0
-0.398546783321001,2.999370500242961,1
0.04294277956582215,1.1520906579446046,1
-1.0503441089658028,-0.9666792438762917,0
-0.3195774049647955,2.373389173567248,1
-0.5739387111661738,0.19863057900291778,2
-0.08575443855171436,-0.666738855282698,0
-1.3244101177118721,-1.5596227706132169,2
-1.094180259165887,-0.768925461811687,2
1.2013944220993318,-0.2427699852843662,0
-0.6728454562930264,-0.5225343610290105,0
-0.08372343725545227,-1.282966412715751,0
0.014780386569877044,-1.4461197882445558,0
-0.22032097596853664,1.021796015160417,1
-0.6278739712141588,0.4884174503452268,1
0.014780386569877044,-1.4461197882445558,0
-0.24654526832653692,-0.3849276740412218,0
-0.5960673409666638,-1.2506332106810176,0
1.1463738258349208,1.7264163097932834,1
-0.5881207421029115,0.5372454455713488,1
1.0137271376105204,-1.5225683641381078,0
-0.677820821987682,-1.6782860423689245,2
-0.9839299710259738,-1.6601516067422784,2
1.2013944220993318,-0.2427699852843662,0
0.8828984418787396,-1.814281315447567,0
-0.21726152911825525,0.01993345201517661,0
-0.12087021107267977,1.6554454754580001,1
-0.12623538533752454,-0.6296826232072978,0
13.603870566388538,-1.8922915819891377,3
-0.3991372913391692,2.9981706213099706,1
-0.9839299710259738,-1.6601516067422784,2
-0.13283096042134543,1.955212178675528,1
-1.119198300021771,-0.9983070618204817,2
-0.2876176033574664,0.39890733721892346,0
-0.6711807089196127,-1.5928772177734085,2
-1.0504192588691805,-0.966228092863964,0
-0.10299903217214787,1.2299054649188172,1
13.603870566388538,-1.8922915819891377,3
-0.2876176033574664,0.39890733721892346,0
0.1036552735073091,-1.7354544961926281,0
-0.6752354864436386,2.9476836459776474,1
-1.0600674824803453,-0.4673237524773013,2
1.0094672171655181,-1.922630681296308,0
-1.2368626186870568,-1.7410954318828122,2
-0.728152792237382,-0.05942504350888309,0
-0.21377521024295645,1.0144134943663676,1
0.2228646654622786,1.7651880154278567,1
-0.5960673409666638,-1.2506332106810176,0
-0.5273114130825513,0.4193034448493783,0
0.45028997749215965,-0.15923414632123165,0
0.9549742558571951,0.9147411656117544,1
-0.39953370870043536,2.9973549845717216,1
-0.5960673409666638,-1.2506332106810176,0
0.03313285973026338,1.1978990485033583,1
-0.22032097596853664,1.021796015160417,1
0.49751781333285555,-0.18677140209678467,0
-0.236079877450098,1.3366202045745381,1
-1.0242539199966512,0.6752101630362745,2
13.603870566388538,-1.8922915819891377,3
-0.13866510741959126,2.438672999531169,1
0.045741594836572724,-1.5892630909970982,0
-0.28618015692515975,0.7281492563062133,1
-1.094180259165887,-0.768925461811687,2
-0.10742586298900424,2.2899397976325857,1
-0.48856495115167436,-0.8120967652829454,2
-1.119198300021771,-0.9983070618204817,2
-0.7935134466751229,-0.9467752229162825,2
0.6564751131195188,0.43721966290956454,1
-1.2428797508838276,-1.0908977412140055,2
-0.6255780269512193,2.190351113939329,1
-0.2876176033574664,0.39890733721892346,0
-0.10412433811631995,0.48160075656571205,1
-1.1896950167224694,-1.6225837074423934,2
0.8781470118365647,2.1800660827806655,1
-0.46284779591186687,-0.07845337527552407,0
0.45028997749215965,-0.15923414632123165,0
-0.8978766555857148,-1.0310912384069155,0
-0.12087021107267977,1.6554454754580001,1
-0.21377521024295645,1.0144134943663676,1
0.014780386569877044,-1.4461197882445558,0
4.12004990544678,-3.4283943559553025,2
-1.1278875314898793,-1.0529150424916336,2
-0.6741616966225064,1.4544578256484735,1
0.14219472026569235,-1.7606039343283535,0
4.636265690041908,1.2993836535391199,1
-0.09031338069183906,1.6685949077974958,1
-0.5338516892387457,1.0670418968889979,1
13.603870566388538,-1.8922915819891377,3
-1.2775108413433673,-1.7070516551529549,2
-1.3326082504690884,-1.423867528011358,2
-0.3019888863396517,2.701563341472073,1
-0.489686008135279,-0.731997344068201,0
-0.39953370870043536,2.9973549845717216,1
13.603870566388538,-1.8922915819891377,3
-0.2419649440270689,-1.6071528349332616,0
0.9677216000805686,-0.7593299612963929,0
-1.3324119531220278,-1.4234796837031065,2
-1.1441496297543159,-1.642741833018286,2
-0.6752354864436386,2.9476836459776474,1
-1.3326082504690884,-1.423867528011358,2
-0.0862182387046818,2.155956043300988,1
-0.6225420156096253,0.7518351582828386,1
-1.240269747858931,-1.467082933940254,2
0.9022887120196006,1.607303065060397,1
-0.27397869050100504,1.5576315937670309,1
-0.4514217549385299,-0.04303138332412362,0
0.20434259051142584,1.2237408876504503,1
0.6802555474130226,-1.7589339140846223,0
-0.12625500834053885,-1.4302327747332806,0
-0.9815233492919127,-0.6916302293615909,2
0.20419193951125458,2.2744550091437343,1
-0.26946269874741363,-1.3022121695846343,0
-1.2379929540279409,-1.7339543585851946,2
0.1387036394392262,0.896927618590901,1
-1.0445588972441862,-1.8209609745464634,2
0.5552445753709315,-0.6001862758356423,0
0.13074525494337222,1.42649316977983,1
-0.13078666017895538,1.4907541352996385,1
0.1365431624359212,2.1907917453982844,1
-0.4001984864665582,2.995966454344325,1
0.3926343130836079,2.5383221836880288,1
-0.814081363324062,-0.8045948071691427,2
-0.3002313316046096,2.7062525443068983,1
-0.07663225256130407,1.0674141992621906,1
-0.7226447657739622,-0.6543241798718903,2
-0.03187349205139189,-1.4534744769525134,0
-0.22032097596853664,1.021796015160417,1
-1.0514987687579551,-0.9676862706283302,0
-0.3344827926273543,-1.2231874252928387,0
7.591127935611819,0.6152605198093786,3
-0.05679589691629946,2.476584636292584,1
-0.77848327987421,0.612794797217588,2
1.061394211556532,1.714281596020181,1
0.14219472026569235,-1.7606039343283535,0
0.23361819527270308,-1.4376169829551455,0
-0.6745007392218159,2.9491526834184447,1
-0.9839299710259738,-1.6601516067422784,2
-0.46284779591186687,-0.07845337527552407,0
-1.094180259165887,-0.768925461811687,2
0.8828984418787396,-1.814281315447567,0
0.12576943557458187,2.078220955881573,1
0.02822606658619756,-1.491888198200339,0
-0.4001984864665582,2.995966454344325,1
-0.3613433510142335,-0.6797390102570403,0
-0.9839299710259738,-1.6601516067422784,2
1.061394211556532,1.714281596020181,1
1.6916961286038195,1.4486467919313488,1
-0.36611784895943034,1.285197932459519,1
-1.331582340487563,-1.2241877222588209,2
0.2643276108594489,-0.261790241266762,0
0.5438425144382563,1.6930312925522606,1
-0.14267612324368723,2.3270900310100022,1
-0.09124987252751939,2.336939472662277,1
0.8363444401955832,0.9360266596553983,1
0.5262161223639168,2.180888896840463,1
6.43255992967436,-1.2073539484051241,3
0.16049918761758147,0.4693993895817629,1
-0.641852552719603,-0.5184459179759716,2
-0.30011615748282316,-1.3099534040209593,0
-0.46284779591186687,-0.07845337527552407,0
-1.1441496297543159,-1.642741833018286,2
1.4578945735248934,0.5070993890657094,1
-0.36123245097465734,-1.093457264344039,0
-0.4369942068906165,0.6939154662035121,1
-0.6804155348600472,-0.5341491491009411,0
0.3375007275557392,-1.146501360126906,0
-0.28860350125411854,0.7453837710858169,1
-0.2761090177446075,4.145392701574825,1
0.7480524469102895,0.5156522368088606,1
-0.24654526832653692,-0.3849276740412218,0
-0.3195774049647955,2.373389173567248,1
-0.9839299710259738,-1.6601516067422784,2
-1.3329884831393517,-1.424623037350324,2
1.1670040150375578,0.7288527817417438,0
-0.489686008135279,-0.731997344068201,0
-1.1441496297543159,-1.642741833018286,2
0.040980100359867794,-1.4385209815573676,0
-0.5739387111661738,0.19863057900291778,2
0.5913670706895177,0.1718703712678429,0
0.045741594836572724,-1.5892630909970982,0
-1.3329884831393517,-1.424623037350324,2
-0.26876155618088343,2.7215175124331004,1
-1.1441496297543159,-1.642741833018286,2
0.19663021286239807,1.0255906462585624,1
-0.9480166424478734,-0.5862062801319877,2
-0.6804155348600472,-0.5341491491009411,0
-0.5075840668549392,3.1935123614451726,1
-0.2876176033574664,0.39890733721892346,0
1.2400261064353078,0.375324430074802,1
-1.3326082504690884,-1.423867528011358,2
0.32323885087099163,1.8725062045920202,1
-0.023195091795707435,-1.2120534413462536,0
0.8781470118365647,2.1800660827806655,1
-0.22032097596853664,1.021796015160417,1
-0.39953370870043536,2.9973549845717216,1
1.2400261064353078,0.375324430074802,1
0.014780386569877044,-1.4461197882445558,0
-1.3326082504690884,-1.423867528011358,2
-1.039171462840398,-0.9180310958484028,2
-0.8584350265519577,-1.1589859683557422,2
0.41627397315010645,0.1294011109195526,0
1.0327774386661273,0.3205346384602856,1
-0.13781726240013667,-1.416299118511661,0
0.5174263719011302,-1.5441269803069062,0
0.03484723637467063,2.191063766090047,1
-0.39953370870043536,2.9973549845717216,1
-0.6783316554756689,-1.1214578108139013,0
0.20434259051142584,1.2237408876504503,1
-0.8370492886093931,-1.7067899554797796,2
4.0522724933278615,1.467612974078075,1
-0.489686008135279,-0.731997344068201,0
-0.6737959519119924,-0.09297343404451239,0
-0.7629908504997147,0.04570608070293124,2
0.3375007275557392,-1.146501360126906,0
-1.2379929540279409,-1.7339543585851946,2
1.2400261064353078,0.375324430074802,1
0.9832108035687489,1.762367541290999,1
-0.9839299710259738,-1.6601516067422784,2
0.3209373672365268,0.7523156843338713,1
-1.183115780163534,-1.5736740350874014,2
0.22624197686598782,0.8924767950190846,1
-1.3616156143280789,-1.622935512489963,2
-0.8343844244001126,-1.068882550186643,0
-0.6728454562930264,-0.5225343610290105,0
-0.6749678227959051,2.948221693956612,1
1.2400261064353078,0.375324430074802,1
-0.6752354864436386,2.9476836459776474,1
0.21123554934690456,1.9614845727111603,1
-0.9480166424478734,-0.5862062801319877,2
0.03484723637467063,2.191063766090047,1
-0.814081363324062,-0.8045948071691427,2
0.5229176698472903,-1.3959565454955565,0
0.6735382110442679,1.6769529906511345,1
-0.012932378079165523,1.9844783029350672,1
0.09284851716535178,1.3206446907588751,1
0.1387036394392262,0.896927618590901,1
1.118594988552329,-1.9408759375710163,0
-1.1441496297543159,-1.642741833018286,2
13.603870566388538,-1.8922915819891377,3
-0.22032097596853664,1.021796015160417,1
0.5297096745221558,-1.3983227385759893,0
0.014780386569877044,-1.4461197882445558,0
-1.2064480594407216,-1.7017632413866732,2
-0.48336023871279654,-1.144319885127615,0
-0.05524030391509658,1.6591395156948388,1
-0.5283646380548634,1.2550749372040928,1
-0.13850985867285975,1.5718403659863935,1
0.14219472026569235,-1.7606039343283535,0
0.3375007275557392,-1.146501360126906,0
1.1758459015696663,1.705491063283337,1
0.6849290850017892,-1.8635326271730643,0
-0.46284779591186687,-0.07845337527552407,0
1.800977810611068,0.1380562992540336,1
-0.22032097596853664,1.021796015160417,1
-0.5739387111661738,0.19863057900291778,2
-0.9157418075381873,-1.0538693749188337,0
-1.2865506428091402,-1.693187026892116,2
-0.9839299710259738,-1.6601516067422784,2
0.49751781333285555,-0.18677140209678467,0
-0.7941001490374973,-1.614667998870156,2
-0.8991542315614676,-1.0714831626696353,0
-1.2064536118793256,-1.738986359230673,2
-0.33308096191325315,0.9160294137890448,1
-0.016674295446150754,2.0398454177937397,1
-1.3326082504690884,-1.423867528011358,2
0.6802555474130226,-1.7589339140846223,0
-0.4500381229819167,2.7868585371106276,1
-1.3265366264495477,-1.5874115379149654,2
-0.46284779591186687,-0.07845337527552407,0
-0.3195774049647955,2.373389173567248,1
0.16049918761758147,0.4693993895817629,1
-0.977769770778044,-0.9963710188872174,0
0.5440891513710863,1.1814913136550247,1
0.07187346337130826,2.021874636062419,1
-0.9839299710259738,-1.6601516067422784,2
5.8461251350895855,0.6626331626042982,1
1.0707993292336717,-0.7030287703227204,0
-1.2368626186870568,-1.7410954318828122,2
-1.3616156143280789,-1.622935512489963,2
-1.2909166240322396,-1.5974104909481759,2
0.5097106992135971,1.6248895039880316,1
0.23196134882964867,1.0388818679132277,1
-0.34663357802019373,2.3843554335561703,1
13.603870566388538,-1.8922915819891377,3
-0.22032097596853664,1.021796015160417,1
-0.671025921273702,2.955836082989553,1
-0.03187349205139189,-1.4534744769525134,0
-1.12645821136127,-1.7477131217719308,2
-1.1683827443174446,-1.428401811349146,2
-1.0515546961798514,-0.966017547551349,0
0.6849119407731935,2.084294147538295,1
-0.40541432036447866,0.5176992185872835,0
1.1253320837386451,1.8275481104991793,1
-1.2379929540279409,-1.7339543585851946,2
-0.22032097596853664,1.021796015160417,1
-1.3332632716275359,-1.4251727156363083,2
-0.40375377326591644,2.1517922266904668,1
-0.2362925975704607,-1.263809871324451,0
3.5480873157099797,1.092172482098625,1
-0.23420174559113716,-0.4404753765361741,0
-0.10412433811631995,0.48160075656571205,1
-0.26843536436986276,2.722285932070853,1
-0.21377521024295645,1.0144134943663676,1
-0.7971410838103195,-1.025955006125145,0
-0.6576939609129169,-0.17468355002941974,0
-1.05364720671153,-0.4535064419076885,2
-1.23262548738897,-1.7384546175262197,2
0.6253640617786184,-1.5885571784051362,0
-0.9839299710259738,-1.6601516067422784,2
-0.398546783321001,2.999370500242961,1
-1.3060972321249125,-1.5981432731070992,2
-0.28963781902586533,0.5140141351242783,0
-0.9480166424478734,-0.5862062801319877,2
-1.2450791468489473,-1.4790730864146513,2
-1.150772852625117,-1.571177298731073,2
0.1645373323036539,1.8467500601218556,1
-0.9839299710259738,-1.6601516067422784,2
-0.050502603268112255,1.262077890083236,1
-0.5396676175142675,0.7278121972085052,1
-1.0044365094279664,-0.9852054952876194,0
-0.0862182387046818,2.155956043300988,1
0.14219472026569235,-1.7606039343283535,0
13.603870566388538,-1.8922915819891377,3
-0.34319506443123504,2.350331514754339,1
-0.5093841033449349,0.5107554506782429,0
-1.2982848616085079,-1.498294669908201,2
-0.09399612392683926,1.8199999769107489,1
-0.469853450125007,0.10922434441403626,0
0.41373336820692974,-1.36524332011305,0
-1.039171462840398,-0.9180310958484028,2
0.5438425144382563,1.6930312925522606,1
-0.6728454562930264,-0.5225343610290105,0
-0.39953370870043536,2.9973549845717216,1
-0.8407655016743794,-1.1134916772319752,0
0.051393064789299274,1.451125848765987,1
0.09538738309086091,3.082801189446216,1
-0.9839299710259738,-1.6601516067422784,2
-1.0503441089658028,-0.9666792438762917,0
-0.5433335797869667,0.036260269941594384,0
-0.22032097596853664,1.021796015160417,1
-1.3858665741175833,-1.6162026777810146,2
0.3926343130836079,2.5383221836880288,1
13.603870566388538,-1.8922915819891377,3
-0.33906217699951663,0.6206518346193565,1
-0.15991832054156296,3.4165168827307393,1
-0.42066100617268215,2.1610028315616105,1
0.09284851716535178,1.3206446907588751,1
-0.6745007392218159,2.9491526834184447,1
-0.398546783321001,2.999370500242961,1
-0.3802773076939921,2.2966735415004487,1
-1.1441496297543159,-1.642741833018286,2
13.603870566388538,-1.8922915819891377,3
-0.6747842127373807,2.948588828038164,1
-1.119198300021771,-0.9983070618204817,2
0.040980100359867794,-1.4385209815573676,0
0.6179044021560872,-0.4361765883004074,0
-0.9480166424478734,-0.5862062801319877,2
-0.6690053375942744,-0.20328707270786928,0
-0.22032097596853664,1.021796015160417,1
-0.8370492886093931,-1.7067899554797796,2
-0.6752354864436386,2.9476836459776474,1
1.118594988552329,-1.9408759375710163,0
1.6042480832035517,0.37616999365362797,1
-1.1801800654675738,-1.1876325261671572,2
-0.22032097596853664,1.021796015160417,1
-0.22032097596853664,1.021796015160417,1
7.591127935611819,0.6152605198093786,3
1.2274179636578912,-0.18161022752304276,0
-0.9480166424478734,-0.5862062801319877,2
-0.26765324687721076,1.0069243885666348,1
-0.2033700511667623,-1.2976058832739694,0
-0.33308096191325315,0.9160294137890448,1
0.8590462085550331,2.0785981361629973,1
-0.489686008135279,-0.731997344068201,0
0.14219472026569235,-1.7606039343283535,0
-0.4809033258516478,-0.34704522600997273,0
-0.17876574560459302,1.4819154037113689,1
0.5472453174288462,-2.124018325494621,0
-0.16356907463958398,1.4237371578347426,1
-1.1951334134229252,-0.4594989480443921,2
0.08252450170235845,-0.3979130688767332,2
-0.42078725868570366,-0.9648743973818936,2
4.12004990544678,-3.4283943559553025,2
-0.32356359065240287,-0.6919656072742076,0
-0.4331469506456135,-0.09835211414598691,0
-0.2673008675336716,1.4475587041353806,1
-1.0426395556146149,-1.7080221148681953,2
-0.5739387111661738,0.19863057900291778,2
0.8828984418787396,-1.814281315447567,0
0.9494591315796354,1.9772090702978409,1
0.2646510138153235,0.5703440372485835,1
13.603870566388538,-1.8922915819891377,3
-0.18592043722986012,1.1087453191066965,1
-0.23695863962321795,1.1169986577401634,1
4.705397716512219,1.7415255548970319,1
-0.8622225898912855,-1.0527824188526227,0
-0.2876176033574664,0.39890733721892346,0
0.41373336820692974,-1.36524332011305,0
-0.6747842127373807,2.948588828038164,1
0.5174263719011302,-1.5441269803069062,0
0.5229176698472903,-1.3959565454955565,0
0.7631966231893312,1.0411765838904543,1
-0.6016760681618047,-1.1526522123643683,0
0.011820559949844468,1.8742235976392223,1
-0.4578517331153588,0.2640755301774511,0
-0.6804155348600472,-0.5341491491009411,0
0.04416143573741676,-1.808878999493079,2
3.094568467178909,1.5350462330969117,1
-1.036108533452391,-0.979959556379837,0
-0.017149001162849318,-1.443165753752527,0
-1.2379929540279409,-1.7339543585851946,2
-0.6499686922905885,-1.1209910705856105,0
0.17315057142481524,1.9133972730611732,1
1.4785245097317545,0.4441127306495588,1
-0.46284779591186687,-0.07845337527552407,0
-0.15940917304155408,-1.4302708583481598,0
0.49149677389279717,2.4654284394184813,1
0.014780386569877044,-1.4461197882445558,0
-1.119198300021771,-0.9983070618204817,2
-1.1017954482558017,-0.9518140895850294,2
-0.8451423879869511,-0.2851696206430638,2
-0.21123017013377315,2.32772242149257,1
0.8828984418787396,-1.814281315447567,0
0.692738868416393,0.8241478435225131,1
-0.489686008135279,-0.731997344068201,0
-1.1441496297543159,-1.642741833018286,2
-0.8294525682004226,-1.5055135148518684,2
-0.8584350265519577,-1.1589859683557422,2
-0.10742586298900424,2.2899397976325857,1
0.11445093605497453,0.7097494908986994,1
-1.1539118835112014,-1.465185159463592,2
-0.6745007392218159,2.9491526834184447,1
-0.33308096191325315,0.9160294137890448,1
-1.1441496297543159,-1.642741833018286,2
-0.10821147986115423,2.590850609832161,1
-1.057590955089354,-0.4616294679467822,2
0.5438425144382563,1.6930312925522606,1
-0.4116083465275327,1.3568958451773934,1
-0.9815233492919127,-0.6916302293615909,2
0.09284851716535178,1.3206446907588751,1
-0.4999231934136536,-1.107039044810768,0
0.23361819527270308,-1.4376169829551455,0
0.1679172218069477,1.0528786315236076,1
-0.77848327987421,0.612794797217588,2
-0.3398849924431663,0.6796996220643851,1
-0.670315412340275,-0.16691944657646654,0
-1.256614272354741,-1.3715174215038215,2
0.22042310848259886,1.3968318619571092,1
-0.24654526832653692,-0.3849276740412218,0
-1.3463591097500307,-1.6368292434438008,2
-0.2673008675336716,1.4475587041353806,1
0.21171727612872415,-1.0767667622488613,0
13.603870566388538,-1.8922915819891377,3
0.40860259229234286,-1.0947412348601688,0
-0.24747495221166985,1.1355082590208847,1
-0.21821564874196953,-1.3436401676530236,0
0.5797417630785016,1.5809287710766287,1
-0.6804155348600472,-0.5341491491009411,0
7.591127935611819,0.6152605198093786,3
-0.0862182387046818,2.155956043300988,1
-0.18860081302791887,1.5013865733340417,1
-0.8342152916359556,-0.7940955292150931,2
-0.08053373908765722,1.719116708684601,1
-0.6728454562930264,-0.5225343610290105,0
-0.364995804788331,0.2564501481741332,0
-1.1482022044829714,-1.4717751533328238,2
0.16850189980166935,1.8907769178947733,1
-0.6728454562930264,-0.5225343610290105,0
-0.36780305945431097,0.5496346294911699,1
-0.6752354864436386,2.9476836459776474,1
-0.6225420156096253,0.7518351582828386,1
-1.1441496297543159,-1.642741833018286,2
-0.469853450125007,0.10922434441403626,0
-0.4462419443550754,0.4513913456423624,0
0.5396327826036914,-1.525831732837509,0
-0.0862182387046818,2.155956043300988,1
-0.631645627067971,-1.1318283116625503,0
-0.7975643761346197,-1.71940904010593,2
0.33999320332505206,1.6681630702574872,1
0.1365431624359212,2.1907917453982844,1
-1.385923330316697,-1.6161921092926435,2
0.16049918761758147,0.4693993895817629,1
-1.2865506428091402,-1.693187026892116,2
0.0018159151390919363,0.7100168618217644,1
-1.1028378999289936,-1.6551981148350796,2
-0.4334644963506806,2.202833791823417,1
-0.6673530901633955,0.9487523472878211,1
-0.21377521024295645,1.0144134943663676,1
-0.39809767473896784,3.00027214804055,1
-0.5739387111661738,0.19863057900291778,2
2.0664261430391244,1.3390330831454347,1
0.49751781333285555,-0.18677140209678467,0
-0.6524296544739504,-0.08953963184122844,0
0.6774933473995398,1.5425740270907529,1
0.14219472026569235,-1.7606039343283535,0
-0.03187349205139189,-1.4534744769525134,0
-0.3580982729931492,-0.6695964114054772,0
-0.08575443855171436,-0.666738855282698,0
1.4908090170035826,-2.6560524862823147,2
-0.6763720260972892,2.945356489595077,1
-0.43507188740901903,0.615037768212264,1
-1.2426894873370447,-1.7300166320117938,2
-0.489686008135279,-0.731997344068201,0
-1.1441496297543159,-1.642741833018286,2
-0.5290601728455456,0.49455190209229183,1
-0.39953370870043536,2.9973549845717216,1
0.5262161223639168,2.180888896840463,1
0.00111258207655973,1.554003375136551,1
0.24734114245887187,1.7508096363398955,1
-0.364995804788331,0.2564501481741332,0
-1.1441496297543159,-1.642741833018286,2
-0.08372343725545227,-1.282966412715751,0
0.07608318048064168,0.5510531621747862,1
1.3408119539594132,-1.5831667580355997,0
-0.10412433811631995,0.48160075656571205,1
-0.814081363324062,-0.8045948071691427,2
-0.3898718874159695,-1.2408408524353098,0
-1.2379929540279409,-1.7339543585851946,2
-0.4999231934136536,-1.107039044810768,0
3.313958425830283,-2.0483125743510793,0
0.33206965189763626,2.132441912609285,1
-0.9839299710259738,-1.6601516067422784,2
-0.22278804277883205,0.902174486585706,1
-0.43407172221737156,-1.408310822061596,0
0.5634303661753748,2.1888191553473804,1
-0.818233256532199,-1.2806146882642033,2
-0.7089993317593034,1.5913277416751173,1
0.3375007275557392,-1.146501360126906,0
-1.1441496297543159,-1.642741833018286,2
-0.09031338069183906,1.6685949077974958,1
-1.3616156143280789,-1.622935512489963,2
1.0908662872912775,1.6933563495102346,1
-0.26946269874741363,-1.3022121695846343,0
3.569581897365316,1.1579790544267254,1
0.9286770403498109,1.2575752676379883,1
-0.2876176033574664,0.39890733721892346,0
-0.08623085470813262,2.1550590374986305,1
0.5898354763901971,-1.5697358181305672,0
0.1504669631664229,1.323516416775902,1
-1.1817404766423893,-1.7842154939745323,2
0.1645373323036539,1.8467500601218556,1
-0.012504462677666278,-1.5623637371825967,0
-0.5281162330862662,1.2556489643818967,1
0.05113838179034466,1.138906810653926,1
-0.39507524375458447,3.006149672768244,1
-0.6804155348600472,-0.5341491491009411,0
13.603870566388538,-1.8922915819891377,3
0.49751781333285555,-0.18677140209678467,0
-0.701334166560419,-1.1027269072010562,0
-0.8370492886093931,-1.7067899554797796,2
-0.8492315620999794,-0.7517305211130145,2
0.8828984418787396,-1.814281315447567,0
-0.15991832054156296,3.4165168827307393,1
-1.3326082504690884,-1.423867528011358,2
0.31715705881395484,0.8169693569659177,1
-0.9839299710259738,-1.6601516067422784,2
-0.489686008135279,-0.731997344068201,0
-0.16356907463958398,1.4237371578347426,1
-0.26946269874741363,-1.3022121695846343,0
0.5297096745221558,-1.3983227385759893,0
1.355930654490915,-0.2450927768193016,0
2.82825352827821,0.5757564252488818,1
0.44899632653790233,0.5631198437363779,1
0.16850189980166935,1.8907769178947733,1
0.09435681612507547,0.9637880564836012,1
-0.8407655016743794,-1.1134916772319752,0
-0.3728464219125231,1.591437138401528,1
-0.24277770029696963,1.1690587978270628,1
-0.5516817814333628,2.570479177924888,1
-0.6636815742726038,-0.08360749669164823,0
-0.2671815491004543,1.0054022150115374,1
-0.13781726240013667,-1.416299118511661,0
-0.4234095139228305,-1.1558466651508603,0
-0.17824249380386697,1.7691559205150191,1
-0.21021568384613648,1.3962596958365359,1
-1.117350515334747,-0.6993354221630108,2
-0.112135892540001,0.7667274779334556,1
0.3361955195048105,-1.5216594857360506,0
-0.28963781902586533,0.5140141351242783,0
0.014780386569877044,-1.4461197882445558,0
0.23361819527270308,-1.4376169829551455,0
-0.364995804788331,0.2564501481741332,0
-1.0504192588691805,-0.966228092863964,0
0.09284851716535178,1.3206446907588751,1
-1.1494969336319103,-1.8019219248542853,2
-0.24654526832653692,-0.3849276740412218,0
-0.489686008135279,-0.731997344068201,0
13.579493858914761,-2.2791007193450064,3
-0.033716131303748946,-1.4581141771492676,0
-1.3326082504690884,-1.423867528011358,2
-0.9019313177632182,-1.715800922661724,2
-1.1951334134229252,-0.4594989480443921,2
1.334873473412487,1.1203397585219503,1
-0.6629699408952382,-1.038149898996736,0
0.1365431624359212,2.1907917453982844,1
0.14219472026569235,-1.7606039343283535,0
-0.6728454562930264,-0.5225343610290105,0
-0.8218428704174718,-0.8070681005004416,2
-0.9480166424478734,-0.5862062801319877,2
-0.6511545547351402,-1.0600760541521788,0
-0.17149001486710733,2.0575951654853246,1
0.968635974386427,-1.8513782436083375,0
-1.311905847274593,-1.5886292330593288,2
0.03484723637467063,2.191063766090047,1
-1.3616156143280789,-1.622935512489963,2
-1.2643033998925735,-1.6446102410165313,2
-1.2865506428091402,-1.693187026892116,2
-0.003233628310117282,-1.3663326950258785,0
-0.13018468941575898,-1.4376489075483558,0
-1.3326082504690884,-1.423867528011358,2
7.591127935611819,0.6152605198093786,3
0.04261624383800927,1.1527711274245651,1
-1.063998368380433,-0.9634771625088491,0
0.07608318048064168,0.5510531621747862,1
0.6500651362667834,2.195334938148025,1
-0.489686008135279,-0.731997344068201,0
-1.1028378999289936,-1.6551981148350796,2
-0.398546783321001,2.999370500242961,1
-0.019241225174683633,1.1237369249066687,1
1.016237430203016,1.6759835150502675,1
0.9351356071531414,2.2242245105052016,1
-0.9480166424478734,-0.5862062801319877,2
0.21644921657722013,-1.5149981661328842,0
-0.33981247046474194,2.3575385345846356,1
0.17495010214223802,-1.7624332131352802,0
0.47761860150538843,1.6612662286758144,1
0.22624197686598782,0.8924767950190846,1
-0.3062053306825859,0.7180889339445539,1
-1.3616156143280789,-1.622935512489963,2
-0.6745007392218159,2.9491526834184447,1
-0.4514217549385299,-0.04303138332412362,0
-1.381840974138355,-1.6195778719867835,2
0.01924217838974901,0.5029838045218986,1
-1.2363113127279364,-1.7213106341988977,2
0.21763780408881003,1.9534632924603894,1
-1.331582796727082,-1.4218565364718454,2
7.591127935611819,0.6152605198093786,3
-1.3616156143280789,-1.622935512489963,2
-1.0070014904578253,-0.7219803227377456,2
-0.10030205279637455,0.8801563944050416,1
-0.6040206247626092,-1.6573444125000698,2
-0.13684187676890883,-1.4840415435977523,0
13.603870566388538,-1.8922915819891377,3
-0.26946269874741363,-1.3022121695846343,0
0.1036552735073091,-1.7354544961926281,0
-1.0214034587239949,-0.9816536304052744,0
-0.4514217549385299,-0.04303138332412362,0
-0.46284779591186687,-0.07845337527552407,0
0.045741594836572724,-1.5892630909970982,0
-0.21377521024295645,1.0144134943663676,1
6.722669330601358,-0.48121546648025865,3
0.09284851716535178,1.3206446907588751,1
-0.656060511872222,-1.1316355824680004,0
-0.4234095139228305,-1.1558466651508603,0
-1.1441496297543159,-1.642741833018286,2
-0.398546783321001,2.999370500242961,1
0.03484723637467063,2.191063766090047,1
-0.37696785279413536,-0.45248745022444953,0
0.1365431624359212,2.1907917453982844,1
-0.6763720260972892,2.945356489595077,1
-0.6752354864436386,2.9476836459776474,1
-0.22032097596853664,1.021796015160417,1
-1.0469098316514622,-0.967112736763866,0
-0.6728454562930264,-0.5225343610290105,0
0.20419193951125458,2.2744550091437343,1
1.5449642183196588,0.4153086302719656,1
-0.07663225256130407,1.0674141992621906,1
-0.08575443855171436,-0.666738855282698,0
-0.21021568384613648,1.3962596958365359,1
6.722669330601358,-0.48121546648025865,3
-0.5290601728455456,0.49455190209229183,1
0.5438425144382563,1.6930312925522606,1
-0.6752354864436386,2.9476836459776474,1
-0.1099870073570186,1.51092755040296,1
-0.6752354864436386,2.9476836459776474,1
-0.22060446330895372,1.749424289614664,1
-0.46284779591186687,-0.07845337527552407,0
-1.2392046434892026,-1.4654896027502196,2
-0.6804155348600472,-0.5341491491009411,0
0.5927959102754522,-1.3899751485078344,0
0.17272452694100648,0.993824345966004,1
-0.46284779591186687,-0.07845337527552407,0
-0.5739387111661738,0.19863057900291778,2
-1.052463310814488,-0.9675057818712137,0
0.6802555474130226,-1.7589339140846223,0
-0.9946402178965176,-0.9961538487936626,0
-0.364995804788331,0.2564501481741332,0
-0.6752354864436386,2.9476836459776474,1
-0.6779293180635221,-0.5732383745506163,2
0.22624197686598782,0.8924767950190846,1
-0.10412433811631995,0.48160075656571205,1
0.09284851716535178,1.3206446907588751,1
-0.22032097596853664,1.021796015160417,1
-1.3858665741175833,-1.6162026777810146,2
-0.25430758776143436,-1.4184086315580862,0
-0.9839299710259738,-1.6601516067422784,2
-0.22032097596853664,1.021796015160417,1
-0.27673999520407006,0.1185913074312659,0
-1.1539118835112014,-1.465185159463592,2
-0.29808733491721817,-0.7064695417292937,0
0.2228646654622786,1.7651880154278567,1
-0.364995804788331,0.2564501481741332,0
0.23361819527270308,-1.4376169829551455,0
-0.007256217290393247,-1.3002968376594777,0
-1.1441496297543159,-1.642741833018286,2
-0.08372343725545227,-1.282966412715751,0
-0.07663225256130407,1.0674141992621906,1
1.016237430203016,1.6759835150502675,1
0.7239828012982413,-2.1564971377598354,0
-0.13018468941575898,-1.4376489075483558,0
-1.2902897785747987,-1.5961416344202681,2
-0.09124987252751939,2.336939472662277,1
-0.431184256426003,-0.3724758353209473,0
-0.641852552719603,-0.5184459179759716,2
-0.22032097596853664,1.021796015160417,1
0.07608318048064168,0.5510531621747862,1
-0.6752354864436386,2.9476836459776474,1
2.0664261430391244,1.3390330831454347,1
-0.4331469506456135,-0.09835211414598691,0
-0.2785213307034641,-1.1581647675728377,0
-0.5953785150022187,-0.34115457280984085,0
-0.4407649796706394,2.683054493075714,1
1.0908662872912775,1.6933563495102346,1
-1.327706923731119,-1.414518470544239,2
-0.8370492886093931,-1.7067899554797796,2
3.5480873157099797,1.092172482098625,1
0.22751361384196364,-1.246684107490718,0
-0.22032097596853664,1.021796015160417,1
16.976239033338363,-1.870979657310792,3
-0.33308096191325315,0.9160294137890448,1
-1.0489199818635264,-0.9707907316984242,0
0.09284851716535178,1.3206446907588751,1
0.4198037327065279,-1.1357434300624756,0
-0.21439785331287126,1.3994873785889588,1
0.20434259051142584,1.2237408876504503,1
-0.14267612324368723,2.3270900310100022,1
-0.6745007392218159,2.9491526834184447,1
-1.3724181719633963,-1.5568980106467634,2
0.6715659657070944,-1.6202310120343764,0
-0.14267612324368723,2.3270900310100022,1
-0.0050957437687248145,-0.8626729776819994,0
-1.1494969336319103,-1.8019219248542853,2
-0.07572394512732332,0.7645537953079914,1
-0.6915831465445343,-0.010721048412691737,2
-0.47502930200177773,-1.3029469399762215,0
-0.4137559120772322,1.4442773016608992,1
7.591127935611819,0.6152605198093786,3
-0.6513851018293556,-0.19786268792965675,0
-0.10412433811631995,0.48160075656571205,1
-0.6572368498673873,-0.032233104534881984,0
-0.3195774049647955,2.373389173567248,1
-0.3898718874159695,-1.2408408524353098,0
0.7181724611081363,1.641406755334364,1
-0.364995804788331,0.2564501481741332,0
0.5552445753709315,-0.6001862758356423,0
-0.6804155348600472,-0.5341491491009411,0
-1.0572081561304179,-0.46080235319698143,2
-0.3418531176737539,2.3532636347597786,1
-1.385923330316697,-1.6161921092926435,2
-0.6804155348600472,-0.5341491491009411,0
-0.489686008135279,-0.731997344068201,0
-0.033716131303748946,-1.4581141771492676,0
2.1936727190791343,-1.7745802252109424,0
0.09284851716535178,1.3206446907588751,1
-0.05524030391509658,1.6591395156948388,1
-0.2673008675336716,1.4475587041353806,1
-0.2876176033574664,0.39890733721892346,0
-0.22032097596853664,1.021796015160417,1
0.9022887120196006,1.607303065060397,1
-0.36884131608362947,2.0007058808695133,1
-0.17962877759161663,0.22109672284891643,1
-0.21377521024295645,1.0144134943663676,1
-0.5271910323267192,1.2577322639887112,1
-0.0862182387046818,2.155956043300988,1
-0.0862182387046818,2.155956043300988,1
-0.489686008135279,-0.731997344068201,0
1.1758459015696663,1.705491063283337,1
-0.24654526832653692,-0.3849276740412218,0
-0.6804155348600472,-0.5341491491009411,0
-0.22032097596853664,1.021796015160417,1
-1.2909166240322396,-1.5974104909481759,2
-0.489686008135279,-0.731997344068201,0
1.774617390219444,-2.5198459784804963,2
6.43255992967436,-1.2073539484051241,3
0.7398469765746499,-1.359860058988272,0
-0.28618015692515975,0.7281492563062133,1
0.3347025257661133,0.6308574783327358,1
-0.10412433811631995,0.48160075656571205,1
0.14219472026569235,-1.7606039343283535,0
-0.058801254077843215,1.5465194101712838,1
1.9958225797516815,2.8609974629842987,1
-1.3326082504690884,-1.423867528011358,2
0.1730603313210782,-2.1278442770135486,2
-0.9839299710259738,-1.6601516067422784,2
0.4323474128035464,1.862918708055458,1
0.14219472026569235,-1.7606039343283535,0
0.02822606658619756,-1.491888198200339,0
-0.5222507006838688,-0.39768977991635707,0
1.800977810611068,0.1380562992540336,1
4.0522724933278615,1.467612974078075,1
-1.013722588271577,-1.5689781053500047,2
-0.2419649440270689,-1.6071528349332616,0
13.603870566388538,-1.8922915819891377,3
-0.48856495115167436,-0.8120967652829454,2
-1.3213180273474654,-1.58066654263917,2
-0.23526754744492487,-1.315532686860776,0
-0.9314863334320229,-1.0197277122734532,0
-1.052463310814488,-0.9675057818712137,0
-0.6418282984824856,-1.1255929071080246,0
-0.2876176033574664,0.39890733721892346,0
-1.119198300021771,-0.9983070618204817,2
0.19079577954474372,0.33264269654476225,0
-0.2876176033574664,0.39890733721892346,0
-0.5235869732875005,0.07271456415156682,0
0.6769684171400777,1.6975534302980222,1
-1.1059600720818399,-1.500912214658612,2
-0.1798824785424219,0.5701959670307305,1
-1.1539118835112014,-1.465185159463592,2
-0.13684187676890883,-1.4840415435977523,0
-0.24277770029696963,1.1690587978270628,1
-0.22032097596853664,1.021796015160417,1
0.5297096745221558,-1.3983227385759893,0
-1.094569764734864,-0.028667698549227766,2
-0.46284779591186687,-0.07845337527552407,0
-0.489686008135279,-0.731997344068201,0
-0.22032097596853664,1.021796015160417,1
-1.3326082504690884,-1.423867528011358,2
-0.5746722279851894,0.3046137842507702,0
1.2400261064353078,0.375324430074802,1
0.2603346004215606,-1.4819819316369627,0
-0.22032097596853664,1.021796015160417,1
-1.1441496297543159,-1.642741833018286,2
-0.3580982729931492,-0.6695964114054772,0
-0.671025921273702,2.955836082989553,1
-0.17746771373899758,1.5940385638937704,1
0.49751781333285555,-0.18677140209678467,0
-0.043343045296554465,1.783443411954084,1
0.48711019119521554,1.0141322501843768,1
-0.13850985867285975,1.5718403659863935,1
-1.3337876382164586,-1.4262309197715146,2
-0.9839299710259738,-1.6601516067422784,2
-0.18860081302791887,1.5013865733340417,1
-1.1028378999289936,-1.6551981148350796,2
-1.036108533452391,-0.979959556379837,0
-0.4107509948961819,0.5894319818091652,1
-0.8138693741180305,-1.846201431846374,2
-0.30011615748282316,-1.3099534040209593,0
-0.37755930126242315,2.3027620068410926,1
-0.4705055157412328,-1.3757470594230223,0
-1.094180259165887,-0.768925461811687,2
0.03313285973026338,1.1978990485033583,1
-1.3318037354344396,-1.3880081906234192,2
-0.4369942068906165,0.6939154662035121,1
-0.5960673409666638,-1.2506332106810176,0
0.0010769708039185288,-1.390409126460331,0
-0.7938589598618196,0.5300067609555608,2
-0.18209819648737288,3.6889480565143136,1
-0.7938589598618196,0.5300067609555608,2
0.5097106992135971,1.6248895039880316,1
-0.4999231934136536,-1.107039044810768,0
1.5727618045674245,0.39596465691446064,1
6.43255992967436,-1.2073539484051241,3
0.12576943557458187,2.078220955881573,1
-1.1441496297543159,-1.642741833018286,2
0.039628321704565685,1.1601635289587602,1
-0.9928334042249493,-0.9896313802458454,0
-0.43507188740901903,0.615037768212264,1
-0.8454969560532064,-2.063035793647657,2
0.014780386569877044,-1.4461197882445558,0
-0.5739387111661738,0.19863057900291778,2
-1.3326082504690884,-1.423867528011358,2
-0.9480166424478734,-0.5862062801319877,2
0.3787867008012177,-1.7346470928560769,0
0.4223710693296122,-1.377666442880039,0
0.45259976724451906,1.370895639215387,1
-0.3521063090263448,0.08123526587307849,0
1.4578945735248934,0.5070993890657094,1
0.7631966231893312,1.0411765838904543,1
-0.3981894074302246,3.0000886990814655,1
0.5892053027168696,2.2341691111026614,1
-0.08372343725545227,-1.282966412715751,0
-0.6804155348600472,-0.5341491491009411,0
-0.9626226205109667,-0.7003327255448359,2
0.03484723637467063,2.191063766090047,1
-1.0962899373555097,-1.2390790898377908,2
-1.3268052115950548,-1.5854229787489933,2
-0.37755930126242315,2.3027620068410926,1
-1.3458790763782766,-1.6403839273600382,2
-0.27526298057026394,-1.2780812141012445,0
0.8363444401955832,0.9360266596553983,1
-0.4293680731997422,2.2123184071069093,1
-0.641852552719603,-0.5184459179759716,2
-0.2673008675336716,1.4475587041353806,1
0.14219472026569235,-1.7606039343283535,0
-1.0497462855298991,-0.9695437525597282,0
0.03315605662975976,-1.674656645085968,0
-0.5245722702347841,1.263287937138482,1
0.00753233556263003,-1.5656989963046346,0
-1.0962899373555097,-1.2390790898377908,2
-1.3326082504690884,-1.423867528011358,2
-0.882556768389867,-0.554423260627731,2
-1.3326082504690884,-1.423867528011358,2
0.040980100359867794,-1.4385209815573676,0
-1.185050774412328,-1.7236629277101503,2
0.6723628635645592,1.877552974153711,1
-0.4331469506456135,-0.09835211414598691,0
-0.5960673409666638,-1.2506332106810176,0
-0.8370492886093931,-1.7067899554797796,2
6.43255992967436,-1.2073539484051241,3
-0.24363682432124165,-1.2924833978216288,0
-0.22032097596853664,1.021796015160417,1
-0.26477893444694084,1.4357695672853152,1
-0.22920297690738686,-0.05014267004322256,0
-0.46284779591186687,-0.07845337527552407,0
0.8781470118365647,2.1800660827806655,1
-0.21377521024295645,1.0144134943663676,1
-1.3326082504690884,-1.423867528011358,2
0.1365431624359212,2.1907917453982844,1
-0.4514217549385299,-0.04303138332412362,0
0.8828984418787396,-1.814281315447567,0
-0.6576939609129169,-0.17468355002941974,0
0.07307573982938674,1.9990460755685615,1
-0.33308096191325315,0.9160294137890448,1
-0.9839299710259738,-1.6601516067422784,2
-1.1441496297543159,-1.642741833018286,2
0.03491276580852837,2.1907662359215263,1
0.1645373323036539,1.8467500601218556,1
-0.8342152916359556,-0.7940955292150931,2
-0.08575443855171436,-0.666738855282698,0
-0.4331469506456135,-0.09835211414598691,0
-0.03265297803674842,0.9142627340631606,1
-0.22032097596853664,1.021796015160417,1
-0.06987599047280994,0.026053137618456068,0
1.1758459015696663,1.705491063283337,1
-0.29299162730390677,-0.0017111017684827898,0
-0.489686008135279,-0.731997344068201,0
7.591127935611819,0.6152605198093786,3
0.2430906980460792,2.4081829287467484,1
-1.385923330316697,-1.6161921092926435,2
-0.6144405380900109,1.1809362504071335,1
-0.24654526832653692,-0.3849276740412218,0
5.357534607632613,1.2773097855639994,1
-0.39905553579986697,2.998337783961843,1
-0.6752354864436386,2.9476836459776474,1
-0.36722624595923137,0.03688549851297302,0
0.9871217892031009,-0.060684579959663164,0
-0.6571865890399161,-0.032083644450212945,0
0.7413168675243583,1.3517432686619613,1
1.0908662872912775,1.6933563495102346,1
-1.3858665741175833,-1.6162026777810146,2
-0.6040206247626092,-1.6573444125000698,2
1.800977810611068,0.1380562992540336,1
-0.6576939609129169,-0.17468355002941974,0
1.1901545128251019,2.0618955011115783,1
-0.34663357802019373,2.3843554335561703,1
-0.2048909820700955,-1.4592396958238887,0
-0.4801012302104011,-0.22883845581812093,0
-1.0567346203553765,-0.45979341511520305,2
-0.3521063090263448,0.08123526587307849,0
-0.2143020185584637,-0.5691050940421003,0
-0.46284779591186687,-0.07845337527552407,0
-0.46284779591186687,-0.07845337527552407,0
0.009535784518528965,-1.3016943085886081,0
-1.0511856242214137,-0.9660858304983576,0
0.16850189980166935,1.8907769178947733,1
-0.6736491373422322,-0.0746750640697176,0
-1.3616156143280789,-1.622935512489963,2
-0.03187349205139189,-1.4534744769525134,0
-0.39880513158174546,2.9988476583323216,1
-0.6804155348600472,-0.5341491491009411,0
-0.9019313177632182,-1.715800922661724,2
-0.26946269874741363,-1.3022121695846343,0
-0.08372343725545227,-1.282966412715751,0
-0.7628486866998392,0.5713969627235652,2
-0.07380430756360702,1.7805211887996777,1
-0.4331469506456135,-0.09835211414598691,0
-1.327507427819699,-1.5851732529139184,2
-1.3251513460028703,-1.595147620493987,2
0.9210002111505676,2.1972541375172865,1
-0.2758736197172065,4.145878080434634,1
-0.6524296544739504,-0.08953963184122844,0
-0.6728454562930264,-0.5225343610290105,0
-0.26416908225358643,0.4485249801960014,0
-0.08575443855171436,-0.666738855282698,0
-0.07741856573536214,-1.4125618434415386,0
-0.9480166424478734,-0.5862062801319877,2
-1.3332632716275359,-1.4251727156363083,2
-1.0096183733138584,-0.9814425249078116,0
-0.6728454562930264,-0.5225343610290105,0
0.23674825115423906,0.017014311189642552,0
-0.30011615748282316,-1.3099534040209593,0
-1.058883989160405,-0.46451545297398245,2
0.04261624383800927,1.1527711274245651,1
0.006455367327467934,1.1542086700678573,1
-0.9480166424478734,-0.5862062801319877,2
-0.43507188740901903,0.615037768212264,1
0.7181724611081363,1.641406755334364,1
-0.40747171448082314,3.6111232557566773,1
-0.10412433811631995,0.48160075656571205,1
0.6190961710672536,-0.2457719762991304,0
0.8828984418787396,-1.814281315447567,0
-0.9839299710259738,-1.6601516067422784,2
1.5382897214988793,-1.078962491737879,0
-0.25643249069924073,1.8356734882009333,1
-0.818233256532199,-1.2806146882642033,2
0.5438425144382563,1.6930312925522606,1
-0.9626226205109667,-0.7003327255448359,2
13.603870566388538,-1.8922915819891377,3
-1.3332632716275359,-1.4251727156363083,2
-0.08372343725545227,-1.282966412715751,0
-0.3648359716851032,2.59988629141815,1
-1.0112272511822669,-0.980913986505361,0
-1.2379929540279409,-1.7339543585851946,2
-0.7938589598618196,0.5300067609555608,2
1.1758459015696663,1.705491063283337,1
-0.22032097596853664,1.021796015160417,1
-0.39809767473896784,3.00027214804055,1
-1.2379929540279409,-1.7339543585851946,2
-0.4116083465275327,1.3568958451773934,1
0.09284851716535178,1.3206446907588751,1
0.3200757543280637,-1.5183560519402344,0
0.1683842843749441,-1.4361235203636555,0
-0.2759176140038659,-1.343457972520551,0
0.7480524469102895,0.5156522368088606,1
4.423755779490657,0.3198355078618684,1
-0.3580982729931492,-0.6695964114054772,0
1.2400261064353078,0.375324430074802,1
-0.28860350125411854,0.7453837710858169,1
-0.08623085470813262,2.1550590374986305,1
0.024970499001853295,2.367949340699612,1
-0.22032097596853664,1.021796015160417,1
2.02650377213663,-0.16018718809628596,0
-0.6804155348600472,-0.5341491491009411,0
-0.23526754744492487,-1.315532686860776,0
-1.3858665741175833,-1.6162026777810146,2
-0.364995804788331,0.2564501481741332,0
-0.4999231934136536,-1.107039044810768,0
0.011820559949844468,1.8742235976392223,1
-1.2876705552022032,-1.6923220913639077,2
-0.9539882174468992,-1.3717674708475882,2
-0.9019313177632182,-1.715800922661724,2
0.510609200225503,0.0506774083218245,0
-0.26946269874741363,-1.3022121695846343,0
-0.03187349205139189,-1.4534744769525134,0
1.9506426724753259,2.831465768189892,1
-0.22032097596853664,1.021796015160417,1
-0.9897868628701129,-0.9407134265267351,2
-1.0018167828322009,-0.9891413597392132,0
-0.49279580549571433,0.049629628133627354,0
0.011820559949844468,1.8742235976392223,1
-0.9839299710259738,-1.6601516067422784,2
-0.2351876272041696,-0.46231977062394497,0
-0.22615508066062517,2.2648871367362213,1
-0.05524030391509658,1.6591395156948388,1
-1.2865506428091402,-1.693187026892116,2
-0.46284779591186687,-0.07845337527552407,0
-0.0839972855240615,0.7442271472704572,1
0.8781470118365647,2.1800660827806655,1
-1.2368626186870568,-1.7410954318828122,2
7.591127935611819,0.6152605198093786,3
0.8781470118365647,2.1800660827806655,1
-0.6731151768946746,-0.2109099038032963,0
0.32551982434266813,1.4842769559043079,1
-1.1134818281237469,-1.5749659546172239,2
-0.27673999520407006,0.1185913074312659,0
0.562791790481693,-1.4702404267025637,0
-0.6728454562930264,-0.5225343610290105,0
6.722669330601358,-0.48121546648025865,3
0.5913670706895177,0.1718703712678429,0
-0.7975643761346197,-1.71940904010593,2
-1.049372872462162,-0.966433091129116,0
1.4418669761411795,-1.611540616062931,0
-0.07380430756360702,1.7805211887996777,1
0.07098778217910497,1.9526054983720609,1
0.07509815735139383,-1.2533447111889284,0
-0.6111269450321453,0.1879992959308336,0
-1.3332632716275359,-1.4251727156363083,2
-0.33308096191325315,0.9160294137890448,1
-1.14770183832879,-1.7673283528194108,2
-0.6728454562930264,-0.5225343610290105,0
-0.33308096191325315,0.9160294137890448,1
-0.46284779591186687,-0.07845337527552407,0
-0.20356309813557133,-0.3678671445525947,0
-0.8138693741180305,-1.846201431846374,2
-0.9839299710259738,-1.6601516067422784,2
0.13457809166450974,-1.2997276037473766,0
-0.6524296544739504,-0.08953963184122844,0
1.2522294998866572,-0.19648093818698623,0
-1.029676531092937,-0.9737348844897323,0
-0.07496145188269422,1.2487794401224854,1
6.43255992967436,-1.2073539484051241,3
0.16348617179017147,0.964229663383087,1
-1.1146592309295005,-1.6451012786973744,2
-0.09124987252751939,2.336939472662277,1
-1.3616156143280789,-1.622935512489963,2
-0.7597664747140153,-0.026751559913551645,2
-0.1886703561836608,-1.1781461475682504,0
-0.22032097596853664,1.021796015160417,1
-0.7597664747140153,-0.026751559913551645,2
-1.0572081561304179,-0.46080235319698143,2
-0.3816423473802124,-0.06531109958162853,0
-0.46284779591186687,-0.07845337527552407,0
-0.5338516892387457,1.0670418968889979,1
0.16850189980166935,1.8907769178947733,1
-0.489686008135279,-0.731997344068201,0
-0.033716131303748946,-1.4581141771492676,0
0.4349778243828469,1.6524411077121588,1
-0.7276178161007376,-0.06772038688146745,0
-1.2428797508838276,-1.0908977412140055,2
1.733945060825591,0.07201041047355906,0
-0.03855829367257229,-1.1841019395904882,0
-0.814081363324062,-0.8045948071691427,2
-0.112135892540001,0.7667274779334556,1
0.14219472026569235,-1.7606039343283535,0
-1.3326082504690884,-1.423867528011358,2
-0.4390196154487057,-0.6354700872903716,0
-1.1278875314898793,-1.0529150424916336,2
-0.17623207568401988,-0.43377759714649794,2
-0.8531455101997416,-2.0628533776777562,2
-0.5706702103334546,1.1330940846343844,1
-0.11426484538239981,1.7671799941137987,1
-0.2749231827224704,-1.2551981987264431,0
-0.3195774049647955,2.373389173567248,1
-0.6731499682147165,2.951795834415677,1
1.4237057951818435,1.1486509477331701,1
0.039628321704565685,1.1601635289587602,1
-0.46284779591186687,-0.07845337527552407,0
-0.4293680731997422,2.2123184071069093,1
-0.4168881575037987,0.03134253961172151,0
-0.7204438900257071,-0.08675178858870394,0
6.43255992967436,-1.2073539484051241,3
-0.8584350265519577,-1.1589859683557422,2
-0.5817552865873147,1.89129659131311,1
-0.10412433811631995,0.48160075656571205,1
-0.6779293180635221,-0.5732383745506163,2
-0.9839299710259738,-1.6601516067422784,2
-1.385923330316697,-1.6161921092926435,2
-0.43507188740901903,0.615037768212264,1
-0.22032097596853664,1.021796015160417,1
-0.7021768241618914,-1.0193117981006983,2
0.14219472026569235,-1.7606039343283535,0
-0.4375348103260492,0.39719280492242864,0
-0.21021568384613648,1.3962596958365359,1
0.8828984418787396,-1.814281315447567,0
0.3200757543280637,-1.5183560519402344,0
-1.3858665741175833,-1.6162026777810146,2
-0.5732773932615423,2.2909718242312067,1
-0.36780305945431097,0.5496346294911699,1
0.7181724611081363,1.641406755334364,1
0.031230597663871297,-0.23777454039003312,0
0.014780386569877044,-1.4461197882445558,0
0.5396327826036914,-1.525831732837509,0
-0.02827404005730436,1.8885722832586838,1
-1.094180259165887,-0.768925461811687,2
-0.08575443855171436,-0.666738855282698,0
-1.3858665741175833,-1.6162026777810146,2
-0.9839299710259738,-1.6601516067422784,2
-0.2198695797703294,0.8193076368641399,1
-0.398546783321001,2.999370500242961,1
-0.7629908504997147,0.04570608070293124,2
-0.5960673409666638,-1.2506332106810176,0
-0.03175366821324343,-1.2764631054251505,0
-0.4331469506456135,-0.09835211414598691,0
-0.09080067564807835,-1.2944778188273185,0
-0.007256217290393247,-1.3002968376594777,0
-1.3326082504690884,-1.423867528011358,2
-0.7629908504997147,0.04570608070293124,2
-0.3138192849633419,2.222015674653559,1
0.0562083293915786,1.4421320200137557,1
-0.9019313177632182,-1.715800922661724,2
-0.8342152916359556,-0.7940955292150931,2
-0.5139898754759012,0.4014464990314159,0
-1.0174318414172183,-0.985782324781229,0
0.49751781333285555,-0.18677140209678467,0
-0.14788363849030167,2.9762962441894385,1
-0.3580982729931492,-0.6695964114054772,0
-0.9480166424478734,-0.5862062801319877,2
-0.03187349205139189,-1.4534744769525134,0
-0.6763720260972892,2.945356489595077,1
2.6229045117128487,0.3604412736116653,1
0.0016805500818194061,1.6931968225755158,1
-0.45981259632027127,-1.2392550313444348,0
-0.9480166424478734,-0.5862062801319877,2
0.23211301107119509,0.5989388510442981,1
-0.39880513158174546,2.9988476583323216,1
1.896895980877079,-1.1664181753430587,0
-0.21377521024295645,1.0144134943663676,1
1.3430502087244776,1.9219171695342272,1
-0.21377521024295645,1.0144134943663676,1
-0.6752354864436386,2.9476836459776474,1
0.013379028454722736,0.28681014097096685,1
-0.6745007392218159,2.9491526834184447,1
-1.1441496297543159,-1.642741833018286,2
-0.6728454562930264,-0.5225343610290105,0
-0.9839299710259738,-1.6601516067422784,2
0.09284851716535178,1.3206446907588751,1
-0.9839299710259738,-1.6601516067422784,2
-0.18466770097772753,3.6761918287993627,1
-1.2379929540279409,-1.7339543585851946,2
-0.3603902847723736,-0.6679444963078859,0
-0.7628486866998392,0.5713969627235652,2
0.21123554934690456,1.9614845727111603,1
-1.0145312243607705,-0.9885104387124007,0
-0.5960673409666638,-1.2506332106810176,0
-1.3858665741175833,-1.6162026777810146,2
-0.4369942068906165,0.6939154662035121,1
-1.0563774225162081,-0.45904179876959866,2
-0.3195774049647955,2.373389173567248,1
-0.0862182387046818,2.155956043300988,1
-0.6489307464786559,-1.1152629097986986,0
-0.12087021107267977,1.6554454754580001,1
-1.385923330316697,-1.6161921092926435,2
-1.3616156143280789,-1.622935512489963,2
-0.6086361538657663,-0.1074948827945176,0
-0.2876176033574664,0.39890733721892346,0
-0.6804155348600472,-0.5341491491009411,0
0.04261624383800927,1.1527711274245651,1
7.591127935611819,0.6152605198093786,3
-0.1811468140104838,-1.4418060053878519,0
0.20434259051142584,1.2237408876504503,1
0.1036552735073091,-1.7354544961926281,0
-0.06604960131383925,1.8324687492192744,1
-0.21726152911825525,0.01993345201517661,0
-1.3858665741175833,-1.6162026777810146,2
-1.1388751641092159,-1.5500067194449438,2
0.7403862033183392,-1.9577376979633163,0
-1.3466945764149665,-1.6365479772599867,2
-0.14267612324368723,2.3270900310100022,1
-1.0044365094279664,-0.9852054952876194,0
-0.6261576895974238,-0.16169154549174883,0
-0.8454969560532064,-2.063035793647657,2
0.006455367327467934,1.1542086700678573,1
-0.1323628337034385,0.9976679068586455,1
0.03313285973026338,1.1978990485033583,1
-0.10054753757814708,0.2771834051990989,0
1.4957841918435906,0.16040915141523188,1
0.06770473069819885,1.0437348302959242,1
-0.9019313177632182,-1.715800922661724,2
-0.24277770029696963,1.1690587978270628,1
-0.9879531241379723,-0.9975524178985476,0
-0.9839299710259738,-1.6601516067422784,2
-0.6690053375942744,-0.20328707270786928,0
-0.8891009971006638,-0.22980473181302682,2
-1.1441496297543159,-1.642741833018286,2
-0.6728454562930264,-0.5225343610290105,0
-1.0469079516810706,-0.9671077900350209,0
-0.9897868628701129,-0.9407134265267351,2
0.47568615668999115,-1.154586437557844,0
0.014780386569877044,-1.4461197882445558,0
-0.14267612324368723,2.3270900310100022,1
-0.22032097596853664,1.021796015160417,1
-0.5739387111661738,0.19863057900291778,2
-0.3186249755163091,2.375752877266543,1
-0.10412433811631995,0.48160075656571205,1
0.07608318048064168,0.5510531621747862,1
-0.7938182489592372,-1.1524275359871923,0
-0.7243109071404158,-1.1584518935868964,0
-0.2252870884404321,2.079057246763679,1
-0.18014779336415582,1.270669974267662,1
0.7480524469102895,0.5156522368088606,1
-0.17746771373899758,1.5940385638937704,1
1.4708981849037994,0.23243965005640851,1
-0.6747842127373807,2.948588828038164,1
-0.6747842127373807,2.948588828038164,1
1.5957533137427953,0.10049914468235802,0
0.09284851716535178,1.3206446907588751,1
0.0348398447117603,-1.2343542142892294,0
-0.13018468941575898,-1.4376489075483558,0
0.22042310848259886,1.3968318619571092,1
0.05758532989212059,2.6656497034137887,1
-0.5281162330862662,1.2556489643818967,1
0.40860259229234286,-1.0947412348601688,0
0.14219472026569235,-1.7606039343283535,0
-0.814081363324062,-0.8045948071691427,2
0.04550186381472246,-1.4359651254355161,0
-0.5144414554097724,0.6352641039063562,1
-1.0070014904578253,-0.7219803227377456,2
0.9286770403498109,1.2575752676379883,1
-0.24654526832653692,-0.3849276740412218,0
-0.054005781001833036,1.0978907981881274,1
-1.047640398411403,-0.9667517199778015,0
-0.13334660942626833,-1.275964124969394,0
-1.2417095610159066,-1.0953921184589406,2
0.14219472026569235,-1.7606039343283535,0
-0.17149001486710733,2.0575951654853246,1
-0.6779293180635221,-0.5732383745506163,2
-1.0070014904578253,-0.7219803227377456,2
-0.6804155348600472,-0.5341491491009411,0
0.16850189980166935,1.8907769178947733,1
-0.5960673409666638,-1.2506332106810176,0
-0.3138192849633419,2.222015674653559,1
-0.3886801050597115,0.3745640207435148,0
0.31715705881395484,0.8169693569659177,1
-0.4999231934136536,-1.107039044810768,0
0.8781470118365647,2.1800660827806655,1
0.14219472026569235,-1.7606039343283535,0
-0.8667660955156036,-1.0802424738522953,0
1.6006054489331145,1.9924756269432726,1
-0.3103743177278722,0.9425663984545599,1
0.09284851716535178,1.3206446907588751,1
-0.364995804788331,0.2564501481741332,0
-0.489686008135279,-0.731997344068201,0
-0.8780057232834008,-0.49085500672426163,2
-1.3160379488601217,-1.1056266370893788,2
-0.3595871913284449,0.17265165684753409,0
1.9506426724753259,2.831465768189892,1
-0.8901317817537515,-1.0292119147868901,0
-0.3898718874159695,-1.2408408524353098,0
-0.22032097596853664,1.021796015160417,1
-0.489686008135279,-0.731997344068201,0
0.9806710686603441,-0.8703426915791144,2
-0.2390299594951728,1.863840735571365,1
-1.1441496297543159,-1.642741833018286,2
1.800977810611068,0.1380562992540336,1
0.2718232025340211,-1.490464625197466,0
-0.623525074104168,1.6177308210228143,1
1.825217683985174,-0.44337003686142235,0
-1.062819555977984,-1.075922196969814,2
0.014780386569877044,-1.4461197882445558,0
-1.2363113127279364,-1.7213106341988977,2
-0.5290601728455456,0.49455190209229183,1
-0.15940917304155408,-1.4302708583481598,0
1.0094672171655181,-1.922630681296308,0
-1.2363113127279364,-1.7213106341988977,2
-0.0009251251500222323,2.4970497413205166,1
-0.4001984864665582,2.995966454344325,1
-1.119198300021771,-0.9983070618204817,2
-1.2865506428091402,-1.693187026892116,2
-0.18632041029645066,-1.3599513209858534,0
-0.3213386287119054,0.9254403780634454,1
-0.20484066592281136,1.2573443054622069,1
-0.47502930200177773,-1.3029469399762215,0
-0.1453828815901399,1.6104264714992453,1
-0.527073350960198,1.257991778687802,1
0.8781470118365647,2.1800660827806655,1
-1.057590955089354,-0.4616294679467822,2
0.14219472026569235,-1.7606039343283535,0
-0.3991372913391692,2.9981706213099706,1
-0.6804155348600472,-0.5341491491009411,0
-0.9480166424478734,-0.5862062801319877,2
-0.4578517331153588,0.2640755301774511,0
0.28048425826035833,1.152482050000284,1
-0.6779293180635221,-0.5732383745506163,2
2.1936727190791343,-1.7745802252109424,0
-1.3616156143280789,-1.622935512489963,2
-0.707010729871212,-0.48092273683471753,0
0.2922308380492858,1.4344709268825915,1
-0.2884118963433759,1.0527960559427711,1
-0.21377521024295645,1.0144134943663676,1
0.07895117697557778,0.589994864463694,1
0.4984712781907946,1.6348575660505174,1
-0.22032097596853664,1.021796015160417,1
0.1645373323036539,1.8467500601218556,1
-1.0488919120228588,-0.9667312973035717,0
-0.21377521024295645,1.0144134943663676,1
1.334873473412487,1.1203397585219503,1
-0.7031508135017189,-1.1039081255644132,0
-1.1441496297543159,-1.642741833018286,2
-0.7972600658819127,0.4011118308223094,2
-1.1482022044829714,-1.4717751533328238,2
-0.18786570652438095,1.6420119688614083,1
-0.32356359065240287,-0.6919656072742076,0
-0.40541432036447866,0.5176992185872835,0
-0.5960673409666638,-1.2506332106810176,0
-1.1028378999289936,-1.6551981148350796,2
-0.13581222537824886,0.671680047659572,1
-0.489686008135279,-0.731997344068201,0
-0.6278739712141588,0.4884174503452268,1
-0.4514217549385299,-0.04303138332412362,0
-0.4514217549385299,-0.04303138332412362,0
-1.3616156143280789,-1.622935512489963,2
-0.489686008135279,-0.731997344068201,0
0.014780386569877044,-1.4461197882445558,0
-1.244609642500477,-1.2935953201690213,2
-0.21377521024295645,1.0144134943663676,1
0.8363444401955832,0.9360266596553983,1
-0.6967476553256652,-1.1690434761280735,0
0.5120406892848671,1.6036328498210812,1
-0.5338516892387457,1.0670418968889979,1
0.045741594836572724,-1.5892630909970982,0
-0.10815556298852214,1.9608073949225786,1
0.2898023535769586,2.923531835950042,1
-0.24654526832653692,-0.3849276740412218,0
0.34622124622967165,-1.5236537542124837,0
-0.26946269874741363,-1.3022121695846343,0
0.9076719458273799,-1.8735515666335347,0
-0.5133386252419601,0.6026145893227159,1
1.084657957881323,1.7953740642790095,1
0.16850189980166935,1.8907769178947733,1
-0.489686008135279,-0.731997344068201,0
-1.1441496297543159,-1.642741833018286,2
-0.012932378079165523,1.9844783029350672,1
16.976239033338363,-1.870979657310792,3
-0.12625500834053885,-1.4302327747332806,0
-1.119198300021771,-0.9983070618204817,2
-0.4122210228687117,0.592021172859685,1
0.04261624383800927,1.1527711274245651,1
0.1365431624359212,2.1907917453982844,1
0.016656014400317568,0.5055038832753794,1
-0.9480166424478734,-0.5862062801319877,2
-0.24654526832653692,-0.3849276740412218,0
-0.09031338069183906,1.6685949077974958,1
-0.7972600658819127,0.4011118308223094,2
-0.8370492886093931,-1.7067899554797796,2
-1.1629389795135958,-1.2812732320666387,2
-0.12087021107267977,1.6554454754580001,1
-0.6752354864436386,2.9476836459776474,1
0.4243378484161709,-0.405135724373335,0
-0.19848481682717692,1.3604718834237215,1
-0.3418531176737539,2.3532636347597786,1
-1.2065622963963896,-0.9507771556980577,2
-1.0497462855298991,-0.9695437525597282,0
-0.4999231934136536,-1.107039044810768,0
0.2096464251523544,1.8266325720282606,1
-0.33216539750546387,-1.1039166165067265,0
-1.3119297640727796,-1.6750785181830898,2
-1.1278875314898793,-1.0529150424916336,2
-0.30213557442338307,3.6804282189666386,1
-1.3616156143280789,-1.622935512489963,2
0.8363444401955832,0.9360266596553983,1
-0.28093299217208534,-0.06892840724142676,0
4.423755779490657,0.3198355078618684,1
-1.3324119531220278,-1.4234796837031065,2
1.120782876519487,-0.9877942990684699,0
0.03710542565058117,1.952899892791355,1
-0.8071906699817464,-1.0830264272233376,0
-0.33308096191325315,0.9160294137890448,1
-0.6804155348600472,-0.5341491491009411,0
-0.03187349205139189,-1.4534744769525134,0
-0.24654526832653692,-0.3849276740412218,0
0.3375007275557392,-1.146501360126906,0
-1.1441496297543159,-1.642741833018286,2
-0.5732773932615423,2.2909718242312067,1
-0.18632041029645066,-1.3599513209858534,0
1.0908662872912775,1.6933563495102346,1
0.07008996984641165,1.27648832063691,1
-0.15365801249219355,2.800271225914909,1
-0.6198316731332408,-1.5594950865621027,2
-0.46686943681474063,0.19271757387250796,0
-0.8478363183376751,-0.6383992094540581,2
-0.03849572914239675,0.20621211663272254,0
-0.6576939609129169,-0.17468355002941974,0
-0.5739387111661738,0.19863057900291778,2
-1.3616156143280789,-1.622935512489963,2
-0.6804155348600472,-0.5341491491009411,0
-0.2876176033574664,0.39890733721892346,0
0.014780386569877044,-1.4461197882445558,0
-0.34663357802019373,2.3843554335561703,1
6.43255992967436,-1.2073539484051241,3
-0.07663225256130407,1.0674141992621906,1
-0.9019313177632182,-1.715800922661724,2
-0.40386671910951133,0.32358690490699354,0
-0.5338516892387457,1.0670418968889979,1
0.6593083852064852,1.797630087123242,1
1.468897370738134,-1.5294778232944575,0
-0.4617060416263588,-1.194807518062376,0
-0.2785213307034641,-1.1581647675728377,0
-0.15813286443654792,0.7027947886251511,1
-1.0195325619333122,-0.9818018542779628,0
-0.8451423879869511,-0.2851696206430638,2
0.20419193951125458,2.2744550091437343,1
6.43255992967436,-1.2073539484051241,3
-1.1441496297543159,-1.642741833018286,2
1.0085100648069592,1.6811675741860181,1
-0.6804155348600472,-0.5341491491009411,0
-0.30011615748282316,-1.3099534040209593,0
-1.1028378999289936,-1.6551981148350796,2
-0.5739387111661738,0.19863057900291778,2
-1.3858665741175833,-1.6162026777810146,2
-1.183115780163534,-1.5736740350874014,2
-1.3337876382164586,-1.4262309197715146,2
-0.4234095139228305,-1.1558466651508603,0
-1.0070014904578253,-0.7219803227377456,2
0.016656014400317568,0.5055038832753794,1
-0.34663357802019373,2.3843554335561703,1
-0.489686008135279,-0.731997344068201,0
0.9530758838539144,0.9159569818225202,1
1.1901545128251019,2.0618955011115783,1
-0.418052051667558,0.9085082526393682,1
0.1504669631664229,1.323516416775902,1
-0.3739272977167374,0.2407464163857116,0
-0.22032097596853664,1.021796015160417,1
0.5174263719011302,-1.5441269803069062,0
-0.489686008135279,-0.731997344068201,0
1.9506426724753259,2.831465768189892,1
-0.6752354864436386,2.9476836459776474,1
-0.3802773076939921,2.2966735415004487,1
0.14219472026569235,-1.7606039343283535,0
-0.018885837686840132,-1.302303156211771,0
-0.6576939609129169,-0.17468355002941974,0
-0.4705055157412328,-1.3757470594230223,0
-0.014148666309847097,-1.4992443454194189,0
0.014780386569877044,-1.4461197882445558,0
1.9506426724753259,2.831465768189892,1
-0.4234095139228305,-1.1558466651508603,0
-0.8831059252727247,-0.5559264292735293,2
-0.2300473822639168,-1.3935877973880049,0
-1.1629389795135958,-1.2812732320666387,2
-0.5158072576717299,0.0787749547880314,0
-0.06604960131383925,1.8324687492192744,1
-0.11281807888564464,0.7375367556376364,1
-0.12276527732894421,2.2317243512031673,1
-1.036108533452391,-0.979959556379837,0
-1.0368572059077124,-0.9728305251286405,0
-0.18466770097772753,3.6761918287993627,1
0.49751781333285555,-0.18677140209678467,0
-0.34198382014012085,2.3529828649336437,1
-0.20040094879303705,1.2805311930992709,1
0.16850189980166935,1.8907769178947733,1
21.9623821156911,-1.8320163957155002,3
-0.42991746013429183,-1.2682394051130477,0
-1.0274268247318639,-0.9773779546943008,0
-0.11413065665037843,1.8186826729084302,1
-1.0070014904578253,-0.7219803227377456,2
-0.9539882174468992,-1.3717674708475882,2
-1.3616156143280789,-1.622935512489963,2
-0.8454969560532064,-2.063035793647657,2
0.5438425144382563,1.6930312925522606,1
1.118594988552329,-1.9408759375710163,0
-0.4234095139228305,-1.1558466651508603,0
-1.3352511123254285,-1.429260291751972,2
-1.094180259165887,-0.768925461811687,2
-0.22032097596853664,1.021796015160417,1
-0.349386430897841,-0.08573709302495416,0
-0.03175366821324343,-1.2764631054251505,0
1.9859400169400516,2.841442438013295,1
0.1645373323036539,1.8467500601218556,1
-0.33308096191325315,0.9160294137890448,1
-0.14267612324368723,2.3270900310100022,1
-1.1134818281237469,-1.5749659546172239,2
-0.3341002433888948,-1.2554721355415455,0
0.29772237147390923,0.9203983608797686,1
0.5446955369612951,2.4378703279432252,1
-1.1441496297543159,-1.642741833018286,2
-0.7191137765088058,-0.4098942783632626,0
-0.05524030391509658,1.6591395156948388,1
-0.39953370870043536,2.9973549845717216,1
0.14219472026569235,-1.7606039343283535,0
0.16904511673784403,0.7439522060517861,1
-1.3246546465987894,-1.402324997507714,2
2.5261367507782113,0.35622988523273247,1
-0.5739387111661738,0.19863057900291778,2
-0.007256217290393247,-1.3002968376594777,0
-0.3500430203508671,2.3041567131359972,1
-1.1441496297543159,-1.642741833018286,2
-0.21377521024295645,1.0144134943663676,1
-0.641852552719603,-0.5184459179759716,2
1.5727618045674245,0.39596465691446064,1
0.01924217838974901,0.5029838045218986,1
-0.46284779591186687,-0.07845337527552407,0
-0.364995804788331,0.2564501481741332,0
1.1758459015696663,1.705491063283337,1
0.9494591315796354,1.9772090702978409,1
-0.9019313177632182,-1.715800922661724,2
-1.119198300021771,-0.9983070618204817,2
-0.8622225898912855,-1.0527824188526227,0
0.04550186381472246,-1.4359651254355161,0
-1.2426894873370447,-1.7300166320117938,2
-1.3332632716275359,-1.4251727156363083,2
-0.21377521024295645,1.0144134943663676,1
-1.2379929540279409,-1.7339543585851946,2
-0.0862182387046818,2.155956043300988,1
0.49751781333285555,-0.18677140209678467,0
-0.9839299710259738,-1.6601516067422784,2
-0.44253782179550644,-0.47586303532056023,0
0.09284851716535178,1.3206446907588751,1
-0.4234095139228305,-1.1558466651508603,0
-1.328595672218496,-1.4161714772411242,2
-1.3616156143280789,-1.622935512489963,2
-0.5739387111661738,0.19863057900291778,2
-0.5739387111661738,0.19863057900291778,2
-1.3858665741175833,-1.6162026777810146,2
-0.46284779591186687,-0.07845337527552407,0
-1.3298140867860764,-1.4184637422290662,2
-0.10319680495973757,1.4273442677162043,1
-0.489686008135279,-0.731997344068201,0
0.6038654911937007,2.0542581763103303,1
-0.5706702103334546,1.1330940846343844,1
-0.2876176033574664,0.39890733721892346,0
-0.46284779591186687,-0.07845337527552407,0
2.0798111841706457,-1.7551378201183299,0
0.006455367327467934,1.1542086700678573,1
-0.2198695797703294,0.8193076368641399,1
0.17272452694100648,0.993824345966004,1
-1.249320595009774,-1.7007213000468038,2
-0.7597664747140153,-0.026751559913551645,2
-0.24654526832653692,-0.3849276740412218,0
-1.2909166240322396,-1.5974104909481759,2
6.722669330601358,-0.48121546648025865,3
0.2096464251523544,1.8266325720282606,1
-1.3326082504690884,-1.423867528011358,2
-0.07380430756360702,1.7805211887996777,1
-0.05524030391509658,1.6591395156948388,1
-1.385923330316697,-1.6161921092926435,2
-0.6182574785925098,-1.1462805629520894,0
0.6814491519421155,1.6693719407661405,1
-1.3858665741175833,-1.6162026777810146,2
-0.39953370870043536,2.9973549845717216,1
0.006021657859512398,1.817609082910594,1
-0.8370492886093931,-1.7067899554797796,2
-0.489686008135279,-0.731997344068201,0
1.0311951399871901,1.125392193294319,1
-0.36780305945431097,0.5496346294911699,1
-0.489686008135279,-0.731997344068201,0
-1.1441496297543159,-1.642741833018286,2
-0.3348733043537131,-1.2386462065323902,0
0.11445093605497453,0.7097494908986994,1
0.5297096745221558,-1.3983227385759893,0
0.16850189980166935,1.8907769178947733,1
-0.8933039355425696,-1.0737312244582415,0
-0.33308096191325315,0.9160294137890448,1
-0.33906217699951663,0.6206518346193565,1
0.8781470118365647,2.1800660827806655,1
-0.07496145188269422,1.2487794401224854,1
-0.22032097596853664,1.021796015160417,1
-1.0852925328887555,-1.4621074640267155,2
0.6773738541567232,2.100049882028049,1
-0.489686008135279,-0.731997344068201,0
0.27729692026332,1.6339893071714402,1
-0.9554060425470446,-1.5630294866306174,2
0.16850189980166935,1.8907769178947733,1
-0.21377521024295645,1.0144134943663676,1
-0.489686008135279,-0.731997344068201,0
-1.0504192588691805,-0.966228092863964,0
-0.4575078140697504,1.5595571546315266,1
-0.340207158523401,0.8013863711291274,1
-0.6752354864436386,2.9476836459776474,1
0.8617835046929166,1.905647691412976,1
0.03484723637467063,2.191063766090047,1
-1.3326082504690884,-1.423867528011358,2
-0.2876176033574664,0.39890733721892346,0
-0.46284779591186687,-0.07845337527552407,0
0.003880701928254458,1.5500274900400621,1
0.16850189980166935,1.8907769178947733,1
0.14219472026569235,-1.7606039343283535,0
-0.34380419180902666,1.8373594991522624,1
0.44387320659199636,1.582781960979473,1
-0.10742586298900424,2.2899397976325857,1
-0.6103598386078499,-1.1579757682798588,0
0.3701875626026318,1.121016983358349,1
-0.26946269874741363,-1.3022121695846343,0
-0.07496145188269422,1.2487794401224854,1
-1.1388751641092159,-1.5500067194449438,2
-0.4374787374052922,1.3474506315739805,1
0.8781470118365647,2.1800660827806655,1
-1.1388751641092159,-1.5500067194449438,2
-0.2876176033574664,0.39890733721892346,0
-0.33308096191325315,0.9160294137890448,1
-1.2909166240322396,-1.5974104909481759,2
-1.3858665741175833,-1.6162026777810146,2
0.013744255133553743,2.0408228505589734,1
-0.13334660942626833,-1.275964124969394,0
-1.3201420715473011,-1.6043640856788157,2
0.5396327826036914,-1.525831732837509,0
-0.527073350960198,1.257991778687802,1
0.10097319768229081,0.9229253004610216,1
-0.6728454562930264,-0.5225343610290105,0
-0.6239028272893199,2.1942991368917735,1
-1.3858665741175833,-1.6162026777810146,2
-0.394055806052857,-1.225548336187624,0
-0.9963731574569384,-0.9883871127057972,0
-0.8370492886093931,-1.7067899554797796,2
-1.3616156143280789,-1.622935512489963,2
-0.2048909820700955,-1.4592396958238887,0
-0.2673008675336716,1.4475587041353806,1
0.14219472026569235,-1.7606039343283535,0
5.310112778329425,0.36156324935479395,1
-0.7626328272225379,0.5718167394774959,2
-0.2785213307034641,-1.1581647675728377,0
-1.332761156616139,-1.4505095789289972,2
-0.033716131303748946,-1.4581141771492676,0
0.014780386569877044,-1.4461197882445558,0
-0.2785213307034641,-1.1581647675728377,0
0.15821618186006428,1.935469788837651,1
0.5396327826036914,-1.525831732837509,0
4.12004990544678,-3.4283943559553025,2
0.25544306809766304,1.7322144034737315,1
4.12004990544678,-3.4283943559553025,2
16.976239033338363,-1.870979657310792,3
-1.0070014904578253,-0.7219803227377456,2
1.114304747574065,-0.12283477977284787,0
-1.1739258633763905,-1.5397603049922262,2
-0.22653995117468623,-1.4368016105889099,0
0.6802555474130226,-1.7589339140846223,0
-0.10412433811631995,0.48160075656571205,1
-0.5960673409666638,-1.2506332106810176,0
-1.381840974138355,-1.6195778719867835,2
13.603870566388538,-1.8922915819891377,3
-0.22032097596853664,1.021796015160417,1
0.16850189980166935,1.8907769178947733,1
-1.2717299638590394,-1.6425363427091089,2
-0.6576939609129169,-0.17468355002941974,0
3.5889697546625006,1.1334197861724953,1
0.14219472026569235,-1.7606039343283535,0
-0.26069980296658024,-1.5282783941883302,0
-1.094180259165887,-0.768925461811687,2
-0.398546783321001,2.999370500242961,1
-0.0911957692256092,2.206124446237018,1
4.140511867065729,0.5681864883229566,1
-0.9019313177632182,-1.715800922661724,2
-1.0489199818635264,-0.9707907316984242,0
-0.22032097596853664,1.021796015160417,1
1.0908662872912775,1.6933563495102346,1
-0.18581972730576174,2.3605666043719835,1
-0.9839299710259738,-1.6601516067422784,2
-1.1441496297543159,-1.642741833018286,2
0.8828984418787396,-1.814281315447567,0
-0.4234095139228305,-1.1558466651508603,0
-0.489686008135279,-0.731997344068201,0
0.03313285973026338,1.1978990485033583,1
13.603870566388538,-1.8922915819891377,3
-0.4076804841574532,2.7005296068095204,1
0.38680381628487837,-1.4780351163664454,0
-0.3898718874159695,-1.2408408524353098,0
1.800977810611068,0.1380562992540336,1
-0.34663357802019373,2.3843554335561703,1
-0.18466770097772753,3.6761918287993627,1
0.5099619719304428,-1.4869799853879038,0
0.08252450170235845,-0.3979130688767332,2
-0.39482039985987516,3.0066330861392467,1
1.1758459015696663,1.705491063283337,1
0.3461764582223936,-1.3112622694596086,0
-0.2860350043394456,-1.3215472896806606,0
-0.4331469506456135,-0.09835211414598691,0
1.1344105527960338,0.32688935170701683,1
-0.22032097596853664,1.021796015160417,1
5.8461251350895855,0.6626331626042982,1
-0.40541432036447866,0.5176992185872835,0
2.6541471838932904,0.3424062785276751,1
-0.43921120939508135,2.8051410236383876,1
-0.4293680731997422,2.2123184071069093,1
0.25544306809766304,1.7322144034737315,1
1.1980214676172904,0.9938093669237777,1
-1.3060972321249125,-1.5981432731070992,2
-0.8048943855294441,-0.2726351000287075,2
-0.4020821276719228,3.290743164933114,1
-0.2723861846464223,-0.7200670368387564,0
-0.2351876272041696,-0.46231977062394497,0
-1.268233676856847,-1.6028940980845514,2
-1.183115780163534,-1.5736740350874014,2
0.03297282938200997,2.1696476654015733,1
0.20419193951125458,2.2744550091437343,1
13.579493858914761,-2.2791007193450064,3
-1.0274667376505842,-0.9802952924782755,0
-0.4826284328005647,2.9045426117324133,1
0.024970499001853295,2.367949340699612,1
0.011820559949844468,1.8742235976392223,1
-0.08053373908765722,1.719116708684601,1
1.1344105527960338,0.32688935170701683,1
-0.37755930126242315,2.3027620068410926,1
-0.5510356553262036,2.5719383863782674,1
-1.093130265203592,-1.3646342862747942,2
-1.385923330316697,-1.6161921092926435,2
-0.6752354864436386,2.9476836459776474,1
-1.2515728576921514,-1.6098036089757748,2
-0.09815960804248366,1.2220297340685704,1
-1.2392046434892026,-1.4654896027502196,2
0.1036552735073091,-1.7354544961926281,0
-0.3991372913391692,2.9981706213099706,1
1.4274433886350215,-0.25413162184786076,0
-0.28180985133695385,-1.3442062220017628,2
0.4902835013589148,0.4851557858943846,1
-0.003233628310117282,-1.3663326950258785,0
-0.2772428979800431,4.143002470018121,1
-1.0995038662340397,-1.3302999292510072,2
-0.489686008135279,-0.731997344068201,0
0.5898354763901971,-1.5697358181305672,0
-1.2428797508838276,-1.0908977412140055,2
-0.5599787439764398,0.48701673668144885,1
-0.3096183779957267,0.497815217158042,1
-0.33308096191325315,0.9160294137890448,1
-0.21377521024295645,1.0144134943663676,1
0.9832108035687489,1.762367541290999,1
0.16850189980166935,1.8907769178947733,1
-1.3616156143280789,-1.622935512489963,2
-0.47502930200177773,-1.3029469399762215,0
-1.1278875314898793,-1.0529150424916336,2
-0.6576939609129169,-0.17468355002941974,0
0.25544306809766304,1.7322144034737315,1
-0.6747842127373807,2.948588828038164,1
1.028093847406211,1.4085292791623873,1
-1.047220267440395,-0.9670500755763836,0
0.5898354763901971,-1.5697358181305672,0
0.5634303661753748,2.1888191553473804,1
1.1344105527960338,0.32688935170701683,1
-0.5739387111661738,0.19863057900291778,2
-0.8584350265519577,-1.1589859683557422,2
-0.6752354864436386,2.9476836459776474,1
-1.3858665741175833,-1.6162026777810146,2
0.8781470118365647,2.1800660827806655,1
-1.1441496297543159,-1.642741833018286,2
-0.05482999832576983,1.0183110289988844,1
-0.9839299710259738,-1.6601516067422784,2
3.5662997857936913,1.1121881482405729,1
0.014780386569877044,-1.4461197882445558,0
0.014780386569877044,-1.4461197882445558,0
-0.9839299710259738,-1.6601516067422784,2
-0.22032097596853664,1.021796015160417,1
-0.007340941040126253,0.07716356368832909,0
-0.4578517331153588,0.2640755301774511,0
0.04550186381472246,-1.4359651254355161,0
-1.2379929540279409,-1.7339543585851946,2
-1.1441496297543159,-1.642741833018286,2
-0.49155537026677204,-0.6816177659113267,0
0.761315525313878,0.07673158804360741,1
-0.24277770029696963,1.1690587978270628,1
-0.6728454562930264,-0.5225343610290105,0
-0.09031338069183906,1.6685949077974958,1
0.07098778217910497,1.9526054983720609,1
-0.26946269874741363,-1.3022121695846343,0
-1.1441496297543159,-1.642741833018286,2
-0.6408926627059222,-1.062382265250811,0
0.48711019119521554,1.0141322501843768,1
0.08252450170235845,-0.3979130688767332,2
2.2762239400289217,1.3228338854179962,1
-1.3326082504690884,-1.423867528011358,2
0.47761860150538843,1.6612662286758144,1
0.014780386569877044,-1.4461197882445558,0
10.992842596755453,-1.0995141431547988,3
-0.8841301301970357,0.3611921749350544,2
7.591127935611819,0.6152605198093786,3
-0.5817552865873147,1.89129659131311,1
-0.4986680870769458,-0.6498121836690697,0
-0.3521063090263448,0.08123526587307849,0
-0.6040206247626092,-1.6573444125000698,2
-0.6728454562930264,-0.5225343610290105,0
-0.489686008135279,-0.731997344068201,0
-0.47502930200177773,-1.3029469399762215,0
0.09284851716535178,1.3206446907588751,1
-0.2143020185584637,-0.5691050940421003,0
0.18784729187679933,0.030612176391055478,0
-0.77848327987421,0.612794797217588,2
0.6657052879546815,1.7910832291555023,1
-0.33906217699951663,0.6206518346193565,1
-0.43507188740901903,0.615037768212264,1
-0.5388876223918758,0.7097779375119703,1
-0.39953370870043536,2.9973549845717216,1
0.24798843360285291,0.7242590003007725,1
-1.3616156143280789,-1.622935512489963,2
0.10542217869971116,-1.4813427118398854,0
-0.4374787374052922,1.3474506315739805,1
-0.9815233492919127,-0.6916302293615909,2
0.7293436128127797,0.526641120545581,1
13.603870566388538,-1.8922915819891377,3
-0.17876574560459302,1.4819154037113689,1
0.23568203136377722,0.017431177979061876,0
-1.3326082504690884,-1.423867528011358,2
15.881632898521708,-1.3574714808137376,3
-0.6746908118234015,2.948775000137868,1
0.16850189980166935,1.8907769178947733,1
-0.5589953584133186,1.9364043828377324,1
0.025897205996196316,1.3455532634534826,1
1.5727618045674245,0.39596465691446064,1
-0.9839299710259738,-1.6601516067422784,2
-0.060823223922669346,1.5513432016897981,1
-0.9480166424478734,-0.5862062801319877,2
-0.16183738852786,3.411732572826706,1
-1.1683827443174446,-1.428401811349146,2
-0.6804155348600472,-0.5341491491009411,0
-0.364995804788331,0.2564501481741332,0
0.3844310202162909,1.4848566763642972,1
-0.3332318033458895,1.3531113256873755,1
-0.5606238241684572,-0.19058730171971863,0
0.2975939380583975,1.8845775082269163,1
0.8828984418787396,-1.814281315447567,0
-1.1494969336319103,-1.8019219248542853,2
3.0869508042663614,1.6935734510064233,1
-0.22032097596853664,1.021796015160417,1
1.3576810530928887,1.1079515481849562,1
0.9871217892031009,-0.060684579959663164,0
0.38192960327767517,0.6968194950047771,1
0.05736379954840384,1.1315406969646695,1
-0.4488521114504769,-0.2938662309578414,0
0.09284851716535178,1.3206446907588751,1
7.591127935611819,0.6152605198093786,3
-0.8370492886093931,-1.7067899554797796,2
-0.4705055157412328,-1.3757470594230223,0
-0.0911957692256092,2.206124446237018,1
-1.2643033998925735,-1.6446102410165313,2
0.24424579077213873,-0.6727866191422582,0
-0.6489307464786559,-1.1152629097986986,0
1.9506426724753259,2.831465768189892,1
0.04550186381472246,-1.4359651254355161,0
0.8781470118365647,2.1800660827806655,1
-0.6728454562930264,-0.5225343610290105,0
-1.3616156143280789,-1.622935512489963,2
-0.6381284040692432,-1.066171922834717,0
0.09284851716535178,1.3206446907588751,1
-0.2974152176583469,0.6541984997373126,1
-0.9480166424478734,-0.5862062801319877,2
-0.24100217015898795,-0.13856968423172847,0
-0.22032097596853664,1.021796015160417,1
-0.22820369685616385,1.0836360671293153,1
-0.9480166424478734,-0.5862062801319877,2
1.471776537091349,-1.5641408772817924,0
0.6060516095409739,-2.0611321859280607,2
-1.1441496297543159,-1.642741833018286,2
-0.9682484048962203,-0.6768495963823278,2
-0.364995804788331,0.2564501481741332,0
-0.489686008135279,-0.731997344068201,0
-0.46284779591186687,-0.07845337527552407,0
-0.6804155348600472,-0.5341491491009411,0
-0.5738330226277826,2.289862587978015,1
-0.014148666309847097,-1.4992443454194189,0
0.3104782584524466,-1.6233724678593824,0
0.04550186381472246,-1.4359651254355161,0
-1.2643033998925735,-1.6446102410165313,2
-0.6804155348600472,-0.5341491491009411,0
-0.6311730007121812,-1.1288287241377686,0
-0.48856495115167436,-0.8120967652829454,2
-0.40747171448082314,3.6111232557566773,1
-0.46284779591186687,-0.07845337527552407,0
0.016656014400317568,0.5055038832753794,1
1.014608292571841,-1.9190848817089468,0
-0.21021568384613648,1.3962596958365359,1
1.774617390219444,-2.5198459784804963,2
1.8763849192383775,-1.7380789610503102,0
-1.3326082504690884,-1.423867528011358,2
0.6802555474130226,-1.7589339140846223,0
1.2522294998866572,-0.19648093818698623,0
0.045741594836572724,-1.5892630909970982,0
-0.36722624595923137,0.03688549851297302,0
0.47761860150538843,1.6612662286758144,1
-0.5338516892387457,1.0670418968889979,1
-1.3145851592368791,-1.5792958427390982,2
-1.335320697589279,-1.4294075881288026,2
-0.4331469506456135,-0.09835211414598691,0
1.2369053995776356,-1.461821259351791,0
-0.6804155348600472,-0.5341491491009411,0
-1.2379929540279409,-1.7339543585851946,2
-0.3195774049647955,2.373389173567248,1
-1.0489199818635264,-0.9707907316984242,0
0.23361819527270308,-1.4376169829551455,0
-0.3991372913391692,2.9981706213099706,1
-0.8370492886093931,-1.7067899554797796,2
-0.6731499682147165,2.951795834415677,1
-0.08372343725545227,-1.282966412715751,0
0.24424579077213873,-0.6727866191422582,0
-0.18581972730576174,2.3605666043719835,1
-0.33906217699951663,0.6206518346193565,1
-0.6566170825522842,-0.030412425310594175,0
0.8279938788756545,1.3320594129567096,1
-0.010318316249982813,0.30583589052176874,1
0.16652242863499325,1.0546468046376187,1
0.17017848716018494,2.670714638515645,1
0.01782475943341948,2.0418015155725775,1
-0.25430758776143436,-1.4184086315580862,0
-0.3981894074302246,3.0000886990814655,1
-0.6752354864436386,2.9476836459776474,1
2.1952923158328055,-1.773569011363821,0
-1.3616156143280789,-1.622935512489963,2
0.16310515652084742,1.0593158631998574,1
-0.40075777336026114,-0.4319948265675159,0
-0.6040206247626092,-1.6573444125000698,2
-1.0488919120228588,-0.9667312973035717,0
-0.9839299710259738,-1.6601516067422784,2
0.6486136963621523,0.2012248173830522,0
-0.47502930200177773,-1.3029469399762215,0
-0.5739387111661738,0.19863057900291778,2
-0.014148666309847097,-1.4992443454194189,0
-1.1059600720818399,-1.500912214658612,2
-0.9723193893565314,-1.5709994403047498,2
-0.8584350265519577,-1.1589859683557422,2
1.243980813271687,-0.7870788713473644,0
-1.3616156143280789,-1.622935512489963,2
-0.05152539675593872,2.3743078827562547,1
-0.6040206247626092,-1.6573444125000698,2
-1.331582796727082,-1.4218565364718454,2
-0.3195774049647955,2.373389173567248,1
-0.4234095139228305,-1.1558466651508603,0
-0.6040206247626092,-1.6573444125000698,2
0.19934664429821403,1.1978503465343353,1
13.603870566388538,-1.8922915819891377,3
-0.9839299710259738,-1.6601516067422784,2
-0.6040206247626092,-1.6573444125000698,2
0.2603346004215606,-1.4819819316369627,0
-0.3521063090263448,0.08123526587307849,0
-0.46284779591186687,-0.07845337527552407,0
-0.2876176033574664,0.39890733721892346,0
-0.03175366821324343,-1.2764631054251505,0
-0.37516846065338055,1.8088551732632911,1
1.7619822035634072,0.3901144108178639,0
0.8828984418787396,-1.814281315447567,0
-0.489686008135279,-0.731997344068201,0
-0.07496145188269422,1.2487794401224854,1
0.1882262802137121,2.890627056089244,1
-1.260737508096588,-1.7211149643436547,2
-0.5870071176788156,-1.1476404120925714,0
0.5097106992135971,1.6248895039880316,1
-1.1278875314898793,-1.0529150424916336,2
-0.34663357802019373,2.3843554335561703,1
-1.3616156143280789,-1.622935512489963,2
-0.9019313177632182,-1.715800922661724,2
0.3200757543280637,-1.5183560519402344,0
0.6451096865160318,-1.6137799588013482,0
-0.5599787439764398,0.48701673668144885,1
13.603870566388538,-1.8922915819891377,3
0.5438425144382563,1.6930312925522606,1
-1.3616156143280789,-1.622935512489963,2
-0.480947042683025,0.18430073681154321,0
-1.119198300021771,-0.9983070618204817,2
-0.24654526832653692,-0.3849276740412218,0
-0.12625500834053885,-1.4302327747332806,0
-0.6804155348600472,-0.5341491491009411,0
-0.09124987252751939,2.336939472662277,1
-0.42991746013429183,-1.2682394051130477,0
-1.240269747858931,-1.467082933940254,2
-1.1441496297543159,-1.642741833018286,2
-0.22032097596853664,1.021796015160417,1
0.2228646654622786,1.7651880154278567,1
-0.6343469337109034,0.41117170491963156,2
-0.623525074104168,1.6177308210228143,1
0.5438425144382563,1.6930312925522606,1
2.4363180818874066,1.3435828736825162,1
-1.3119297640727796,-1.6750785181830898,2
-0.43507188740901903,0.615037768212264,1
0.38192960327767517,0.6968194950047771,1
-0.33308096191325315,0.9160294137890448,1
-0.0046306024181867675,1.0765774334649163,1
-0.6576939609129169,-0.17468355002941974,0
-0.41603589874243563,-1.3153639512457604,0
-1.3616156143280789,-1.622935512489963,2
-1.1017954482558017,-0.9518140895850294,2
-1.3616156143280789,-1.622935512489963,2
-0.9019313177632182,-1.715800922661724,2
0.37378985543159193,-1.321873121101831,0
-0.1650326634701055,1.5367531082157304,1
-0.7168437057040774,-1.1399656857406013,0
-1.1629389795135958,-1.2812732320666387,2
-1.1470775665680961,-1.423815653625094,2
-1.1441496297543159,-1.642741833018286,2
-0.9501241812245375,-0.4413045876787126,2
-0.8370492886093931,-1.7067899554797796,2
-0.2206395053888474,0.9773072201810015,1
0.36253832062111274,1.3914110602268028,1
0.6802555474130226,-1.7589339140846223,0
-0.30011615748282316,-1.3099534040209593,0
-0.9839299710259738,-1.6601516067422784,2
0.5097106992135971,1.6248895039880316,1
0.011820559949844468,1.8742235976392223,1
-0.6343469337109034,0.41117170491963156,2
-1.340947708660463,-1.4326994999255243,2
7.591127935611819,0.6152605198093786,3
-0.9839299710259738,-1.6601516067422784,2
-0.05524030391509658,1.6591395156948388,1
-0.6268829341682634,-1.1978779254297913,0
-0.6747842127373807,2.948588828038164,1
0.5923396907606979,1.3389105657350542,1
1.149202226176053,1.8679049876621887,1
-0.22032097596853664,1.021796015160417,1
0.3020957623184426,1.5037488012658558,1
0.014780386569877044,-1.4461197882445558,0
-0.8224491560173147,-1.0711341263796181,0
-0.29593942949583535,1.1666505150824624,1
2.1936727190791343,-1.7745802252109424,0
-1.0070014904578253,-0.7219803227377456,2
6.43255992967436,-1.2073539484051241,3
-0.8537207178966698,-1.046049438159365,0
-0.10412433811631995,0.48160075656571205,1
-0.6144405380900109,1.1809362504071335,1
-1.2515728576921514,-1.6098036089757748,2
-0.7597664747140153,-0.026751559913551645,2
-0.3702194805661074,-0.6651173960227666,0
13.603870566388538,-1.8922915819891377,3
-0.4578517331153588,0.2640755301774511,0
-0.1858208355340651,2.3604299627381082,1
-1.1059600720818399,-1.500912214658612,2
-0.6040206247626092,-1.6573444125000698,2
-0.2860350043394456,-1.3215472896806606,0
0.22624197686598782,0.8924767950190846,1
-1.12645821136127,-1.7477131217719308,2
-0.21377521024295645,1.0144134943663676,1
-1.047220267440395,-0.9670500755763836,0
-0.641852552719603,-0.5184459179759716,2
-0.4459177733706512,2.7953709644546234,1
0.04416143573741676,-1.808878999493079,2
-0.9480166424478734,-0.5862062801319877,2
-1.2363113127279364,-1.7213106341988977,2
-1.166682514609893,-1.142239910405839,2
-1.1441496297543159,-1.642741833018286,2
-0.13334660942626833,-1.275964124969394,0
0.6802555474130226,-1.7589339140846223,0
0.014780386569877044,-1.4461197882445558,0
-0.4740320958047331,-0.6138808299549762,0
-0.6752354864436386,2.9476836459776474,1
0.7413168675243583,1.3517432686619613,1
-1.3616156143280789,-1.622935512489963,2
2.82825352827821,0.5757564252488818,1
0.6486588702268253,0.25645954254963504,0
-0.46284779591186687,-0.07845337527552407,0
5.3209272458790355,1.2279358841235424,1
-1.3616156143280789,-1.622935512489963,2
-0.364995804788331,0.2564501481741332,0
-0.1373246398727095,0.5869945263732343,1
-0.9637187443554439,-0.8784094630511395,2
-0.23420174559113716,-0.4404753765361741,0
-0.9480166424478734,-0.5862062801319877,2
-0.2385796024742131,1.39894172574786,1
-0.8519065862917755,-0.4457425916463648,2
0.014780386569877044,-1.4461197882445558,0
1.3288348742308003,0.95085229519267,1
-0.10412433811631995,0.48160075656571205,1
-0.26946269874741363,-1.3022121695846343,0
-0.15550021644643355,-0.0005650674398248979,0
-0.10412433811631995,0.48160075656571205,1
-0.40739723165266356,2.7011942258750303,1
-0.3102457615583202,2.142749322083276,1
-0.4234095139228305,-1.1558466651508603,0
-0.489686008135279,-0.731997344068201,0
0.4655690142967266,-1.3847343366952982,0
-0.34663357802019373,2.3843554335561703,1
-0.3991372913391692,2.9981706213099706,1
0.3887822054908454,-1.1501124552748356,0
-0.43793596569852333,1.3131360848875668,1
-0.2876176033574664,0.39890733721892346,0
0.3200757543280637,-1.5183560519402344,0
0.19079577954474372,0.33264269654476225,0
-1.1441496297543159,-1.642741833018286,2
0.8828984418787396,-1.814281315447567,0
-1.3085184935826077,-1.5395949374731055,2
-0.4740320958047331,-0.6138808299549762,0
-0.24654526832653692,-0.3849276740412218,0
0.0057255330934426266,1.8692623816151666,1
1.9506426724753259,2.831465768189892,1
-0.7287011993845156,-0.8489455403650582,0
-1.1441496297543159,-1.642741833018286,2
1.9506426724753259,2.831465768189892,1
-0.16404569869396204,1.3698337159474472,1
-0.21021568384613648,1.3962596958365359,1
-1.3326082504690884,-1.423867528011358,2
-1.2775108413433673,-1.7070516551529549,2
1.5124823638152816,2.4723604758912163,1
-0.3963763407741502,3.003655023921437,1
-0.10742586298900424,2.2899397976325857,1
-0.10412433811631995,0.48160075656571205,1
0.9286770403498109,1.2575752676379883,1
-0.4234095139228305,-1.1558466651508603,0
-0.3991372913391692,2.9981706213099706,1
-1.3332632716275359,-1.4251727156363083,2
-0.42078725868570366,-0.9648743973818936,2
-1.3858665741175833,-1.6162026777810146,2
-0.46686943681474063,0.19271757387250796,0
-1.136287445051673,-1.5985642596595218,2
-1.2515728576921514,-1.6098036089757748,2
0.025897205996196316,1.3455532634534826,1
-1.1441496297543159,-1.642741833018286,2
3.2504091157822184,-1.595258884922978,0
-0.0050957437687248145,-0.8626729776819994,0
-0.015735407368939188,1.3866732474244687,1
-0.9539882174468992,-1.3717674708475882,2
1.5727618045674245,0.39596465691446064,1
-0.6752354864436386,2.9476836459776474,1
-0.6804155348600472,-0.5341491491009411,0
-0.05524030391509658,1.6591395156948388,1
1.4908090170035826,-2.6560524862823147,2
-0.46284779591186687,-0.07845337527552407,0
0.14219472026569235,-1.7606039343283535,0
-0.6804155348600472,-0.5341491491009411,0
-0.9839299710259738,-1.6601516067422784,2
0.16197798678941872,1.06098156378197,1
0.4902835013589148,0.4851557858943846,1
-0.6040206247626092,-1.6573444125000698,2
21.9623821156911,-1.8320163957155002,3
0.49149677389279717,2.4654284394184813,1
0.005706429141836161,2.0527501874897514,1
0.1667069813449844,1.0544087307393184,1
-0.6728454562930264,-0.5225343610290105,0
-0.6763720260972892,2.945356489595077,1
-0.6779293180635221,-0.5732383745506163,2
-1.0354377953782599,-0.922091053691755,2
1.27418856623394,0.9132267044849683,1
-0.6746908118234015,2.948775000137868,1
-0.2624392155776693,-0.14535638279467852,0
-1.2909166240322396,-1.5974104909481759,2
-0.18581972730576174,2.3605666043719835,1
-0.623525074104168,1.6177308210228143,1
-0.34663357802019373,2.3843554335561703,1
-0.44810622452242843,2.7909559197891327,1
1.4908090170035826,-2.6560524862823147,2
-0.9551213503624363,-0.6508149499888842,2
-0.6804155348600472,-0.5341491491009411,0
-0.10412433811631995,0.48160075656571205,1
0.6802555474130226,-1.7589339140846223,0
7.591127935611819,0.6152605198093786,3
7.591127935611819,0.6152605198093786,3
-0.33308096191325315,0.9160294137890448,1
-1.3310262240819304,-1.4207794685990491,2
-0.27298261264530554,2.0274166417514032,1
-0.489686008135279,-0.731997344068201,0
-0.7168437057040774,-1.1399656857406013,0
-0.5079237886507135,3.1928229804512864,1
-0.40747171448082314,3.6111232557566773,1
2.0282600075658657,1.3587104214664092,1
-0.03187349205139189,-1.4534744769525134,0
-0.6111269450321453,0.1879992959308336,0
-0.0017585687221960157,1.0980722124473068,1
0.9022887120196006,1.607303065060397,1
-0.21821564874196953,-1.3436401676530236,0
-0.489686008135279,-0.731997344068201,0
-0.489686008135279,-0.731997344068201,0
0.5174263719011302,-1.5441269803069062,0
1.0085100648069592,1.6811675741860181,1
-0.6747842127373807,2.948588828038164,1
0.039628321704565685,1.1601635289587602,1
0.5229176698472903,-1.3959565454955565,0
-1.2214379984453616,-1.2575099683192763,2
-1.3318037354344396,-1.3880081906234192,2
-1.3332632716275359,-1.4251727156363083,2
0.41373336820692974,-1.36524332011305,0
-1.0070014904578253,-0.7219803227377456,2
-0.6728454562930264,-0.5225343610290105,0
-0.7168437057040774,-1.1399656857406013,0
-0.4122210228687117,0.592021172859685,1
-1.3616156143280789,-1.622935512489963,2
-1.1441496297543159,-1.642741833018286,2
-1.1134818281237469,-1.5749659546172239,2
-0.48856495115167436,-0.8120967652829454,2
-0.8370492886093931,-1.7067899554797796,2
-0.33308096191325315,0.9160294137890448,1
-0.21821564874196953,-1.3436401676530236,0
3.6183484663221113,1.1660197904437153,1
-0.48856495115167436,-0.8120967652829454,2
-1.0044365094279664,-0.9852054952876194,0
-0.4122210228687117,0.592021172859685,1
0.7986980757830034,1.5959531965397378,1
7.591127935611819,0.6152605198093786,3
0.03297282938200997,2.1696476654015733,1
-0.26689287579625115,1.4428357965171068,1
0.14219472026569235,-1.7606039343283535,0
-0.21454321805321958,-0.5689594881089537,0
-0.3195774049647955,2.373389173567248,1
2.9022152304842606,-2.2334806741464264,0
-1.3372005622486782,-1.4591720310038017,2
-0.7660774174489764,1.189069881815467,1
-1.1464063250903724,-1.5957995218381353,2
0.45028997749215965,-0.15923414632123165,0
4.032620518803832,0.09430390845952791,1
1.5796679053487732,-1.5230935317854493,0
-0.6245065391568684,0.02355385320182874,0
-0.21821564874196953,-1.3436401676530236,0
-0.6745007392218159,2.9491526834184447,1
-0.6615412388713582,-1.523053693170048,2
-1.1441496297543159,-1.642741833018286,2
-1.3616156143280789,-1.622935512489963,2
0.19079577954474372,0.33264269654476225,0
-0.4234095139228305,-1.1558466651508603,0
-0.34327508698245707,1.4327489724126463,1
-0.5735591122313002,2.2904108329019257,1
-0.9839299710259738,-1.6601516067422784,2
-0.10412433811631995,0.48160075656571205,1
0.00111258207655973,1.554003375136551,1
-0.07663225256130407,1.0674141992621906,1
-0.11426484538239981,1.7671799941137987,1
0.5446955369612951,2.4378703279432252,1
-0.03855829367257229,-1.1841019395904882,0
-0.33308096191325315,0.9160294137890448,1
-0.36722624595923137,0.03688549851297302,0
-0.9019313177632182,-1.715800922661724,2
-0.489686008135279,-0.731997344068201,0
0.16049918761758147,0.4693993895817629,1
0.2628600562776386,-0.14098881316026776,0
-0.3521063090263448,0.08123526587307849,0
-0.6011379850752511,1.1351765421377367,1
0.025897205996196316,1.3455532634534826,1
-0.9839299710259738,-1.6601516067422784,2
-1.094180259165887,-0.768925461811687,2
-0.5739387111661738,0.19863057900291778,2
0.04550186381472246,-1.4359651254355161,0
0.6802555474130226,-1.7589339140846223,0
-1.1321373578774372,-1.6014448036929643,2
-0.019241225174683633,1.1237369249066687,1
-0.3195774049647955,2.373389173567248,1
-1.1441496297543159,-1.642741833018286,2
0.08252450170235845,-0.3979130688767332,2
-0.4375348103260492,0.39719280492242864,0
-0.6860817243205174,-1.1779718427821448,0
-0.2362925975704607,-1.263809871324451,0
-0.014148666309847097,-1.4992443454194189,0
-0.14000867328085845,1.8104530490057718,1
-0.8370492886093931,-1.7067899554797796,2
-0.7287011993845156,-0.8489455403650582,0
0.19477900024784556,-0.6124107087506799,0
-0.8451423879869511,-0.2851696206430638,2
0.47958379646211013,-1.744884407068313,0
-1.119198300021771,-0.9983070618204817,2
-0.5739387111661738,0.19863057900291778,2
-0.5960673409666638,-1.2506332106810176,0
-0.39953370870043536,2.9973549845717216,1
0.2628600562776386,-0.14098881316026776,0
0.09284851716535178,1.3206446907588751,1
-1.0445588972441862,-1.8209609745464634,2
-0.10657618156850088,1.2382236917176614,1
-0.2884118963433759,1.0527960559427711,1
-0.007256217290393247,-1.3002968376594777,0
13.603870566388538,-1.8922915819891377,3
-0.035921161063688,1.9080996282883766,1
-0.9480166424478734,-0.5862062801319877,2
-1.1441496297543159,-1.642741833018286,2
-0.6576939609129169,-0.17468355002941974,0
-0.6752354864436386,2.9476836459776474,1
0.9286770403498109,1.2575752676379883,1
-0.21377521024295645,1.0144134943663676,1
0.12904756419032537,-1.757280624011911,0
-1.3326082504690884,-1.423867528011358,2
-0.1453828815901399,1.6104264714992453,1
-0.2749231827224704,-1.2551981987264431,0
0.08396668313963436,1.9928367478154947,1
-0.8370492886093931,-1.7067899554797796,2
-0.48336023871279654,-1.144319885127615,0
-0.43507188740901903,0.615037768212264,1
-0.22653995117468623,-1.4368016105889099,0
-1.1441496297543159,-1.642741833018286,2
-1.0070014904578253,-0.7219803227377456,2
-0.7168437057040774,-1.1399656857406013,0
-0.6747842127373807,2.948588828038164,1
-0.3103743177278722,0.9425663984545599,1
0.5097106992135971,1.6248895039880316,1
-0.8064619246755522,-1.1022239636707505,0
-0.7610259608145518,-1.2616885931398303,2
-1.385923330316697,-1.6161921092926435,2
0.7403862033183392,-1.9577376979633163,0
-1.1062001892251372,-1.2890078729355665,2
-1.03625546117434,-0.9730617543411829,0
-0.15940917304155408,-1.4302708583481598,0
-1.385923330316697,-1.6161921092926435,2
1.4461501420019214,0.6603739065100905,1
0.176670249968399,-0.6031389241041216,0
-0.94840230447562,-0.16241449347001796,2
-1.1971389140569981,-1.156755753266047,2
-0.9572262161926294,-0.664115154381593,2
-0.5833278642363144,-1.7181697694016542,0
0.03297282938200997,2.1696476654015733,1
-0.39953370870043536,2.9973549845717216,1
-0.489686008135279,-0.731997344068201,0
-0.2153280439079232,-1.3755478045835388,0
-0.489686008135279,-0.731997344068201,0
-0.4001984864665582,2.995966454344325,1
0.006455367327467934,1.1542086700678573,1
-0.6752354864436386,2.9476836459776474,1
-0.33308096191325315,0.9160294137890448,1
1.5727618045674245,0.39596465691446064,1
-0.18581972730576174,2.3605666043719835,1
-0.6524296544739504,-0.08953963184122844,0
-0.6779293180635221,-0.5732383745506163,2
-0.6427061395227943,-0.20365071969876328,0
-1.1059600720818399,-1.500912214658612,2
-1.0514987687579551,-0.9676862706283302,0
-0.398546783321001,2.999370500242961,1
-0.27298261264530554,2.0274166417514032,1
0.2013805708402206,-1.7098056009807292,2
-0.5109032524898227,0.6493993476156824,1
-0.424842037700553,0.47617711112091865,0
-0.6728454562930264,-0.5225343610290105,0
-0.39929829892614355,2.997840382606689,1
-1.3616156143280789,-1.622935512489963,2
-0.33216539750546387,-1.1039166165067265,0
1.1758459015696663,1.705491063283337,1
0.2228646654622786,1.7651880154278567,1
-0.9019313177632182,-1.715800922661724,2
-0.21377521024295645,1.0144134943663676,1
-0.3981894074302246,3.0000886990814655,1
-0.4375348103260492,0.39719280492242864,0
-0.489686008135279,-0.731997344068201,0
-1.2982848616085079,-1.498294669908201,2
-0.6225420156096253,0.7518351582828386,1
-0.4369942068906165,0.6939154662035121,1
-0.22032097596853664,1.021796015160417,1
-1.2428797508838276,-1.0908977412140055,2
-0.8584350265519577,-1.1589859683557422,2
-0.3062053306825859,0.7180889339445539,1
-0.2198695797703294,0.8193076368641399,1
-0.21377521024295645,1.0144134943663676,1
0.14219472026569235,-1.7606039343283535,0
-1.119198300021771,-0.9983070618204817,2
-0.41603589874243563,-1.3153639512457604,0
13.603870566388538,-1.8922915819891377,3
-0.5338516892387457,1.0670418968889979,1
0.8895334644897861,-1.8628497313035337,0
-1.094180259165887,-0.768925461811687,2
-1.047220267440395,-0.9670500755763836,0
4.12004990544678,-3.4283943559553025,2
-0.21377521024295645,1.0144134943663676,1
-1.1441496297543159,-1.642741833018286,2
3.907829436815795,1.3131447488113899,1
-0.8370492886093931,-1.7067899554797796,2
1.8827635891676304,1.4205682571219567,1
-1.0524839062618707,-0.9683780273403706,0
-1.0012829473947897,-0.17372014036162406,2
0.14219472026569235,-1.7606039343283535,0
-0.10742586298900424,2.2899397976325857,1
-0.9839299710259738,-1.6601516067422784,2
-0.08053373908765722,1.719116708684601,1
-0.489686008135279,-0.731997344068201,0
-1.0203336903091107,-0.9820647045609053,0
-0.6804155348600472,-0.5341491491009411,0
0.03484723637467063,2.191063766090047,1
-0.9259714680055176,-1.0499384783056132,0
4.12004990544678,-3.4283943559553025,2
-0.364995804788331,0.2564501481741332,0
-0.3993775721003272,2.9976772720691995,1
0.017436566033465693,-1.4975037909173725,0
-0.3195774049647955,2.373389173567248,1
-0.10412433811631995,0.48160075656571205,1
-0.489686008135279,-0.731997344068201,0
-0.9480166424478734,-0.5862062801319877,2
-0.6234099311492597,0.5665182064051099,1
1.3329160175175934,0.45474235576946165,1
-0.40105946550909033,2.9941228203276293,1
-0.4375348103260492,0.39719280492242864,0
5.8461251350895855,0.6626331626042982,1
0.22042310848259886,1.3968318619571092,1
-0.6728454562930264,-0.5225343610290105,0
-0.2206395053888474,0.9773072201810015,1
-0.489686008135279,-0.731997344068201,0
-0.8138693741180305,-1.846201431846374,2
-0.3803238213010319,2.2965639063813033,1
-1.3246546465987894,-1.402324997507714,2
0.8781470118365647,2.1800660827806655,1
2.7829221408881106,0.2764762348645435,1
-0.37516846065338055,1.8088551732632911,1
0.6486136963621523,0.2012248173830522,0
-0.24277770029696963,1.1690587978270628,1
-0.40541432036447866,0.5176992185872835,0
-0.6040206247626092,-1.6573444125000698,2
-1.385923330316697,-1.6161921092926435,2
-0.2934513725361198,2.4607106468482547,1
-0.07496145188269422,1.2487794401224854,1
-0.20356309813557133,-0.3678671445525947,0
-0.7279395331320834,-0.06494214616041863,0
-0.3926448627317867,0.6381079926843876,1
-0.394055806052857,-1.225548336187624,0
-0.09424746209585295,1.6553209287419715,1
0.6389309752464309,1.7600132584121666,1
0.08252450170235845,-0.3979130688767332,2
0.5297096745221558,-1.3983227385759893,0
-0.20484066592281136,1.2573443054622069,1
-0.21377521024295645,1.0144134943663676,1
-1.3463591097500307,-1.6368292434438008,2
-0.4234095139228305,-1.1558466651508603,0
-0.5960673409666638,-1.2506332106810176,0
-1.3326082504690884,-1.423867528011358,2
0.4599756060050507,-1.5782380516700172,0
0.5297096745221558,-1.3983227385759893,0
-0.34663357802019373,2.3843554335561703,1
-0.6690318642553221,0.0785019029526744,0
-1.1441496297543159,-1.642741833018286,2
-1.052463310814488,-0.9675057818712137,0
-0.22032097596853664,1.021796015160417,1
-0.489686008135279,-0.731997344068201,0
-0.43507188740901903,0.615037768212264,1
0.5438425144382563,1.6930312925522606,1
-0.9839299710259738,-1.6601516067422784,2
-0.22032097596853664,1.021796015160417,1
-0.6776618755370046,2.9426105356397225,1
-0.5990673801665164,-1.1559040096132647,0
0.8828984418787396,-1.814281315447567,0
-1.3246546465987894,-1.402324997507714,2
-1.3329884831393517,-1.424623037350324,2
-0.6747842127373807,2.948588828038164,1
-0.5271910323267192,1.2577322639887112,1
-1.0524839062618707,-0.9683780273403706,0
-0.13178194260586656,1.6662126164203157,1
-0.6746908118234015,2.948775000137868,1
-1.1957663182476395,-1.6959045468083354,2
0.5797417630785016,1.5809287710766287,1
-0.6737959519119924,-0.09297343404451239,0
0.16970523289265818,1.1708926512824156,1
-0.26477893444694084,1.4357695672853152,1
-1.3326082504690884,-1.423867528011358,2
-1.148539921709494,-1.760120370403972,2
-0.9019313177632182,-1.715800922661724,2
-0.9480166424478734,-0.5862062801319877,2
-0.5739387111661738,0.19863057900291778,2
-0.5606238241684572,-0.19058730171971863,0
-0.05524030391509658,1.6591395156948388,1
-1.3616156143280789,-1.622935512489963,2
0.5552445753709315,-0.6001862758356423,0
-0.9375706412916768,-1.0173897280133024,0
-1.094180259165887,-0.768925461811687,2
-1.2515728576921514,-1.6098036089757748,2
-0.9839299710259738,-1.6601516067422784,2
0.9561378511358218,1.5239600841488985,1
1.5671620812120581,-0.5353231211831341,0
1.4908090170035826,-2.6560524862823147,2
-0.22032097596853664,1.021796015160417,1
-0.364995804788331,0.2564501481741332,0
-0.544582566713015,0.0927576455285187,0
-0.33308096191325315,0.9160294137890448,1
-0.39845884721252167,2.9995477518108715,1
-1.1441496297543159,-1.642741833018286,2
0.5438425144382563,1.6930312925522606,1
-0.489686008135279,-0.731997344068201,0
-0.6040206247626092,-1.6573444125000698,2
-0.43507188740901903,0.615037768212264,1
0.2715736408418636,-0.28508623958231377,0
-1.119198300021771,-0.9983070618204817,2
-1.0572081561304179,-0.46080235319698143,2
0.17495010214223802,-1.7624332131352802,0
-0.2876176033574664,0.39890733721892346,0
4.12004990544678,-3.4283943559553025,2
-0.4089615871689491,1.4695261574122496,1
-0.42572285733432874,0.0688536919681182,0
-1.1028378999289936,-1.6551981148350796,2
-0.347353249268119,0.9887420231902673,1
-0.9897868628701129,-0.9407134265267351,2
-0.2673008675336716,1.4475587041353806,1
0.19079577954474372,0.33264269654476225,0
0.3361955195048105,-1.5216594857360506,0
3.5480873157099797,1.092172482098625,1
-0.6225420156096253,0.7518351582828386,1
-0.2206395053888474,0.9773072201810015,1
-0.49893926703696045,2.6328076498749398,1
-0.5290601728455456,0.49455190209229183,1
-0.9480166424478734,-0.5862062801319877,2
1.2067350604051517,1.6868790070334116,1
0.07608318048064168,0.5510531621747862,1
-1.3616156143280789,-1.622935512489963,2
0.11750029921169383,1.6579743653129038,1
0.5297096745221558,-1.3983227385759893,0
-1.3590964200697147,-1.6324172662283176,2
-0.37189234563121404,0.8064007005670368,1
0.8363444401955832,0.9360266596553983,1
-0.6746908118234015,2.948775000137868,1
-0.4085455091922468,1.4691266857545682,1
-0.39929829892614355,2.997840382606689,1
0.6738439503749002,1.6766430717749032,1
-0.40739723165266356,2.7011942258750303,1
-0.5338516892387457,1.0670418968889979,1
-0.9839299710259738,-1.6601516067422784,2
0.5172325008206748,0.030776394693600797,0
-0.9897868628701129,-0.9407134265267351,2
-0.3599892592402566,1.5705554951646183,1
0.5229176698472903,-1.3959565454955565,0
-0.20424241768690243,0.8939896740121821,1
-0.39828017183734954,2.999906830711001,1
-0.6804155348600472,-0.5341491491009411,0
-0.2673008675336716,1.4475587041353806,1
-0.489686008135279,-0.731997344068201,0
0.8828984418787396,-1.814281315447567,0
-0.6615412388713582,-1.523053693170048,2
-0.010318316249982813,0.30583589052176874,1
-0.22032097596853664,1.021796015160417,1
-0.14267612324368723,2.3270900310100022,1
-1.2379929540279409,-1.7339543585851946,2
5.8461251350895855,0.6626331626042982,1
-0.3421764544078101,2.3525672919394163,1
-0.19848481682717692,1.3604718834237215,1
0.6697261795334356,-1.6712803980133988,0
-1.0320711708156447,-0.977515668775277,0
0.14633737057301138,-1.6189633740806717,0
-0.350626389304256,1.9745354934564108,1
-0.489686008135279,-0.731997344068201,0
-0.3170573589063134,1.457355469666623,1
-0.12087021107267977,1.6554454754580001,1
-0.2876176033574664,0.39890733721892346,0
-1.3858665741175833,-1.6162026777810146,2
-0.46284779591186687,-0.07845337527552407,0
0.16049918761758147,0.4693993895817629,1
0.16049918761758147,0.4693993895817629,1
-0.6804155348600472,-0.5341491491009411,0
-1.1441496297543159,-1.642741833018286,2
-0.762187258837921,0.5726789002457222,2
-0.48856495115167436,-0.8120967652829454,2
0.5472453174288462,-2.124018325494621,0
0.04261624383800927,1.1527711274245651,1
-0.872648150380425,-1.0346942046884913,0
-1.3616156143280789,-1.622935512489963,2
-0.46284779591186687,-0.07845337527552407,0
-0.16356907463958398,1.4237371578347426,1
0.6585857660728348,1.694612985463537,1
-0.6214979996410972,-0.009671703178564332,0
-1.0044365094279664,-0.9852054952876194,0
-0.6763720260972892,2.945356489595077,1
2.5261367507782113,0.35622988523273247,1
0.841766289093731,1.8588964178572094,1
0.14283977075525564,-0.5850135192122369,0
-1.3616156143280789,-1.622935512489963,2
-1.1134818281237469,-1.5749659546172239,2
-0.47502930200177773,-1.3029469399762215,0
0.16707741299526643,1.0539347478284677,1
-1.3616156143280789,-1.622935512489963,2
-1.047220267440395,-0.9670500755763836,0
-0.9815233492919127,-0.6916302293615909,2
0.4984712781907946,1.6348575660505174,1
-1.2368626186870568,-1.7410954318828122,2
0.019504470160537253,2.3081528978184624,1
-0.631645627067971,-1.1318283116625503,0
3.566869799768794,1.1557115347778046,1
-0.23420174559113716,-0.4404753765361741,0
-1.2865506428091402,-1.693187026892116,2
2.0664261430391244,1.3390330831454347,1
-1.185050774412328,-1.7236629277101503,2
-1.3287375933150178,-1.4164368517627706,2
-0.1397614598281613,2.3166117275190485,1
-0.08623085470813262,2.1550590374986305,1
-0.5026029120619024,-0.19429022703955878,0
-0.43507188740901903,0.615037768212264,1
0.7480524469102895,0.5156522368088606,1
0.32102158157042776,0.752183487261181,1
-0.04574663497803734,1.7720178797817603,1
-0.10412433811631995,0.48160075656571205,1
-0.6728454562930264,-0.5225343610290105,0
-0.7097532523814559,-0.09801821517157634,0
-1.3326082504690884,-1.423867528011358,2
-1.3270767470528195,-1.4133549625179425,2
6.43255992967436,-1.2073539484051241,3
-0.4234095139228305,-1.1558466651508603,0
-0.8560349811037965,-1.0843660614759676,0
-0.2562939959348643,-1.2727733519981943,0
-1.160170554266659,-0.9735471747578507,2
0.26132901286167565,0.6723249073310478,1
-0.07741856573536214,-1.4125618434415386,0
-0.662722758729463,-1.0987871737123633,0
0.0016805500818194061,1.6931968225755158,1
1.800977810611068,0.1380562992540336,1
-0.4302129553974856,-1.8021994526559093,2
-0.08623085470813262,2.1550590374986305,1
-0.3991372913391692,2.9981706213099706,1
-1.2982848616085079,-1.498294669908201,2
-1.057590955089354,-0.4616294679467822,2
4.0522724933278615,1.467612974078075,1
0.09284851716535178,1.3206446907588751,1
-0.46284779591186687,-0.07845337527552407,0
-0.3993775721003272,2.9976772720691995,1
0.03484723637467063,2.191063766090047,1
-0.46284779591186687,-0.07845337527552407,0
0.09935028971433725,-0.35084917153583434,0
-0.17149001486710733,2.0575951654853246,1
-0.6804155348600472,-0.5341491491009411,0
-0.6752354864436386,2.9476836459776474,1
-1.2255806874253319,-1.744361207386306,2
0.6232900518001022,-1.5695991095620436,0
-0.236079877450098,1.3366202045745381,1
-0.6737959519119924,-0.09297343404451239,0
-1.0514987687579551,-0.9676862706283302,0
-0.5764892640277405,0.31724545081269695,2
-1.2988351277371026,-1.5884856889231047,2
-0.24754219312862336,0.4573020182911043,1
2.581317023071284,-2.411237489063113,0
1.118594988552329,-1.9408759375710163,0
-0.8370492886093931,-1.7067899554797796,2
0.346433995298236,0.9040701533012396,1
-1.0203336903091107,-0.9820647045609053,0
-0.5129687690116693,0.27257443027165895,0
-0.466649274035402,-0.17200506840924903,0
-0.4234095139228305,-1.1558466651508603,0
-0.23420174559113716,-0.4404753765361741,0
-1.036108533452391,-0.979959556379837,0
-0.9839299710259738,-1.6601516067422784,2
-0.8212241708630239,-1.0833781895730699,0
-0.22032097596853664,1.021796015160417,1
-0.1938244298831162,-0.7579397142021252,0
0.5797417630785016,1.5809287710766287,1
1.0908662872912775,1.6933563495102346,1
-0.016674295446150754,2.0398454177937397,1
-0.6786660081490232,2.904124874993874,1
-0.46284779591186687,-0.07845337527552407,0
-0.04430380338851774,-1.3810528266853541,0
-0.05152539675593872,2.3743078827562547,1
-1.240269747858931,-1.467082933940254,2
0.8828984418787396,-1.814281315447567,0
0.0562083293915786,1.4421320200137557,1
-0.24277770029696963,1.1690587978270628,1
0.6389684759696926,1.7526586797790917,1
-0.6615412388713582,-1.523053693170048,2
-0.2876176033574664,0.39890733721892346,0
-1.1441496297543159,-1.642741833018286,2
0.05113838179034466,1.138906810653926,1
-0.364995804788331,0.2564501481741332,0
-0.20356309813557133,-0.3678671445525947,0
7.591127935611819,0.6152605198093786,3
0.5438425144382563,1.6930312925522606,1
6.43255992967436,-1.2073539484051241,3
-0.7597664747140153,-0.026751559913551645,2
-0.5139898754759012,0.4014464990314159,0
-1.331582796727082,-1.4218565364718454,2
0.30468294496508413,1.5012303853280102,1
-0.6201021336204188,-1.0457309583338839,2
-1.3616156143280789,-1.622935512489963,2
-0.6576939609129169,-0.17468355002941974,0
-1.1441496297543159,-1.642741833018286,2
-0.47502930200177773,-1.3029469399762215,0
13.579493858914761,-2.2791007193450064,3
0.14219472026569235,-1.7606039343283535,0
0.0732074700215062,1.3519547490472914,1
-1.2355105436144247,-1.7329205018348812,2
0.1387036394392262,0.896927618590901,1
-0.2876176033574664,0.39890733721892346,0
-0.6728454562930264,-0.5225343610290105,0
0.22042310848259886,1.3968318619571092,1
-0.012932378079165523,1.9844783029350672,1
0.7181724611081363,1.641406755334364,1
-1.1248351463910315,-1.6347455183887716,2
-1.240269747858931,-1.467082933940254,2
-0.22032097596853664,1.021796015160417,1
-0.2884118963433759,1.0527960559427711,1
-1.3332632716275359,-1.4251727156363083,2
0.7916389255756004,1.5995313715329675,1
0.8828984418787396,-1.814281315447567,0
-1.1441496297543159,-1.642741833018286,2
-1.1441496297543159,-1.642741833018286,2
-0.4514217549385299,-0.04303138332412362,0
0.11542958602777,1.025635170925492,1
3.5480873157099797,1.092172482098625,1
0.8590462085550331,2.0785981361629973,1
-0.6728454562930264,-0.5225343610290105,0
-0.14267612324368723,2.3270900310100022,1
0.38192960327767517,0.6968194950047771,1
-0.8837676052454392,-0.6323105398395009,2
3.3115349970714734,-0.5643826011422374,1
-1.381840974138355,-1.6195778719867835,2
-0.4331469506456135,-0.09835211414598691,0
1.5449642183196588,0.4153086302719656,1
0.3375007275557392,-1.146501360126906,0
-0.489686008135279,-0.731997344068201,0
-1.3616156143280789,-1.622935512489963,2
-0.26946269874741363,-1.3022121695846343,0
-0.3344827926273543,-1.2231874252928387,0
1.0908662872912775,1.6933563495102346,1
-0.8584350265519577,-1.1589859683557422,2
13.603870566388538,-1.8922915819891377,3
-0.43407172221737156,-1.408310822061596,0
2.2762239400289217,1.3228338854179962,1
0.661855860009653,1.3917092121111703,1
-0.6763720260972892,2.945356489595077,1
-0.20356309813557133,-0.3678671445525947,0
-0.2876176033574664,0.39890733721892346,0
-1.1441496297543159,-1.642741833018286,2
-0.22032097596853664,1.021796015160417,1
-1.148539921709494,-1.760120370403972,2
-0.19848481682717692,1.3604718834237215,1
-1.1441496297543159,-1.642741833018286,2
-0.22653995117468623,-1.4368016105889099,0
0.686274376082098,-1.13678567133723,0
-0.41603589874243563,-1.3153639512457604,0
-0.6779293180635221,-0.5732383745506163,2
0.23301173813663686,0.7696882342241089,1
-0.46284779591186687,-0.07845337527552407,0
-0.6745007392218159,2.9491526834184447,1
-0.2876176033574664,0.39890733721892346,0
-0.6749678227959051,2.948221693956612,1
-1.0511042464887068,-0.9688700629729892,0
-0.44832395684277065,2.3356130325357176,1
-1.385923330316697,-1.6161921092926435,2
0.07343686084031484,2.366760568673874,1
-0.8584350265519577,-1.1589859683557422,2
-0.489686008135279,-0.731997344068201,0
-0.08372343725545227,-1.282966412715751,0
1.1901545128251019,2.0618955011115783,1
-0.364995804788331,0.2564501481741332,0
-0.489686008135279,-0.731997344068201,0
-1.3616156143280789,-1.622935512489963,2
-0.33308096191325315,0.9160294137890448,1
-0.6230777636189012,-1.0427679676020103,2
0.14219472026569235,-1.7606039343283535,0
-1.2368626186870568,-1.7410954318828122,2
-0.16356907463958398,1.4237371578347426,1
-0.6804155348600472,-0.5341491491009411,0
-1.3616156143280789,-1.622935512489963,2
-1.3332632716275359,-1.4251727156363083,2
-1.0589846633566593,-0.46474720584273954,2
-0.3728464219125231,1.591437138401528,1
-0.6414589141080952,-1.0620686185712025,0
-0.3991372913391692,2.9981706213099706,1
-1.3616156143280789,-1.622935512489963,2
-0.8767315106974475,-1.917073797484595,2
-0.09031338069183906,1.6685949077974958,1
-0.236079877450098,1.3366202045745381,1
-1.1388751641092159,-1.5500067194449438,2
0.21914813862137697,0.6629564064919771,1
1.344342183662084,1.5318261676341973,1
-1.2902897785747987,-1.5961416344202681,2
-0.6804155348600472,-0.5341491491009411,0
2.5261367507782113,0.35622988523273247,1
-0.15158442433346758,1.5483738101356628,1
-1.0814980180549527,-1.0876271679981062,2
1.4908090170035826,-2.6560524862823147,2
-0.8631527539487027,-2.0544259606517015,2
1.0908662872912775,1.6933563495102346,1
1.437337826875898,-0.42526282287137795,0
0.3375007275557392,-1.146501360126906,0
1.1344105527960338,0.32688935170701683,1
1.5014189695494018,-0.07728645295224944,0
-0.398546783321001,2.999370500242961,1
0.6773738541567232,2.100049882028049,1
-0.46284779591186687,-0.07845337527552407,0
1.774617390219444,-2.5198459784804963,2
-0.4578517331153588,0.2640755301774511,0
-1.2064536118793256,-1.738986359230673,2
0.14219472026569235,-1.7606039343283535,0
-1.3466945764149665,-1.6365479772599867,2
-0.647876691579616,-1.134898947268059,0
-0.2673008675336716,1.4475587041353806,1
-1.3292646947554272,-1.2193258284230966,2
0.15016289285831894,1.3970522652313015,1
-0.2974152176583469,0.6541984997373126,1
0.16850189980166935,1.8907769178947733,1
-1.340947708660463,-1.4326994999255243,2
13.603870566388538,-1.8922915819891377,3
-0.623525074104168,1.6177308210228143,1
-1.159252955590208,-0.7117048113931563,2
0.025897205996196316,1.3455532634534826,1
-0.6746908118234015,2.948775000137868,1
-0.9879531241379723,-0.9975524178985476,0
-0.9345587010452778,-0.7798189693350918,2
1.118594988552329,-1.9408759375710163,0
7.591127935611819,0.6152605198093786,3
-0.26731464537828487,-1.2799356445634262,0
-0.489686008135279,-0.731997344068201,0
-0.5739387111661738,0.19863057900291778,2
-0.7665575321813362,-1.0977365510819173,0
0.1036552735073091,-1.7354544961926281,0
1.2013944220993318,-0.2427699852843662,0
1.1901545128251019,2.0618955011115783,1
-0.39953370870043536,2.9973549845717216,1
-0.4407649796706394,2.683054493075714,1
-0.21821564874196953,-1.3436401676530236,0
-0.6510702833084243,-1.1144407614874368,0
0.2533722800993569,1.920408010320234,1
-0.4024708345137394,-0.12324456751852594,0
-0.22032097596853664,1.021796015160417,1
-0.10319680495973757,1.4273442677162043,1
-0.21147718738345656,1.882288585197002,1
-0.6779293180635221,-0.5732383745506163,2
-0.6230777636189012,-1.0427679676020103,2
-0.11576608864538265,1.692663726492629,1
0.0385508913011766,0.11540159052228971,0
-0.9839299710259738,-1.6601516067422784,2
-0.5960673409666638,-1.2506332106810176,0
0.2228646654622786,1.7651880154278567,1
-0.3702194805661074,-0.6651173960227666,0
-0.40075777336026114,-0.4319948265675159,0
-0.22032097596853664,1.021796015160417,1
-1.2368626186870568,-1.7410954318828122,2
-0.11281807888564464,0.7375367556376364,1
-1.196740982819804,-1.4068098043318227,2
0.03597163619148053,2.230702846412556,1
-0.489686008135279,-0.731997344068201,0
-0.10742586298900424,2.2899397976325857,1
-0.46284779591186687,-0.07845337527552407,0
-0.9829598542494586,-0.995855451973594,0
0.45028997749215965,-0.15923414632123165,0
-1.3616156143280789,-1.622935512489963,2
-0.6728454562930264,-0.5225343610290105,0
-0.9839299710259738,-1.6601516067422784,2
-0.489686008135279,-0.731997344068201,0
0.14219472026569235,-1.7606039343283535,0
-0.6745007392218159,2.9491526834184447,1
7.591127935611819,0.6152605198093786,3
0.14219472026569235,-1.7606039343283535,0
-0.9718642553807625,-1.3330508561110226,2
-0.489686008135279,-0.731997344068201,0
-1.1441496297543159,-1.642741833018286,2
-0.7938589598618196,0.5300067609555608,2
0.14219472026569235,-1.7606039343283535,0
-0.34663357802019373,2.3843554335561703,1
-0.6804155348600472,-0.5341491491009411,0
-0.5283389677501464,4.0277253998163784,1
-0.4375348103260492,0.39719280492242864,0
-0.46284779591186687,-0.07845337527552407,0
-0.22032097596853664,1.021796015160417,1
-0.2917969090244603,2.4870954622002825,1
-0.9742930234296703,-0.9977070098930177,0
0.23361819527270308,-1.4376169829551455,0
-0.364995804788331,0.2564501481741332,0
-0.07157564451392341,1.2262791553132595,1
-0.5739387111661738,0.19863057900291778,2
-0.17149001486710733,2.0575951654853246,1
-0.6746908118234015,2.948775000137868,1
-0.6381284040692432,-1.066171922834717,0
0.6417917137557074,1.7865258966758992,1
-0.26946269874741363,-1.3022121695846343,0
-0.6230777636189012,-1.0427679676020103,2
-0.019049711406968935,2.1636961491856574,1
-0.19848481682717692,1.3604718834237215,1
-0.8780057232834008,-0.49085500672426163,2
-0.8407655016743794,-1.1134916772319752,0
0.32323885087099163,1.8725062045920202,1
0.03313285973026338,1.1978990485033583,1
-0.45264661314172017,2.780814009183269,1
-0.4331469506456135,-0.09835211414598691,0
-0.18786570652438095,1.6420119688614083,1
-1.2982848616085079,-1.498294669908201,2
-0.2884118963433759,1.0527960559427711,1
1.774617390219444,-2.5198459784804963,2
-0.22032097596853664,1.021796015160417,1
0.12106991540667333,-1.3696529679071647,0
-0.4234095139228305,-1.1558466651508603,0
-0.5739387111661738,0.19863057900291778,2
0.04550186381472246,-1.4359651254355161,0
-1.3295989712522502,-1.2200063207269045,2
-0.08372343725545227,-1.282966412715751,0
-0.6804155348600472,-0.5341491491009411,0
13.603870566388538,-1.8922915819891377,3
-0.44253782179550644,-0.47586303532056023,0
0.45028997749215965,-0.15923414632123165,0
-0.347353249268119,0.9887420231902673,1
0.16049918761758147,0.4693993895817629,1
-0.33308096191325315,0.9160294137890448,1
-0.23120930875079557,-0.08610122622336043,0
-0.2630613494639621,1.558453168454376,1
-0.33963096177468943,-0.6820582083600194,0
0.07098778217910497,1.9526054983720609,1
-0.48343758635626466,-0.15329689247959907,0
1.2013944220993318,-0.2427699852843662,0
-0.09146916639878676,-1.4888477514064105,0
-1.1683827443174446,-1.428401811349146,2
-1.3326082504690884,-1.423867528011358,2
0.14918383489448045,-1.5575206068449887,0
-0.7938589598618196,0.5300067609555608,2
-0.5817552865873147,1.89129659131311,1
-0.6728454562930264,-0.5225343610290105,0
0.2228646654622786,1.7651880154278567,1
-0.4705055157412328,-1.3757470594230223,0
-0.22653995117468623,-1.4368016105889099,0
1.467790209162722,-1.2979309694570125,0
-0.7629908504997147,0.04570608070293124,2
-0.489686008135279,-0.731997344068201,0
-0.6745007392218159,2.9491526834184447,1
-0.4331469506456135,-0.09835211414598691,0
-1.183115780163534,-1.5736740350874014,2
-0.5589953584133186,1.9364043828377324,1
-0.398546783321001,2.999370500242961,1
-0.5286092594284325,1.3041925427111958,1
-1.0491430277101206,-0.966467944989333,0
4.12004990544678,-3.4283943559553025,2
-0.2206395053888474,0.9773072201810015,1
-0.4999231934136536,-1.107039044810768,0
0.33999320332505206,1.6681630702574872,1
-0.7665510774278919,-1.297911936321869,2
-1.2355105436144247,-1.7329205018348812,2
-0.16356907463958398,1.4237371578347426,1
-0.48009041173356976,-0.1222128582244701,0
-1.2902897785747987,-1.5961416344202681,2
0.3818408858719398,2.2409155155305305,1
-1.0349188053169356,-0.9744106667293733,0
-0.6728454562930264,-0.5225343610290105,0
1.6587620253211917,-1.5717932462786757,0
-0.20769930462563374,-1.358930599673457,2
-0.9839299710259738,-1.6601516067422784,2
0.045741594836572724,-1.5892630909970982,0
-0.007340941040126253,0.07716356368832909,0
-0.2876176033574664,0.39890733721892346,0
-0.6714347512634276,2.9550676006717924,1
-0.29960802017326915,1.7078303046677135,1
-1.1441496297543159,-1.642741833018286,2
-0.07663225256130407,1.0674141992621906,1
0.3281426879802214,1.8702637557788644,1
-0.613096188163426,-0.14997621080234647,0
3.6944255483796162,-3.0259177579154897,2
-0.911419260229394,-1.0239168003575017,0
-0.39592202009269994,3.0045314715919464,1
-0.6728454562930264,-0.5225343610290105,0
-0.2876176033574664,0.39890733721892346,0
-1.240530443921195,-1.730003135432913,2
-0.3039310945955152,3.6766208710993804,1
0.49149677389279717,2.4654284394184813,1
-1.1610337898732206,-1.4096531050949053,2
-0.5355059965727852,-1.1999805451108891,0
1.118594988552329,-1.9408759375710163,0
-0.3195774049647955,2.373389173567248,1
0.6232900518001022,-1.5695991095620436,0
1.5796679053487732,-1.5230935317854493,0
-0.10412433811631995,0.48160075656571205,1
-1.0198560497465725,0.6837711062483277,2
-0.6754089318779425,2.9473331042256006,1
-0.678075057326714,-0.5430693349879747,0
0.28972804764359045,1.697841998553788,1
-1.0442320145275974,-0.9738529896954976,0
0.08208147147721721,1.9751755183147037,1
-0.0862182387046818,2.155956043300988,1
0.7332388258583359,1.1909918587375916,1
0.9407646222870214,-0.6455039564697748,0
8.643110963824705,-2.724151452656145,3
-0.03855829367257229,-1.1841019395904882,0
0.9022887120196006,1.607303065060397,1
-0.30011615748282316,-1.3099534040209593,0
-1.2426894873370447,-1.7300166320117938,2
0.050180860283359253,1.021529039761164,1
-0.46284779591186687,-0.07845337527552407,0
0.4496270561395009,0.2994980425193058,0
0.5160845760056988,1.599716986882871,1
0.1691622087208543,-0.5992148401967856,0
-0.13018468941575898,-1.4376489075483558,0
-0.17876574560459302,1.4819154037113689,1
-0.31085586157840833,0.8725773718123019,1
0.014780386569877044,-1.4461197882445558,0
-0.4375348103260492,0.39719280492242864,0
0.5120406892848671,1.6036328498210812,1
-0.8841301301970357,0.3611921749350544,2
-0.8584350265519577,-1.1589859683557422,2
-0.6889711880343671,-0.1498674811790576,0
-1.0469098316514622,-0.967112736763866,0
0.4223710693296122,-1.377666442880039,0
-0.9839299710259738,-1.6601516067422784,2
-1.119198300021771,-0.9983070618204817,2
2.5089304613856296,1.4313033265174457,1
-0.49552010627803367,2.834894622556723,1
-1.3858665741175833,-1.6162026777810146,2
-0.26946269874741363,-1.3022121695846343,0
-0.112135892540001,0.7667274779334556,1
-0.8370492886093931,-1.7067899554797796,2
-0.21377521024295645,1.0144134943663676,1
-1.1441496297543159,-1.642741833018286,2
3.5695323118639526,2.5398434740472307,1
-0.9839299710259738,-1.6601516067422784,2
-0.10742586298900424,2.2899397976325857,1
-0.6371510706570641,-0.22489668247823816,0
-0.18581972730576174,2.3605666043719835,1
-0.30011615748282316,-1.3099534040209593,0
-0.37755930126242315,2.3027620068410926,1
-0.9425977734670801,-1.0106670233794826,0
-0.43003049127680326,0.6772682704393784,1
-0.6230777636189012,-1.0427679676020103,2
-0.5817552865873147,1.89129659131311,1
-1.2865506428091402,-1.693187026892116,2
-0.307763539328926,-0.29732054277360137,0
-0.4331469506456135,-0.09835211414598691,0
-1.2982848616085079,-1.498294669908201,2
0.14250900224810722,2.141195615541916,1
-0.9480166424478734,-0.5862062801319877,2
-0.08623085470813262,2.1550590374986305,1
-1.0161552511943224,-0.9844670565115993,0
-0.6752354864436386,2.9476836459776474,1
-1.1441496297543159,-1.642741833018286,2
1.1758459015696663,1.705491063283337,1
-0.1845393068961306,0.022751538760421096,0
-0.03760743275995775,2.8674647711474863,1
-0.398546783321001,2.999370500242961,1
0.03491276580852837,2.1907662359215263,1
0.8828984418787396,-1.814281315447567,0
-0.21726152911825525,0.01993345201517661,0
-0.8077477129946791,-1.293701006522229,2
-0.8292613640177717,-1.0934629457288672,0
0.14355008071851458,1.3137913580188505,1
-1.1539118835112014,-1.465185159463592,2
-0.4001984864665582,2.995966454344325,1
-0.6673530901633955,0.9487523472878211,1
-0.43507188740901903,0.615037768212264,1
-0.2860350043394456,-1.3215472896806606,0
0.045741594836572724,-1.5892630909970982,0
-0.15940917304155408,-1.4302708583481598,0
-0.6948952289560649,-1.1190807575158912,0
3.576878639790881,1.1333347224487407,1
-0.1938244298831162,-0.7579397142021252,0
-1.0489199818635264,-0.9707907316984242,0
-1.1482022044829714,-1.4717751533328238,2
-1.3324119531220278,-1.4234796837031065,2
-0.8499546967931879,-1.085511230030882,0
-1.1388751641092159,-1.5500067194449438,2
-0.1099870073570186,1.51092755040296,1
-1.2982848616085079,-1.498294669908201,2
-0.18632041029645066,-1.3599513209858534,0
-0.8841301301970357,0.3611921749350544,2
-1.058128182373588,-0.46280978982548515,2
-1.175738590030443,-1.5980359184901107,2
-1.340947708660463,-1.4326994999255243,2
-0.39953370870043536,2.9973549845717216,1
-0.236079877450098,1.3366202045745381,1
-1.1896950167224694,-1.6225837074423934,2
1.9958225797516815,2.8609974629842987,1
-0.5283389677501464,4.0277253998163784,1
-1.335320697589279,-1.4294075881288026,2
-0.3636266100357469,-0.027544307717009716,0
-0.12087021107267977,1.6554454754580001,1
-1.3616156143280789,-1.622935512489963,2
0.7480524469102895,0.5156522368088606,1
-1.1441496297543159,-1.642741833018286,2
-0.3380531845237546,1.3655151536738457,1
-1.1018724428168345,-1.419364627681531,2
-0.3195774049647955,2.373389173567248,1
1.27418856623394,0.9132267044849683,1
0.3207286803783493,0.5297560958986163,1
-0.02827404005730436,1.8885722832586838,1
-0.8138693741180305,-1.846201431846374,2
0.7142826169340181,-1.589761535536505,0
-0.3016511375536513,-1.4188597604330122,0
-0.007340941040126253,0.07716356368832909,0
-0.40300113523194203,2.80369186782387,1
-0.20040094879303705,1.2805311930992709,1
-0.4557516218230264,0.29277527545697646,0
-0.6040206247626092,-1.6573444125000698,2
1.2522294998866572,-0.19648093818698623,0
1.9859400169400516,2.841442438013295,1
2.4902676774503045,0.06944907798236832,1
0.4611336261875425,1.8017660779037574,1
-0.10412433811631995,0.48160075656571205,1
-0.21021568384613648,1.3962596958365359,1
-0.6040206247626092,-1.6573444125000698,2
0.7691823978485172,-1.3855794722891341,0
1.5172867360295668,2.468607338468385,1
-1.2118243533575157,-1.6457376733374403,2
-1.1896374481036551,-0.798561309771983,2
-0.31030088600586636,0.2447616131798479,0
-1.1441496297543159,-1.642741833018286,2
-0.42078725868570366,-0.9648743973818936,2
-0.10412433811631995,0.48160075656571205,1
-0.033716131303748946,-1.4581141771492676,0
-0.28180985133695385,-1.3442062220017628,2
-0.2655776538221482,1.601281273611211,1
0.031230597663871297,-0.23777454039003312,0
-1.119198300021771,-0.9983070618204817,2
-0.398546783321001,2.999370500242961,1
0.24631919844505804,1.546844585920082,1
-1.3616156143280789,-1.622935512489963,2
0.09935028971433725,-0.35084917153583434,0
-1.3326082504690884,-1.423867528011358,2
-1.3858665741175833,-1.6162026777810146,2
-0.2884118963433759,1.0527960559427711,1
-0.8028003304437782,-0.27037569977302345,2
-0.7841134284930378,-0.34309721289892187,2
-0.4514217549385299,-0.04303138332412362,0
-0.347353249268119,0.9887420231902673,1
-0.6278739712141588,0.4884174503452268,1
-0.4328813251654929,2.171055122249048,1
-0.36304224492562975,0.616755153902361,1
-0.2876176033574664,0.39890733721892346,0
0.9871217892031009,-0.060684579959663164,0
0.014780386569877044,-1.4461197882445558,0
-0.39929829892614355,2.997840382606689,1
-0.7597664747140153,-0.026751559913551645,2
-0.2876176033574664,0.39890733721892346,0
0.07098778217910497,1.9526054983720609,1
-0.1824543334989067,3.6877936740038555,1
-0.2419649440270689,-1.6071528349332616,0
-1.381840974138355,-1.6195778719867835,2
1.016237430203016,1.6759835150502675,1
0.5396327826036914,-1.525831732837509,0
-0.3728464219125231,1.591437138401528,1
-0.2673008675336716,1.4475587041353806,1
-1.2365293343975483,-1.690623527548279,2
0.08039456480908762,1.0269530946988048,1
-1.2909166240322396,-1.5974104909481759,2
-0.29118664466904526,-1.1363033892551269,0
0.9871217892031009,-0.060684579959663164,0
-0.46284779591186687,-0.07845337527552407,0
-0.5761486022650679,0.17782052862965791,0
4.12004990544678,-3.4283943559553025,2
-1.2902897785747987,-1.5961416344202681,2
-1.3616156143280789,-1.622935512489963,2
-0.7931873476366553,0.5266535981235225,2
-1.004751683691095,-0.9871159543187078,0
-0.2198695797703294,0.8193076368641399,1
-0.6728454562930264,-0.5225343610290105,0
-0.8430125435825913,-1.0683575950216717,0
-0.9480166424478734,-0.5862062801319877,2
-0.007256217290393247,-1.3002968376594777,0
0.031230597663871297,-0.23777454039003312,0
-0.33308096191325315,0.9160294137890448,1
-1.094180259165887,-0.768925461811687,2
-1.0152985409375173,-0.9809988229775967,0
-0.9839299710259738,-1.6601516067422784,2
2.4147578580174596,0.36836096278801345,1
-1.1441496297543159,-1.642741833018286,2
-0.41603589874243563,-1.3153639512457604,0
0.24734114245887187,1.7508096363398955,1
-0.12276527732894421,2.2317243512031673,1
-0.6040206247626092,-1.6573444125000698,2
-0.3195774049647955,2.373389173567248,1
-0.2876176033574664,0.39890733721892346,0
-1.1059600720818399,-1.500912214658612,2
-0.7597664747140153,-0.026751559913551645,2
-0.4999231934136536,-1.107039044810768,0
-0.6804155348600472,-0.5341491491009411,0
2.704529785366218,-1.5750047960254152,0
-0.3195774049647955,2.373389173567248,1
-0.46284779591186687,-0.07845337527552407,0
0.2646510138153235,0.5703440372485835,1
-0.4999231934136536,-1.107039044810768,0
0.014780386569877044,-1.4461197882445558,0
-0.24654526832653692,-0.3849276740412218,0
0.5438425144382563,1.6930312925522606,1
0.8781470118365647,2.1800660827806655,1
13.603870566388538,-1.8922915819891377,3
-0.46284779591186687,-0.07845337527552407,0
-0.4122210228687117,0.592021172859685,1
-0.16356907463958398,1.4237371578347426,1
-1.3616156143280789,-1.622935512489963,2
2.82825352827821,0.5757564252488818,1
-0.10742586298900424,2.2899397976325857,1
0.09284851716535178,1.3206446907588751,1
-0.6747842127373807,2.948588828038164,1
-0.05524030391509658,1.6591395156948388,1
-0.40541432036447866,0.5176992185872835,0
-0.0911957692256092,2.206124446237018,1
-0.7287011993845156,-0.8489455403650582,0
-1.3326082504690884,-1.423867528011358,2
-0.4578517331153588,0.2640755301774511,0
0.14219472026569235,-1.7606039343283535,0
-0.09031338069183906,1.6685949077974958,1
-1.381840974138355,-1.6195778719867835,2
-0.01525435831454085,1.0481738798972202,1
-0.364995804788331,0.2564501481741332,0
0.24424579077213873,-0.6727866191422582,0
-1.1278875314898793,-1.0529150424916336,2
-0.2876176033574664,0.39890733721892346,0
0.7719124429511548,1.2005539248560337,1
-0.10054753757814708,0.2771834051990989,0
-0.8490548878573397,-1.0724650705420409,0
-0.34890415878244063,-0.4713970398204695,0
-0.641852552719603,-0.5184459179759716,2
2.1910260964349426,-1.802271107175338,0
-1.2515728576921514,-1.6098036089757748,2
-1.1017954482558017,-0.9518140895850294,2
-0.6804155348600472,-0.5341491491009411,0
0.8828984418787396,-1.814281315447567,0
1.1570371741154617,-1.9830907652288097,2
-0.6040206247626092,-1.6573444125000698,2
-1.3858665741175833,-1.6162026777810146,2
-1.2909166240322396,-1.5974104909481759,2
0.5898354763901971,-1.5697358181305672,0
0.9286770403498109,1.2575752676379883,1
0.4611336261875425,1.8017660779037574,1
13.603870566388538,-1.8922915819891377,3
1.9958225797516815,2.8609974629842987,1
-0.028910971117861017,0.8410511361703974,1
0.14219472026569235,-1.7606039343283535,0
-0.39809767473896784,3.00027214804055,1
-0.2876176033574664,0.39890733721892346,0
-1.2426894873370447,-1.7300166320117938,2
-0.39809767473896784,3.00027214804055,1
-0.5606238241684572,-0.19058730171971863,0
-0.08372343725545227,-1.282966412715751,0
-0.03187349205139189,-1.4534744769525134,0
-0.33308096191325315,0.9160294137890448,1
-1.3616156143280789,-1.622935512489963,2
-0.9839299710259738,-1.6601516067422784,2
-0.6728454562930264,-0.5225343610290105,0
-1.2118243533575157,-1.6457376733374403,2
-0.14267612324368723,2.3270900310100022,1
-0.6779293180635221,-0.5732383745506163,2
-0.33308096191325315,0.9160294137890448,1
-1.3858665741175833,-1.6162026777810146,2
-0.014148666309847097,-1.4992443454194189,0
1.3596437725461987,-0.3528127003291757,0
-0.05524030391509658,1.6591395156948388,1
0.22624197686598782,0.8924767950190846,1
0.061303036820817294,0.273988774868357,1
-1.3858665741175833,-1.6162026777810146,2
-0.9839299710259738,-1.6601516067422784,2
6.43255992967436,-1.2073539484051241,3
0.14219472026569235,-1.7606039343283535,0
-0.6528400312753871,-0.49167959158839575,0
-1.1441496297543159,-1.642741833018286,2
0.9284702434877526,0.9329607351297539,1
0.1504669631664229,1.323516416775902,1
-1.1441496297543159,-1.642741833018286,2
-1.2909166240322396,-1.5974104909481759,2
-1.093130265203592,-1.3646342862747942,2
-1.2017721487827815,-1.2753056596611445,2
-0.6629699408952382,-1.038149898996736,0
0.16850189980166935,1.8907769178947733,1
-0.05524030391509658,1.6591395156948388,1
0.5229176698472903,-1.3959565454955565,0
-0.9768588594332661,-1.5287994405451186,2
-0.6747842127373807,2.948588828038164,1
-1.062819555977984,-1.075922196969814,2
0.8828984418787396,-1.814281315447567,0
-0.10742586298900424,2.2899397976325857,1
-1.3326082504690884,-1.423867528011358,2
1.355930654490915,-0.2450927768193016,0
-0.9019313177632182,-1.715800922661724,2
-0.5761486022650679,0.17782052862965791,0
-0.08372343725545227,-1.282966412715751,0
-0.39880513158174546,2.9988476583323216,1
-1.0442320145275974,-0.9738529896954976,0
-0.6940130274526046,-0.19840570212899833,0
-0.2673008675336716,1.4475587041353806,1
0.17017848716018494,2.670714638515645,1
-0.2876176033574664,0.39890733721892346,0
0.3656531630790492,-1.0332535565759897,0
-0.1824543334989067,3.6877936740038555,1
-1.2392046434892026,-1.4654896027502196,2
-0.2876176033574664,0.39890733721892346,0
-0.617059947262088,-0.13761766624523294,0
-0.22032097596853664,1.021796015160417,1
-1.3437055326484846,-1.4387518374119241,2
1.455908636700935,-0.449960272551131,0
-0.9019313177632182,-1.715800922661724,2
-0.7287011993845156,-0.8489455403650582,0
0.14219472026569235,-1.7606039343283535,0
-0.6752354864436386,2.9476836459776474,1
-0.3991372913391692,2.9981706213099706,1
-0.4334644963506806,2.202833791823417,1
-0.5338034583228083,-1.2053634029795255,2
0.08252450170235845,-0.3979130688767332,2
0.2718232025340211,-1.490464625197466,0
-0.8370492886093931,-1.7067899554797796,2
0.6445945876575417,1.7213927396162985,1
0.3209373672365268,0.7523156843338713,1
-0.24654526832653692,-0.3849276740412218,0
-0.9579256239182413,-1.0061133620719032,0
-0.5510356553262036,2.5719383863782674,1
-0.15991832054156296,3.4165168827307393,1
0.6720444803110405,1.701920390820635,1
-0.22032097596853664,1.021796015160417,1
-0.40541432036447866,0.5176992185872835,0
-0.2153280439079232,-1.3755478045835388,0
-1.1441496297543159,-1.642741833018286,2
-1.119198300021771,-0.9983070618204817,2
1.1344105527960338,0.32688935170701683,1
-1.3616156143280789,-1.622935512489963,2
-1.1441496297543159,-1.642741833018286,2
-0.9945141055123385,-1.374762082469851,2
-1.3858665741175833,-1.6162026777810146,2
0.1365431624359212,2.1907917453982844,1
-0.26477893444694084,1.4357695672853152,1
21.9623821156911,-1.8320163957155002,3
-0.7844893885876557,-1.0740462944860647,0
0.5438425144382563,1.6930312925522606,1
1.800977810611068,0.1380562992540336,1
-0.9839299710259738,-1.6601516067422784,2
-0.22032097596853664,1.021796015160417,1
1.2274179636578912,-0.18161022752304276,0
-0.22032097596853664,1.021796015160417,1
-0.7597664747140153,-0.026751559913551645,2
0.1683842843749441,-1.4361235203636555,0
0.07187346337130826,2.021874636062419,1
-1.034785084265075,-0.9744620509988271,0
-0.8451423879869511,-0.2851696206430638,2
-0.33308096191325315,0.9160294137890448,1
-0.12087021107267977,1.6554454754580001,1
-0.4462419443550754,0.4513913456423624,0
0.8801101130276,1.0262995408217148,1
0.014780386569877044,-1.4461197882445558,0
-1.2379929540279409,-1.7339543585851946,2
0.21644921657722013,-1.5149981661328842,0
-0.5962294197980466,-1.1431149429917913,0
-0.6728454562930264,-0.5225343610290105,0
0.12106991540667333,-1.3696529679071647,0
0.4496270561395009,0.2994980425193058,0
-0.2876176033574664,0.39890733721892346,0
-0.2876176033574664,0.39890733721892346,0
-0.007340941040126253,0.07716356368832909,0
-1.3616156143280789,-1.622935512489963,2
-0.1845393068961306,0.022751538760421096,0
0.6165329020913835,-0.007105236540181242,0
1.8827635891676304,1.4205682571219567,1
-1.2428797508838276,-1.0908977412140055,2
-0.4514217549385299,-0.04303138332412362,0
0.34766026975474656,-0.38030286975488464,0
-0.39953370870043536,2.9973549845717216,1
0.28972804764359045,1.697841998553788,1
0.14219472026569235,-1.7606039343283535,0
-1.1441496297543159,-1.642741833018286,2
-0.7012979799723656,-1.088210173336354,0
-1.047220267440395,-0.9670500755763836,0
-1.0579538328215758,-0.4624240640760589,2
-0.13018468941575898,-1.4376489075483558,0
-0.6804155348600472,-0.5341491491009411,0
-0.14267612324368723,2.3270900310100022,1
-0.6747842127373807,2.948588828038164,1
-0.5739387111661738,0.19863057900291778,2
-0.46284779591186687,-0.07845337527552407,0
-1.1721073439415757,-1.7860798105757467,2
-1.2982848616085079,-1.498294669908201,2
-1.3145851592368791,-1.5792958427390982,2
-0.9019313177632182,-1.715800922661724,2
-0.26946269874741363,-1.3022121695846343,0
0.15192332121118704,0.6111827714175356,1
-0.9019313177632182,-1.715800922661724,2
-0.3418531176737539,2.3532636347597786,1
-1.3437055326484846,-1.4387518374119241,2
-0.6752354864436386,2.9476836459776474,1
-0.7031508135017189,-1.1039081255644132,0
-0.8454969560532064,-2.063035793647657,2
-0.40788881252942155,0.3889303452138884,0
-0.6506848336686871,-1.133819877609528,0
-1.1134818281237469,-1.5749659546172239,2
0.20434259051142584,1.2237408876504503,1
-0.4514217549385299,-0.04303138332412362,0
-0.5960673409666638,-1.2506332106810176,0
-0.7972600658819127,0.4011118308223094,2
-1.2392046434892026,-1.4654896027502196,2
6.43255992967436,-1.2073539484051241,3
-0.467154536669171,-0.520563518869877,2
2.0664261430391244,1.3390330831454347,1
0.14219472026569235,-1.7606039343283535,0
1.016237430203016,1.6759835150502675,1
-0.0911957692256092,2.206124446237018,1
-0.2876176033574664,0.39890733721892346,0
-1.2379929540279409,-1.7339543585851946,2
-1.1464063250903724,-1.5957995218381353,2
-1.1441496297543159,-1.642741833018286,2
-0.6040206247626092,-1.6573444125000698,2
-0.40386671910951133,0.32358690490699354,0
-0.8370492886093931,-1.7067899554797796,2
1.1758459015696663,1.705491063283337,1
-0.9503987413887455,-1.0079166874320786,0
0.16049918761758147,0.4693993895817629,1
-0.4920198947414873,-1.70679001207534,0
1.4908090170035826,-2.6560524862823147,2
-0.0862182387046818,2.155956043300988,1
-0.10412433811631995,0.48160075656571205,1
-0.8342152916359556,-0.7940955292150931,2
-0.364995804788331,0.2564501481741332,0
-0.22032097596853664,1.021796015160417,1
-0.5290601728455456,0.49455190209229183,1
1.9958225797516815,2.8609974629842987,1
3.203528473557787,0.817204728451636,1
-1.3616156143280789,-1.622935512489963,2
-1.0445588972441862,-1.8209609745464634,2
2.0664261430391244,1.3390330831454347,1
0.07343686084031484,2.366760568673874,1
-0.007256217290393247,-1.3002968376594777,0
-1.385923330316697,-1.6161921092926435,2
0.8279938788756545,1.3320594129567096,1
-0.21377521024295645,1.0144134943663676,1
-1.381840974138355,-1.6195778719867835,2
-0.6728454562930264,-0.5225343610290105,0
-1.2363113127279364,-1.7213106341988977,2
0.8781470118365647,2.1800660827806655,1
-0.6804155348600472,-0.5341491491009411,0
-1.3332632716275359,-1.4251727156363083,2
0.09284851716535178,1.3206446907588751,1
-0.1798824785424219,0.5701959670307305,1
-0.9839299710259738,-1.6601516067422784,2
0.47761860150538843,1.6612662286758144,1
-0.614459441749524,-1.2820773875972709,0
-0.489686008135279,-0.731997344068201,0
-1.0480976385636667,-0.9668800805955748,0
0.19079577954474372,0.33264269654476225,0
-0.2106196173188123,1.4381462370573161,1
0.14219472026569235,-1.7606039343283535,0
0.07608318048064168,0.5510531621747862,1
-0.3195774049647955,2.373389173567248,1
-0.43507188740901903,0.615037768212264,1
0.3276844182155186,1.3061595123633782,1
-1.1441496297543159,-1.642741833018286,2
-0.025094688077122822,1.4771044473672394,1
-0.13437960912828775,-1.1990081609665184,0
13.603870566388538,-1.8922915819891377,3
-0.9480166424478734,-0.5862062801319877,2
-1.240269747858931,-1.467082933940254,2
-0.036390095197339725,0.9184096902548556,1
0.180875654606089,2.853529707128627,1
0.5898354763901971,-1.5697358181305672,0
1.4908090170035826,-2.6560524862823147,2
-1.1441496297543159,-1.642741833018286,2
-0.6268829341682634,-1.1978779254297913,0
-0.30601309935280635,0.6769028298932382,1
-0.3946907139793451,3.006878488379489,1
-0.46284779591186687,-0.07845337527552407,0
-0.671025921273702,2.955836082989553,1
-0.9480166424478734,-0.5862062801319877,2
-0.22032097596853664,1.021796015160417,1
-0.36780305945431097,0.5496346294911699,1
-0.9839299710259738,-1.6601516067422784,2
-1.052463310814488,-0.9675057818712137,0
0.3375007275557392,-1.146501360126906,0
-0.39507524375458447,3.006149672768244,1
-0.13078666017895538,1.4907541352996385,1
-1.1441496297543159,-1.642741833018286,2
-0.08256954074398892,1.0756551420624914,1
0.14633737057301138,-1.6189633740806717,0
0.03484723637467063,2.191063766090047,1
0.5927959102754522,-1.3899751485078344,0
-1.3858665741175833,-1.6162026777810146,2
-0.4705055157412328,-1.3757470594230223,0
-1.049472645593823,-0.9700323055087585,0
-0.9879531241379723,-0.9975524178985476,0
-0.489686008135279,-0.731997344068201,0
-0.5139898754759012,0.4014464990314159,0
-0.6956148563694265,-1.0899442395884742,0
-0.6804155348600472,-0.5341491491009411,0
-0.6728454562930264,-0.5225343610290105,0
-0.22032097596853664,1.021796015160417,1
-1.0496917749332413,-0.9672435799340188,0
-0.3096183779957267,0.497815217158042,1
-1.1441496297543159,-1.642741833018286,2
-1.0567346203553765,-0.45979341511520305,2
-0.489686008135279,-0.731997344068201,0
-0.08372343725545227,-1.282966412715751,0
-1.119198300021771,-0.9983070618204817,2
-0.347353249268119,0.9887420231902673,1
-0.8451423879869511,-0.2851696206430638,2
-1.1441496297543159,-1.642741833018286,2
-0.3580982729931492,-0.6695964114054772,0
0.47771432512426,1.9096877434374622,1
2.82825352827821,0.5757564252488818,1
-0.21439785331287126,1.3994873785889588,1
-0.18466770097772753,3.6761918287993627,1
0.17017848716018494,2.670714638515645,1
-0.4557516218230264,0.29277527545697646,0
0.3926343130836079,2.5383221836880288,1
-1.2118243533575157,-1.6457376733374403,2
-0.5247990614848103,1.1210669855465065,1
-0.13781726240013667,-1.416299118511661,0
-0.03849572914239675,0.20621211663272254,0
-0.6728454562930264,-0.5225343610290105,0
0.7903433643540193,2.1027691558298174,1
0.23189643726947973,2.001364139402394,1
-0.9839299710259738,-1.6601516067422784,2
0.3926343130836079,2.5383221836880288,1
-1.1028378999289936,-1.6551981148350796,2
-0.6040206247626092,-1.6573444125000698,2
-0.489686008135279,-0.731997344068201,0
-0.21021568384613648,1.3962596958365359,1
-0.29299162730390677,-0.0017111017684827898,0
0.2718232025340211,-1.490464625197466,0
-0.21377521024295645,1.0144134943663676,1
-0.6040206247626092,-1.6573444125000698,2
-1.2406662643995523,-1.7379803668841354,2
-1.240269747858931,-1.467082933940254,2
-0.8631527539487027,-2.0544259606517015,2
0.08252450170235845,-0.3979130688767332,2
-0.489686008135279,-0.731997344068201,0
0.09284851716535178,1.3206446907588751,1
-1.2368626186870568,-1.7410954318828122,2
0.04261624383800927,1.1527711274245651,1
-0.028910971117861017,0.8410511361703974,1
-0.19848481682717692,1.3604718834237215,1
-0.7226447657739622,-0.6543241798718903,2
2.1952923158328055,-1.773569011363821,0
-1.119198300021771,-0.9983070618204817,2
-0.6752354864436386,2.9476836459776474,1
0.21123554934690456,1.9614845727111603,1
-1.3265555353397027,-1.4061020959394115,2
0.19079577954474372,0.33264269654476225,0
-0.5090163426650992,0.16332866070100943,0
0.8781470118365647,2.1800660827806655,1
-0.6746908118234015,2.948775000137868,1
-1.3326082504690884,-1.423867528011358,2
-0.36861231441473147,0.2854876165386039,0
-0.9839299710259738,-1.6601516067422784,2
-0.489686008135279,-0.731997344068201,0
-0.814081363324062,-0.8045948071691427,2
0.12576943557458187,2.078220955881573,1
-0.0862182387046818,2.155956043300988,1
-0.5739387111661738,0.19863057900291778,2
4.636265690041908,1.2993836535391199,1
0.25544306809766304,1.7322144034737315,1
-0.6728454562930264,-0.5225343610290105,0
-0.9480166424478734,-0.5862062801319877,2
-0.3521063090263448,0.08123526587307849,0
0.23361819527270308,-1.4376169829551455,0
-0.9839299710259738,-1.6601516067422784,2
-0.6747842127373807,2.948588828038164,1
1.7435504667445796,1.5277218388874148,1
1.5270142587180415,2.461564617755983,1
-0.8370492886093931,-1.7067899554797796,2
-0.6576939609129169,-0.17468355002941974,0
0.12106991540667333,-1.3696529679071647,0
0.2922308380492858,1.4344709268825915,1
-0.39924440436406144,1.4886090953826139,1
0.5216410977895639,1.7690849781970295,1
-0.003233628310117282,-1.3663326950258785,0
-1.3616156143280789,-1.622935512489963,2
0.5438425144382563,1.6930312925522606,1
-0.620895968099329,0.1922456169708609,0
13.603870566388538,-1.8922915819891377,3
-0.012932378079165523,1.9844783029350672,1
0.5122358210863683,2.2527923510568946,1
-0.26069980296658024,-1.5282783941883302,0
-1.094180259165887,-0.768925461811687,2
1.1758459015696663,1.705491063283337,1
-0.5960673409666638,-1.2506332106810176,0
0.19079577954474372,0.33264269654476225,0
-0.5111030657439101,0.154632361706824,0
-0.49724375154116596,2.6320696943811486,1
-0.5960673409666638,-1.2506332106810176,0
-1.1441496297543159,-1.642741833018286,2
-0.9839299710259738,-1.6601516067422784,2
-0.3945594870355307,3.0071264061903262,1
-1.2676387976513361,-1.3786983499784147,2
0.006455367327467934,1.1542086700678573,1
-0.6731499682147165,2.951795834415677,1
-0.5739387111661738,0.19863057900291778,2
-0.6804155348600472,-0.5341491491009411,0
-1.1441496297543159,-1.642741833018286,2
-0.302952284685796,3.678724263854126,1
-0.8519065862917755,-0.4457425916463648,2
1.800977810611068,0.1380562992540336,1
-0.0814992704880791,1.761407247751156,1
-1.3616156143280789,-1.622935512489963,2
-0.46284779591186687,-0.07845337527552407,0
-1.240269747858931,-1.467082933940254,2
-1.3616156143280789,-1.622935512489963,2
-0.489686008135279,-0.731997344068201,0
-0.5388876223918758,0.7097779375119703,1
0.0016805500818194061,1.6931968225755158,1
-0.007256217290393247,-1.3002968376594777,0
-0.22032097596853664,1.021796015160417,1
-0.22032097596853664,1.021796015160417,1
5.8461251350895855,0.6626331626042982,1
0.3200757543280637,-1.5183560519402344,0
0.1645373323036539,1.8467500601218556,1
-0.6225420156096253,0.7518351582828386,1
0.16850189980166935,1.8907769178947733,1
0.3375007275557392,-1.146501360126906,0
-0.12409650051415054,1.8362107756471107,1
-0.10412433811631995,0.48160075656571205,1
-0.4999231934136536,-1.107039044810768,0
0.9351356071531414,2.2242245105052016,1
-0.6489307464786559,-1.1152629097986986,0
-0.26946269874741363,-1.3022121695846343,0
-0.3421764544078101,2.3525672919394163,1
0.7403862033183392,-1.9577376979633163,0
-1.2363113127279364,-1.7213106341988977,2
-0.94840230447562,-0.16241449347001796,2
-1.3616156143280789,-1.622935512489963,2
-0.297884685978707,1.0065889031922686,1
-1.32664700422468,-1.569071977509644,2
-1.235846010279358,-1.7326392356510691,2
0.5097106992135971,1.6248895039880316,1
-0.20484066592281136,1.2573443054622069,1
-1.3858665741175833,-1.6162026777810146,2
-0.007340941040126253,0.07716356368832909,0
-0.2876176033574664,0.39890733721892346,0
0.4599756060050507,-1.5782380516700172,0
-1.3616156143280789,-1.622935512489963,2
13.603870566388538,-1.8922915819891377,3
0.5097106992135971,1.6248895039880316,1
0.10097319768229081,0.9229253004610216,1
-0.08053373908765722,1.719116708684601,1
-0.6728454562930264,-0.5225343610290105,0
-0.364995804788331,0.2564501481741332,0
-0.20484066592281136,1.2573443054622069,1
1.5796679053487732,-1.5230935317854493,0
-0.21770801421921288,2.1822102808779875,1
-0.07741856573536214,-1.4125618434415386,0
0.38680381628487837,-1.4780351163664454,0
-0.9897868628701129,-0.9407134265267351,2
-0.5589953584133186,1.9364043828377324,1
-0.010318316249982813,0.30583589052176874,1
-1.240269747858931,-1.467082933940254,2
-0.4457195299057193,2.7957619855285154,1
0.09284851716535178,1.3206446907588751,1
-1.3858665741175833,-1.6162026777810146,2
-0.814081363324062,-0.8045948071691427,2
-0.9444176629957528,-0.8673563085490814,2
-0.13850985867285975,1.5718403659863935,1
1.0908662872912775,1.6933563495102346,1
0.1365431624359212,2.1907917453982844,1
-0.20772380803897708,1.0298442732518904,1
0.12106991540667333,-1.3696529679071647,0
-0.08575443855171436,-0.666738855282698,0
-0.5739387111661738,0.19863057900291778,2
-1.256614272354741,-1.3715174215038215,2
0.08072305250120705,-0.32394217172997336,0
-0.8584350265519577,-1.1589859683557422,2
-0.20484066592281136,1.2573443054622069,1
0.5472453174288462,-2.124018325494621,0
-0.5644403663710513,-1.2464982168363388,0
0.3375007275557392,-1.146501360126906,0
-0.2419649440270689,-1.6071528349332616,0
-0.09170011804276632,1.9797646862020524,1
4.12004990544678,-3.4283943559553025,2
-1.185050774412328,-1.7236629277101503,2
1.334873473412487,1.1203397585219503,1
0.8781470118365647,2.1800660827806655,1
-0.489686008135279,-0.731997344068201,0
-0.364995804788331,0.2564501481741332,0
-1.094926532366489,-1.0763785211990833,2
-0.489686008135279,-0.731997344068201,0
1.5498206473103813,2.4470171414390407,1
0.9808415526658165,-1.5134268571046285,0
-0.364995804788331,0.2564501481741332,0
-0.631645627067971,-1.1318283116625503,0
-0.469853450125007,0.10922434441403626,0
-1.340947708660463,-1.4326994999255243,2
0.5446955369612951,2.4378703279432252,1
1.5382897214988793,-1.078962491737879,0
-0.41603589874243563,-1.3153639512457604,0
0.05510314356587395,1.1340527916570238,1
-0.9480166424478734,-0.5862062801319877,2
-0.6040206247626092,-1.6573444125000698,2
-0.236079877450098,1.3366202045745381,1
-1.1388751641092159,-1.5500067194449438,2
-0.4234095139228305,-1.1558466651508603,0
-1.3326082504690884,-1.423867528011358,2
0.09284851716535178,1.3206446907588751,1
-0.9510808095939546,-1.5501211916534097,2
-1.3332632716275359,-1.4251727156363083,2
-0.4920198947414873,-1.70679001207534,0
-0.42797453191179974,0.4031304859401247,1
-0.2346533654418591,-1.6627540828505898,0
-0.4951141251417782,2.8358269952764728,1
-0.6868670728018085,-0.15748908059794245,0
-1.3616156143280789,-1.622935512489963,2
-0.2666008948107334,-1.3336002560931042,0
-0.13018468941575898,-1.4376489075483558,0
0.9389172113632712,0.9342683231792405,1
-0.08575443855171436,-0.666738855282698,0
-0.8631527539487027,-2.0544259606517015,2
-0.9879531241379723,-0.9975524178985476,0
-0.9839299710259738,-1.6601516067422784,2
0.34622124622967165,-1.5236537542124837,0
-0.6747842127373807,2.948588828038164,1
-0.9164316695672309,-0.7981283830346504,2
-0.6547671632052167,-0.19319753713633786,2
-0.552997227581039,2.5673543594036334,1
-0.07820598554394001,1.1817959550309614,1
-0.765595739792054,-0.4337668541844924,0
-1.1441496297543159,-1.642741833018286,2
0.16850189980166935,1.8907769178947733,1
1.1901545128251019,2.0618955011115783,1
0.17355076577540565,1.3180209914400318,1
-0.15368020873933305,0.8510269256176912,1
0.01924217838974901,0.5029838045218986,1
-0.33906217699951663,0.6206518346193565,1
-0.33906217699951663,0.6206518346193565,1
-0.6889711880343671,-0.1498674811790576,0
-0.0862182387046818,2.155956043300988,1
0.14219472026569235,-1.7606039343283535,0
-0.424842037700553,0.47617711112091865,0
-1.3326082504690884,-1.423867528011358,2
-0.5338516892387457,1.0670418968889979,1
-0.21377521024295645,1.0144134943663676,1
0.09284851716535178,1.3206446907588751,1
2.5261367507782113,0.35622988523273247,1
-0.48856495115167436,-0.8120967652829454,2
3.589625091569324,1.132997007379463,1
-0.6547671632052167,-0.19319753713633786,2
1.413474946167014,-0.3493382628113294,0
0.19079577954474372,0.33264269654476225,0
-0.8584350265519577,-1.1589859683557422,2
13.603870566388538,-1.8922915819891377,3
-0.6607675956811627,-0.053580759519686855,0
-0.4514217549385299,-0.04303138332412362,0
-0.6740073890498901,-0.21323059457584226,0
-0.9480166424478734,-0.5862062801319877,2
-1.0078941284098173,-0.985908423986542,0
-0.012932378079165523,1.9844783029350672,1
0.40860259229234286,-1.0947412348601688,0
0.5414344980704856,0.026422452077540848,0
1.0908662872912775,1.6933563495102346,1
0.19079577954474372,0.33264269654476225,0
-0.5048154859172143,2.432229501229714,1
4.021667278729968,0.031659848535655885,1
-0.46284779591186687,-0.07845337527552407,0
0.2718232025340211,-1.490464625197466,0
-0.1186384310604649,1.962642988427193,1
1.5727618045674245,0.39596465691446064,1
0.9286770403498109,1.2575752676379883,1
-1.175738590030443,-1.5980359184901107,2
-0.5042022542795999,2.433601305903936,1
1.344342183662084,1.5318261676341973,1
-1.3616156143280789,-1.622935512489963,2
-0.6524296544739504,-0.08953963184122844,0
2.0664261430391244,1.3390330831454347,1
0.11233946304107462,1.112199825147457,1
-1.3616156143280789,-1.622935512489963,2
-0.12625500834053885,-1.4302327747332806,0
-0.33906217699951663,0.6206518346193565,1
-0.1050965166743834,1.161917636607198,1
-1.0493510321455137,-0.9668646046501901,0
0.16049918761758147,0.4693993895817629,1
2.5261367507782113,0.35622988523273247,1
-0.10412433811631995,0.48160075656571205,1
-0.4375348103260492,0.39719280492242864,0
13.603870566388538,-1.8922915819891377,3
-0.4558829103767495,1.8219982406000945,1
-1.094180259165887,-0.768925461811687,2
-0.4999231934136536,-1.107039044810768,0
-0.4234095139228305,-1.1558466651508603,0
0.2643276108594489,-0.261790241266762,0
0.14219472026569235,-1.7606039343283535,0
-0.3016511375536513,-1.4188597604330122,0
0.14219472026569235,-1.7606039343283535,0
-0.36884131608362947,2.0007058808695133,1
0.14219472026569235,-1.7606039343283535,0
-1.0249967644756575,-0.020390458895408012,2
-0.03855829367257229,-1.1841019395904882,0
0.08208147147721721,1.9751755183147037,1
-1.1441496297543159,-1.642741833018286,2
0.0057255330934426266,1.8692623816151666,1
-0.578325547725383,0.13812723280744169,0
-0.5739387111661738,0.19863057900291778,2
-0.22032097596853664,1.021796015160417,1
-0.7168437057040774,-1.1399656857406013,0
-0.7629908504997147,0.04570608070293124,2
-0.5796955622813036,-0.35475848949933825,0
1.7428057640005687,0.2713789835383054,0
-0.9815233492919127,-0.6916302293615909,2
0.16850189980166935,1.8907769178947733,1
-0.23420174559113716,-0.4404753765361741,0
0.09284851716535178,1.3206446907588751,1
-0.8443831843641616,-1.0678309062597697,0
-0.6752354864436386,2.9476836459776474,1
0.5396327826036914,-1.525831732837509,0
0.971321499380562,1.5174641048667457,1
-0.51208936320511,-1.3350735180295736,0
0.014780386569877044,-1.4461197882445558,0
-0.9480166424478734,-0.5862062801319877,2
-0.31248520874330327,0.7166638565000403,1
1.800977810611068,0.1380562992540336,1
0.14283977075525564,-0.5850135192122369,0
-0.6763720260972892,2.945356489595077,1
-0.9480166424478734,-0.5862062801319877,2
-0.25989699859704707,2.9019334011760924,1
-0.22032097596853664,1.021796015160417,1
0.2975939380583975,1.8845775082269163,1
-0.5594824403031048,1.935204791857984,1
-1.1441496297543159,-1.642741833018286,2
1.4908090170035826,-2.6560524862823147,2
-0.6804155348600472,-0.5341491491009411,0
-0.364995804788331,0.2564501481741332,0
-0.6268829341682634,-1.1978779254297913,0
-1.3616156143280789,-1.622935512489963,2
-0.6804155348600472,-0.5341491491009411,0
-0.6747842127373807,2.948588828038164,1
0.7181724611081363,1.641406755334364,1
-0.1845393068961306,0.022751538760421096,0
-0.05152539675593872,2.3743078827562547,1
-0.0056603131965287596,0.6922346181667512,1
0.4984712781907946,1.6348575660505174,1
-0.33906217699951663,0.6206518346193565,1
-0.364995804788331,0.2564501481741332,0
0.24734114245887187,1.7508096363398955,1
-0.6747842127373807,2.948588828038164,1
-0.22032097596853664,1.021796015160417,1
-1.0325985530738298,-0.2852056587767631,2
0.17443099060838851,0.880624069545237,1
-0.8370492886093931,-1.7067899554797796,2
-0.6737959519119924,-0.09297343404451239,0
0.3375007275557392,-1.146501360126906,0
-0.9900387071552684,-0.992655876263079,0
-1.2363113127279364,-1.7213106341988977,2
-0.3195774049647955,2.373389173567248,1
-0.4375348103260492,0.39719280492242864,0
-0.2709149622361568,3.009456732163281,1
-0.39069587082978635,-1.2666110698558872,0
0.6593083852064852,1.797630087123242,1
1.0908662872912775,1.6933563495102346,1
-0.9019313177632182,-1.715800922661724,2
-0.03187349205139189,-1.4534744769525134,0
-0.0862182387046818,2.155956043300988,1
-0.3062053306825859,0.7180889339445539,1
-0.6728454562930264,-0.5225343610290105,0
-1.1278875314898793,-1.0529150424916336,2
-0.30011615748282316,-1.3099534040209593,0
-0.06987599047280994,0.026053137618456068,0
-1.094180259165887,-0.768925461811687,2
0.9277165016355835,2.0105638448915033,1
-1.0249967644756575,-0.020390458895408012,2
1.825217683985174,-0.44337003686142235,0
-0.009728021211089996,1.0820505287182252,1
-0.39953370870043536,2.9973549845717216,1
-0.364995804788331,0.2564501481741332,0
-0.9839299710259738,-1.6601516067422784,2
-1.2515728576921514,-1.6098036089757748,2
0.09284851716535178,1.3206446907588751,1
-0.9480166424478734,-0.5862062801319877,2
4.12004990544678,-3.4283943559553025,2
-0.9700233825129898,-0.4190611843972832,2
-0.21726152911825525,0.01993345201517661,0
-0.43507188740901903,0.615037768212264,1
-1.1134818281237469,-1.5749659546172239,2
-0.2876176033574664,0.39890733721892346,0
1.555501795535804,1.720448381444276,1
0.1387036394392262,0.896927618590901,1
-1.093130265203592,-1.3646342862747942,2
-0.3500430203508671,2.3041567131359972,1
-0.4234095139228305,-1.1558466651508603,0
0.7044669279190658,0.542663101090399,1
-0.6129921986914609,1.1660418886480275,1
-0.4369081037992458,2.1783697268986746,1
-0.40075777336026114,-0.4319948265675159,0
-0.24654526832653692,-0.3849276740412218,0
2.5261367507782113,0.35622988523273247,1
0.07895117697557778,0.589994864463694,1
-0.24654526832653692,-0.3849276740412218,0
-0.6746908118234015,2.948775000137868,1
-0.24277770029696963,1.1690587978270628,1
-1.2515728576921514,-1.6098036089757748,2
0.14219472026569235,-1.7606039343283535,0
-0.33308096191325315,0.9160294137890448,1
-0.4341116537121137,-0.22325305349195046,0
-0.5338516892387457,1.0670418968889979,1
-1.3858665741175833,-1.6162026777810146,2
4.639117410974577,1.690082838900481,1
-1.183115780163534,-1.5736740350874014,2
-1.1028378999289936,-1.6551981148350796,2
-1.1441496297543159,-1.642741833018286,2
0.12904756419032537,-1.757280624011911,0
0.06515954857640335,1.17862830948968,1
0.9424136695919573,1.9819892219367354,1
-0.2876176033574664,0.39890733721892346,0
0.014780386569877044,-1.4461197882445558,0
-0.08372343725545227,-1.282966412715751,0
0.040980100359867794,-1.4385209815573676,0
0.9871217892031009,-0.060684579959663164,0
-0.10412433811631995,0.48160075656571205,1
0.07608318048064168,0.5510531621747862,1
-0.03187349205139189,-1.4534744769525134,0
-1.3326082504690884,-1.423867528011358,2
0.9963285032910579,0.4076337294887548,1
-0.7583121777744768,-1.2637306864038231,2
0.9871217892031009,-0.060684579959663164,0
-0.22032097596853664,1.021796015160417,1
-1.1441496297543159,-1.642741833018286,2
0.14219472026569235,-1.7606039343283535,0
-0.2876176033574664,0.39890733721892346,0
0.5172325008206748,0.030776394693600797,0
-0.6638825155563789,0.39474198864465704,2
2.2993405641670366,1.688846641918289,1
-0.7416363998509722,-1.1177592671605685,0
-0.29385620459047607,2.5095670895872892,1
-0.03187349205139189,-1.4534744769525134,0
-1.1951334134229252,-0.4594989480443921,2
-0.9839299710259738,-1.6601516067422784,2
-0.1591602667929301,0.9567399707300293,1
-0.46284779591186687,-0.07845337527552407,0
-1.2450791468489473,-1.4790730864146513,2
0.14219472026569235,-1.7606039343283535,0
-0.6804155348600472,-0.5341491491009411,0
-0.10412433811631995,0.48160075656571205,1
-1.3616156143280789,-1.622935512489963,2
-0.4313678280741115,0.38000975606975723,0
-0.6752354864436386,2.9476836459776474,1
-0.15991832054156296,3.4165168827307393,1
-0.22032097596853664,1.021796015160417,1
-1.0102132863245026,-0.9830688408173225,0
0.10542217869971116,-1.4813427118398854,0
-0.5210597406245665,-1.1807663646161348,0
-0.364995804788331,0.2564501481741332,0
-1.0563774225162081,-0.45904179876959866,2
1.061394211556532,1.714281596020181,1
-0.4374787374052922,1.3474506315739805,1
0.5297096745221558,-1.3983227385759893,0
0.5174263719011302,-1.5441269803069062,0
0.025897205996196316,1.3455532634534826,1
0.7142826169340181,-1.589761535536505,0
-0.0862182387046818,2.155956043300988,1
-1.093130265203592,-1.3646342862747942,2
-0.3898718874159695,-1.2408408524353098,0
-0.4578517331153588,0.2640755301774511,0
-0.5425916069677287,0.03160265326838121,0
0.05736379954840384,1.1315406969646695,1
-0.6779293180635221,-0.5732383745506163,2
-1.3326082504690884,-1.423867528011358,2
-0.48856495115167436,-0.8120967652829454,2
0.14219472026569235,-1.7606039343283535,0
-1.3616156143280789,-1.622935512489963,2
3.4950932576183287,-2.7216374177512836,2
-0.21821564874196953,-1.3436401676530236,0
0.16077797084007658,-1.5278732895483607,0
-0.40075777336026114,-0.4319948265675159,0
-0.5739387111661738,0.19863057900291778,2
-0.1845393068961306,0.022751538760421096,0
0.10097319768229081,0.9229253004610216,1
-0.47502930200177773,-1.3029469399762215,0
0.17401887016773346,1.045849812002004,1
-0.8454969560532064,-2.063035793647657,2
-0.2215966217630637,0.26159573335572905,1
-0.3964666063916682,2.148316591850445,1
-1.039171462840398,-0.9180310958484028,2
-0.3993775721003272,2.9976772720691995,1
-0.4122210228687117,0.592021172859685,1
-0.8370492886093931,-1.7067899554797796,2
-0.17876574560459302,1.4819154037113689,1
1.0085100648069592,1.6811675741860181,1
-0.4514217549385299,-0.04303138332412362,0
-0.9480166424478734,-0.5862062801319877,2
1.5449642183196588,0.4153086302719656,1
-0.3521063090263448,0.08123526587307849,0
0.04294277956582215,1.1520906579446046,1
0.0008142728033702591,0.7487731589061316,1
0.4984712781907946,1.6348575660505174,1
0.014780386569877044,-1.4461197882445558,0
-0.033716131303748946,-1.4581141771492676,0
-0.2153280439079232,-1.3755478045835388,0
0.03313285973026338,1.1978990485033583,1
1.1413175063540093,-1.0038493281684464,0
-1.1629389795135958,-1.2812732320666387,2
-0.9480166424478734,-0.5862062801319877,2
-0.43692178649623775,2.1784148081096544,1
-0.364995804788331,0.2564501481741332,0
13.603870566388538,-1.8922915819891377,3
-1.0579538328215758,-0.4624240640760589,2
-1.1441496297543159,-1.642741833018286,2
-1.240269747858931,-1.467082933940254,2
0.16850189980166935,1.8907769178947733,1
-0.39953370870043536,2.9973549845717216,1
0.025897205996196316,1.3455532634534826,1
-1.1721073439415757,-1.7860798105757467,2
-0.06987599047280994,0.026053137618456068,0
-0.08575443855171436,-0.666738855282698,0
-0.6752354864436386,2.9476836459776474,1
-0.6804155348600472,-0.5341491491009411,0
-1.3326082504690884,-1.423867528011358,2
0.7480524469102895,0.5156522368088606,1
-0.8584350265519577,-1.1589859683557422,2
0.23361819527270308,-1.4376169829551455,0
-0.39953370870043536,2.9973549845717216,1
-1.1441496297543159,-1.642741833018286,2
-0.236079877450098,1.3366202045745381,1
-1.3616156143280789,-1.622935512489963,2
-0.4001984864665582,2.995966454344325,1
-0.36780305945431097,0.5496346294911699,1
-0.36780305945431097,0.5496346294911699,1
-0.36611784895943034,1.285197932459519,1
-0.5594824403031048,1.935204791857984,1
0.19079577954474372,0.33264269654476225,0
-0.2876176033574664,0.39890733721892346,0
-0.8767315106974475,-1.917073797484595,2
-0.9897868628701129,-0.9407134265267351,2
0.09284851716535178,1.3206446907588751,1
-1.3590964200697147,-1.6324172662283176,2
-0.5739387111661738,0.19863057900291778,2
-0.5466614448311617,-1.246745611657902,0
-0.4053431398277242,1.4478852242109312,1
-1.3616156143280789,-1.622935512489963,2
-1.0550310704328592,-0.4562710284423269,2
5.8461251350895855,0.6626331626042982,1
-0.6040206247626092,-1.6573444125000698,2
-0.6673872701323983,-0.18515220240013122,0
0.08252450170235845,-0.3979130688767332,2
13.603870566388538,-1.8922915819891377,3
-0.41603589874243563,-1.3153639512457604,0
0.7813224694323252,0.41395153663000206,1
0.6038654911937007,2.0542581763103303,1
0.016656014400317568,0.5055038832753794,1
-0.3991372913391692,2.9981706213099706,1
1.1344105527960338,0.32688935170701683,1
-0.9839299710259738,-1.6601516067422784,2
-1.030118245723957,-0.9796598145330025,0
0.24186492299602227,0.8517132079593283,1
-0.49085483356751697,1.2520426313008355,1
0.7719124429511548,1.2005539248560337,1
-0.21377521024295645,1.0144134943663676,1
1.1901545128251019,2.0618955011115783,1
-0.6746908118234015,2.948775000137868,1
-0.033716131303748946,-1.4581141771492676,0
0.03484723637467063,2.191063766090047,1
-0.9539882174468992,-1.3717674708475882,2
-0.05524030391509658,1.6591395156948388,1
-0.2706975843196251,0.19909089118248058,0
-1.2368626186870568,-1.7410954318828122,2
0.3924257988591129,2.146552510034388,1
7.591127935611819,0.6152605198093786,3
0.5229176698472903,-1.3959565454955565,0
-0.09124987252751939,2.336939472662277,1
-1.1059600720818399,-1.500912214658612,2
0.16850189980166935,1.8907769178947733,1
-1.3332632716275359,-1.4251727156363083,2
0.016656014400317568,0.5055038832753794,1
-0.033716131303748946,-1.4581141771492676,0
0.051336243670688814,-1.44128193757043,0
-0.6524296544739504,-0.08953963184122844,0
-0.3802773076939921,2.2966735415004487,1
-0.5070455802047584,3.1945936146084533,1
1.2274179636578912,-0.18161022752304276,0
-0.36780305945431097,0.5496346294911699,1
-0.12625500834053885,-1.4302327747332806,0
13.603870566388538,-1.8922915819891377,3
-1.3616156143280789,-1.622935512489963,2
0.3209373672365268,0.7523156843338713,1
1.1758459015696663,1.705491063283337,1
-1.3463591097500307,-1.6368292434438008,2
-0.47514007276970216,0.9791251283466273,1
-0.37696785279413536,-0.45248745022444953,0
-0.3418531176737539,2.3532636347597786,1
-1.2363113127279364,-1.7213106341988977,2
-0.7142282693063549,-1.0905799547386603,0
0.8828984418787396,-1.814281315447567,0
-0.3642376393036884,-0.01325134641808037,0
-0.5960673409666638,-1.2506332106810176,0
0.1365431624359212,2.1907917453982844,1
-1.039171462840398,-0.9180310958484028,2
-0.6804155348600472,-0.5341491491009411,0
1.016237430203016,1.6759835150502675,1
-0.7899801480239843,-1.0747974731927978,0
-0.24654526832653692,-0.3849276740412218,0
1.3273999827541882,0.8857488609075914,1
0.03484723637467063,2.191063766090047,1
-1.164147485992858,-1.3215664484647427,2
-0.6731499682147165,2.951795834415677,1
-0.08575443855171436,-0.666738855282698,0
-0.39069587082978635,-1.2666110698558872,0
1.5449642183196588,0.4153086302719656,1
-0.388009710237055,0.5526265519241567,1
0.09284851716535178,1.3206446907588751,1
-1.3858665741175833,-1.6162026777810146,2
-0.21377521024295645,1.0144134943663676,1
0.5438425144382563,1.6930312925522606,1
-0.8584350265519577,-1.1589859683557422,2
2.174054309021239,0.8424270756614546,1
-0.9839299710259738,-1.6601516067422784,2
0.14366230876111355,1.2220898757752412,1
-1.1494969336319103,-1.8019219248542853,2
-0.9470833978690416,-1.013516660132543,0
-0.8794119823638252,-1.0649300645579154,0
-0.5810139825045161,-1.7554104611749721,2
-0.2876176033574664,0.39890733721892346,0
-0.6804155348600472,-0.5341491491009411,0
-0.623525074104168,1.6177308210228143,1
-1.1028378999289936,-1.6551981148350796,2
0.5396327826036914,-1.525831732837509,0
-0.6779293180635221,-0.5732383745506163,2
-0.9815233492919127,-0.6916302293615909,2
-0.22032097596853664,1.021796015160417,1
0.16049918761758147,0.4693993895817629,1
-0.5960673409666638,-1.2506332106810176,0
-0.017149001162849318,-1.443165753752527,0
-0.6804155348600472,-0.5341491491009411,0
6.722669330601358,-0.48121546648025865,3
-0.3728464219125231,1.591437138401528,1
-1.1321373578774372,-1.6014448036929643,2
0.17272452694100648,0.993824345966004,1
-1.1441496297543159,-1.642741833018286,2
-0.641852552719603,-0.5184459179759716,2
0.00753233556263003,-1.5656989963046346,0
0.30778717340649425,-1.3337592936099365,0
0.045741594836572724,-1.5892630909970982,0
-0.12074037073478133,-1.365722497430153,0
-0.0862182387046818,2.155956043300988,1
-0.8224491560173147,-1.0711341263796181,0
-0.489686008135279,-0.731997344068201,0
-0.6673530901633955,0.9487523472878211,1
-0.017149001162849318,-1.443165753752527,0
0.04294277956582215,1.1520906579446046,1
-0.08372343725545227,-1.282966412715751,0
-1.1278875314898793,-1.0529150424916336,2
0.6146225371472426,0.22444350508196936,0
-1.3858665741175833,-1.6162026777810146,2
-1.3326082504690884,-1.423867528011358,2
-0.9405357274031103,-1.0083963754833671,0
-0.6728454562930264,-0.5225343610290105,0
-1.094180259165887,-0.768925461811687,2
0.8828984418787396,-1.814281315447567,0
0.6657052879546815,1.7910832291555023,1
-0.9201298730067192,-1.5952914193836623,2
0.5297096745221558,-1.3983227385759893,0
0.03710542565058117,1.952899892791355,1
-0.09883537011873292,1.9998663615492578,1
-0.3103743177278722,0.9425663984545599,1
-0.4313678280741115,0.38000975606975723,0
-0.8370492886093931,-1.7067899554797796,2
-0.3983699808707981,2.999726521854641,1
0.14219472026569235,-1.7606039343283535,0
-0.6311604326130423,-1.1435717849443379,0
-1.1441496297543159,-1.642741833018286,2
-1.1464063250903724,-1.5957995218381353,2
-0.6752354864436386,2.9476836459776474,1
-0.39880513158174546,2.9988476583323216,1
-0.05524030391509658,1.6591395156948388,1
-0.276700328685615,4.144157803830947,1
0.5446955369612951,2.4378703279432252,1
-0.4514217549385299,-0.04303138332412362,0
-0.22032097596853664,1.021796015160417,1
0.517187986324458,-0.44919252774910085,0
-0.07663225256130407,1.0674141992621906,1
4.68286005367015,1.3341636614154917,1
2.6541471838932904,0.3424062785276751,1
-0.2362925975704607,-1.263809871324451,0
0.6802555474130226,-1.7589339140846223,0
-0.9480166424478734,-0.5862062801319877,2
-0.0862182387046818,2.155956043300988,1
-0.6731151768946746,-0.2109099038032963,0
-0.2884118963433759,1.0527960559427711,1
-0.6524296544739504,-0.08953963184122844,0
-0.3599892592402566,1.5705554951646183,1
0.38192960327767517,0.6968194950047771,1
-0.22032097596853664,1.021796015160417,1
-0.6144405380900109,1.1809362504071335,1
-1.1441496297543159,-1.642741833018286,2
-0.8750503954805501,-1.06276185420845,0
-1.1028378999289936,-1.6551981148350796,2
-0.13781726240013667,-1.416299118511661,0
7.591127935611819,0.6152605198093786,3
0.00111258207655973,1.554003375136551,1
0.28972804764359045,1.697841998553788,1
2.416577247539384,0.6865768798854758,1
-0.7097532523814559,-0.09801821517157634,0
-1.2392046434892026,-1.4654896027502196,2
-0.22032097596853664,1.021796015160417,1
-0.9839299710259738,-1.6601516067422784,2
-1.0753738326619662,-1.6636047473336257,2
-0.2673008675336716,1.4475587041353806,1
-0.5283389677501464,4.0277253998163784,1
-0.469853450125007,0.10922434441403626,0
-1.3326082504690884,-1.423867528011358,2
0.010603535192463327,2.152518838884042,1
-0.22032097596853664,1.021796015160417,1
-0.06604960131383925,1.8324687492192744,1
-0.47719244967354296,0.5627858728110402,1
-0.3062053306825859,0.7180889339445539,1
-0.3695196930455902,-0.07356774139813779,0
-0.623525074104168,1.6177308210228143,1
-0.2876176033574664,0.39890733721892346,0
-0.9539882174468992,-1.3717674708475882,2
1.2274179636578912,-0.18161022752304276,0
-0.6747842127373807,2.948588828038164,1
0.14219472026569235,-1.7606039343283535,0
-0.04083872175017444,2.1229867201048873,1
-0.3580982729931492,-0.6695964114054772,0
0.7403862033183392,-1.9577376979633163,0
-0.12625500834053885,-1.4302327747332806,0
-1.331582796727082,-1.4218565364718454,2
0.10542217869971116,-1.4813427118398854,0
-1.2717299638590394,-1.6425363427091089,2
-0.6338490807558627,0.40746748804239935,2
-0.22615508066062517,2.2648871367362213,1
-0.872648150380425,-1.0346942046884913,0
-0.47502930200177773,-1.3029469399762215,0
-0.3195774049647955,2.373389173567248,1
0.7181724611081363,1.641406755334364,1
-0.4578517331153588,0.2640755301774511,0
-0.6576939609129169,-0.17468355002941974,0
1.8514139194683226,-2.282079306729462,2
0.8781470118365647,2.1800660827806655,1
-0.6804155348600472,-0.5341491491009411,0
-0.08710026697537637,1.084169611726584,1
-0.0911957692256092,2.206124446237018,1
0.7115692324312778,-1.4516697857422856,0
6.43255992967436,-1.2073539484051241,3
-0.5388876223918758,0.7097779375119703,1
-0.2876176033574664,0.39890733721892346,0
-0.6752354864436386,2.9476836459776474,1
0.22042310848259886,1.3968318619571092,1
-1.2982848616085079,-1.498294669908201,2
0.25544306809766304,1.7322144034737315,1
-0.9839299710259738,-1.6601516067422784,2
-0.6696060906814213,-1.1003882451969191,0
0.5438425144382563,1.6930312925522606,1
0.8828984418787396,-1.814281315447567,0
-0.6574616565746316,0.21088271924693536,1
-0.9572262161926294,-0.664115154381593,2
-0.2153280439079232,-1.3755478045835388,0
0.8200005339722158,1.3807245603866245,1
1.5727618045674245,0.39596465691446064,1
-0.10412433811631995,0.48160075656571205,1
-0.22032097596853664,1.021796015160417,1
-0.94840230447562,-0.16241449347001796,2
1.9506426724753259,2.831465768189892,1
1.825217683985174,-0.44337003686142235,0
2.4147578580174596,0.36836096278801345,1
0.031230597663871297,-0.23777454039003312,0
-1.1441496297543159,-1.642741833018286,2
-0.5735856950745183,0.33844183368236275,0
-0.6752354864436386,2.9476836459776474,1
-0.6207298852564489,-1.1511320175039041,0
-0.08623085470813262,2.1550590374986305,1
-0.14267612324368723,2.3270900310100022,1
-0.6730205222388126,0.9191000221426591,1
-0.3580982729931492,-0.6695964114054772,0
0.20434259051142584,1.2237408876504503,1
-0.24654526832653692,-0.3849276740412218,0
0.22042310848259886,1.3968318619571092,1
-0.9897868628701129,-0.9407134265267351,2
-0.364995804788331,0.2564501481741332,0
-0.31543826212058085,0.24494781940089247,0
0.08154171910030797,1.4313575584519445,1
-0.22032097596853664,1.021796015160417,1
-1.3616156143280789,-1.622935512489963,2
-0.823010645442496,-1.0531492729306755,0
-1.0489199818635264,-0.9707907316984242,0
-0.6804155348600472,-0.5341491491009411,0
0.3276844182155186,1.3061595123633782,1
1.3329160175175934,0.45474235576946165,1
-1.136287445051673,-1.5985642596595218,2
-1.1441496297543159,-1.642741833018286,2
-0.5048154859172143,2.432229501229714,1
-0.1798824785424219,0.5701959670307305,1
-0.6971558220514504,0.0445264762660348,2
-0.6690318642553221,0.0785019029526744,0
-0.22032097596853664,1.021796015160417,1
-0.2831176728415352,0.7345648703315283,1
-0.2350869696852188,1.0711339722292275,1
0.38680381628487837,-1.4780351163664454,0
-1.381840974138355,-1.6195778719867835,2
0.28654341300922503,0.9323527761076672,1
1.1758459015696663,1.705491063283337,1
1.9859400169400516,2.841442438013295,1
-0.6728454562930264,-0.5225343610290105,0
-0.23831933866499042,1.2879319921887287,1
13.603870566388538,-1.8922915819891377,3
0.8279938788756545,1.3320594129567096,1
-0.6804155348600472,-0.5341491491009411,0
1.0094672171655181,-1.922630681296308,0
-1.385923330316697,-1.6161921092926435,2
-0.05524030391509658,1.6591395156948388,1
-0.03849572914239675,0.20621211663272254,0
0.39580728756482136,1.6689921751538757,1
-0.9670351898786606,-1.6193716742359794,2
0.11651872457339167,1.9780048439071831,1
-0.6745007392218159,2.9491526834184447,1
-0.26731464537828487,-1.2799356445634262,0
0.9871217892031009,-0.060684579959663164,0
-1.3616156143280789,-1.622935512489963,2
-0.297884685978707,1.0065889031922686,1
-0.03855829367257229,-1.1841019395904882,0
-0.15991832054156296,3.4165168827307393,1
-0.3521063090263448,0.08123526587307849,0
-1.1896950167224694,-1.6225837074423934,2
-0.22032097596853664,1.021796015160417,1
0.07495697532256237,0.07501059992237308,0
0.04550186381472246,-1.4359651254355161,0
-1.3616156143280789,-1.622935512489963,2
-0.0862182387046818,2.155956043300988,1
-0.2876176033574664,0.39890733721892346,0
-0.2639598996301527,0.19148232087089412,0
-1.0475871461000428,-0.9669760214457225,0
-0.22417048949016447,1.35585800746288,1
-0.22032097596853664,1.021796015160417,1
-1.3332632716275359,-1.4251727156363083,2
-0.4180002009380401,-0.6794832428448608,0
-0.398546783321001,2.999370500242961,1
0.3375007275557392,-1.146501360126906,0
0.3608943516996231,2.4311379431706595,1
-1.039171462840398,-0.9180310958484028,2
1.0273037532328355,1.3357409339492137,1
-1.1146592309295005,-1.6451012786973744,2
-0.9945141055123385,-1.374762082469851,2
1.800977810611068,0.1380562992540336,1
-0.9839299710259738,-1.6601516067422784,2
-0.5960673409666638,-1.2506332106810176,0
0.7181724611081363,1.641406755334364,1
-0.4331469506456135,-0.09835211414598691,0
0.006455367327467934,1.1542086700678573,1
0.4984712781907946,1.6348575660505174,1
-1.3616156143280789,-1.622935512489963,2
-0.09521634832253059,1.6390308766751835,1
-1.1441496297543159,-1.642741833018286,2
-0.41298865777369553,2.156537960497146,1
7.591127935611819,0.6152605198093786,3
0.3276844182155186,1.3061595123633782,1
-0.4514217549385299,-0.04303138332412362,0
-0.36995632743151025,0.9651793225395809,1
-0.8906957585482315,-1.0567498946823481,0
-1.296308521682649,-1.5969007897432939,2
0.1365431624359212,2.1907917453982844,1
-1.3265366264495477,-1.5874115379149654,2
-0.45981259632027127,-1.2392550313444348,0
2.0282600075658657,1.3587104214664092,1
-0.2876176033574664,0.39890733721892346,0
0.14219472026569235,-1.7606039343283535,0
-1.3332632716275359,-1.4251727156363083,2
0.14219472026569235,-1.7606039343283535,0
-0.7938589598618196,0.5300067609555608,2
-1.0584634117808245,-0.4635592539254349,2
13.603870566388538,-1.8922915819891377,3
3.5744532369703035,1.1555947081259113,1
-0.8584350265519577,-1.1589859683557422,2
-0.4514217549385299,-0.04303138332412362,0
-0.22032097596853664,1.021796015160417,1
0.31424264059202167,0.7179444898477162,1
-0.7597664747140153,-0.026751559913551645,2
-0.6040206247626092,-1.6573444125000698,2
1.5382897214988793,-1.078962491737879,0
-1.0136900336728762,-0.9817328498115221,0
1.1344105527960338,0.32688935170701683,1
0.2228646654622786,1.7651880154278567,1
-1.1762961745095872,-0.4876615649426273,2
-0.2876176033574664,0.39890733721892346,0
0.14219472026569235,-1.7606039343283535,0
0.08252450170235845,-0.3979130688767332,2
-0.33906217699951663,0.6206518346193565,1
-1.2902897785747987,-1.5961416344202681,2
0.014780386569877044,-1.4461197882445558,0
-0.3418531176737539,2.3532636347597786,1
-1.1278875314898793,-1.0529150424916336,2
-1.3466945764149665,-1.6365479772599867,2
0.1504669631664229,1.323516416775902,1
-0.9839299710259738,-1.6601516067422784,2
13.603870566388538,-1.8922915819891377,3
-1.1441496297543159,-1.642741833018286,2
0.562791790481693,-1.4702404267025637,0
-0.4331469506456135,-0.09835211414598691,0
-0.9019313177632182,-1.715800922661724,2
-0.5739387111661738,0.19863057900291778,2
-0.927356934226626,-1.015742888471323,0
0.5438425144382563,1.6930312925522606,1
-0.4999231934136536,-1.107039044810768,0
0.09284851716535178,1.3206446907588751,1
-0.6745007392218159,2.9491526834184447,1
-1.3858665741175833,-1.6162026777810146,2
-0.9768588594332661,-1.5287994405451186,2
-0.0009251251500222323,2.4970497413205166,1
13.603870566388538,-1.8922915819891377,3
-0.5338516892387457,1.0670418968889979,1
-0.9839299710259738,-1.6601516067422784,2
0.03484723637467063,2.191063766090047,1
-1.3590964200697147,-1.6324172662283176,2
-0.9019313177632182,-1.715800922661724,2
-0.5739387111661738,0.19863057900291778,2
0.14219472026569235,-1.7606039343283535,0
0.5174263719011302,-1.5441269803069062,0
0.25544306809766304,1.7322144034737315,1
-0.17149001486710733,2.0575951654853246,1
-0.9019313177632182,-1.715800922661724,2
1.2067350604051517,1.6868790070334116,1
0.3603142481842054,1.1845742426168722,1
4.68286005367015,1.3341636614154917,1
-1.3858665741175833,-1.6162026777810146,2
-0.489686008135279,-0.731997344068201,0
-0.9019313177632182,-1.715800922661724,2
1.523853863442066,-0.5078596013842803,0
-0.33981247046474194,2.3575385345846356,1
-0.44877972474233196,2.789553151374068,1
-0.4578517331153588,0.2640755301774511,0
-0.6737959519119924,-0.09297343404451239,0
-0.5960673409666638,-1.2506332106810176,0
-0.6690053375942744,-0.20328707270786928,0
-1.3616156143280789,-1.622935512489963,2
0.7403862033183392,-1.9577376979633163,0
-0.08575443855171436,-0.666738855282698,0
-1.1017954482558017,-0.9518140895850294,2
5.8461251350895855,0.6626331626042982,1
-0.9358991281434202,-1.0180320313814757,0
0.003880701928254458,1.5500274900400621,1
-0.3991372913391692,2.9981706213099706,1
-0.34380419180902666,1.8373594991522624,1
-0.9839299710259738,-1.6601516067422784,2
0.10168657372667876,2.442280592942917,1
-0.9019193283428234,-1.323634774736598,2
-0.9510808095939546,-1.5501211916534097,2
-0.08053373908765722,1.719116708684601,1
0.08252450170235845,-0.3979130688767332,2
-0.527013767104989,1.258122749161766,1
-1.3326082504690884,-1.423867528011358,2
-0.5338034583228083,-1.2053634029795255,2
-0.364995804788331,0.2564501481741332,0
-0.3344827926273543,-1.2231874252928387,0
7.591127935611819,0.6152605198093786,3
0.14219472026569235,-1.7606039343283535,0
-1.1321373578774372,-1.6014448036929643,2
0.5097106992135971,1.6248895039880316,1
-0.48856495115167436,-0.8120967652829454,2
0.016370143823158777,1.8879258308957898,1
-0.22032097596853664,1.021796015160417,1
-0.5331750248195982,0.6589014181775799,1
-0.6804155348600472,-0.5341491491009411,0
-0.3380531845237546,1.3655151536738457,1
0.35226473662456204,1.2616155271517906,1
-0.3587055301302573,0.13064782853074192,0
-0.24654526832653692,-0.3849276740412218,0
0.7239828012982413,-2.1564971377598354,0
-0.16332555797129675,1.3996121643072184,1
-0.8370492886093931,-1.7067899554797796,2
-0.364995804788331,0.2564501481741332,0
-1.3326082504690884,-1.423867528011358,2
-1.2378751081683537,-1.457758826527251,2
-0.21726152911825525,0.01993345201517661,0
0.21509429034639774,1.9338200292797283,1
-0.20356309813557133,-0.3678671445525947,0
0.002977154405568556,2.054227662299437,1
-0.8370492886093931,-1.7067899554797796,2
-0.39953370870043536,2.9973549845717216,1
-0.6804155348600472,-0.5341491491009411,0
-0.30809202827513504,-0.27426489587374286,0
-0.6747842127373807,2.948588828038164,1
-0.6129862350673622,0.4560232610472768,1
1.4908090170035826,-2.6560524862823147,2
-0.6804155348600472,-0.5341491491009411,0
-0.3987199135840743,2.999020472963933,1
-0.9839299710259738,-1.6601516067422784,2
0.3926343130836079,2.5383221836880288,1
-0.5612017345785807,1.9306117520316428,1
7.591127935611819,0.6152605198093786,3
-1.244609642500477,-1.2935953201690213,2
13.603870566388538,-1.8922915819891377,3
0.09284851716535178,1.3206446907588751,1
-1.3616156143280789,-1.622935512489963,2
0.7565085536065808,1.7529872790509797,1
-0.39953370870043536,2.9973549845717216,1
0.1365431624359212,2.1907917453982844,1
2.320022178596841,-1.406608060419315,0
-0.4001984864665582,2.995966454344325,1
-0.1710453409789575,2.0539389738140246,1
1.891845306216245,1.5593558132904115,1
-0.8370492886093931,-1.7067899554797796,2
0.5438425144382563,1.6930312925522606,1
0.2922308380492858,1.4344709268825915,1
-0.4293680731997422,2.2123184071069093,1
-0.6804155348600472,-0.5341491491009411,0
-0.12625500834053885,-1.4302327747332806,0
-1.0251070231366697,-0.9781809875005504,0
-0.8370492886093931,-1.7067899554797796,2
-0.22032097596853664,1.021796015160417,1
-0.5290601728455456,0.49455190209229183,1
-0.9839299710259738,-1.6601516067422784,2
-0.6804155348600472,-0.5341491491009411,0
-0.40541432036447866,0.5176992185872835,0
22.115087636835483,-2.0632646722693484,3
-1.0421147045662582,-0.973124335773942,0
1.016237430203016,1.6759835150502675,1
0.3170275241782533,1.7490711125060663,1
-0.9480166424478734,-0.5862062801319877,2
-0.23120930875079557,-0.08610122622336043,0
-0.08372343725545227,-1.282966412715751,0
-1.3326082504690884,-1.423867528011358,2
-0.641852552719603,-0.5184459179759716,2
-1.3616156143280789,-1.622935512489963,2
-0.6040206247626092,-1.6573444125000698,2
-1.185050774412328,-1.7236629277101503,2
0.041425381467124905,0.6693193105841345,1
-0.4557516218230264,0.29277527545697646,0
-1.094180259165887,-0.768925461811687,2
1.946816266135802,2.024489145079392,1
-0.5739387111661738,0.19863057900291778,2
-0.5506866726496153,2.572710300769729,1
-1.385923330316697,-1.6161921092926435,2
-0.424842037700553,0.47617711112091865,0
-1.3616156143280789,-1.622935512489963,2
-0.46284779591186687,-0.07845337527552407,0
-1.1441496297543159,-1.642741833018286,2
0.5174263719011302,-1.5441269803069062,0
0.24424579077213873,-0.6727866191422582,0
-1.3616156143280789,-1.622935512489963,2
-0.5060207054100767,2.4294194449347417,1
0.16850189980166935,1.8907769178947733,1
-1.119198300021771,-0.9983070618204817,2
-0.3521063090263448,0.08123526587307849,0
-1.2865506428091402,-1.693187026892116,2
-0.15991832054156296,3.4165168827307393,1
-1.2676387976513361,-1.3786983499784147,2
-0.0862182387046818,2.155956043300988,1
0.14219472026569235,-1.7606039343283535,0
-0.46284779591186687,-0.07845337527552407,0
-0.0862182387046818,2.155956043300988,1
-0.03855829367257229,-1.1841019395904882,0
-0.3195774049647955,2.373389173567248,1
-0.6752354864436386,2.9476836459776474,1
0.09811802933030267,0.6837012689789741,1
-1.1441496297543159,-1.642741833018286,2
0.14219472026569235,-1.7606039343283535,0
-0.39929829892614355,2.997840382606689,1
0.3338406911882602,-1.3065220706024898,0
-0.46284779591186687,-0.07845337527552407,0
0.38192960327767517,0.6968194950047771,1
-0.0862182387046818,2.155956043300988,1
-0.9839299710259738,-1.6601516067422784,2
0.11445093605497453,0.7097494908986994,1
2.056782982487799,-1.7452670660845147,0
0.7239828012982413,-2.1564971377598354,0
-0.08575443855171436,-0.666738855282698,0
-1.3458790763782766,-1.6403839273600382,2
-1.240269747858931,-1.467082933940254,2
-1.119198300021771,-0.9983070618204817,2
-0.8370492886093931,-1.7067899554797796,2
0.09284851716535178,1.3206446907588751,1
0.7044669279190658,0.542663101090399,1
0.3565106618893911,2.4536079597122735,1
0.24631919844505804,1.546844585920082,1
-0.9547400102952588,-1.006333671094452,0
-0.5290601728455456,0.49455190209229183,1
-1.385923330316697,-1.6161921092926435,2
-1.094180259165887,-0.768925461811687,2
-0.25989699859704707,2.9019334011760924,1
-0.6747842127373807,2.948588828038164,1
-0.06604960131383925,1.8324687492192744,1
-0.9839299710259738,-1.6601516067422784,2
-0.4462419443550754,0.4513913456423624,0
0.014780386569877044,-1.4461197882445558,0
-0.3991372913391692,2.9981706213099706,1
0.14627161712921724,1.030974514972923,1
-1.1539118835112014,-1.465185159463592,2
-0.33308096191325315,0.9160294137890448,1
1.2274179636578912,-0.18161022752304276,0
-0.623525074104168,1.6177308210228143,1
-0.9380954668942544,-1.0086469809614655,0
0.08675479497752933,-0.6857829008121566,0
-0.4999231934136536,-1.107039044810768,0
0.34567624547333897,1.5532855134280676,1
-0.9897868628701129,-0.9407134265267351,2
-1.2532624876163163,-1.6506356220526588,2
-0.40747171448082314,3.6111232557566773,1
0.5097106992135971,1.6248895039880316,1
0.20434259051142584,1.2237408876504503,1
-0.9275993387792014,-1.0171285395274927,0
0.8781470118365647,2.1800660827806655,1
-0.02827404005730436,1.8885722832586838,1
-1.331582796727082,-1.4218565364718454,2
-0.22032097596853664,1.021796015160417,1
-0.08372343725545227,-1.282966412715751,0
-1.2982848616085079,-1.498294669908201,2
-0.12087021107267977,1.6554454754580001,1
0.20514425104186704,1.2924686933700122,1
0.22042310848259886,1.3968318619571092,1
-0.37755930126242315,2.3027620068410926,1
2.82825352827821,0.5757564252488818,1
0.09284851716535178,1.3206446907588751,1
-1.1494969336319103,-1.8019219248542853,2
3.5889697546625006,1.1334197861724953,1
0.4611336261875425,1.8017660779037574,1
-0.37755930126242315,2.3027620068410926,1
0.05736379954840384,1.1315406969646695,1
1.2400261064353078,0.375324430074802,1
-0.6731151768946746,-0.2109099038032963,0
-1.3616156143280789,-1.622935512489963,2
5.398221170887174,0.03303750871448657,1
-0.22032097596853664,1.021796015160417,1
0.014107495498186184,1.5386761202905566,1
0.33999320332505206,1.6681630702574872,1
-0.3991372913391692,2.9981706213099706,1
6.43255992967436,-1.2073539484051241,3
5.8461251350895855,0.6626331626042982,1
0.021436565248682187,1.9067155980846378,1
-0.489686008135279,-0.731997344068201,0
-1.3616156143280789,-1.622935512489963,2
-0.07663225256130407,1.0674141992621906,1
-0.39953370870043536,2.9973549845717216,1
-0.6690053375942744,-0.20328707270786928,0
1.425632182167876,-0.2604589786109437,0
-0.01440214991255263,1.3470474509542996,1
-0.5338516892387457,1.0670418968889979,1
-1.3246546465987894,-1.402324997507714,2
-0.34663357802019373,2.3843554335561703,1
13.603870566388538,-1.8922915819891377,3
-1.1219068902694898,-1.7709168659421344,2
-0.77848327987421,0.612794797217588,2
-1.047220267440395,-0.9670500755763836,0
-0.33308096191325315,0.9160294137890448,1
0.17910502726310995,1.5436778852615076,1
-0.6763720260972892,2.945356489595077,1
-1.385923330316697,-1.6161921092926435,2
-0.09883537011873292,1.9998663615492578,1
-0.28558220847240806,1.174887766935472,1
-0.22032097596853664,1.021796015160417,1
-0.3983699808707981,2.999726521854641,1
-0.2302670852592232,5.042289814372821,1
-0.6752354864436386,2.9476836459776474,1
-0.5271910323267192,1.2577322639887112,1
-1.0897696206300622,-1.1498279197572225,2
-0.22032097596853664,1.021796015160417,1
0.22746862816092156,2.666468638014741,1
-0.6804155348600472,-0.5341491491009411,0
0.13470511187669162,1.2016735084128471,1
-0.2686962556819944,0.19669481123954846,0
-1.3616156143280789,-1.622935512489963,2
-1.0514987687579551,-0.9676862706283302,0
0.045741594836572724,-1.5892630909970982,0
-0.46284779591186687,-0.07845337527552407,0
0.023233171265005268,-1.3065895935803444,0
-0.07663225256130407,1.0674141992621906,1
-0.9901111674615678,-0.9891611516562719,0
0.09284851716535178,1.3206446907588751,1
-0.9815233492919127,-0.6916302293615909,2
-1.3616156143280789,-1.622935512489963,2
-0.5960673409666638,-1.2506332106810176,0
7.591127935611819,0.6152605198093786,3
-0.22653995117468623,-1.4368016105889099,0
-0.22032097596853664,1.021796015160417,1
-0.6747842127373807,2.948588828038164,1
-0.9839299710259738,-1.6601516067422784,2
-0.6728454562930264,-0.5225343610290105,0
0.19079577954474372,0.33264269654476225,0
0.14219472026569235,-1.7606039343283535,0
-0.40541432036447866,0.5176992185872835,0
1.4461501420019214,0.6603739065100905,1
-0.364995804788331,0.2564501481741332,0
-1.047220267440395,-0.9670500755763836,0
-0.2198695797703294,0.8193076368641399,1
-0.16186962020492646,3.411646250963707,1
0.10542217869971116,-1.4813427118398854,0
-0.4331469506456135,-0.09835211414598691,0
-0.7055947921920908,-1.109856072769806,0
0.039628321704565685,1.1601635289587602,1
0.10097319768229081,0.9229253004610216,1
-0.6804155348600472,-0.5341491491009411,0
-0.4331469506456135,-0.09835211414598691,0
-1.039171462840398,-0.9180310958484028,2
0.17272452694100648,0.993824345966004,1
0.28972804764359045,1.697841998553788,1
-0.5995408746384773,0.8106035530265588,1
-1.2392046434892026,-1.4654896027502196,2
-1.2363113127279364,-1.7213106341988977,2
-0.6627051992931423,-0.0876766703422192,0
-0.09146916639878676,-1.4888477514064105,0
0.26845442800774844,0.9119196953287406,1
0.49751781333285555,-0.18677140209678467,0
13.603870566388538,-1.8922915819891377,3
-0.42220090663982074,2.1619948068573533,1
-0.46284779591186687,-0.07845337527552407,0
-0.6340804356601262,0.2053757946735859,0
0.8828984418787396,-1.814281315447567,0
-1.1771039392891909,-1.5558873729821225,2
4.12004990544678,-3.4283943559553025,2
0.2663618789590188,-1.4850734571749717,0
0.025897205996196316,1.3455532634534826,1
-0.4331469506456135,-0.09835211414598691,0
-0.48009041173356976,-0.1222128582244701,0
0.49751781333285555,-0.18677140209678467,0
-0.03230185302339277,1.897250517697978,1
1.344342183662084,1.5318261676341973,1
-1.0070014904578253,-0.7219803227377456,2
-0.10412433811631995,0.48160075656571205,1
-1.2392046434892026,-1.4654896027502196,2
0.03484723637467063,2.191063766090047,1
-0.6040206247626092,-1.6573444125000698,2
-0.5283389677501464,4.0277253998163784,1
-1.3616156143280789,-1.622935512489963,2
-0.007256217290393247,-1.3002968376594777,0
0.778019745250146,-1.66818600283792,2
-0.46284779591186687,-0.07845337527552407,0
0.39580728756482136,1.6689921751538757,1
-0.4514217549385299,-0.04303138332412362,0
0.28972804764359045,1.697841998553788,1
-0.8048800061673889,-1.0803185333271208,0
-0.18581972730576174,2.3605666043719835,1
0.1365431624359212,2.1907917453982844,1
-0.6779293180635221,-0.5732383745506163,2
-0.26843536436986276,2.722285932070853,1
-0.2876176033574664,0.39890733721892346,0
-1.3616156143280789,-1.622935512489963,2
13.603870566388538,-1.8922915819891377,3
0.9031236340316463,2.0967888194066027,1
-1.3458790763782766,-1.6403839273600382,2
0.2546295117464735,1.9069392501196174,1
-0.11281807888564464,0.7375367556376364,1
-0.489686008135279,-0.731997344068201,0
0.5467871591920663,1.6714172764659663,1
-1.3326082504690884,-1.423867528011358,2
0.014780386569877044,-1.4461197882445558,0
-0.3195774049647955,2.373389173567248,1
0.27081024424543143,0.8285530381011568,1
-0.21377521024295645,1.0144134943663676,1
-0.6804155348600472,-0.5341491491009411,0
-0.364995804788331,0.2564501481741332,0
-0.26946269874741363,-1.3022121695846343,0
-0.07157564451392341,1.2262791553132595,1
-0.6740073890498901,-0.21323059457584226,0
-1.1441496297543159,-1.642741833018286,2
-1.3326082504690884,-1.423867528011358,2
1.5796679053487732,-1.5230935317854493,0
-0.9879531241379723,-0.9975524178985476,0
0.14283977075525564,-0.5850135192122369,0
0.5927959102754522,-1.3899751485078344,0
0.14219472026569235,-1.7606039343283535,0
0.9031236340316463,2.0967888194066027,1
0.006455367327467934,1.1542086700678573,1
-1.2379929540279409,-1.7339543585851946,2
-1.3332632716275359,-1.4251727156363083,2
-0.4501589734280159,2.7865938493317017,1
-0.974943455283703,-0.7069890513529054,2
-0.22032097596853664,1.021796015160417,1
-1.3616156143280789,-1.622935512489963,2
0.34812048406230517,-1.334642554217257,0
-0.24654526832653692,-0.3849276740412218,0
-0.21439785331287126,1.3994873785889588,1
-0.2876176033574664,0.39890733721892346,0
-0.3195774049647955,2.373389173567248,1
-0.9019313177632182,-1.715800922661724,2
-0.22032097596853664,1.021796015160417,1
4.0522724933278615,1.467612974078075,1
-1.3616156143280789,-1.622935512489963,2
-0.424842037700553,0.47617711112091865,0
-1.3324119531220278,-1.4234796837031065,2
-0.18223779527524417,-1.6370329668957266,0
1.5727618045674245,0.39596465691446064,1
-0.13334660942626833,-1.275964124969394,0
0.25544306809766304,1.7322144034737315,1
0.08158063048697009,-0.8432625715926946,0
0.6855559836608774,1.9064372772569278,1
-0.4234095139228305,-1.1558466651508603,0
-1.0563774225162081,-0.45904179876959866,2
-0.7089993317593034,1.5913277416751173,1
-0.5388876223918758,0.7097779375119703,1
0.16850189980166935,1.8907769178947733,1
-1.0323106901444543,-0.9745775902900718,0
-0.08575443855171436,-0.666738855282698,0
0.2603346004215606,-1.4819819316369627,0
-1.14770183832879,-1.7673283528194108,2
-0.9572262161926294,-0.664115154381593,2
0.11813971814398805,-1.3243595278281226,0
-0.48336023871279654,-1.144319885127615,0
4.0522724933278615,1.467612974078075,1
-0.13018468941575898,-1.4376489075483558,0
-1.3246546465987894,-1.402324997507714,2
-0.30966985986270323,-0.7000278662352662,0
-0.09124987252751939,2.336939472662277,1
-0.364995804788331,0.2564501481741332,0
-0.6607675956811627,-0.053580759519686855,0
0.12904756419032537,-1.757280624011911,0
-1.1539118835112014,-1.465185159463592,2
-1.0514987687579551,-0.9676862706283302,0
1.118594988552329,-1.9408759375710163,0
3.32683828814647,0.8532247355753511,1
0.5174263719011302,-1.5441269803069062,0
-0.5388876223918758,0.7097779375119703,1
-0.46284779591186687,-0.07845337527552407,0
-0.5739387111661738,0.19863057900291778,2
-0.33308096191325315,0.9160294137890448,1
-1.1321373578774372,-1.6014448036929643,2
-0.0862182387046818,2.155956043300988,1
-0.8584350265519577,-1.1589859683557422,2
-0.3981894074302246,3.0000886990814655,1
-0.9839299710259738,-1.6601516067422784,2
0.2096464251523544,1.8266325720282606,1
-0.47514007276970216,0.9791251283466273,1
-1.3324119531220278,-1.4234796837031065,2
1.118594988552329,-1.9408759375710163,0
-0.07663225256130407,1.0674141992621906,1
-1.2717299638590394,-1.6425363427091089,2
0.08252450170235845,-0.3979130688767332,2
-0.6804155348600472,-0.5341491491009411,0
-0.631645627067971,-1.1318283116625503,0
-0.2709149622361568,3.009456732163281,1
-0.5960673409666638,-1.2506332106810176,0
-0.9839299710259738,-1.6601516067422784,2
-0.13850985867285975,1.5718403659863935,1
-1.2344795176119312,-1.7166912125220266,2
-0.3181428725489779,-0.3767705723191027,0
0.11813971814398805,-1.3243595278281226,0
0.16850189980166935,1.8907769178947733,1
0.17104304309982502,1.8386279922196982,1
-0.1186384310604649,1.962642988427193,1
-0.39953370870043536,2.9973549845717216,1
-0.7629908504997147,0.04570608070293124,2
-0.4514217549385299,-0.04303138332412362,0
-0.9480166424478734,-0.5862062801319877,2
-0.8584350265519577,-1.1589859683557422,2
-0.46284779591186687,-0.07845337527552407,0
-0.30601309935280635,0.6769028298932382,1
-1.1441496297543159,-1.642741833018286,2
0.7432665571997406,2.018372216702686,1
-1.0572081561304179,-0.46080235319698143,2
1.6006054489331145,1.9924756269432726,1
0.14219472026569235,-1.7606039343283535,0
0.6657052879546815,1.7910832291555023,1
0.14219472026569235,-1.7606039343283535,0
-0.18860081302791887,1.5013865733340417,1
9.45129577398124,-1.9957383120142755,3
-0.017149001162849318,-1.443165753752527,0
0.29784877726849995,1.8844541672242259,1
-0.4234095139228305,-1.1558466651508603,0
2.5261367507782113,0.35622988523273247,1
0.12576943557458187,2.078220955881573,1
-1.3332632716275359,-1.4251727156363083,2
-0.2860350043394456,-1.3215472896806606,0
-0.6636815742726038,-0.08360749669164823,0
1.0098259781076564,-1.7476513033240269,0
-0.4331469506456135,-0.09835211414598691,0
-0.9839299710259738,-1.6601516067422784,2
0.8828984418787396,-1.814281315447567,0
-0.9850241677104986,-0.9945827863675988,0
-0.39953370870043536,2.9973549845717216,1
0.5097106992135971,1.6248895039880316,1
-1.148539921709494,-1.760120370403972,2
-0.4234095139228305,-1.1558466651508603,0
-0.9839299710259738,-1.6601516067422784,2
0.14219472026569235,-1.7606039343283535,0
-1.1321373578774372,-1.6014448036929643,2
-0.5960673409666638,-1.2506332106810176,0
-0.2876176033574664,0.39890733721892346,0
0.1036552735073091,-1.7354544961926281,0
-0.5589953584133186,1.9364043828377324,1
-1.2676387976513361,-1.3786983499784147,2
0.7181724611081363,1.641406755334364,1
-0.2876176033574664,0.39890733721892346,0
-0.5739387111661738,0.19863057900291778,2
-0.8831059252727247,-0.5559264292735293,2
-0.07663225256130407,1.0674141992621906,1
-0.39929829892614355,2.997840382606689,1
-1.2392046434892026,-1.4654896027502196,2
-1.1028378999289936,-1.6551981148350796,2
0.20419193951125458,2.2744550091437343,1
-1.3616156143280789,-1.622935512489963,2
0.09284851716535178,1.3206446907588751,1
-0.46284779591186687,-0.07845337527552407,0
-1.3616156143280789,-1.622935512489963,2
-0.33308096191325315,0.9160294137890448,1
-0.37249401613005245,1.5936303828976521,1
-0.3421764544078101,2.3525672919394163,1
0.8895334644897861,-1.8628497313035337,0
0.016656014400317568,0.5055038832753794,1
2.5261367507782113,0.35622988523273247,1
-0.2763254050392482,-0.6626606513347023,0
0.3003238126949268,1.0595286972158218,1
-0.9025381731482476,-1.0419716157576295,0
0.00925399857295014,2.0698344894160483,1
-1.1134818281237469,-1.5749659546172239,2
13.603870566388538,-1.8922915819891377,3
0.06456770008946607,1.6522019217152275,1
0.3511517541638947,1.164763776897813,1
0.9641265960097289,-1.8352647036339853,0
-0.971840778554298,-1.004914866735546,0
-0.5338516892387457,1.0670418968889979,1
1.800977810611068,0.1380562992540336,1
-0.22032097596853664,1.021796015160417,1
-0.6779293180635221,-0.5732383745506163,2
-0.2419649440270689,-1.6071528349332616,0
-0.3344827926273543,-1.2231874252928387,0
0.10542217869971116,-1.4813427118398854,0
-0.46284779591186687,-0.07845337527552407,0
-0.22032097596853664,1.021796015160417,1
-1.1441496297543159,-1.642741833018286,2
0.039628321704565685,1.1601635289587602,1
0.14219472026569235,-1.7606039343283535,0
-0.4193792737650908,1.4514801106544757,1
-1.3616156143280789,-1.622935512489963,2
-0.6615412388713582,-1.523053693170048,2
-0.3991372913391692,2.9981706213099706,1
-0.41603589874243563,-1.3153639512457604,0
-0.21377521024295645,1.0144134943663676,1
-1.3616156143280789,-1.622935512489963,2
0.03710542565058117,1.952899892791355,1
0.8280400266868787,-2.214082705523959,0
-0.0862182387046818,2.155956043300988,1
-0.6752354864436386,2.9476836459776474,1
0.6500651362667834,2.195334938148025,1
-0.28860350125411854,0.7453837710858169,1
-0.8370492886093931,-1.7067899554797796,2
0.8748240183500581,1.6913757661229332,1
-0.7597664747140153,-0.026751559913551645,2
13.603870566388538,-1.8922915819891377,3
-0.12409650051415054,1.8362107756471107,1
-0.641852552719603,-0.5184459179759716,2
0.5438425144382563,1.6930312925522606,1
0.9061038115901944,1.3280756545609056,1
0.6486136963621523,0.2012248173830522,0
1.4785245097317545,0.4441127306495588,1
-0.8195203823281264,-0.3402422447701609,2
-0.3991372913391692,2.9981706213099706,1
-1.2118243533575157,-1.6457376733374403,2
-0.8794119823638252,-1.0649300645579154,0
-1.1018724428168345,-1.419364627681531,2
-0.03855829367257229,-1.1841019395904882,0
-0.28618015692515975,0.7281492563062133,1
-0.28860350125411854,0.7453837710858169,1
-0.3013089611256224,3.6821146312498696,1
-0.3500430203508671,2.3041567131359972,1
-0.7972600658819127,0.4011118308223094,2
1.72927686576182,-1.5981614083298186,0
-1.3326082504690884,-1.423867528011358,2
-0.4009340526556624,2.994394955599359,1
6.43255992967436,-1.2073539484051241,3
-1.3326082504690884,-1.423867528011358,2
0.8781470118365647,2.1800660827806655,1
-0.33308096191325315,0.9160294137890448,1
-0.10412433811631995,0.48160075656571205,1
-0.0862182387046818,2.155956043300988,1
-0.2884118963433759,1.0527960559427711,1
-1.278383097579221,-1.7032051365644898,2
-0.11281807888564464,0.7375367556376364,1
-0.0862182387046818,2.155956043300988,1
0.19071258790408982,1.3656315516539022,1
-0.4350880410322776,-0.4422315158725708,0
0.8392656539285274,1.4217891292064349,1
-1.2450791468489473,-1.4790730864146513,2
-0.36780305945431097,0.5496346294911699,1
-0.8675647400622964,-0.899262689805225,2
-1.3326082504690884,-1.423867528011358,2
-0.48009041173356976,-0.1222128582244701,0
0.3003238126949268,1.0595286972158218,1
-0.3838289849544662,1.2274412321522283,1
-0.6278739712141588,0.4884174503452268,1
-1.2909166240322396,-1.5974104909481759,2
-0.6804155348600472,-0.5341491491009411,0
-0.17149001486710733,2.0575951654853246,1
-1.2379929540279409,-1.7339543585851946,2
-0.364995804788331,0.2564501481741332,0
0.3276844182155186,1.3061595123633782,1
-0.6779293180635221,-0.5732383745506163,2
-0.21821564874196953,-1.3436401676530236,0
-0.10412433811631995,0.48160075656571205,1
-1.3616156143280789,-1.622935512489963,2
-0.014148666309847097,-1.4992443454194189,0
-0.2876176033574664,0.39890733721892346,0
-0.22032097596853664,1.021796015160417,1
0.34581504641367344,-1.7333963328598618,0
0.09284851716535178,1.3206446907588751,1
-0.7021768241618914,-1.0193117981006983,2
1.014608292571841,-1.9190848817089468,0
0.2603346004215606,-1.4819819316369627,0
1.8306860365288224,-2.207534535145609,0
-0.3774336836505314,0.5866311297289222,1
-0.24100217015898795,-0.13856968423172847,0
-1.3616156143280789,-1.622935512489963,2
-0.36780305945431097,0.5496346294911699,1
-0.5222507006838688,-0.39768977991635707,0
-0.6931301998574884,-1.1240180056193938,0
-0.22032097596853664,1.021796015160417,1
-1.240269747858931,-1.467082933940254,2
0.4984712781907946,1.6348575660505174,1
-1.185050774412328,-1.7236629277101503,2
-0.6804155348600472,-0.5341491491009411,0
0.3788418632324927,1.268378678888851,1
0.07608318048064168,0.5510531621747862,1
-0.21377521024295645,1.0144134943663676,1
-0.20360510789033004,-0.471252532034782,0
0.2096464251523544,1.8266325720282606,1
-0.10412433811631995,0.48160075656571205,1
-0.814081363324062,-0.8045948071691427,2
1.9506426724753259,2.831465768189892,1
-0.7657518833270519,-1.7602531538546025,2
1.0282238506988304,-1.9249091338216124,0
3.3574348986226106,3.0220076832230913,1
-1.3326082504690884,-1.423867528011358,2
-0.25430758776143436,-1.4184086315580862,0
-0.4388451263443744,2.8059408520024545,1
-0.19219636922179087,1.3774849221520347,1
0.05510314356587395,1.1340527916570238,1
0.2228646654622786,1.7651880154278567,1
-0.5438481472302242,-1.758045655948008,0
-0.08372343725545227,-1.282966412715751,0
-1.2909166240322396,-1.5974104909481759,2
-1.3326082504690884,-1.423867528011358,2
0.0057255330934426266,1.8692623816151666,1
-0.7287011993845156,-0.8489455403650582,0
0.6038654911937007,2.0542581763103303,1
-0.42078725868570366,-0.9648743973818936,2
0.45259976724451906,1.370895639215387,1
-0.236079877450098,1.3366202045745381,1
-0.3096183779957267,0.497815217158042,1
0.8385764396513329,1.5993665623728093,1
-0.5060982299556966,-1.2119221749066358,0
-1.2982848616085079,-1.498294669908201,2
1.016237430203016,1.6759835150502675,1
-0.3492212778391643,2.378108885896364,1
-1.1441496297543159,-1.642741833018286,2
-1.385923330316697,-1.6161921092926435,2
-1.2909166240322396,-1.5974104909481759,2
-0.2785213307034641,-1.1581647675728377,0
-1.0550310704328592,-0.4562710284423269,2
-0.08623085470813262,2.1550590374986305,1
0.03491276580852837,2.1907662359215263,1
-0.5332512251521592,0.5469087889570106,1
0.16850189980166935,1.8907769178947733,1
-1.2023783789858504,-1.3080507372962666,2
-1.2676387976513361,-1.3786983499784147,2
-0.40075777336026114,-0.4319948265675159,0
-0.15940917304155408,-1.4302708583481598,0
-1.039171462840398,-0.9180310958484028,2
-1.2865506428091402,-1.693187026892116,2
0.2228646654622786,1.7651880154278567,1
0.04261624383800927,1.1527711274245651,1
-0.398546783321001,2.999370500242961,1
0.03313285973026338,1.1978990485033583,1
-0.03187349205139189,-1.4534744769525134,0
-0.394055806052857,-1.225548336187624,0
6.43255992967436,-1.2073539484051241,3
-0.4122210228687117,0.592021172859685,1
-0.2673008675336716,1.4475587041353806,1
-1.1957663182476395,-1.6959045468083354,2
0.5438425144382563,1.6930312925522606,1
-0.010318316249982813,0.30583589052176874,1
-0.06987599047280994,0.026053137618456068,0
-0.03187349205139189,-1.4534744769525134,0
-0.10412433811631995,0.48160075656571205,1
0.8133520554874096,1.5186519877558669,1
-0.1816442351293835,1.4692466628396625,1
-0.3521063090263448,0.08123526587307849,0
-0.21377521024295645,1.0144134943663676,1
-0.0865757521057966,-0.7904232098999172,0
-0.1798824785424219,0.5701959670307305,1
0.10168657372667876,2.442280592942917,1
0.5297096745221558,-1.3983227385759893,0
-1.3326082504690884,-1.423867528011358,2
-0.007256217290393247,-1.3002968376594777,0
-1.3332632716275359,-1.4251727156363083,2
-0.39953370870043536,2.9973549845717216,1
-0.036390095197339725,0.9184096902548556,1
0.5097106992135971,1.6248895039880316,1
-0.2673008675336716,1.4475587041353806,1
0.5097106992135971,1.6248895039880316,1
7.591127935611819,0.6152605198093786,3
-0.5481710571025454,-1.3202205115932206,0
0.7413168675243583,1.3517432686619613,1
-0.0862182387046818,2.155956043300988,1
-0.33308096191325315,0.9160294137890448,1
-0.48856495115167436,-0.8120967652829454,2
1.1758459015696663,1.705491063283337,1
-0.16356907463958398,1.4237371578347426,1
-0.9839299710259738,-1.6601516067422784,2
6.43255992967436,-1.2073539484051241,3
-1.3265555353397027,-1.4061020959394115,2
-0.9839299710259738,-1.6601516067422784,2
-0.7724313935373511,-0.38094703277617786,0
2.82825352827821,0.5757564252488818,1
0.07098778217910497,1.9526054983720609,1
-0.9839299710259738,-1.6601516067422784,2
-1.0514987687579551,-0.9676862706283302,0
-0.9839299710259738,-1.6601516067422784,2
-1.3326082504690884,-1.423867528011358,2
-0.48224548939563167,2.9053362541186463,1
-0.22032097596853664,1.021796015160417,1
4.12004990544678,-3.4283943559553025,2
-1.3616156143280789,-1.622935512489963,2
-0.5629865801719601,2.0741956167256665,1
-0.39953370870043536,2.9973549845717216,1
-0.324132758321611,2.5309505115656896,1
0.8781470118365647,2.1800660827806655,1
-1.062819555977984,-1.075922196969814,2
-0.39845884721252167,2.9995477518108715,1
-1.049374496379524,-0.9666418773798209,0
-0.2884118963433759,1.0527960559427711,1
-0.15991832054156296,3.4165168827307393,1
-0.8478363183376751,-0.6383992094540581,2
-0.21821564874196953,-1.3436401676530236,0
-0.33308096191325315,0.9160294137890448,1
-0.364995804788331,0.2564501481741332,0
-0.364995804788331,0.2564501481741332,0
0.17104304309982502,1.8386279922196982,1
-1.2379929540279409,-1.7339543585851946,2
-1.385923330316697,-1.6161921092926435,2
-0.537322914989102,-1.1627985632009485,0
-0.6728454562930264,-0.5225343610290105,0
-1.0479562180584805,-0.9669077384987139,0
-0.23420174559113716,-0.4404753765361741,0
-1.3616156143280789,-1.622935512489963,2
-1.3616156143280789,-1.622935512489963,2
3.5079612056524456,1.1777210965938014,1
-0.010318316249982813,0.30583589052176874,1
0.10542217869971116,-1.4813427118398854,0
1.1283298996576165,0.8372298462028099,1
-0.4375348103260492,0.39719280492242864,0
7.591127935611819,0.6152605198093786,3
-0.3195774049647955,2.373389173567248,1
0.5797417630785016,1.5809287710766287,1
0.510609200225503,0.0506774083218245,0
-1.1951334134229252,-0.4594989480443921,2
-0.9815233492919127,-0.6916302293615909,2
-0.5338516892387457,1.0670418968889979,1
-0.6524296544739504,-0.08953963184122844,0
-0.42078725868570366,-0.9648743973818936,2
0.7247814461659356,0.5294412986727868,1
-1.332761156616139,-1.4505095789289972,2
-0.33308096191325315,0.9160294137890448,1
0.8828984418787396,-1.814281315447567,0
-0.3002313316046096,2.7062525443068983,1
-0.9539882174468992,-1.3717674708475882,2
0.6849290850017892,-1.8635326271730643,0
-0.3138192849633419,2.222015674653559,1
-1.057590955089354,-0.4616294679467822,2
0.5396327826036914,-1.525831732837509,0
1.800977810611068,0.1380562992540336,1
-0.9480166424478734,-0.5862062801319877,2
-0.9839299710259738,-1.6601516067422784,2
-0.32045808409863663,2.3711088840848777,1
-0.1858208355340651,2.3604299627381082,1
-1.249320595009774,-1.7007213000468038,2
0.8828984418787396,-1.814281315447567,0
-1.1441496297543159,-1.642741833018286,2
-0.22032097596853664,1.021796015160417,1
-0.46284779591186687,-0.07845337527552407,0
1.8827635891676304,1.4205682571219567,1
-0.3195774049647955,2.373389173567248,1
-0.10412433811631995,0.48160075656571205,1
-0.6752354864436386,2.9476836459776474,1
-0.3728464219125231,1.591437138401528,1
-1.2368626186870568,-1.7410954318828122,2
-0.2206395053888474,0.9773072201810015,1
0.6802555474130226,-1.7589339140846223,0
-0.5141081839219559,-1.173704480491149,0
-1.2363113127279364,-1.7213106341988977,2
0.6190961710672536,-0.2457719762991304,0
-1.057590955089354,-0.4616294679467822,2
-0.9879531241379723,-0.9975524178985476,0
-1.2379929540279409,-1.7339543585851946,2
0.08252450170235845,-0.3979130688767332,2
-0.236079877450098,1.3366202045745381,1
-0.3126933243683141,2.2402698826771665,1
-0.21377521024295645,1.0144134943663676,1
0.6500651362667834,2.195334938148025,1
-0.4374787374052922,1.3474506315739805,1
-0.46284779591186687,-0.07845337527552407,0
-0.6728454562930264,-0.5225343610290105,0
-0.5960673409666638,-1.2506332106810176,0
-0.9839299710259738,-1.6601516067422784,2
0.4984712781907946,1.6348575660505174,1
-0.623525074104168,1.6177308210228143,1
-0.22032097596853664,1.021796015160417,1
-1.0959692945549047,-0.7349033314986735,2
-0.6659574895088296,-0.12494818161161286,0
-0.6355887940902326,-1.13430827227894,0
0.14219472026569235,-1.7606039343283535,0
-1.3616156143280789,-1.622935512489963,2
-0.7628486866998392,0.5713969627235652,2
-0.47502930200177773,-1.3029469399762215,0
-1.1441496297543159,-1.642741833018286,2
0.08252450170235845,-0.3979130688767332,2
-1.1896950167224694,-1.6225837074423934,2
-0.2673008675336716,1.4475587041353806,1
-0.15991832054156296,3.4165168827307393,1
1.016237430203016,1.6759835150502675,1
-0.9839299710259738,-1.6601516067422784,2
0.8781470118365647,2.1800660827806655,1
0.23361819527270308,-1.4376169829551455,0
-0.424842037700553,0.47617711112091865,0
-1.3590964200697147,-1.6324172662283176,2
0.6060516095409739,-2.0611321859280607,2
-0.297884685978707,1.0065889031922686,1
-0.1845393068961306,0.022751538760421096,0
-1.009025938149369,-0.9872504845968436,0
-0.42991746013429183,-1.2682394051130477,0
-0.24942477319246764,2.178490141754812,1
1.4908090170035826,-2.6560524862823147,2
-0.12087021107267977,1.6554454754580001,1
-0.6804155348600472,-0.5341491491009411,0
0.6662909972489098,1.6848084867028748,1
0.25544306809766304,1.7322144034737315,1
-1.1464063250903724,-1.5957995218381353,2
-1.3280690696954864,-1.5849728215607937,2
-0.0862182387046818,2.155956043300988,1
-1.3326082504690884,-1.423867528011358,2
0.16330561444445985,1.7815948140945055,1
-1.094180259165887,-0.768925461811687,2
0.8781470118365647,2.1800660827806655,1
-1.1441496297543159,-1.642741833018286,2
-0.20467147145680478,-1.3146652803964989,0
-0.489686008135279,-0.731997344068201,0
-0.6040206247626092,-1.6573444125000698,2
-0.5132854732248637,-0.18961546889703482,0
-1.2368626186870568,-1.7410954318828122,2
-0.2983149790149055,1.2701405824286245,1
-0.3002703575978769,2.7061551316715575,1
-1.3417181832074943,-1.4968244652454537,2
0.510609200225503,0.0506774083218245,0
-0.0814992704880791,1.761407247751156,1
0.9261816896684523,-1.0201415478184503,0
-0.3794351562785143,0.04194826919723663,0
0.5670280037307925,-1.230799006280725,0
-0.641852552719603,-0.5184459179759716,2
-0.6804155348600472,-0.5341491491009411,0
-0.8749271032281409,-1.0759152177103735,0
1.0094672171655181,-1.922630681296308,0
0.03491276580852837,2.1907662359215263,1
-0.37189234563121404,0.8064007005670368,1
-0.03187349205139189,-1.4534744769525134,0
-0.9839299710259738,-1.6601516067422784,2
0.8781470118365647,2.1800660827806655,1
0.33033261123770513,1.909603624787623,1
-0.15991832054156296,3.4165168827307393,1
-0.6740073890498901,-0.21323059457584226,0
-0.9131027992200639,-1.0273741041397841,0
-1.3466945764149665,-1.6365479772599867,2
-0.4705055157412328,-1.3757470594230223,0
-0.4514217549385299,-0.04303138332412362,0
0.03484723637467063,2.191063766090047,1
-0.22032097596853664,1.021796015160417,1
-0.34663357802019373,2.3843554335561703,1
-0.09883537011873292,1.9998663615492578,1
1.3087300732703882,-1.7994636344629122,0
-0.8584350265519577,-1.1589859683557422,2
-0.3580982729931492,-0.6695964114054772,0
-1.0640551245795467,-0.963466594020478,0
0.8828984418787396,-1.814281315447567,0
-0.3580982729931492,-0.6695964114054772,0
5.8461251350895855,0.6626331626042982,1
-0.5739387111661738,0.19863057900291778,2
-0.12087021107267977,1.6554454754580001,1
0.4057514102030918,1.2029334625115762,1
0.10542217869971116,-1.4813427118398854,0
-0.7597664747140153,-0.026751559913551645,2
-0.28618015692515975,0.7281492563062133,1
-0.9077433290519835,-1.0365160197068408,0
-0.012932378079165523,1.9844783029350672,1
4.12004990544678,-3.4283943559553025,2
-0.012932378079165523,1.9844783029350672,1
-0.6752354864436386,2.9476836459776474,1
0.2096464251523544,1.8266325720282606,1
0.4984712781907946,1.6348575660505174,1
0.14219472026569235,-1.7606039343283535,0
-0.07663225256130407,1.0674141992621906,1
1.1758459015696663,1.705491063283337,1
-1.240269747858931,-1.467082933940254,2
-0.4161502494586892,-0.18227011926010206,0
-0.47259297440246073,-0.271314875073471,0
-0.37755930126242315,2.3027620068410926,1
0.8363444401955832,0.9360266596553983,1
-0.6524296544739504,-0.08953963184122844,0
-0.03187349205139189,-1.4534744769525134,0
-1.3323122091178723,-1.4232831573945304,2
1.2274179636578912,-0.18161022752304276,0
-0.43507188740901903,0.615037768212264,1
-0.3380531845237546,1.3655151536738457,1
-0.25643249069924073,1.8356734882009333,1
-0.37696785279413536,-0.45248745022444953,0
-0.9839299710259738,-1.6601516067422784,2
-0.6576939609129169,-0.17468355002941974,0
-0.03687333963638129,0.6486477453326405,1
-1.3858665741175833,-1.6162026777810146,2
-0.3991372913391692,2.9981706213099706,1
-0.6225134820054427,-1.0679927545343435,0
-1.2584489775427705,-1.6036526775640085,2
-0.4234095139228305,-1.1558466651508603,0
-0.37755930126242315,2.3027620068410926,1
-0.364995804788331,0.2564501481741332,0
-0.8891009971006638,-0.22980473181302682,2
1.4237057951818435,1.1486509477331701,1
-1.094180259165887,-0.768925461811687,2
-0.9839299710259738,-1.6601516067422784,2
-1.3413801532061331,-1.4336076541624416,2
-0.6728454562930264,-0.5225343610290105,0
-0.8370492886093931,-1.7067899554797796,2
-1.2392046434892026,-1.4654896027502196,2
-1.2988351277371026,-1.5884856889231047,2
0.25544306809766304,1.7322144034737315,1
-0.21821564874196953,-1.3436401676530236,0
-0.6647883239309997,-1.1813243165275464,0
-1.3858665741175833,-1.6162026777810146,2
-0.08623085470813262,2.1550590374986305,1
-0.3991372913391692,2.9981706213099706,1
-0.8478363183376751,-0.6383992094540581,2
-0.489686008135279,-0.731997344068201,0
-0.43407172221737156,-1.408310822061596,0
0.10717908966614112,1.3260908743448225,1
0.014780386569877044,-1.4461197882445558,0
13.579493858914761,-2.2791007193450064,3
0.06404977498079144,1.2818976055731974,1
-0.6005937143901267,-0.4924540447710076,0
-0.9019313177632182,-1.715800922661724,2
-0.0911957692256092,2.206124446237018,1
-0.3344827926273543,-1.2231874252928387,0
0.7825278615323832,1.8338874582208275,1
1.5227457189342115,2.464574435518888,1
-0.4578517331153588,0.2640755301774511,0
-0.489686008135279,-0.731997344068201,0
0.6773738541567232,2.100049882028049,1
-0.9945141055123385,-1.374762082469851,2
0.1246160686376099,1.2193167622399426,1
-0.22032097596853664,1.021796015160417,1
-0.015189769621321798,1.343565632191758,1
-0.06987599047280994,0.026053137618456068,0
0.6232900518001022,-1.5695991095620436,0
-0.8451423879869511,-0.2851696206430638,2
-0.489686008135279,-0.731997344068201,0
0.5097106992135971,1.6248895039880316,1
0.005201324605167777,1.9315770667466095,1
-0.21377521024295645,1.0144134943663676,1
-1.058408754037356,-0.46343632464093343,2
-0.3195774049647955,2.373389173567248,1
-1.0465677362591164,-0.9684790822295161,0
-0.6673530901633955,0.9487523472878211,1
-1.094180259165887,-0.768925461811687,2
1.198834183066876,1.7402612297515232,1
-0.9962394364050781,-0.988438496975251,0
-0.2876176033574664,0.39890733721892346,0
-0.3195774049647955,2.373389173567248,1
-0.36722624595923137,0.03688549851297302,0
-1.1464063250903724,-1.5957995218381353,2
0.45028997749215965,-0.15923414632123165,0
1.1344105527960338,0.32688935170701683,1
-0.2884118963433759,1.0527960559427711,1
-0.2876176033574664,0.39890733721892346,0
-1.3323122091178723,-1.4232831573945304,2
-0.9839299710259738,-1.6601516067422784,2
0.7767425903950862,-1.0972752238361236,0
0.14355008071851458,1.3137913580188505,1
0.5472453174288462,-2.124018325494621,0
0.045366669578667675,2.4195912098293584,1
1.2067350604051517,1.6868790070334116,1
-0.3595871913284449,0.17265165684753409,0
-1.1278875314898793,-1.0529150424916336,2
4.12004990544678,-3.4283943559553025,2
-0.47502930200177773,-1.3029469399762215,0
-0.9897868628701129,-0.9407134265267351,2
-1.2643033998925735,-1.6446102410165313,2
0.014780386569877044,-1.4461197882445558,0
-0.2302670852592232,5.042289814372821,1
3.5480873157099797,1.092172482098625,1
-0.6615412388713582,-1.523053693170048,2
5.398221170887174,0.03303750871448657,1
-1.1441496297543159,-1.642741833018286,2
-0.17876574560459302,1.4819154037113689,1
-1.240269747858931,-1.467082933940254,2
0.23674825115423906,0.017014311189642552,0
1.6013181439542927,0.1065309064911916,0
-1.1441496297543159,-1.642741833018286,2
13.603870566388538,-1.8922915819891377,3
-1.1441496297543159,-1.642741833018286,2
-0.6752354864436386,2.9476836459776474,1
-0.8451423879869511,-0.2851696206430638,2
-0.15991832054156296,3.4165168827307393,1
-0.033716131303748946,-1.4581141771492676,0
-0.37249401613005245,1.5936303828976521,1
-0.07496145188269422,1.2487794401224854,1
0.08208147147721721,1.9751755183147037,1
0.12106991540667333,-1.3696529679071647,0
-0.46284779591186687,-0.07845337527552407,0
-0.22032097596853664,1.021796015160417,1
-0.6747842127373807,2.948588828038164,1
-0.2884118963433759,1.0527960559427711,1
-0.8370492886093931,-1.7067899554797796,2
-0.26817888464781814,0.22345171710523015,0
-1.3323122091178723,-1.4232831573945304,2
-1.2988351277371026,-1.5884856889231047,2
-1.039171462840398,-0.9180310958484028,2
0.5913670706895177,0.1718703712678429,0
0.10010988927999383,0.9498318930579068,1
-1.3326082504690884,-1.423867528011358,2
0.04550186381472246,-1.4359651254355161,0
-0.5222507006838688,-0.39768977991635707,0
-0.3344827926273543,-1.2231874252928387,0
-0.872648150380425,-1.0346942046884913,0
1.118594988552329,-1.9408759375710163,0
1.0085100648069592,1.6811675741860181,1
-1.332761156616139,-1.4505095789289972,2
0.8828984418787396,-1.814281315447567,0
-1.1146592309295005,-1.6451012786973744,2
-0.4234095139228305,-1.1558466651508603,0
-0.5817552865873147,1.89129659131311,1
0.9871217892031009,-0.060684579959663164,0
0.8828984418787396,-1.814281315447567,0
0.06875767661184261,0.5120995743047004,1
-0.08372343725545227,-1.282966412715751,0
-0.33308096191325315,0.9160294137890448,1
-0.6728454562930264,-0.5225343610290105,0
-0.2876176033574664,0.39890733721892346,0
-1.3616156143280789,-1.622935512489963,2
0.7239828012982413,-2.1564971377598354,0
1.1315785952507493,-2.319178650855001,2
-0.9839299710259738,-1.6601516067422784,2
-0.07663225256130407,1.0674141992621906,1
-0.9839299710259738,-1.6601516067422784,2
0.10542217869971116,-1.4813427118398854,0
-0.6804155348600472,-0.5341491491009411,0
-1.2717299638590394,-1.6425363427091089,2
0.5160845760056988,1.599716986882871,1
-0.10769810310527544,0.34818453903789076,1
-0.6747842127373807,2.948588828038164,1
-0.9839299710259738,-1.6601516067422784,2
-0.6752354864436386,2.9476836459776474,1
-1.1441496297543159,-1.642741833018286,2
-0.0862182387046818,2.155956043300988,1
-1.049472645593823,-0.9700323055087585,0
-0.33308096191325315,0.9160294137890448,1
-0.6760650998520178,2.945992336432811,1
-0.8999379507457909,-1.3457058039506522,2
-0.2758736197172065,4.145878080434634,1
-0.6746908118234015,2.948775000137868,1
2.2896491438269595,-1.5752461394230735,0
-0.48184365857926764,2.9061607275663297,1
-1.060850352587525,-0.4693095497771721,2
-0.0862182387046818,2.155956043300988,1
-1.1441496297543159,-1.642741833018286,2
0.7188783768043887,1.640941072852969,1
3.4150869594885656,1.2309150399209352,1
-1.3616156143280789,-1.622935512489963,2
-0.489686008135279,-0.731997344068201,0
-0.46284779591186687,-0.07845337527552407,0
5.8461251350895855,0.6626331626042982,1
0.562791790481693,-1.4702404267025637,0
-0.07825009549842517,1.7205881401785086,1
-0.036390095197339725,0.9184096902548556,1
-0.4578517331153588,0.2640755301774511,0
-0.9839299710259738,-1.6601516067422784,2
-0.489686008135279,-0.731997344068201,0
0.5097106992135971,1.6248895039880316,1
0.0057255330934426266,1.8692623816151666,1
0.03484723637467063,2.191063766090047,1
-1.1441496297543159,-1.642741833018286,2
0.5438425144382563,1.6930312925522606,1
-0.10412433811631995,0.48160075656571205,1
0.19071258790408982,1.3656315516539022,1
-0.21821564874196953,-1.3436401676530236,0
-0.01525435831454085,1.0481738798972202,1
-0.4183922443962443,1.4499227320165184,1
-0.8584350265519577,-1.1589859683557422,2
-0.6731499682147165,2.951795834415677,1
0.03484723637467063,2.191063766090047,1
13.603870566388538,-1.8922915819891377,3
-1.2379929540279409,-1.7339543585851946,2
-0.4999231934136536,-1.107039044810768,0
-0.6399520123624055,-1.1398552850614418,0
-0.2153280439079232,-1.3755478045835388,0
-0.489686008135279,-0.731997344068201,0
-0.08372343725545227,-1.282966412715751,0
-1.3858665741175833,-1.6162026777810146,2
0.3375007275557392,-1.146501360126906,0
-0.4999231934136536,-1.107039044810768,0
-0.39953370870043536,2.9973549845717216,1
-0.4553414548006226,0.07552632124801388,0
-1.04680777090169,-0.9677775460436802,0
0.29206678292221616,3.100083415033131,1
-1.0491430277101206,-0.966467944989333,0
-1.3616156143280789,-1.622935512489963,2
13.603870566388538,-1.8922915819891377,3
-0.43507188740901903,0.615037768212264,1
-0.21021568384613648,1.3962596958365359,1
-1.3616156143280789,-1.622935512489963,2
-0.5359494571967236,0.4984203130874988,2
-0.2759176140038659,-1.343457972520551,0
-1.3616156143280789,-1.622935512489963,2
-0.6804155348600472,-0.5341491491009411,0
-0.5222507006838688,-0.39768977991635707,0
-0.9879531241379723,-0.9975524178985476,0
-0.12625500834053885,-1.4302327747332806,0
-0.5960673409666638,-1.2506332106810176,0
-0.22032097596853664,1.021796015160417,1
-1.119198300021771,-0.9983070618204817,2
0.014780386569877044,-1.4461197882445558,0
-1.3332632716275359,-1.4251727156363083,2
-0.2958185156759777,-0.7700432596490029,2
-0.015735407368939188,1.3866732474244687,1
-1.2355105436144247,-1.7329205018348812,2
-0.6728454562930264,-0.5225343610290105,0
-0.8891009971006638,-0.22980473181302682,2
0.5552445753709315,-0.6001862758356423,0
-0.6632912646676904,0.12504314939776676,0
-1.148539921709494,-1.760120370403972,2
-0.8492315620999794,-0.7517305211130145,2
-0.6763720260972892,2.945356489595077,1
-0.6546450741556509,-1.1109203930002622,0
-1.385923330316697,-1.6161921092926435,2
-0.0862182387046818,2.155956043300988,1
2.5261367507782113,0.35622988523273247,1
0.7100885007245755,-1.451612860298222,0
-0.366482587021082,-1.2649302617005702,0
-0.6754089318779425,2.9473331042256006,1
-0.4331469506456135,-0.09835211414598691,0
-0.18586815213192934,1.3407176430879872,1
0.2405951428368006,1.9912936923591888,1
-0.9943059152668662,-0.9962823094672973,0
-0.30189650883442415,3.680919584608499,1
-0.6746908118234015,2.948775000137868,1
-0.13850985867285975,1.5718403659863935,1
-0.8841301301970357,0.3611921749350544,2
-0.489686008135279,-0.731997344068201,0
-0.7629908504997147,0.04570608070293124,2
-1.0259709427468189,-0.9756892164289394,0
-1.3616156143280789,-1.622935512489963,2
-0.1650326634701055,1.5367531082157304,1
-0.2876176033574664,0.39890733721892346,0
0.1036552735073091,-1.7354544961926281,0
0.49140959213460667,-0.06246219959498994,0
-0.4740320958047331,-0.6138808299549762,0
-0.6103598386078499,-1.1579757682798588,0
-0.3962646767111676,3.0038710080613593,1
-1.3616156143280789,-1.622935512489963,2
-1.3858665741175833,-1.6162026777810146,2
5.357534607632613,1.2773097855639994,1
-0.9839299710259738,-1.6601516067422784,2
-1.3292646947554272,-1.2193258284230966,2
0.09284851716535178,1.3206446907588751,1
-0.2876176033574664,0.39890733721892346,0
1.3037386903159358,-1.4386760417273714,0
-0.5739387111661738,0.19863057900291778,2
-1.2982848616085079,-1.498294669908201,2
-0.6804155348600472,-0.5341491491009411,0
-0.7243740694268542,-0.035795983766959506,0
-0.13334660942626833,-1.275964124969394,0
-0.22032097596853664,1.021796015160417,1
-0.03849572914239675,0.20621211663272254,0
0.5670280037307925,-1.230799006280725,0
-1.1028378999289936,-1.6551981148350796,2
0.10542217869971116,-1.4813427118398854,0
-0.39953370870043536,2.9973549845717216,1
-0.4999231934136536,-1.107039044810768,0
0.15193481706919562,0.9016105632748599,1
-0.10412433811631995,0.48160075656571205,1
-0.6040206247626092,-1.6573444125000698,2
-0.6804155348600472,-0.5341491491009411,0
-0.10796994434220386,-0.38076298072126114,0
-0.8584350265519577,-1.1589859683557422,2
-0.21821564874196953,-1.3436401676530236,0
-0.489686008135279,-0.731997344068201,0
-1.1278875314898793,-1.0529150424916336,2
-0.22032097596853664,1.021796015160417,1
-0.007256217290393247,-1.3002968376594777,0
0.9871217892031009,-0.060684579959663164,0
0.014780386569877044,-1.4461197882445558,0
-0.26843536436986276,2.722285932070853,1
-0.3344827926273543,-1.2231874252928387,0
-0.42968471935447916,1.5234668524233472,1
0.23361819527270308,-1.4376169829551455,0
1.0233571759529032,-0.023313001211630796,1
-0.489686008135279,-0.731997344068201,0
0.3003238126949268,1.0595286972158218,1
-0.5960673409666638,-1.2506332106810176,0
0.16049918761758147,0.4693993895817629,1
-0.489686008135279,-0.731997344068201,0
0.09284851716535178,1.3206446907588751,1
-0.4514217549385299,-0.04303138332412362,0
0.4866909557275095,-0.5765933462949523,0
-0.3991372913391692,2.9981706213099706,1
0.5172325008206748,0.030776394693600797,0
-0.14267612324368723,2.3270900310100022,1
-1.1278875314898793,-1.0529150424916336,2
-0.2750297560455822,4.147592651544105,1
3.133384940234256,1.549878425420504,1
-1.1539118835112014,-1.465185159463592,2
-1.331582796727082,-1.4218565364718454,2
-1.1441496297543159,-1.642741833018286,2
-0.11094113401838078,1.6713015063748817,1
-0.2153280439079232,-1.3755478045835388,0
-0.9839299710259738,-1.6601516067422784,2
-1.0445588972441862,-1.8209609745464634,2
0.16801106559399862,1.052762153188389,1
-0.33320574266695807,2.6655840801292827,1
-0.2876176033574664,0.39890733721892346,0
-1.2186402422523397,-1.655116276948438,2
-0.1824543334989067,3.6877936740038555,1
4.12004990544678,-3.4283943559553025,2
0.176670249968399,-0.6031389241041216,0
-0.07825009549842517,1.7205881401785086,1
-0.07380430756360702,1.7805211887996777,1
-0.9839299710259738,-1.6601516067422784,2
0.7293436128127797,0.526641120545581,1
-0.7002282115574814,-1.088621247491985,0
0.5472453174288462,-2.124018325494621,0
-0.036390095197339725,0.9184096902548556,1
-0.347353249268119,0.9887420231902673,1
-1.244609642500477,-1.2935953201690213,2
-1.2532624876163163,-1.6506356220526588,2
-0.4514217549385299,-0.04303138332412362,0
-0.3418531176737539,2.3532636347597786,1
-0.24277770029696963,1.1690587978270628,1
-1.3858665741175833,-1.6162026777810146,2
1.0908662872912775,1.6933563495102346,1
-1.119198300021771,-0.9983070618204817,2
-1.3858665741175833,-1.6162026777810146,2
-0.10412433811631995,0.48160075656571205,1
-0.03604706638036703,1.8016512655739418,1
-0.6524296544739504,-0.08953963184122844,0
-0.27298261264530554,2.0274166417514032,1
0.6802555474130226,-1.7589339140846223,0
-0.297884685978707,1.0065889031922686,1
-0.37755930126242315,2.3027620068410926,1
-0.5048154859172143,2.432229501229714,1
-0.3927990905358492,0.4913603698440117,0
-0.6728454562930264,-0.5225343610290105,0
-1.381840974138355,-1.6195778719867835,2
-0.30966985986270323,-0.7000278662352662,0
-0.6278739712141588,0.4884174503452268,1
-0.3195774049647955,2.373389173567248,1
-1.2643033998925735,-1.6446102410165313,2
-0.489686008135279,-0.731997344068201,0
0.6232900518001022,-1.5695991095620436,0
-0.5338516892387457,1.0670418968889979,1
-1.1441496297543159,-1.642741833018286,2
0.5438425144382563,1.6930312925522606,1
-0.6730205222388126,0.9191000221426591,1
-0.4920198947414873,-1.70679001207534,0
0.23295786461373091,2.1895961221876936,1
-1.3858665741175833,-1.6162026777810146,2
-0.6728454562930264,-0.5225343610290105,0
-1.2255806874253319,-1.744361207386306,2
-0.6040206247626092,-1.6573444125000698,2
-0.6740073890498901,-0.21323059457584226,0
0.47761860150538843,1.6612662286758144,1
-0.15320085937333228,1.5880379263747642,1
-0.0862182387046818,2.155956043300988,1
2.1952923158328055,-1.773569011363821,0
-0.24277770029696963,1.1690587978270628,1
-0.46284779591186687,-0.07845337527552407,0
-0.21521398497797492,-1.167946370081659,0
0.8828984418787396,-1.814281315447567,0
1.1344105527960338,0.32688935170701683,1
-0.8370492886093931,-1.7067899554797796,2
-0.6040206247626092,-1.6573444125000698,2
-0.6478291554608201,-1.1218132188968724,0
-0.4578517331153588,0.2640755301774511,0
-1.3246546465987894,-1.402324997507714,2
0.5438425144382563,1.6930312925522606,1
0.14219472026569235,-1.7606039343283535,0
-0.007256217290393247,-1.3002968376594777,0
0.9871217892031009,-0.060684579959663164,0
-0.22032097596853664,1.021796015160417,1
-0.6728454562930264,-0.5225343610290105,0
0.9651758231906027,0.4330407347727718,0
-0.2419649440270689,-1.6071528349332616,0
0.8392656539285274,1.4217891292064349,1
-1.3616156143280789,-1.622935512489963,2
-1.1279009618099096,-1.330408148905495,2
-0.6103598386078499,-1.1579757682798588,0
-0.5174403507353235,-1.0659750349735437,2
-0.39177727835826504,0.21417464328087607,0
0.5506876944269968,-1.5543154111413744,0
-0.77848327987421,0.612794797217588,2
-0.16183738852786,3.411732572826706,1
-1.2765044413485669,-1.7078954537043916,2
13.603870566388538,-1.8922915819891377,3
-0.07825009549842517,1.7205881401785086,1
-0.2876176033574664,0.39890733721892346,0
0.1036552735073091,-1.7354544961926281,0
-0.10742586298900424,2.2899397976325857,1
-0.39494856863147254,3.0063901603674665,1
-0.47502930200177773,-1.3029469399762215,0
-0.5739387111661738,0.19863057900291778,2
2.1283914961922186,0.9291487074356406,1
-0.1704057747398988,2.0507357492939415,1
-0.5960673409666638,-1.2506332106810176,0
-0.46284779591186687,-0.07845337527552407,0
-1.1134818281237469,-1.5749659546172239,2
-1.119198300021771,-0.9983070618204817,2
-0.6747842127373807,2.948588828038164,1
-0.0911957692256092,2.206124446237018,1
-0.6576939609129169,-0.17468355002941974,0
-0.29593942949583535,1.1666505150824624,1
2.2896491438269595,-1.5752461394230735,0
-1.1441496297543159,-1.642741833018286,2
1.4132651031168377,-0.33538854605567203,0
-1.0386379572178848,-0.9744603267797424,0
-0.4001984864665582,2.995966454344325,1
-0.40541432036447866,0.5176992185872835,0
2.5261367507782113,0.35622988523273247,1
0.7719124429511548,1.2005539248560337,1
-1.1441496297543159,-1.642741833018286,2
-0.6752354864436386,2.9476836459776474,1
-0.0862182387046818,2.155956043300988,1
-0.9839299710259738,-1.6601516067422784,2
0.144516833790042,0.7535316086085891,1
-0.818233256532199,-1.2806146882642033,2
-0.5414973222191718,0.1295698082382188,0
-1.039171462840398,-0.9180310958484028,2
-0.5276970021806087,1.2566029654998068,1
-0.489686008135279,-0.731997344068201,0
-0.6752354864436386,2.9476836459776474,1
0.17017848716018494,2.670714638515645,1
-0.4557516218230264,0.29277527545697646,0
3.9703188696268525,1.3622300842110062,1
1.471776537091349,-1.5641408772817924,0
-0.5433335797869667,0.036260269941594384,0
-0.4375348103260492,0.39719280492242864,0
0.5913670706895177,0.1718703712678429,0
0.7403862033183392,-1.9577376979633163,0
-0.21377521024295645,1.0144134943663676,1
-0.37189234563121404,0.8064007005670368,1
-0.7580843742258828,-0.428656575003568,2
-0.08623085470813262,2.1550590374986305,1
-0.23420174559113716,-0.4404753765361741,0
-0.394055806052857,-1.225548336187624,0
13.603870566388538,-1.8922915819891377,3
-0.03604706638036703,1.8016512655739418,1
-1.036108533452391,-0.979959556379837,0
-0.5879248501907302,1.199617215864901,1
13.603870566388538,-1.8922915819891377,3
-0.5589953584133186,1.9364043828377324,1
-0.78686776702894,-1.1109445748509776,0
-0.07380430756360702,1.7805211887996777,1
-0.3953242045032187,3.0056758628116014,1
-0.45560192917189674,-1.7539146324053612,0
0.5438425144382563,1.6930312925522606,1
0.031448868176695684,2.1766657102805516,1
-0.4293680731997422,2.2123184071069093,1
0.014654194398066336,2.167496526240319,1
0.4329760100256598,-1.3256360375065763,0
21.9623821156911,-1.8320163957155002,3
1.016237430203016,1.6759835150502675,1
-0.3981894074302246,3.0000886990814655,1
-1.3616156143280789,-1.622935512489963,2
-0.37696785279413536,-0.45248745022444953,0
-0.14267612324368723,2.3270900310100022,1
-0.6804155348600472,-0.5341491491009411,0
0.3375007275557392,-1.146501360126906,0
-0.22032097596853664,1.021796015160417,1
0.051336243670688814,-1.44128193757043,0
0.12106991540667333,-1.3696529679071647,0
-0.5433335797869667,0.036260269941594384,0
-0.46284779591186687,-0.07845337527552407,0
-0.05524030391509658,1.6591395156948388,1
-1.3391189934996042,-1.428972798480936,2
-0.46284779591186687,-0.07845337527552407,0
2.177165979416211,-1.3377758177762897,0
-0.033716131303748946,-1.4581141771492676,0
-1.1683827443174446,-1.428401811349146,2
0.8828984418787396,-1.814281315447567,0
0.25223911974260427,0.626523373963623,0
-0.0862182387046818,2.155956043300988,1
-0.22032097596853664,1.021796015160417,1
-0.3728464219125231,1.591437138401528,1
-1.2909166240322396,-1.5974104909481759,2
-0.364995804788331,0.2564501481741332,0
-0.6747842127373807,2.948588828038164,1
0.9076719458273799,-1.8735515666335347,0
0.9022887120196006,1.607303065060397,1
1.7428057640005687,0.2713789835383054,0
-0.40075777336026114,-0.4319948265675159,0
-0.6813505058053437,-1.1219175325075388,0
13.603870566388538,-1.8922915819891377,3
-0.4514217549385299,-0.04303138332412362,0
0.1036552735073091,-1.7354544961926281,0
-0.010318316249982813,0.30583589052176874,1
-0.06987599047280994,0.026053137618456068,0
0.0691166533100152,1.1100662584579837,1
-0.6737959519119924,-0.09297343404451239,0
-1.0995038662340397,-1.3302999292510072,2
0.14283977075525564,-0.5850135192122369,0
-0.6129921986914609,1.1660418886480275,1
-0.20648962302993254,1.0333397762362642,1
0.09284851716535178,1.3206446907588751,1
-0.08623085470813262,2.1550590374986305,1
0.2096464251523544,1.8266325720282606,1
-0.15991832054156296,3.4165168827307393,1
0.6551257565010363,1.6997516115183897,1
0.9438997537494161,1.885159229616865,1
-0.12087021107267977,1.6554454754580001,1
-0.21377521024295645,1.0144134943663676,1
-0.9839299710259738,-1.6601516067422784,2
-0.46284779591186687,-0.07845337527552407,0
0.6802555474130226,-1.7589339140846223,0
-0.9649230887702976,-1.9629050322098542,2
-0.012932378079165523,1.9844783029350672,1
-0.6779293180635221,-0.5732383745506163,2
-0.6560269154314518,-0.16779578116244986,0
-1.0490307686254876,-0.9664923797853052,0
2.894260373832994,1.55485684829273,1
0.9022887120196006,1.607303065060397,1
-0.7889891056829693,-1.06991212538696,0
-0.21377521024295645,1.0144134943663676,1
-0.6971558220514504,0.0445264762660348,2
-0.4790915372099158,1.1686498408127752,1
-0.3816423473802124,-0.06531109958162853,0
-0.32857417122109606,0.37844920072607474,0
-0.42078725868570366,-0.9648743973818936,2
1.1758459015696663,1.705491063283337,1
0.17495010214223802,-1.7624332131352802,0
-0.364995804788331,0.2564501481741332,0
-0.5338516892387457,1.0670418968889979,1
-0.5760466934378818,-1.152217783921695,0
-0.6780315385488513,-0.08661527952860879,0
-0.9839299710259738,-1.6601516067422784,2
-0.350626389304256,1.9745354934564108,1
-0.2876176033574664,0.39890733721892346,0
-0.03187349205139189,-1.4534744769525134,0
0.9183117794399429,1.9375035939762806,1
-0.4920198947414873,-1.70679001207534,0
-0.14267612324368723,2.3270900310100022,1
0.1607902853759601,1.062818120058565,1
0.6145174552053646,2.062990147414426,1
0.2286604831591109,-1.2622571092617059,0
0.9022887120196006,1.607303065060397,1
-1.2430145310541219,-1.7360115035974204,2
0.14219472026569235,-1.7606039343283535,0
-0.8584350265519577,-1.1589859683557422,2
-0.9019193283428234,-1.323634774736598,2
-0.6524296544739504,-0.08953963184122844,0
-0.3803238213010319,2.2965639063813033,1
0.09284851716535178,1.3206446907588751,1
-1.3332632716275359,-1.4251727156363083,2
-0.489686008135279,-0.731997344068201,0
0.808205440474838,1.2329647114338527,1
-0.3816423473802124,-0.06531109958162853,0
-0.9839299710259738,-1.6601516067422784,2
0.16850189980166935,1.8907769178947733,1
0.12576943557458187,2.078220955881573,1
-0.5297659178961269,0.10093469675558131,0
-0.11211800981134493,1.2054711371011408,1
-0.3195774049647955,2.373389173567248,1
-0.28860350125411854,0.7453837710858169,1
-0.4578517331153588,0.2640755301774511,0
-1.1441496297543159,-1.642741833018286,2
0.6232900518001022,-1.5695991095620436,0
-0.6746908118234015,2.948775000137868,1
0.22042310848259886,1.3968318619571092,1
-0.6752354864436386,2.9476836459776474,1
2.0282600075658657,1.3587104214664092,1
0.39580728756482136,1.6689921751538757,1
-0.40075777336026114,-0.4319948265675159,0
-0.39845884721252167,2.9995477518108715,1
-0.14267612324368723,2.3270900310100022,1
-0.7938182489592372,-1.1524275359871923,0
-0.6763720260972892,2.945356489595077,1
2.466530682997979,0.5883668976272506,1
-0.028891117003769205,2.398418073780014,1
1.1901545128251019,2.0618955011115783,1
0.8828984418787396,-1.814281315447567,0
-1.2982848616085079,-1.498294669908201,2
-0.9940909338814828,-0.9921488674412257,0
-1.3616156143280789,-1.622935512489963,2
0.16049918761758147,0.4693993895817629,1
0.5396327826036914,-1.525831732837509,0
22.115087636835483,-2.0632646722693484,3
-0.3338374211006511,2.6640473310307007,1
-0.2876176033574664,0.39890733721892346,0
-1.3478351201687486,-1.6387068987455489,2
-0.03265297803674842,0.9142627340631606,1
-0.8138693741180305,-1.846201431846374,2
-0.34663357802019373,2.3843554335561703,1
-0.43507188740901903,0.615037768212264,1
-0.01308241272560153,2.0322254041187677,1
1.0908662872912775,1.6933563495102346,1
0.16049918761758147,0.4693993895817629,1
-0.4565727690481279,3.596300967157651,1
-0.22032097596853664,1.021796015160417,1
3.3992702386131044,2.2571377761916978,1
-1.2363113127279364,-1.7213106341988977,2
-0.10412433811631995,0.48160075656571205,1
0.039628321704565685,1.1601635289587602,1
4.580573291119125,1.4574068795874182,1
-1.3858665741175833,-1.6162026777810146,2
-1.3326082504690884,-1.423867528011358,2
-0.6804155348600472,-0.5341491491009411,0
0.3347025257661133,0.6308574783327358,1
0.4864830023825959,-0.40680837829633154,0
-0.4557516218230264,0.29277527545697646,0
-0.5380953705754924,1.315689057151467,1
-1.185050774412328,-1.7236629277101503,2
1.800977810611068,0.1380562992540336,1
-0.22032097596853664,1.021796015160417,1
0.7529518762659447,1.4165348987893678,1
-0.6804155348600472,-0.5341491491009411,0
0.2628600562776386,-0.14098881316026776,0
-1.3326082504690884,-1.423867528011358,2
2.82825352827821,0.5757564252488818,1
-0.3418531176737539,2.3532636347597786,1
-0.26477893444694084,1.4357695672853152,1
-0.4116083465275327,1.3568958451773934,1
0.05113838179034466,1.138906810653926,1
-0.2198695797703294,0.8193076368641399,1
-0.3195774049647955,2.373389173567248,1
0.4159644001951617,1.7135444672355715,1
-0.6745007392218159,2.9491526834184447,1
0.05113838179034466,1.138906810653926,1
-1.1278875314898793,-1.0529150424916336,2
-1.3346688597271157,-1.428040180487505,2
-1.1441496297543159,-1.642741833018286,2
-0.4234095139228305,-1.1558466651508603,0
-0.649948240399446,-1.1363522950860703,0
-0.9480166424478734,-0.5862062801319877,2
4.12004990544678,-3.4283943559553025,2
1.0094672171655181,-1.922630681296308,0
-0.6636815742726038,-0.08360749669164823,0
-0.17876574560459302,1.4819154037113689,1
13.579493858914761,-2.2791007193450064,3
-0.5960673409666638,-1.2506332106810176,0
0.1036552735073091,-1.7354544961926281,0
0.09284851716535178,1.3206446907588751,1
-0.4505661198840355,2.7856932825416636,1
-0.8450726165841831,-1.0640542546057061,0
-0.7307802381123787,-1.0631115756205651,0
-0.0862182387046818,2.155956043300988,1
-0.33308096191325315,0.9160294137890448,1
1.2400261064353078,0.375324430074802,1
-0.033716131303748946,-1.4581141771492676,0
4.0522724933278615,1.467612974078075,1
-0.018885837686840132,-1.302303156211771,0
0.19071258790408982,1.3656315516539022,1
-0.46284779591186687,-0.07845337527552407,0
0.6802555474130226,-1.7589339140846223,0
-0.2876176033574664,0.39890733721892346,0
-1.2379929540279409,-1.7339543585851946,2
-0.1490686750245473,1.7454516568772795,1
-0.7318781700006223,-0.06270098503511178,2
0.10542217869971116,-1.4813427118398854,0
0.4015494797420362,-0.6575824894906083,0
-0.03760743275995775,2.8674647711474863,1
-0.22032097596853664,1.021796015160417,1
-1.1441496297543159,-1.642741833018286,2
-0.16078297919813148,-1.2580806623828755,0
-0.8451423879869511,-0.2851696206430638,2
0.34581504641367344,-1.7333963328598618,0
-1.2428797508838276,-1.0908977412140055,2
-0.9480166424478734,-0.5862062801319877,2
-1.2515728576921514,-1.6098036089757748,2
0.0057255330934426266,1.8692623816151666,1
-0.6381284040692432,-1.066171922834717,0
-0.5338516892387457,1.0670418968889979,1
-0.6889711880343671,-0.1498674811790576,0
-0.2885071613256541,-1.3843673896822333,0
-1.1134818281237469,-1.5749659546172239,2
0.14219472026569235,-1.7606039343283535,0
0.02226040865164322,2.667603997134769,1
0.6802555474130226,-1.7589339140846223,0
2.82825352827821,0.5757564252488818,1
-0.10412433811631995,0.48160075656571205,1
-0.5281162330862662,1.2556489643818967,1
-0.22032097596853664,1.021796015160417,1
-0.6789014061764242,2.903639496134066,1
-1.3326082504690884,-1.423867528011358,2
0.8781470118365647,2.1800660827806655,1
-0.9019313177632182,-1.715800922661724,2
-0.2198695797703294,0.8193076368641399,1
0.3924257988591129,2.146552510034388,1
-0.5433335797869667,0.036260269941594384,0
-1.3616156143280789,-1.622935512489963,2
0.34622124622967165,-1.5236537542124837,0
-0.30011615748282316,-1.3099534040209593,0
-0.46284779591186687,-0.07845337527552407,0
-1.3458790763782766,-1.6403839273600382,2
-1.0050560601340457,-0.987935357346009,0
-1.3543920333547639,-1.5719333215423528,2
-1.260737508096588,-1.7211149643436547,2
-0.6579723591695555,-1.1048586766394053,0
-0.37755930126242315,2.3027620068410926,1
-0.08372343725545227,-1.282966412715751,0
0.7181724611081363,1.641406755334364,1
-0.7226447657739622,-0.6543241798718903,2
-1.2406662643995523,-1.7379803668841354,2
-0.6804155348600472,-0.5341491491009411,0
2.1910260964349426,-1.802271107175338,0
-0.489686008135279,-0.731997344068201,0
-1.1059600720818399,-1.500912214658612,2
-1.058408754037356,-0.46343632464093343,2
-0.6126359611355106,-0.14037373956237334,0
-1.2363113127279364,-1.7213106341988977,2
-0.4234095139228305,-1.1558466651508603,0
1.1344105527960338,0.32688935170701683,1
0.5438425144382563,1.6930312925522606,1
-0.5290601728455456,0.49455190209229183,1
0.4611336261875425,1.8017660779037574,1
7.591127935611819,0.6152605198093786,3
1.4908090170035826,-2.6560524862823147,2
1.121755446126763,1.6747442932603092,1
-0.09883537011873292,1.9998663615492578,1
-0.15991832054156296,3.4165168827307393,1
-0.07496145188269422,1.2487794401224854,1
-1.1441496297543159,-1.642741833018286,2
-0.9839299710259738,-1.6601516067422784,2
-0.9019313177632182,-1.715800922661724,2
-0.6728454562930264,-0.5225343610290105,0
-1.3858665741175833,-1.6162026777810146,2
-1.3616156143280789,-1.622935512489963,2
-0.11576608864538265,1.692663726492629,1
0.7382676864315695,1.3537772018684806,1
-0.21821564874196953,-1.3436401676530236,0
-0.007256217290393247,-1.3002968376594777,0
-0.9839299710259738,-1.6601516067422784,2
-0.9839299710259738,-1.6601516067422784,2
-0.347353249268119,0.9887420231902673,1
0.8326761250332998,0.2092702720716085,0
-0.8492163443092989,-0.6712062515352388,2
-1.0480976385636667,-0.9668800805955748,0
-0.40187266301386404,2.9923234748469354,1
-0.6040206247626092,-1.6573444125000698,2
-1.1441496297543159,-1.642741833018286,2
-0.489686008135279,-0.731997344068201,0
-0.6804155348600472,-0.5341491491009411,0
-0.8370492886093931,-1.7067899554797796,2
-0.21726152911825525,0.01993345201517661,0
-0.6804155348600472,-0.5341491491009411,0
-0.10412433811631995,0.48160075656571205,1
-0.7926179347447837,0.37232637974200616,2
-0.489686008135279,-0.731997344068201,0
0.17315057142481524,1.9133972730611732,1
-0.29230597498920924,-0.024788860944218467,0
-1.3616156143280789,-1.622935512489963,2
-0.6684387878027299,-1.115367437486706,0
-1.2379929540279409,-1.7339543585851946,2
0.549549672271647,-1.1938601810290361,0
-0.3195774049647955,2.373389173567248,1
-0.40541432036447866,0.5176992185872835,0
-0.489686008135279,-0.731997344068201,0
-1.119198300021771,-0.9983070618204817,2
-1.2515728576921514,-1.6098036089757748,2
-0.33906217699951663,0.6206518346193565,1
-1.1494969336319103,-1.8019219248542853,2
-0.5739387111661738,0.19863057900291778,2
0.8392656539285274,1.4217891292064349,1
-0.7938589598618196,0.5300067609555608,2
-0.8370492886093931,-1.7067899554797796,2
-0.4753229592128275,0.9724894592899842,1
0.18628841621011397,1.9745780742757497,1
-0.46284779591186687,-0.07845337527552407,0
-1.3326082504690884,-1.423867528011358,2
-0.34663357802019373,2.3843554335561703,1
5.398221170887174,0.03303750871448657,1
-0.2143020185584637,-0.5691050940421003,0
-0.24076347325683367,2.1884435898564707,1
0.039628321704565685,1.1601635289587602,1
13.579493858914761,-2.2791007193450064,3
-0.6745007392218159,2.9491526834184447,1
-0.2785213307034641,-1.1581647675728377,0
-1.3858665741175833,-1.6162026777810146,2
0.21672630370240964,1.4981602792882094,1
0.7850112618405422,-1.3772150959963139,0
0.09021710977187467,1.9059716507069897,1
13.603870566388538,-1.8922915819891377,3
6.43255992967436,-1.2073539484051241,3
1.016237430203016,1.6759835150502675,1
0.3003238126949268,1.0595286972158218,1
4.4894470233021995,-2.8391843760340696,2
-1.1441496297543159,-1.642741833018286,2
-0.3987199135840743,2.999020472963933,1
-0.27593169837257675,2.449466033165031,1
-1.3421726707048534,-1.4353058261183378,2
-0.3991372913391692,2.9981706213099706,1
-0.641852552719603,-0.5184459179759716,2
-1.1876438874407125,-1.677564909035141,2
-1.331582796727082,-1.4218565364718454,2
-0.3898718874159695,-1.2408408524353098,0
-1.244609642500477,-1.2935953201690213,2
-0.3492212778391643,2.378108885896364,1
-1.0012829473947897,-0.17372014036162406,2
-0.489686008135279,-0.731997344068201,0
-0.0911957692256092,2.206124446237018,1
-0.9345587010452778,-0.7798189693350918,2
-0.418052051667558,0.9085082526393682,1
-0.36780305945431097,0.5496346294911699,1
-1.1441496297543159,-1.642741833018286,2
-0.9839299710259738,-1.6601516067422784,2
0.8828984418787396,-1.814281315447567,0
-0.40075777336026114,-0.4319948265675159,0
-0.2647637075105793,0.19232753845645933,0
-1.185050774412328,-1.7236629277101503,2
-0.6804155348600472,-0.5341491491009411,0
-0.39333608789320773,0.4592940908596667,0
0.31424264059202167,0.7179444898477162,1
-0.5283389677501464,4.0277253998163784,1
0.14219472026569235,-1.7606039343283535,0
-0.30011615748282316,-1.3099534040209593,0
-1.3326082504690884,-1.423867528011358,2
-0.07663225256130407,1.0674141992621906,1
-0.6040206247626092,-1.6573444125000698,2
-0.15940917304155408,-1.4302708583481598,0
2.8157256296777766,0.2609890549201533,1
-0.43705966065535085,-0.636585378196651,0
-0.39953370870043536,2.9973549845717216,1
-1.04680777090169,-0.9677775460436802,0
-1.0640551245795467,-0.963466594020478,0
-0.41603589874243563,-1.3153639512457604,0
0.24631919844505804,1.546844585920082,1
-0.9806605628071566,-0.8675024903748872,2
3.5241382548114806,-2.451245134803616,0
-1.3616156143280789,-1.622935512489963,2
-0.22032097596853664,1.021796015160417,1
0.7480524469102895,0.5156522368088606,1
-0.40386671910951133,0.32358690490699354,0
0.5876332024954416,-1.6418634780588315,0
-0.814081363324062,-0.8045948071691427,2
-0.5131009462817628,0.6019239061848036,1
-0.25114208609469174,1.303493555771774,1
-0.22032097596853664,1.021796015160417,1
-0.5620756891147708,0.6475056081703607,1
-0.9839299710259738,-1.6601516067422784,2
-0.26731464537828487,-1.2799356445634262,0
-0.4375348103260492,0.39719280492242864,0
-0.07385939661978208,0.1876755421149732,2
1.1463738258349208,1.7264163097932834,1
-0.5331750248195982,0.6589014181775799,1
-0.7522165599861491,0.4105453319751095,2
1.344342183662084,1.5318261676341973,1
-0.09815960804248366,1.2220297340685704,1
0.7569021039092488,2.043192161954255,1
0.3538718451445306,0.011912308328337685,0
-1.3326082504690884,-1.423867528011358,2
-0.08623085470813262,2.1550590374986305,1
-0.010318316249982813,0.30583589052176874,1
-0.40747171448082314,3.6111232557566773,1
0.3170275241782533,1.7490711125060663,1
6.722669330601358,-0.48121546648025865,3
-1.158532109677209,-0.730265759852718,2
-1.1388751641092159,-1.5500067194449438,2
-1.2379929540279409,-1.7339543585851946,2
-0.6804155348600472,-0.5341491491009411,0
-0.39953370870043536,2.9973549845717216,1
-0.2884118963433759,1.0527960559427711,1
-1.1059600720818399,-1.500912214658612,2
-1.3616156143280789,-1.622935512489963,2
0.7332388258583359,1.1909918587375916,1
-1.1441496297543159,-1.642741833018286,2
-0.15991832054156296,3.4165168827307393,1
-0.40541432036447866,0.5176992185872835,0
-0.364995804788331,0.2564501481741332,0
2.056782982487799,-1.7452670660845147,0
0.09284851716535178,1.3206446907588751,1
-0.3521063090263448,0.08123526587307849,0
-1.3344248159040413,-1.4536971844998896,2
-0.08934779370985729,1.5874984387309983,1
0.49751781333285555,-0.18677140209678467,0
-0.22032097596853664,1.021796015160417,1
-0.28618015692515975,0.7281492563062133,1
2.4020778581750166,0.6212252507082554,1
-0.2961628262885975,2.4692807651569537,1
-1.3326082504690884,-1.423867528011358,2
0.14250900224810722,2.141195615541916,1
-0.6728454562930264,-0.5225343610290105,0
-1.1441496297543159,-1.642741833018286,2
-0.43507188740901903,0.615037768212264,1
-0.6754089318779425,2.9473331042256006,1
-0.10412433811631995,0.48160075656571205,1
-0.4234095139228305,-1.1558466651508603,0
-1.3616156143280789,-1.622935512489963,2
-0.0911957692256092,2.206124446237018,1
13.603870566388538,-1.8922915819891377,3
4.0522724933278615,1.467612974078075,1
-1.2363113127279364,-1.7213106341988977,2
-0.0911957692256092,2.206124446237018,1
-0.1474442850728063,-1.2722374188620402,0
-0.6752354864436386,2.9476836459776474,1
-0.9480166424478734,-0.5862062801319877,2
-0.3195774049647955,2.373389173567248,1
0.14219472026569235,-1.7606039343283535,0
-1.0767207270295753,-1.5070809748239724,2
-0.26946269874741363,-1.3022121695846343,0
-0.2198695797703294,0.8193076368641399,1
-0.23420174559113716,-0.4404753765361741,0
-0.7630600945746354,0.5709844525890375,2
-0.4379988209680664,0.3856662055989317,0
-0.3250340342390091,2.355684160782029,1
0.8781470118365647,2.1800660827806655,1
-1.3858665741175833,-1.6162026777810146,2
-0.08372343725545227,-1.282966412715751,0
0.08073594995333178,1.9605333370468372,1
0.8781470118365647,2.1800660827806655,1
-0.10412433811631995,0.48160075656571205,1
-0.6752354864436386,2.9476836459776474,1
-0.20648962302993254,1.0333397762362642,1
-0.6804155348600472,-0.5341491491009411,0
-0.03187349205139189,-1.4534744769525134,0
-1.3326082504690884,-1.423867528011358,2
0.5014633949272268,-0.575795813988278,0
-0.43507188740901903,0.615037768212264,1
-0.6615412388713582,-1.523053693170048,2
-0.24654526832653692,-0.3849276740412218,0
0.45028997749215965,-0.15923414632123165,0
-0.364995804788331,0.2564501481741332,0
-0.22032097596853664,1.021796015160417,1
-0.5516817814333628,2.570479177924888,1
-0.2876176033574664,0.39890733721892346,0
-0.09124987252751939,2.336939472662277,1
-0.13334660942626833,-1.275964124969394,0
0.05883149503293518,1.1313340865822785,1
-0.2143020185584637,-0.5691050940421003,0
-0.07893969238599645,0.8946191237293911,1
-0.4375348103260492,0.39719280492242864,0
-0.6804155348600472,-0.5341491491009411,0
-0.7168437057040774,-1.1399656857406013,0
-0.12625500834053885,-1.4302327747332806,0
7.591127935611819,0.6152605198093786,3
0.0011019592516268292,1.4579341324068378,1
-0.9480166424478734,-0.5862062801319877,2
-0.45146664606593623,1.2375423108435681,1
-0.5172764054178794,0.39001423061234775,0
-0.3794647622818151,-1.4217100303275114,0
-1.328266262608358,-1.2173252377121486,2
0.32869515611192046,0.548393314070954,1
0.037307064762123004,1.0413158215931524,1
-0.9839299710259738,-1.6601516067422784,2
-0.6040206247626092,-1.6573444125000698,2
-0.2346533654418591,-1.6627540828505898,0
-0.3816423473802124,-0.06531109958162853,0
1.9958225797516815,2.8609974629842987,1
0.5097106992135971,1.6248895039880316,1
-0.6731499682147165,2.951795834415677,1
-1.278383097579221,-1.7032051365644898,2
-0.5572008620543845,1.940580849139258,1
-0.489686008135279,-0.731997344068201,0
7.591127935611819,0.6152605198093786,3
-0.21147718738345656,1.882288585197002,1
-0.42968471935447916,1.5234668524233472,1
0.5438425144382563,1.6930312925522606,1
-0.03187349205139189,-1.4534744769525134,0
-1.2379929540279409,-1.7339543585851946,2
-0.9839299710259738,-1.6601516067422784,2
-0.1251180056756842,-1.7077017720508816,2
-0.07496145188269422,1.2487794401224854,1
-0.6804155348600472,-0.5341491491009411,0
-1.1441496297543159,-1.642741833018286,2
-0.39809767473896784,3.00027214804055,1
1.1758459015696663,1.705491063283337,1
0.8781470118365647,2.1800660827806655,1
-0.008849014405679702,1.130515745159817,1
1.9958225797516815,2.8609974629842987,1
-0.5589953584133186,1.9364043828377324,1
-0.10412433811631995,0.48160075656571205,1
1.5796679053487732,-1.5230935317854493,0
-0.364995804788331,0.2564501481741332,0
0.9871217892031009,-0.060684579959663164,0
-0.22032097596853664,1.021796015160417,1
0.9871217892031009,-0.060684579959663164,0
-1.3616156143280789,-1.622935512489963,2
1.2274179636578912,-0.18161022752304276,0
0.0562083293915786,1.4421320200137557,1
0.5634303661753748,2.1888191553473804,1
0.1645373323036539,1.8467500601218556,1
-0.8631527539487027,-2.0544259606517015,2
-0.5090163426650992,0.16332866070100943,0
-0.0862182387046818,2.155956043300988,1
-0.9480166424478734,-0.5862062801319877,2
0.9286770403498109,1.2575752676379883,1
-0.22032097596853664,1.021796015160417,1
-0.6747842127373807,2.948588828038164,1
0.2603346004215606,-1.4819819316369627,0
-1.1441496297543159,-1.642741833018286,2
-0.17149001486710733,2.0575951654853246,1
-0.8584350265519577,-1.1589859683557422,2
-0.2876176033574664,0.39890733721892346,0
0.039628321704565685,1.1601635289587602,1
-0.28978850783315896,1.1636505896569063,1
-0.45981259632027127,-1.2392550313444348,0
-0.6915831465445343,-0.010721048412691737,2
0.6802555474130226,-1.7589339140846223,0
0.23361819527270308,-1.4376169829551455,0
-0.03187349205139189,-1.4534744769525134,0
0.5297096745221558,-1.3983227385759893,0
0.30330026298777335,-1.8804549489330136,2
-0.8370492886093931,-1.7067899554797796,2
3.5662997857936913,1.1121881482405729,1
-0.10412433811631995,0.48160075656571205,1
-0.42283215796708745,1.4601360156348604,1
0.45028997749215965,-0.15923414632123165,0
0.2718232025340211,-1.490464625197466,0
0.38230631528937253,1.8444401248216686,1
-0.8584350265519577,-1.1589859683557422,2
0.014780386569877044,-1.4461197882445558,0
0.18234404849036154,2.337814414064126,1
-0.28180985133695385,-1.3442062220017628,2
-1.3616156143280789,-1.622935512489963,2
-0.42991746013429183,-1.2682394051130477,0
0.03496937168689756,1.8344969058134255,1
13.603870566388538,-1.8922915819891377,3
1.118594988552329,-1.9408759375710163,0
-1.2515728576921514,-1.6098036089757748,2
-0.33308096191325315,0.9160294137890448,1
0.10097319768229081,0.9229253004610216,1
0.14219472026569235,-1.7606039343283535,0
-1.094180259165887,-0.768925461811687,2
0.09284851716535178,1.3206446907588751,1
-0.6747842127373807,2.948588828038164,1
0.061303036820817294,0.273988774868357,1
-0.09447859674025867,0.8075201431939338,1
-0.9839299710259738,-1.6601516067422784,2
0.09284851716535178,1.3206446907588751,1
-0.6728454562930264,-0.5225343610290105,0
-0.26731464537828487,-1.2799356445634262,0
-0.7059409776410762,-1.1655108076031206,0
-0.5240731515600504,1.264304927579758,1
-0.21821564874196953,-1.3436401676530236,0
-0.3195774049647955,2.373389173567248,1
-0.364995804788331,0.2564501481741332,0
-1.3858665741175833,-1.6162026777810146,2
-0.7597664747140153,-0.026751559913551645,2
0.14219472026569235,-1.7606039343283535,0
-0.398546783321001,2.999370500242961,1
-0.9999006048609608,-0.9878669222926033,0
0.3375007275557392,-1.146501360126906,0
0.3200757543280637,-1.5183560519402344,0
-1.196645132163132,-1.340450532004616,2
-0.2876176033574664,0.39890733721892346,0
-1.124873508797651,-1.8350277687883454,2
-0.9480166424478734,-0.5862062801319877,2
0.025897205996196316,1.3455532634534826,1
0.017436566033465693,-1.4975037909173725,0
-0.46284779591186687,-0.07845337527552407,0
-0.3739272977167374,0.2407464163857116,0
-0.5290601728455456,0.49455190209229183,1
-0.5290601728455456,0.49455190209229183,1
-1.1896950167224694,-1.6225837074423934,2
0.2228646654622786,1.7651880154278567,1
-0.39953370870043536,2.9973549845717216,1
-0.47502930200177773,-1.3029469399762215,0
-0.6804155348600472,-0.5341491491009411,0
-1.2004367113560077,-1.3532465532171642,2
1.4908090170035826,-2.6560524862823147,2
-0.9287513217661276,-1.012755958510361,0
1.4580801364497296,1.130334660845392,1
-0.42618312832868316,1.1601817824327803,1
0.18022312484451727,-0.01304816394588105,0
-0.6804155348600472,-0.5341491491009411,0
3.589625091569324,1.132997007379463,1
-0.469853450125007,0.10922434441403626,0
-0.09815960804248366,1.2220297340685704,1
-0.1710453409789575,2.0539389738140246,1
-0.9839299710259738,-1.6601516067422784,2
-0.6040206247626092,-1.6573444125000698,2
-0.31085586157840833,0.8725773718123019,1
-0.03187349205139189,-1.4534744769525134,0
0.17000537448998376,1.0503546144975586,1
-0.7586123402336502,0.5794245757040523,2
-0.2876176033574664,0.39890733721892346,0
-1.3332632716275359,-1.4251727156363083,2
3.101241756831235,1.6184793884951516,1
-1.2676387976513361,-1.3786983499784147,2
0.16850189980166935,1.8907769178947733,1
0.8280400266868787,-2.214082705523959,0
-0.48856495115167436,-0.8120967652829454,2
0.9871217892031009,-0.060684579959663164,0
-1.058128182373588,-0.46280978982548515,2
-0.9422829919793562,-1.0091720496998842,0
-1.2363113127279364,-1.7213106341988977,2
-0.11413065665037843,1.8186826729084302,1
0.6038654911937007,2.0542581763103303,1
0.14219472026569235,-1.7606039343283535,0
-0.53286337950237,-0.370150308039208,0
0.051336243670688814,-1.44128193757043,0
-1.1059600720818399,-1.500912214658612,2
-1.0243379388260394,0.6750393058794154,2
-0.9480166424478734,-0.5862062801319877,2
-0.7778033359946295,-1.0766155079587578,0
-0.518818139985573,-1.8012288677284323,2
-0.20693297081790915,0.4851626467865067,1
0.3375007275557392,-1.146501360126906,0
0.14219472026569235,-1.7606039343283535,0
-0.6325191909305683,-1.143792483312531,0
0.16850189980166935,1.8907769178947733,1
-0.08575443855171436,-0.666738855282698,0
0.9677216000805686,-0.7593299612963929,0
-0.9019313177632182,-1.715800922661724,2
-0.31085586157840833,0.8725773718123019,1
-1.1441496297543159,-1.642741833018286,2
-1.3858665741175833,-1.6162026777810146,2
0.09284851716535178,1.3206446907588751,1
0.826409552574157,2.1122689406852952,1
0.14219472026569235,-1.7606039343283535,0
-1.3858665741175833,-1.6162026777810146,2
0.14219472026569235,-1.7606039343283535,0
-0.3991372913391692,2.9981706213099706,1
0.5229176698472903,-1.3959565454955565,0
-0.398546783321001,2.999370500242961,1
-0.5960673409666638,-1.2506332106810176,0
-0.47502930200177773,-1.3029469399762215,0
-0.9723193893565314,-1.5709994403047498,2
0.3105442452858442,0.5563439181987103,1
-1.2368626186870568,-1.7410954318828122,2
2.5261367507782113,0.35622988523273247,1
-1.0469295359446893,-0.9668801160358067,0
-0.2885071613256541,-1.3843673896822333,0
-1.3337876382164586,-1.4262309197715146,2
0.14219472026569235,-1.7606039343283535,0
-1.1464063250903724,-1.5957995218381353,2
-0.033716131303748946,-1.4581141771492676,0
-1.093130265203592,-1.3646342862747942,2
0.9871217892031009,-0.060684579959663164,0
-0.32628330877873457,2.910585130628421,1
-0.24654526832653692,-0.3849276740412218,0
-1.2392046434892026,-1.4654896027502196,2
-0.1858208355340651,2.3604299627381082,1
-0.44891614349250386,-0.0009909500083329428,0
-0.5521789980820456,0.17123196462782195,0
0.27802285603132704,0.4447412517068922,1
-0.3213386287119054,0.9254403780634454,1
-0.6804155348600472,-0.5341491491009411,0
-0.2876176033574664,0.39890733721892346,0
-1.12645821136127,-1.7477131217719308,2
0.8825513837461147,1.6861917069871828,1
-0.0911957692256092,2.206124446237018,1
-0.0911957692256092,2.206124446237018,1
-0.13966480829055392,-0.047795247529363274,0
1.1901545128251019,2.0618955011115783,1
-0.5739387111661738,0.19863057900291778,2
0.34581504641367344,-1.7333963328598618,0
13.603870566388538,-1.8922915819891377,3
-1.3201420715473011,-1.6043640856788157,2
-0.9480166424478734,-0.5862062801319877,2
2.5261367507782113,0.35622988523273247,1
0.4599756060050507,-1.5782380516700172,0
-0.8584350265519577,-1.1589859683557422,2
-0.9839299710259738,-1.6601516067422784,2
0.8141850281127471,-1.2423435247289236,0
-1.3858665741175833,-1.6162026777810146,2
-0.6832060029616047,-1.1310191351263814,0
1.946816266135802,2.024489145079392,1
-0.33963096177468943,-0.6820582083600194,0
-0.5290601728455456,0.49455190209229183,1
-1.3616156143280789,-1.622935512489963,2
-0.8531455101997416,-2.0628533776777562,2
-1.2515728576921514,-1.6098036089757748,2
-0.033716131303748946,-1.4581141771492676,0
-0.22032097596853664,1.021796015160417,1
-1.3332632716275359,-1.4251727156363083,2
-0.2884118963433759,1.0527960559427711,1
-1.1464063250903724,-1.5957995218381353,2
0.25544306809766304,1.7322144034737315,1
-0.6804155348600472,-0.5341491491009411,0
0.29571327893031846,0.6017501010807187,1
0.8828984418787396,-1.814281315447567,0
-0.27298261264530554,2.0274166417514032,1
0.23568203136377722,0.017431177979061876,0
-0.3521063090263448,0.08123526587307849,0
-0.2362925975704607,-1.263809871324451,0
4.12004990544678,-3.4283943559553025,2
0.007063865865560322,1.8629854946819862,1
-0.6804155348600472,-0.5341491491009411,0
-1.0583536172813033,-0.46331261343528546,2
-1.1059600720818399,-1.500912214658612,2
0.025897205996196316,1.3455532634534826,1
-0.2876176033574664,0.39890733721892346,0
3.5480873157099797,1.092172482098625,1
0.7631966231893312,1.0411765838904543,1
-0.22032097596853664,1.021796015160417,1
-0.39953370870043536,2.9973549845717216,1
-0.299290151425836,-0.7657326073418206,2
1.4831789053285553,-0.114881101631424,0
0.12904756419032537,-1.757280624011911,0
-0.9480166424478734,-0.5862062801319877,2
-1.1896950167224694,-1.6225837074423934,2
0.3926343130836079,2.5383221836880288,1
4.12004990544678,-3.4283943559553025,2
-0.7353622569638838,-1.1070828525145815,0
3.5662997857936913,1.1121881482405729,1
-0.5960673409666638,-1.2506332106810176,0
-0.03687333963638129,0.6486477453326405,1
-0.04531304538928876,0.14067898616549368,0
-0.22278804277883205,0.902174486585706,1
-1.256614272354741,-1.3715174215038215,2
-0.4234095139228305,-1.1558466651508603,0
-0.5438481472302242,-1.758045655948008,0
-0.5222507006838688,-0.39768977991635707,0
-0.6728454562930264,-0.5225343610290105,0
-0.21377521024295645,1.0144134943663676,1
-1.0524839062618707,-0.9683780273403706,0
-0.5265823420539136,1.2590629473676191,1
-0.17710971876414977,1.8653846694150915,1
-0.6804155348600472,-0.5341491491009411,0
0.25544306809766304,1.7322144034737315,1
-0.30011615748282316,-1.3099534040209593,0
-0.3195774049647955,2.373389173567248,1
-0.2673008675336716,1.4475587041353806,1
0.4599756060050507,-1.5782380516700172,0
-0.6728454562930264,-0.5225343610290105,0
0.17269129044379405,0.4103713123219492,1
5.581450332257614,0.8731962208476479,1
0.5396327826036914,-1.525831732837509,0
0.5262161223639168,2.180888896840463,1
-0.10769810310527544,0.34818453903789076,1
0.16850189980166935,1.8907769178947733,1
-0.624468878666515,2.1930043474037535,1
-0.5739387111661738,0.19863057900291778,2
-1.3616156143280789,-1.622935512489963,2
-0.22032097596853664,1.021796015160417,1
0.8828984418787396,-1.814281315447567,0
-1.2968521654593936,-1.5954960579855988,2
-0.8584350265519577,-1.1589859683557422,2
-0.5739387111661738,0.19863057900291778,2
-1.2775108413433673,-1.7070516551529549,2
-1.1441496297543159,-1.642741833018286,2
-0.22653995117468623,-1.4368016105889099,0
-0.5276613316299434,0.051797157499751605,0
-0.0814992704880791,1.761407247751156,1
-0.3348733043537131,-1.2386462065323902,0
-1.058408754037356,-0.46343632464093343,2
-0.42991746013429183,-1.2682394051130477,0
-1.1441496297543159,-1.642741833018286,2
-1.1464063250903724,-1.5957995218381353,2
-0.2884118963433759,1.0527960559427711,1
-0.24754219312862336,0.4573020182911043,1
0.6005775620193958,0.4813258019495407,1
-0.3195774049647955,2.373389173567248,1
-0.6728454562930264,-0.5225343610290105,0
0.17017848716018494,2.670714638515645,1
-0.3991372913391692,2.9981706213099706,1
-0.4578517331153588,0.2640755301774511,0
-1.1028378999289936,-1.6551981148350796,2
-0.003233628310117282,-1.3663326950258785,0
-0.10412433811631995,0.48160075656571205,1
-1.3616156143280789,-1.622935512489963,2
-0.3062053306825859,0.7180889339445539,1
-0.45190821825248706,-1.1840418358678058,0
-1.039171462840398,-0.9180310958484028,2
-1.1278875314898793,-1.0529150424916336,2
0.3926343130836079,2.5383221836880288,1
0.17315057142481524,1.9133972730611732,1
-1.1028378999289936,-1.6551981148350796,2
-0.5516817814333628,2.570479177924888,1
0.08252450170235845,-0.3979130688767332,2
-0.9626226205109667,-0.7003327255448359,2
0.039628321704565685,1.1601635289587602,1
-0.09852961056927699,1.590805517204137,1
-0.4999231934136536,-1.107039044810768,0
-1.3616156143280789,-1.622935512489963,2
-0.6728454562930264,-0.5225343610290105,0
-0.24654526832653692,-0.3849276740412218,0
-0.6728454562930264,-0.5225343610290105,0
-0.9337391659324825,-1.030704037982424,0
-1.12645821136127,-1.7477131217719308,2
-0.48856495115167436,-0.8120967652829454,2
0.14219472026569235,-1.7606039343283535,0
0.6389379374589871,1.7536874907727171,1
-1.3326082504690884,-1.423867528011358,2
-1.239479387394548,-1.729555876117476,2
0.016656014400317568,0.5055038832753794,1
-1.3616156143280789,-1.622935512489963,2
-0.46284779591186687,-0.07845337527552407,0
-0.5739387111661738,0.19863057900291778,2
0.1365431624359212,2.1907917453982844,1
-0.05524030391509658,1.6591395156948388,1
-0.489686008135279,-0.731997344068201,0
0.2718232025340211,-1.490464625197466,0
-1.2392046434892026,-1.4654896027502196,2
-0.20484066592281136,1.2573443054622069,1
0.14219472026569235,-1.7606039343283535,0
-1.2428797508838276,-1.0908977412140055,2
0.8781470118365647,2.1800660827806655,1
-0.46284779591186687,-0.07845337527552407,0
0.016370143823158777,1.8879258308957898,1
-1.0489199818635264,-0.9707907316984242,0
5.398221170887174,0.03303750871448657,1
-1.3326082504690884,-1.423867528011358,2
-1.2379929540279409,-1.7339543585851946,2
-0.8370492886093931,-1.7067899554797796,2
-0.8704641631222959,-1.077630167703396,0
-0.5960673409666638,-1.2506332106810176,0
-1.1028378999289936,-1.6551981148350796,2
-0.4514217549385299,-0.04303138332412362,0
-1.0475871461000428,-0.9669760214457225,0
0.14219472026569235,-1.7606039343283535,0
-0.474903053226034,0.9680512581460015,1
-0.3991372913391692,2.9981706213099706,1
-0.1650326634701055,1.5367531082157304,1
0.9917328498813393,-1.0817714376733123,0
-0.39953370870043536,2.9973549845717216,1
0.14219472026569235,-1.7606039343283535,0
-0.5283389677501464,4.0277253998163784,1
-0.7012004455085585,-1.10277829147051,0
2.5261367507782113,0.35622988523273247,1
-0.6752354864436386,2.9476836459776474,1
0.3200757543280637,-1.5183560519402344,0
-0.6804155348600472,-0.5341491491009411,0
0.5506876944269968,-1.5543154111413744,0
-0.20356309813557133,-0.3678671445525947,0
0.9942515401428756,-1.2256932385829724,0
-0.10412433811631995,0.48160075656571205,1
-0.7979241523463387,0.3618444803641003,2
-0.7168437057040774,-1.1399656857406013,0
-0.5960673409666638,-1.2506332106810176,0
-0.3987199135840743,2.999020472963933,1
0.34158964155693083,-0.9968536343019835,0
-0.33308096191325315,0.9160294137890448,1
-1.119198300021771,-0.9983070618204817,2
0.4599756060050507,-1.5782380516700172,0
-0.012932378079165523,1.9844783029350672,1
-0.46284779591186687,-0.07845337527552407,0
-0.8307634893699932,-1.0519091148239257,0
-0.1845393068961306,0.022751538760421096,0
-0.4578517331153588,0.2640755301774511,0
-0.6728454562930264,-0.5225343610290105,0
-0.489686008135279,-0.731997344068201,0
-1.3543920333547639,-1.5719333215423528,2
-0.45264661314172017,2.780814009183269,1
0.009535784518528965,-1.3016943085886081,0
-1.3616156143280789,-1.622935512489963,2
0.3759205892965443,2.1723296093714195,1
-0.6804155348600472,-0.5341491491009411,0
-0.9961482815526178,-0.992008126627527,0
-0.09146916639878676,-1.4888477514064105,0
-0.9839299710259738,-1.6601516067422784,2
-1.057590955089354,-0.4616294679467822,2
-0.8584350265519577,-1.1589859683557422,2
0.9022887120196006,1.607303065060397,1
-1.0495967639746309,-0.9663825726275566,0
-0.6098486161395708,0.7896989182181601,1
0.5438425144382563,1.6930312925522606,1
0.16641333351803653,-1.2383377318309332,0
-0.08372343725545227,-1.282966412715751,0
0.14219472026569235,-1.7606039343283535,0
-1.1482022044829714,-1.4717751533328238,2
-0.24654526832653692,-0.3849276740412218,0
-0.24957259137734458,-1.2341902912818974,0
-0.8454969560532064,-2.063035793647657,2
0.05736379954840384,1.1315406969646695,1
0.5898354763901971,-1.5697358181305672,0
-1.2278454902408173,-1.5856355421914432,2
-0.641852552719603,-0.5184459179759716,2
13.603870566388538,-1.8922915819891377,3
-0.5139898754759012,0.4014464990314159,0
-0.8370492886093931,-1.7067899554797796,2
-0.7353622569638838,-1.1070828525145815,0
-0.4514217549385299,-0.04303138332412362,0
-1.3326082504690884,-1.423867528011358,2
-0.39507524375458447,3.006149672768244,1
-0.11413065665037843,1.8186826729084302,1
-0.8008948587136657,-1.0702923125847421,0
-1.2017721487827815,-1.2753056596611445,2
-0.6728454562930264,-0.5225343610290105,0
-0.4824639117947392,-0.7348439608082948,0
-0.22032097596853664,1.021796015160417,1
1.1758459015696663,1.705491063283337,1
1.344342183662084,1.5318261676341973,1
-0.347353249268119,0.9887420231902673,1
-1.3858665741175833,-1.6162026777810146,2
-0.3521063090263448,0.08123526587307849,0
1.2274179636578912,-0.18161022752304276,0
-0.8342152916359556,-0.7940955292150931,2
-0.6737959519119924,-0.09297343404451239,0
-0.6040206247626092,-1.6573444125000698,2
-0.6656761651111149,0.942455908647723,1
-0.4234095139228305,-1.1558466651508603,0
-0.6746908118234015,2.948775000137868,1
1.800977810611068,0.1380562992540336,1
-0.5380953705754924,1.315689057151467,1
-0.4116083465275327,1.3568958451773934,1
0.22042310848259886,1.3968318619571092,1
1.1901545128251019,2.0618955011115783,1
0.5670280037307925,-1.230799006280725,0
-0.4497901249179199,2.787398191922013,1
-0.2876176033574664,0.39890733721892346,0
-0.6728454562930264,-0.5225343610290105,0
-0.7630600945746354,0.5709844525890375,2
-0.37755930126242315,2.3027620068410926,1
-0.05359377890138802,0.7053690445942596,1
0.14219472026569235,-1.7606039343283535,0
0.1701581669230083,-1.6207060571911769,0
-0.364995804788331,0.2564501481741332,0
1.4555200052292636,-0.4495159983070127,0
-0.37696785279413536,-0.45248745022444953,0
0.16850189980166935,1.8907769178947733,1
-0.08372343725545227,-1.282966412715751,0
-0.26946269874741363,-1.3022121695846343,0
0.7247814461659356,0.5294412986727868,1
-0.4504522473714322,2.785946579818657,1
0.176670249968399,-0.6031389241041216,0
1.5449642183196588,0.4153086302719656,1
0.10097319768229081,0.9229253004610216,1
-0.5338516892387457,1.0670418968889979,1
-0.30011615748282316,-1.3099534040209593,0
-0.37755930126242315,2.3027620068410926,1
-0.9839299710259738,-1.6601516067422784,2
-0.4234095139228305,-1.1558466651508603,0
-0.7597664747140153,-0.026751559913551645,2
-0.4999231934136536,-1.107039044810768,0
0.21895828431462552,0.616567052452484,1
-0.6268829341682634,-1.1978779254297913,0
0.5438425144382563,1.6930312925522606,1
-0.10412433811631995,0.48160075656571205,1
-0.05524030391509658,1.6591395156948388,1
0.28972804764359045,1.697841998553788,1
-0.6728454562930264,-0.5225343610290105,0
0.180875654606089,2.853529707128627,1
-0.42078725868570366,-0.9648743973818936,2
-0.6315248501157247,-0.03743249148613722,0
-0.7569800604180623,0.5824261260627347,2
-0.5139898754759012,0.4014464990314159,0
-0.22032097596853664,1.021796015160417,1
-0.16356907463958398,1.4237371578347426,1
-0.7629908504997147,0.04570608070293124,2
-1.3326082504690884,-1.423867528011358,2
-1.094180259165887,-0.768925461811687,2
-0.2143020185584637,-0.5691050940421003,0
0.5297096745221558,-1.3983227385759893,0
-0.22032097596853664,1.021796015160417,1
0.07608318048064168,0.5510531621747862,1
0.10467055493055301,-0.35402985089163774,0
-1.119198300021771,-0.9983070618204817,2
-1.3616156143280789,-1.622935512489963,2
2.2004756298440595,-1.7741176421867555,0
0.02163331388884511,-0.29272094570211676,0
-0.03760743275995775,2.8674647711474863,1
-0.03187349205139189,-1.4534744769525134,0
-0.07218057876690592,1.8974882379924531,1
-1.1028378999289936,-1.6551981148350796,2
-0.4557516218230264,0.29277527545697646,0
0.9641265960097289,-1.8352647036339853,0
0.5438425144382563,1.6930312925522606,1
0.010603535192463327,2.152518838884042,1
-0.09146916639878676,-1.4888477514064105,0
-1.2909166240322396,-1.5974104909481759,2
0.1365431624359212,2.1907917453982844,1
-0.5960673409666638,-1.2506332106810176,0
-0.1710453409789575,2.0539389738140246,1
-1.119198300021771,-0.9983070618204817,2
1.4908090170035826,-2.6560524862823147,2
-0.2860350043394456,-1.3215472896806606,0
-1.256614272354741,-1.3715174215038215,2
-0.34663357802019373,2.3843554335561703,1
0.09284851716535178,1.3206446907588751,1
-0.5060207054100767,2.4294194449347417,1
0.25544306809766304,1.7322144034737315,1
-0.983697536138048,-0.991337853602441,0
-1.1028378999289936,-1.6551981148350796,2
-0.7722006689790936,-0.3860843743175326,0
-0.8794119823638252,-1.0649300645579154,0
-0.5433335797869667,0.036260269941594384,0
0.045741594836572724,-1.5892630909970982,0
-0.11131618259868153,1.0412827287458617,1
-1.028887133705515,-0.08676564679373226,2
-0.489686008135279,-0.731997344068201,0
-0.3521063090263448,0.08123526587307849,0
-1.1018724428168345,-1.419364627681531,2
-0.2749231827224704,-1.2551981987264431,0
0.24631919844505804,1.546844585920082,1
-1.2363113127279364,-1.7213106341988977,2
0.9871217892031009,-0.060684579959663164,0
-0.40075777336026114,-0.4319948265675159,0
-0.6728454562930264,-0.5225343610290105,0
-0.489686008135279,-0.731997344068201,0
-0.08372343725545227,-1.282966412715751,0
-1.3616156143280789,-1.622935512489963,2
-0.525097454049221,0.6391646239434151,1
-0.44253782179550644,-0.47586303532056023,0
-0.43507188740901903,0.615037768212264,1
-0.236079877450098,1.3366202045745381,1
-0.0911957692256092,2.206124446237018,1
0.45028997749215965,-0.15923414632123165,0
0.16850189980166935,1.8907769178947733,1
-0.5960673409666638,-1.2506332106810176,0
1.9958225797516815,2.8609974629842987,1
-0.4331469506456135,-0.09835211414598691,0
-0.07663225256130407,1.0674141992621906,1
0.11128649546881664,-1.491467256724659,0
-0.43507188740901903,0.615037768212264,1
-0.036390095197339725,0.9184096902548556,1
-0.23270590244509284,1.04754474003436,1
-0.518818139985573,-1.8012288677284323,2
0.07608318048064168,0.5510531621747862,1
-0.17876574560459302,1.4819154037113689,1
-0.0069292639622724386,1.4391400117638617,1
-0.1798824785424219,0.5701959670307305,1
0.016656014400317568,0.5055038832753794,1
0.8159333669503743,1.5874129335701808,1
-1.094180259165887,-0.768925461811687,2
-0.21021568384613648,1.3962596958365359,1
-0.46284779591186687,-0.07845337527552407,0
0.12106991540667333,-1.3696529679071647,0
-0.08053373908765722,1.719116708684601,1
1.467310254566696,-0.4068169650526855,0
0.6060516095409739,-2.0611321859280607,2
0.03491276580852837,2.1907662359215263,1
-0.5111668033741618,-0.26776495256988475,0
-0.9480166424478734,-0.5862062801319877,2
-0.6524296544739504,-0.08953963184122844,0
-1.3616156143280789,-1.622935512489963,2
-1.385923330316697,-1.6161921092926435,2
-0.6804155348600472,-0.5341491491009411,0
-0.641852552719603,-0.5184459179759716,2
-0.9839299710259738,-1.6601516067422784,2
-0.4578517331153588,0.2640755301774511,0
-0.007256217290393247,-1.3002968376594777,0
0.16850189980166935,1.8907769178947733,1
-1.094180259165887,-0.768925461811687,2
-0.2876176033574664,0.39890733721892346,0
-0.6728454562930264,-0.5225343610290105,0
0.16850189980166935,1.8907769178947733,1
-1.2902897785747987,-1.5961416344202681,2
-0.1798824785424219,0.5701959670307305,1
-1.0044365094279664,-0.9852054952876194,0
-0.9894898045327879,-0.9445122607125717,2
0.9237286671299193,1.4329830215436012,1
0.32323885087099163,1.8725062045920202,1
-0.518818139985573,-1.8012288677284323,2
-0.5739387111661738,0.19863057900291778,2
-0.6431331842419153,0.2245762635669727,0
-0.06987599047280994,0.026053137618456068,0
-0.9839299710259738,-1.6601516067422784,2
13.603870566388538,-1.8922915819891377,3
-0.39953370870043536,2.9973549845717216,1
-0.34663357802019373,2.3843554335561703,1
-0.6804155348600472,-0.5341491491009411,0
0.14219472026569235,-1.7606039343283535,0
-0.3344827926273543,-1.2231874252928387,0
0.2718232025340211,-1.490464625197466,0
-0.46284779591186687,-0.07845337527552407,0
0.7239828012982413,-2.1564971377598354,0
-0.3898718874159695,-1.2408408524353098,0
-0.6749678227959051,2.948221693956612,1
-0.3418531176737539,2.3532636347597786,1
-1.093130265203592,-1.3646342862747942,2
-0.6728454562930264,-0.5225343610290105,0
-0.39953370870043536,2.9973549845717216,1
-0.6752354864436386,2.9476836459776474,1
0.8123105460700815,0.14016565373575962,0
-0.1858208355340651,2.3604299627381082,1
-1.3354578295249653,-1.4296988531656967,2
-0.3195774049647955,2.373389173567248,1
-0.1710453409789575,2.0539389738140246,1
-0.33308096191325315,0.9160294137890448,1
1.5727618045674245,0.39596465691446064,1
-0.0862182387046818,2.155956043300988,1
-1.0875659025534945,-0.8080429595974206,2
-0.5505110276993423,-0.14623661449673078,0
-0.22032097596853664,1.021796015160417,1
0.16077797084007658,-1.5278732895483607,0
0.5023496708238391,1.849289138342888,1
0.3276844182155186,1.3061595123633782,1
-0.6752354864436386,2.9476836459776474,1
-0.3062053306825859,0.7180889339445539,1
-0.489686008135279,-0.731997344068201,0
-1.3329884831393517,-1.424623037350324,2
0.05883149503293518,1.1313340865822785,1
0.5396327826036914,-1.525831732837509,0
-0.6331594414643121,-1.1688179768829552,0
-0.8370492886093931,-1.7067899554797796,2
0.5297096745221558,-1.3983227385759893,0
1.1901545128251019,2.0618955011115783,1
0.0057255330934426266,1.8692623816151666,1
-1.145000494022365,-1.425548761792268,2
-1.3858665741175833,-1.6162026777810146,2
-0.8370492886093931,-1.7067899554797796,2
-0.4514217549385299,-0.04303138332412362,0
0.09284851716535178,1.3206446907588751,1
-0.36722624595923137,0.03688549851297302,0
1.5237396327728263,1.8384391509525986,1
-1.1683827443174446,-1.428401811349146,2
-0.2302670852592232,5.042289814372821,1
-0.6728454562930264,-0.5225343610290105,0
-0.4999231934136536,-1.107039044810768,0
-0.6576939609129169,-0.17468355002941974,0
0.8781470118365647,2.1800660827806655,1
-1.0472096699021431,-0.9719857282903042,0
-1.2717299638590394,-1.6425363427091089,2
0.007063865865560322,1.8629854946819862,1
-0.26477893444694084,1.4357695672853152,1
-1.1059600720818399,-1.500912214658612,2
0.14219472026569235,-1.7606039343283535,0
-0.3195774049647955,2.373389173567248,1
0.6891763290759607,1.7610158734770553,1
-0.46284779591186687,-0.07845337527552407,0
-1.1059600720818399,-1.500912214658612,2
0.25544306809766304,1.7322144034737315,1
-1.0503441089658028,-0.9666792438762917,0
-0.11163024756773889,1.2149485425481883,1
-0.0814992704880791,1.761407247751156,1
0.5396327826036914,-1.525831732837509,0
0.09284851716535178,1.3206446907588751,1
0.4496270561395009,0.2994980425193058,0
-0.39507524375458447,3.006149672768244,1
-0.32356359065240287,-0.6919656072742076,0
-0.18581972730576174,2.3605666043719835,1
0.7480524469102895,0.5156522368088606,1
-1.3858665741175833,-1.6162026777810146,2
0.07509815735139383,-1.2533447111889284,0
-0.17746771373899758,1.5940385638937704,1
-0.0814992704880791,1.761407247751156,1
-0.9839299710259738,-1.6601516067422784,2
-0.4234095139228305,-1.1558466651508603,0
-0.22032097596853664,1.021796015160417,1
-0.7311190218989906,-1.0610791114367615,0
-0.6760650998520178,2.945992336432811,1
-0.5388876223918758,0.7097779375119703,1
0.16049918761758147,0.4693993895817629,1
-0.3991372913391692,2.9981706213099706,1
13.603870566388538,-1.8922915819891377,3
13.603870566388538,-1.8922915819891377,3
-1.3332632716275359,-1.4251727156363083,2
-0.14267612324368723,2.3270900310100022,1
0.08252450170235845,-0.3979130688767332,2
-0.6728454562930264,-0.5225343610290105,0
-0.21377521024295645,1.0144134943663676,1
-0.9626226205109667,-0.7003327255448359,2
0.11445093605497453,0.7097494908986994,1
-0.017149001162849318,-1.443165753752527,0
-0.8224491560173147,-1.0711341263796181,0
-1.3616156143280789,-1.622935512489963,2
-0.22032097596853664,1.021796015160417,1
0.19079577954474372,0.33264269654476225,0
-0.872648150380425,-1.0346942046884913,0
-0.2206395053888474,0.9773072201810015,1
0.23259270951930916,0.9730110861672104,1
1.0908662872912775,1.6933563495102346,1
-1.0579538328215758,-0.4624240640760589,2
0.1701581669230083,-1.6207060571911769,0
-0.7655072982243738,0.052789437518461865,2
-1.1441496297543159,-1.642741833018286,2
0.01924217838974901,0.5029838045218986,1
2.1495652883390433,-1.78888130230662,0
-0.7597664747140153,-0.026751559913551645,2
1.8827635891676304,1.4205682571219567,1
-1.3616156143280789,-1.622935512489963,2
0.8218034787400342,0.7289400974366372,1
-1.331582796727082,-1.4218565364718454,2
-0.29593942949583535,1.1666505150824624,1
-0.8342152916359556,-0.7940955292150931,2
-0.07496145188269422,1.2487794401224854,1
0.09299793797400867,0.8375663559463158,1
0.09284851716535178,1.3206446907588751,1
-0.4514217549385299,-0.04303138332412362,0
-0.9185717988397545,-1.0508612598867106,0
-0.36884131608362947,2.0007058808695133,1
-1.1059600720818399,-1.500912214658612,2
-0.39953370870043536,2.9973549845717216,1
-0.2876176033574664,0.39890733721892346,0
-1.327706923731119,-1.414518470544239,2
-0.872648150380425,-1.0346942046884913,0
1.334873473412487,1.1203397585219503,1
-0.40747171448082314,3.6111232557566773,1
-1.094180259165887,-0.768925461811687,2
-0.40541432036447866,0.5176992185872835,0
1.7429429118550877,0.004240785990836761,0
-0.3728464219125231,1.591437138401528,1
-1.136287445051673,-1.5985642596595218,2
-0.631645627067971,-1.1318283116625503,0
-0.21377521024295645,1.0144134943663676,1
-0.46284779591186687,-0.07845337527552407,0
-1.335320697589279,-1.4294075881288026,2
1.5382897214988793,-1.078962491737879,0
-1.1028378999289936,-1.6551981148350796,2
-0.9839299710259738,-1.6601516067422784,2
0.5449517891193834,2.3879227672027854,1
-0.015735407368939188,1.3866732474244687,1
7.591127935611819,0.6152605198093786,3
-0.0862182387046818,2.155956043300988,1
-0.6728454562930264,-0.5225343610290105,0
-0.6763720260972892,2.945356489595077,1
-0.18630626495605945,1.7952292285787697,1
-1.2392046434892026,-1.4654896027502196,2
-0.10412433811631995,0.48160075656571205,1
-0.3380531845237546,1.3655151536738457,1
-1.3616156143280789,-1.622935512489963,2
-0.4001475451112924,1.3787876106790835,1
1.3805998445956502,-0.36390859491239197,0
-0.7988804535014506,0.35981153815928885,2
2.82825352827821,0.5757564252488818,1
-0.0862182387046818,2.155956043300988,1
1.9859400169400516,2.841442438013295,1
13.603870566388538,-1.8922915819891377,3
0.1365431624359212,2.1907917453982844,1
-1.3616156143280789,-1.622935512489963,2
-0.0862182387046818,2.155956043300988,1
-1.2118243533575157,-1.6457376733374403,2
-0.9897868628701129,-0.9407134265267351,2
-0.8370492886093931,-1.7067899554797796,2
-0.46284779591186687,-0.07845337527552407,0
-0.21377521024295645,1.0144134943663676,1
-0.46284779591186687,-0.07845337527552407,0
-0.22032097596853664,1.021796015160417,1
1.800977810611068,0.1380562992540336,1
0.14219472026569235,-1.7606039343283535,0
0.16049918761758147,0.4693993895817629,1
-0.3580982729931492,-0.6695964114054772,0
0.2922308380492858,1.4344709268825915,1
-0.9897868628701129,-0.9407134265267351,2
-0.39953370870043536,2.9973549845717216,1
-0.662574067122596,-0.08813677841668742,0
-1.2902897785747987,-1.5961416344202681,2
0.03484723637467063,2.191063766090047,1
0.6802555474130226,-1.7589339140846223,0
0.016370143823158777,1.8879258308957898,1
-0.5391999983490705,0.17079915603529847,0
-0.4369942068906165,0.6939154662035121,1
0.14595735379598274,1.8115195718116703,1
-1.0323106901444543,-0.9745775902900718,0
-1.119198300021771,-0.9983070618204817,2
-0.16356907463958398,1.4237371578347426,1
-0.4578517331153588,0.2640755301774511,0
0.03484723637467063,2.191063766090047,1
-1.0115501474280781,-1.5077491420690086,2
-0.0862182387046818,2.155956043300988,1
-0.489686008135279,-0.731997344068201,0
0.3759205892965443,2.1723296093714195,1
-0.2650698232978898,0.6775948120983366,1
0.8828984418787396,-1.814281315447567,0
0.1387036394392262,0.896927618590901,1
-1.183115780163534,-1.5736740350874014,2
-0.5706702103334546,1.1330940846343844,1
0.8781470118365647,2.1800660827806655,1
-1.1494969336319103,-1.8019219248542853,2
0.6773738541567232,2.100049882028049,1
-1.3858665741175833,-1.6162026777810146,2
-1.3616156143280789,-1.622935512489963,2
0.16128800944529603,1.3136744120074746,1
-0.22032097596853664,1.021796015160417,1
-0.9945141055123385,-1.374762082469851,2
-0.03187349205139189,-1.4534744769525134,0
-1.2368626186870568,-1.7410954318828122,2
-0.44253782179550644,-0.47586303532056023,0
0.33665625250825576,1.027959154821751,1
-1.3616156143280789,-1.622935512489963,2
0.012725737505801683,2.079051495184217,1
-0.7597664747140153,-0.026751559913551645,2
4.12004990544678,-3.4283943559553025,2
-0.42078725868570366,-0.9648743973818936,2
-0.3195774049647955,2.373389173567248,1
-0.08575443855171436,-0.666738855282698,0
-1.1059600720818399,-1.500912214658612,2
-0.47502930200177773,-1.3029469399762215,0
-0.23701800667489067,0.7551976883002242,1
0.3375007275557392,-1.146501360126906,0
-0.6731499682147165,2.951795834415677,1
-0.014148666309847097,-1.4992443454194189,0
-1.119198300021771,-0.9983070618204817,2
0.19477900024784556,-0.6124107087506799,0
-0.42991746013429183,-1.2682394051130477,0
-1.331582796727082,-1.4218565364718454,2
-1.1017954482558017,-0.9518140895850294,2
-1.2264169573801227,-1.11926644692594,2
-0.6804155348600472,-0.5341491491009411,0
-0.10412433811631995,0.48160075656571205,1
-0.28860350125411854,0.7453837710858169,1
-0.26477893444694084,1.4357695672853152,1
-0.05524030391509658,1.6591395156948388,1
0.3003238126949268,1.0595286972158218,1
0.9926817441114354,1.5854223597243748,1
-0.9480166424478734,-0.5862062801319877,2
-0.10412433811631995,0.48160075656571205,1
0.5396327826036914,-1.525831732837509,0
0.14084972670858145,0.6900098355648854,1
-0.9839299710259738,-1.6601516067422784,2
-0.6413229272429698,-1.1432188400080094,0
-1.0528862701854123,-0.96852190317536,0
0.23211301107119509,0.5989388510442981,1
-0.9839299710259738,-1.6601516067422784,2
-0.3608609622157821,2.1328192306387024,1
-1.2515728576921514,-1.6098036089757748,2
-0.9839299710259738,-1.6601516067422784,2
-1.3858665741175833,-1.6162026777810146,2
-0.6711807089196127,-1.5928772177734085,2
1.5457149208942238,2.449483733651427,1
0.04294277956582215,1.1520906579446046,1
-0.22032097596853664,1.021796015160417,1
-0.08575443855171436,-0.666738855282698,0
-0.20040094879303705,1.2805311930992709,1
0.2147290484282495,2.090851479938711,1
-0.40712383182745615,2.693647835215464,1
-0.13684187676890883,-1.4840415435977523,0
-1.1482022044829714,-1.4717751533328238,2
-0.6728454562930264,-0.5225343610290105,0
-0.9839299710259738,-1.6601516067422784,2
0.5297096745221558,-1.3983227385759893,0
0.4611336261875425,1.8017660779037574,1
-0.6418282984824856,-1.1255929071080246,0
2.1952923158328055,-1.773569011363821,0
-1.039171462840398,-0.9180310958484028,2
-0.6747842127373807,2.948588828038164,1
0.8828984418787396,-1.814281315447567,0
-0.3195774049647955,2.373389173567248,1
-0.340207158523401,0.8013863711291274,1
0.8781470118365647,2.1800660827806655,1
0.2831450435794118,2.357233807388424,1
-0.0009251251500222323,2.4970497413205166,1
-0.6749678227959051,2.948221693956612,1
16.976239033338363,-1.870979657310792,3
0.3991410852246764,0.8109649811351132,1
-0.184817146548353,1.4773628167337018,1
-1.3616156143280789,-1.622935512489963,2
5.398221170887174,0.03303750871448657,1
-1.036108533452391,-0.979959556379837,0
-0.7021768241618914,-1.0193117981006983,2
2.1936727190791343,-1.7745802252109424,0
-0.12087021107267977,1.6554454754580001,1
-0.37189234563121404,0.8064007005670368,1
-0.34663357802019373,2.3843554335561703,1
-1.3616156143280789,-1.622935512489963,2
-0.10412433811631995,0.48160075656571205,1
-0.4375348103260492,0.39719280492242864,0
13.603870566388538,-1.8922915819891377,3
0.11445093605497453,0.7097494908986994,1
5.788634621698482,0.6844158151828161,1
-0.6562155416044387,-0.16091650573665472,0
0.4655690142967266,-1.3847343366952982,0
-1.2643033998925735,-1.6446102410165313,2
-1.0978998903668915,0.37001503555530696,2
0.19079577954474372,0.33264269654476225,0
-0.28978850783315896,1.1636505896569063,1
-0.15991832054156296,3.4165168827307393,1
-0.364995804788331,0.2564501481741332,0
-0.13334660942626833,-1.275964124969394,0
-0.6728454562930264,-0.5225343610290105,0
-0.050502603268112255,1.262077890083236,1
-1.094180259165887,-0.768925461811687,2
-0.4001984864665582,2.995966454344325,1
-0.29200683724584353,1.2584849602096788,1
-0.2884118963433759,1.0527960559427711,1
-0.6607675956811627,-0.053580759519686855,0
0.5060734520268871,1.8175741467883963,1
-0.6752354864436386,2.9476836459776474,1
-1.0442320145275974,-0.9738529896954976,0
-0.0645277243098981,1.8877209915528175,1
-0.21377521024295645,1.0144134943663676,1
0.22042310848259886,1.3968318619571092,1
0.12106991540667333,-1.3696529679071647,0
0.08208147147721721,1.9751755183147037,1
-1.2643033998925735,-1.6446102410165313,2
0.5229176698472903,-1.3959565454955565,0
-0.36780305945431097,0.5496346294911699,1
0.5099619719304428,-1.4869799853879038,0
-1.1441496297543159,-1.642741833018286,2
-1.047220267440395,-0.9670500755763836,0
-0.21201983621052334,-1.1100919181412703,0
0.5023496708238391,1.849289138342888,1
-0.46284779591186687,-0.07845337527552407,0
-0.6804155348600472,-0.5341491491009411,0
-1.2909166240322396,-1.5974104909481759,2
0.562791790481693,-1.4702404267025637,0
-1.3424171535077425,-1.435839742756886,2
0.8828984418787396,-1.814281315447567,0
-0.48856495115167436,-0.8120967652829454,2
-1.0012829473947897,-0.17372014036162406,2
0.3861895413799627,1.2366548253931011,1
-0.34102870710510413,2.355013867698326,1
-0.37755930126242315,2.3027620068410926,1
-0.24654526832653692,-0.3849276740412218,0
0.3336812713591948,-0.22313735275954893,0
-0.0862182387046818,2.155956043300988,1
0.8828984418787396,-1.814281315447567,0
-0.5706702103334546,1.1330940846343844,1
-0.5286958552348847,1.254298314353262,1
-0.49971261293246466,2.2472976474207287,1
-1.1278875314898793,-1.0529150424916336,2
0.16077797084007658,-1.5278732895483607,0
-0.9839299710259738,-1.6601516067422784,2
-0.9539882174468992,-1.3717674708475882,2
-0.18786570652438095,1.6420119688614083,1
-0.489686008135279,-0.731997344068201,0
0.5472453174288462,-2.124018325494621,0
-0.46284779591186687,-0.07845337527552407,0
0.22042310848259886,1.3968318619571092,1
-0.7629908504997147,0.04570608070293124,2
-0.9839299710259738,-1.6601516067422784,2
-0.2419649440270689,-1.6071528349332616,0
-0.8100692766821348,-0.29437386395611004,2
0.5438425144382563,1.6930312925522606,1
-0.6804155348600472,-0.5341491491009411,0
-1.2379929540279409,-1.7339543585851946,2
-0.48009041173356976,-0.1222128582244701,0
-0.015189769621321798,1.343565632191758,1
22.115087636835483,-2.0632646722693484,3
-0.641852552719603,-0.5184459179759716,2
-0.4375348103260492,0.39719280492242864,0
-0.77848327987421,0.612794797217588,2
13.603870566388538,-1.8922915819891377,3
2.1936727190791343,-1.7745802252109424,0
-0.06987599047280994,0.026053137618456068,0
0.14331158211217576,0.6026849271924174,1
1.016237430203016,1.6759835150502675,1
-0.2876176033574664,0.39890733721892346,0
-1.1441496297543159,-1.642741833018286,2
-1.094180259165887,-0.768925461811687,2
0.3003238126949268,1.0595286972158218,1
0.6593083852064852,1.797630087123242,1
-1.331582796727082,-1.4218565364718454,2
-0.6971558220514504,0.0445264762660348,2
0.24631919844505804,1.546844585920082,1
0.6038654911937007,2.0542581763103303,1
-0.22032097596853664,1.021796015160417,1
-0.012932378079165523,1.9844783029350672,1
-0.6804155348600472,-0.5341491491009411,0
-0.22032097596853664,1.021796015160417,1
-1.2186402422523397,-1.655116276948438,2
0.5321768805925123,1.759316651066221,1
-1.1441496297543159,-1.642741833018286,2
2.7829221408881106,0.2764762348645435,1
-1.3326082504690884,-1.423867528011358,2
-1.094569764734864,-0.028667698549227766,2
-1.2676387976513361,-1.3786983499784147,2
-0.518818139985573,-1.8012288677284323,2
-0.19296986783420783,2.0986476088731996,1
-0.9480166424478734,-0.5862062801319877,2
-0.2048909820700955,-1.4592396958238887,0
1.4908090170035826,-2.6560524862823147,2
1.016237430203016,1.6759835150502675,1
0.5229176698472903,-1.3959565454955565,0
-0.6626977829975165,-1.1232691940810848,0
-0.08722482679026834,-0.3207664991063052,0
-0.6576939609129169,-0.17468355002941974,0
-0.21726152911825525,0.01993345201517661,0
4.12004990544678,-3.4283943559553025,2
1.0908662872912775,1.6933563495102346,1
-0.4790915372099158,1.1686498408127752,1
-0.46284779591186687,-0.07845337527552407,0
0.6299270006360523,2.0864436605063337,1
0.8781470118365647,2.1800660827806655,1
0.1365431624359212,2.1907917453982844,1
-0.0862182387046818,2.155956043300988,1
-1.1441496297543159,-1.642741833018286,2
-0.9839299710259738,-1.6601516067422784,2
-0.34663357802019373,2.3843554335561703,1
0.016656014400317568,0.5055038832753794,1
-0.014148666309847097,-1.4992443454194189,0
-1.0579538328215758,-0.4624240640760589,2
-0.5433335797869667,0.036260269941594384,0
-0.3338374211006511,2.6640473310307007,1
-0.2346533654418591,-1.6627540828505898,0
-0.4985528619339035,-0.6319610233367168,0
-1.1441496297543159,-1.642741833018286,2
-1.0140243363025276,-0.9816043891378874,0
1.4831789053285553,-0.114881101631424,0
-0.46284779591186687,-0.07845337527552407,0
-0.4999231934136536,-1.107039044810768,0
-0.6129921986914609,1.1660418886480275,1
-0.13178194260586656,1.6662126164203157,1
-1.031313178770443,-0.9734248300102464,0
-0.26946269874741363,-1.3022121695846343,0
-0.8584350265519577,-1.1589859683557422,2
0.014780386569877044,-1.4461197882445558,0
-1.013722588271577,-1.5689781053500047,2
0.23361819527270308,-1.4376169829551455,0
2.4147578580174596,0.36836096278801345,1
-0.757820649118389,0.5808854416439659,2
1.774617390219444,-2.5198459784804963,2
0.16850189980166935,1.8907769178947733,1
1.0908662872912775,1.6933563495102346,1
0.9871217892031009,-0.060684579959663164,0
-0.5283389677501464,4.0277253998163784,1
-0.5481710571025454,-1.3202205115932206,0
-0.5454384314438079,-1.2025260576446883,0
-0.36884131608362947,2.0007058808695133,1
-0.8842856702519948,-1.0497239062558705,0
-1.3201420715473011,-1.6043640856788157,2
0.19079577954474372,0.33264269654476225,0
0.9076719458273799,-1.8735515666335347,0
0.9286770403498109,1.2575752676379883,1
0.16850189980166935,1.8907769178947733,1
-0.14267612324368723,2.3270900310100022,1
-0.9839299710259738,-1.6601516067422784,2
-0.6497476588216553,-1.1364293714902511,0
-0.7657518833270519,-1.7602531538546025,2
-0.8138693741180305,-1.846201431846374,2
-1.04680777090169,-0.9677775460436802,0
-0.6040206247626092,-1.6573444125000698,2
-0.6760600098814029,-0.08103746370778167,0
-0.6915831465445343,-0.010721048412691737,2
-1.2338361218563942,-1.578021005519449,2
-0.48502762374854574,2.2676863618854464,1
0.07608318048064168,0.5510531621747862,1
-1.047220267440395,-0.9670500755763836,0
-0.6730205222388126,0.9191000221426591,1
-0.018885837686840132,-1.302303156211771,0
-0.12625500834053885,-1.4302327747332806,0
1.014608292571841,-1.9190848817089468,0
0.031230597663871297,-0.23777454039003312,0
-0.39854811217482966,1.432427442349425,1
-0.5960673409666638,-1.2506332106810176,0
-0.21021568384613648,1.3962596958365359,1
0.21509429034639774,1.9338200292797283,1
-0.4809033258516478,-0.34704522600997273,0
1.2274179636578912,-0.18161022752304276,0
-1.240269747858931,-1.467082933940254,2
-0.3993775721003272,2.9976772720691995,1
-0.7597664747140153,-0.026751559913551645,2
0.9022887120196006,1.607303065060397,1
0.09284851716535178,1.3206446907588751,1
-0.6760650998520178,2.945992336432811,1
-0.05811411393335886,0.6930237099483864,1
-0.773421716545897,-0.3862040771449895,0
-1.039171462840398,-0.9180310958484028,2
0.5051732922010085,0.20315765356433688,1
-0.22032097596853664,1.021796015160417,1
0.03971673146212313,1.1599033477233405,1
-0.24942477319246764,2.178490141754812,1
0.16933569802564455,1.051149117675961,1
0.19477900024784556,-0.6124107087506799,0
-0.22278804277883205,0.902174486585706,1
-1.3858665741175833,-1.6162026777810146,2
-0.035921161063688,1.9080996282883766,1
-0.6198316731332408,-1.5594950865621027,2
-1.2355105436144247,-1.7329205018348812,2
0.6849290850017892,-1.8635326271730643,0
-0.3991372913391692,2.9981706213099706,1
13.603870566388538,-1.8922915819891377,3
-0.7597664747140153,-0.026751559913551645,2
-1.3616156143280789,-1.622935512489963,2
-0.3991372913391692,2.9981706213099706,1
-1.183115780163534,-1.5736740350874014,2
-0.39953370870043536,2.9973549845717216,1
1.800977810611068,0.1380562992540336,1
0.10097319768229081,0.9229253004610216,1
-0.28860350125411854,0.7453837710858169,1
13.603870566388538,-1.8922915819891377,3
-0.39845884721252167,2.9995477518108715,1
-1.1017954482558017,-0.9518140895850294,2
0.2228646654622786,1.7651880154278567,1
-1.3616156143280789,-1.622935512489963,2
-0.21439785331287126,1.3994873785889588,1
-0.5283646380548634,1.2550749372040928,1
-1.0250551981768923,0.6735651067942331,2
-0.12087021107267977,1.6554454754580001,1
-0.2362925975704607,-1.263809871324451,0
0.0016805500818194061,1.6931968225755158,1
-0.20356309813557133,-0.3678671445525947,0
0.09284851716535178,1.3206446907588751,1
-0.3802773076939921,2.2966735415004487,1
-0.09852961056927699,1.590805517204137,1
0.060413066814550415,2.1803820634921354,1
-0.2876176033574664,0.39890733721892346,0
-0.21882615171883527,1.3264632103256357,1
-0.33906217699951663,0.6206518346193565,1
0.9175052237185315,1.9608613712870366,1
0.0057255330934426266,1.8692623816151666,1
-0.5598383888167426,-0.29741748741299506,0
0.8123105460700815,0.14016565373575962,0
2.5261367507782113,0.35622988523273247,1
-1.2179428776601842,-1.6538671403873577,2
0.031230597663871297,-0.23777454039003312,0
0.5634303661753748,2.1888191553473804,1
0.09284851716535178,1.3206446907588751,1
-0.9591996179076486,-1.7690250371321077,2
-0.5739387111661738,0.19863057900291778,2
0.5096660347411248,0.6117826647570626,1
0.5174263719011302,-1.5441269803069062,0
-1.3858665741175833,-1.6162026777810146,2
1.4908090170035826,-2.6560524862823147,2
4.12004990544678,-3.4283943559553025,2
1.4580801364497296,1.130334660845392,1
0.3375007275557392,-1.146501360126906,0
-0.20356309813557133,-0.3678671445525947,0
-0.6524296544739504,-0.08953963184122844,0
0.5695253365955875,0.6864845134056151,1
-0.641852552719603,-0.5184459179759716,2
0.7293436128127797,0.526641120545581,1
-0.17876574560459302,1.4819154037113689,1
0.5262161223639168,2.180888896840463,1
-0.24277770029696963,1.1690587978270628,1
0.26313398108519226,2.2945938988172903,1
-1.2909166240322396,-1.5974104909481759,2
-0.033716131303748946,-1.4581141771492676,0
-0.22032097596853664,1.021796015160417,1
-0.9480166424478734,-0.5862062801319877,2
-0.8407655016743794,-1.1134916772319752,0
-0.0911957692256092,2.206124446237018,1
-1.1059600720818399,-1.500912214658612,2
0.7181724611081363,1.641406755334364,1
-1.1441496297543159,-1.642741833018286,2
-0.40386671910951133,0.32358690490699354,0
0.3926343130836079,2.5383221836880288,1
-0.48680015582030195,2.2639165388816616,1
1.016237430203016,1.6759835150502675,1
-0.814081363324062,-0.8045948071691427,2
0.2628600562776386,-0.14098881316026776,0
-0.9670351898786606,-1.6193716742359794,2
-1.1441496297543159,-1.642741833018286,2
-0.16078297919813148,-1.2580806623828755,0
-1.240269747858931,-1.467082933940254,2
-0.18581972730576174,2.3605666043719835,1
0.34581504641367344,-1.7333963328598618,0
-0.3103743177278722,0.9425663984545599,1
-0.6804155348600472,-0.5341491491009411,0
-0.552997227581039,2.5673543594036334,1
-0.3195774049647955,2.373389173567248,1
-0.4999231934136536,-1.107039044810768,0
-0.6728454562930264,-0.5225343610290105,0
-0.22032097596853664,1.021796015160417,1
-0.24654526832653692,-0.3849276740412218,0
-0.6728454562930264,-0.5225343610290105,0
0.5438425144382563,1.6930312925522606,1
-0.13334660942626833,-1.275964124969394,0
0.5446955369612951,2.4378703279432252,1
-1.0514326502883535,-1.2151109237382172,2
-1.2909166240322396,-1.5974104909481759,2
-1.1059600720818399,-1.500912214658612,2
-0.10319680495973757,1.4273442677162043,1
0.19663021286239807,1.0255906462585624,1
-0.7597664747140153,-0.026751559913551645,2
-1.1388751641092159,-1.5500067194449438,2
-0.2876176033574664,0.39890733721892346,0
0.7470679133751182,-1.3626348095387806,0
0.4984712781907946,1.6348575660505174,1
0.7403862033183392,-1.9577376979633163,0
-0.017149001162849318,-1.443165753752527,0
-1.3858665741175833,-1.6162026777810146,2
-0.6747842127373807,2.948588828038164,1
-1.1441496297543159,-1.642741833018286,2
-0.42797453191179974,0.4031304859401247,1
0.15882229197154485,1.0660776107499434,1
-0.4514217549385299,-0.04303138332412362,0
-0.0814992704880791,1.761407247751156,1
2.5261367507782113,0.35622988523273247,1
-1.0579538328215758,-0.4624240640760589,2
0.17272452694100648,0.993824345966004,1
1.7794445399722958,0.419832729766132,0
-0.4895035103796194,-1.1831591860706596,0
-1.3437055326484846,-1.4387518374119241,2
-1.0442320145275974,-0.9738529896954976,0
-0.21021568384613648,1.3962596958365359,1
1.2400261064353078,0.375324430074802,1
0.24097670221760353,0.7662358539272717,1
-0.9551213503624363,-0.6508149499888842,2
-1.047220267440395,-0.9670500755763836,0
4.12004990544678,-3.4283943559553025,2
-0.13865261820966102,0.969043338115683,1
-1.3858665741175833,-1.6162026777810146,2
0.8781470118365647,2.1800660827806655,1
5.8461251350895855,0.6626331626042982,1
-0.012932378079165523,1.9844783029350672,1
-0.08575443855171436,-0.666738855282698,0
13.603870566388538,-1.8922915819891377,3
-0.5653191715431087,-0.1537898397187039,0
0.07827922224678599,1.4277630966164934,1
0.8828984418787396,-1.814281315447567,0
-0.6752354864436386,2.9476836459776474,1
-0.6615412388713582,-1.523053693170048,2
1.4908090170035826,-2.6560524862823147,2
13.603870566388538,-1.8922915819891377,3
-0.26946269874741363,-1.3022121695846343,0
0.039628321704565685,1.1601635289587602,1
-0.5236360047104494,1.26518704951966,1
-0.26946269874741363,-1.3022121695846343,0
-0.6728454562930264,-0.5225343610290105,0
22.115087636835483,-2.0632646722693484,3
-1.3616156143280789,-1.622935512489963,2
-0.04309738974057734,2.155336607897631,1
-0.10412433811631995,0.48160075656571205,1
-0.4514217549385299,-0.04303138332412362,0
1.1704164390208707,-0.20111171398485256,0
-0.09031338069183906,1.6685949077974958,1
0.02822606658619756,-1.491888198200339,0
-1.1464063250903724,-1.5957995218381353,2
-0.5960673409666638,-1.2506332106810176,0
-0.45981259632027127,-1.2392550313444348,0
0.7403862033183392,-1.9577376979633163,0
-0.3998613961480309,2.4707062964019997,1
0.03313285973026338,1.1978990485033583,1
-0.3803238213010319,2.2965639063813033,1
-0.28618015692515975,0.7281492563062133,1
0.5297096745221558,-1.3983227385759893,0
1.4237057951818435,1.1486509477331701,1
0.49751781333285555,-0.18677140209678467,0
0.3003238126949268,1.0595286972158218,1
0.3818408858719398,2.2409155155305305,1
-0.10412433811631995,0.48160075656571205,1
-0.9082199983710328,-1.0567597400756135,0
0.5887913540947649,-1.5745035807095051,0
0.14219472026569235,-1.7606039343283535,0
-0.6297062589395687,1.0631978826946826,1
-1.1817404766423893,-1.7842154939745323,2
-0.21878032753591076,1.981574991067201,1
-1.3858665741175833,-1.6162026777810146,2
-0.364995804788331,0.2564501481741332,0
-1.3616156143280789,-1.622935512489963,2
0.040980100359867794,-1.4385209815573676,0
-0.10412433811631995,0.48160075656571205,1
-0.46284779591186687,-0.07845337527552407,0
-0.08575443855171436,-0.666738855282698,0
-0.7757876500269089,-0.37930319499244786,0
-0.6804155348600472,-0.5341491491009411,0
-0.6524296544739504,-0.08953963184122844,0
-0.39177727835826504,0.21417464328087607,0
0.5438425144382563,1.6930312925522606,1
-0.854568073082376,-1.083738472734724,0
4.962701842040852,1.5395173674384082,1
-1.3616156143280789,-1.622935512489963,2
-0.1008508863304636,2.425308110283309,1
-0.0862182387046818,2.155956043300988,1
-0.6804155348600472,-0.5341491491009411,0
-0.6804155348600472,-0.5341491491009411,0
-1.3616156143280789,-1.622935512489963,2
-0.9839299710259738,-1.6601516067422784,2
-1.1134818281237469,-1.5749659546172239,2
-0.6804155348600472,-0.5341491491009411,0
-0.07635677331971592,0.76943162113455,1
-1.0070014904578253,-0.7219803227377456,2
-0.08372343725545227,-1.282966412715751,0
-0.21821564874196953,-1.3436401676530236,0
-0.364995804788331,0.2564501481741332,0
0.7451358062635752,-0.1279468467459918,0
1.774617390219444,-2.5198459784804963,2
-0.6779293180635221,-0.5732383745506163,2
0.04550186381472246,-1.4359651254355161,0
-0.46284779591186687,-0.07845337527552407,0
-0.364995804788331,0.2564501481741332,0
-0.5388876223918758,0.7097779375119703,1
-0.10412433811631995,0.48160075656571205,1
-0.33308096191325315,0.9160294137890448,1
1.0094672171655181,-1.922630681296308,0
-1.1441496297543159,-1.642741833018286,2
-0.0050957437687248145,-0.8626729776819994,0
-0.6763720260972892,2.945356489595077,1
-0.18632041029645066,-1.3599513209858534,0
0.14219472026569235,-1.7606039343283535,0
0.09284851716535178,1.3206446907588751,1
-0.5433335797869667,0.036260269941594384,0
-0.46284779591186687,-0.07845337527552407,0
-0.41494618409693046,0.34902765536820834,0
-0.9839299710259738,-1.6601516067422784,2
-0.46284779591186687,-0.07845337527552407,0
0.3212269051169394,1.0851063895093813,1
-1.331582796727082,-1.4218565364718454,2
-0.03855829367257229,-1.1841019395904882,0
-0.04083872175017444,2.1229867201048873,1
-0.3993775721003272,2.9976772720691995,1
-0.24277770029696963,1.1690587978270628,1
-0.9839299710259738,-1.6601516067422784,2
-0.6728454562930264,-0.5225343610290105,0
-0.6040206247626092,-1.6573444125000698,2
-1.3326082504690884,-1.423867528011358,2
-0.46284779591186687,-0.07845337527552407,0
2.0664261430391244,1.3390330831454347,1
-0.6779293180635221,-0.5732383745506163,2
-0.20356309813557133,-0.3678671445525947,0
-0.06987599047280994,0.026053137618456068,0
-0.3883564488784568,0.5171449329696063,1
-0.03187349205139189,-1.4534744769525134,0
-1.2365293343975483,-1.690623527548279,2
0.5297096745221558,-1.3983227385759893,0
-0.9596876892140982,-1.0044324531246591,0
-0.6747842127373807,2.948588828038164,1
-0.4988287863135023,0.6810419130214155,1
-1.381840974138355,-1.6195778719867835,2
-0.46284779591186687,-0.07845337527552407,0
-0.10412433811631995,0.48160075656571205,1
-0.8584350265519577,-1.1589859683557422,2
0.01065478066682706,1.6800617864585536,1
0.3375007275557392,-1.146501360126906,0
0.1365431624359212,2.1907917453982844,1
-0.5960673409666638,-1.2506332106810176,0
-1.1896950167224694,-1.6225837074423934,2
-0.641852552719603,-0.5184459179759716,2
-1.3408746195506922,-1.5801794631766315,2
0.2646510138153235,0.5703440372485835,1
-0.12087021107267977,1.6554454754580001,1
-0.020720805851739195,1.2446049656552494,1
1.1315785952507493,-2.319178650855001,2
-0.4557516218230264,0.29277527545697646,0
7.591127935611819,0.6152605198093786,3
0.14219472026569235,-1.7606039343283535,0
-0.3521063090263448,0.08123526587307849,0
0.8828984418787396,-1.814281315447567,0
0.9871217892031009,-0.060684579959663164,0
-0.489686008135279,-0.731997344068201,0
-1.3858665741175833,-1.6162026777810146,2
-0.8370492886093931,-1.7067899554797796,2
-1.3616156143280789,-1.622935512489963,2
-0.0865757521057966,-0.7904232098999172,0
-1.2982848616085079,-1.498294669908201,2
-0.489686008135279,-0.731997344068201,0
0.8363444401955832,0.9360266596553983,1
0.47568615668999115,-1.154586437557844,0
2.3468127718002108,-1.418966522510643,0
0.7480524469102895,0.5156522368088606,1
4.12004990544678,-3.4283943559553025,2
-1.0140243363025276,-0.9816043891378874,0
1.1901545128251019,2.0618955011115783,1
-1.2982848616085079,-1.498294669908201,2
-0.05524030391509658,1.6591395156948388,1
0.16606300973469768,1.0552451935021647,1
-0.22032097596853664,1.021796015160417,1
-0.6804155348600472,-0.5341491491009411,0
0.7634120194008981,0.04335793156786969,0
0.5172325008206748,0.030776394693600797,0
1.9506426724753259,2.831465768189892,1
0.1365431624359212,2.1907917453982844,1
-0.37755930126242315,2.3027620068410926,1
-0.46284779591186687,-0.07845337527552407,0
-1.1278875314898793,-1.0529150424916336,2
-0.8257266925982703,-1.1484294034748028,2
-0.4375348103260492,0.39719280492242864,0
0.3926343130836079,2.5383221836880288,1
0.15472116785180198,2.0250947971100177,1
1.6330898765883135,1.937515166718946,1
-0.8370492886093931,-1.7067899554797796,2
-1.3329884831393517,-1.424623037350324,2
4.750517772382549,1.2485788356973673,1
1.016237430203016,1.6759835150502675,1
-0.6145787168708648,-1.153495693898782,0
-1.3332632716275359,-1.4251727156363083,2
-0.42968471935447916,1.5234668524233472,1
0.14189742116925685,0.27533072021975635,0
-1.3616156143280789,-1.622935512489963,2
-1.3858665741175833,-1.6162026777810146,2
0.2780185896951605,0.6555498407342895,1
-0.6728454562930264,-0.5225343610290105,0
-1.2368626186870568,-1.7410954318828122,2
-1.3246546465987894,-1.402324997507714,2
0.6773738541567232,2.100049882028049,1
-0.6728454562930264,-0.5225343610290105,0
0.8828984418787396,-1.814281315447567,0
0.5097106992135971,1.6248895039880316,1
-0.13850985867285975,1.5718403659863935,1
-0.14267612324368723,2.3270900310100022,1
6.722669330601358,-0.48121546648025865,3
0.5634303661753748,2.1888191553473804,1
-1.2909166240322396,-1.5974104909481759,2
-1.2775108413433673,-1.7070516551529549,2
-0.22032097596853664,1.021796015160417,1
-0.30615922630567344,0.43870650033885944,0
-0.2215966217630637,0.26159573335572905,1
-0.4375348103260492,0.39719280492242864,0
1.6916961286038195,1.4486467919313488,1
-1.1482022044829714,-1.4717751533328238,2
-1.1851181928502563,-0.5335350344825981,2
0.2603346004215606,-1.4819819316369627,0
0.7055817564443642,2.196844393161563,1
-1.047220267440395,-0.9670500755763836,0
0.298455544940368,0.9197075076896883,1
-0.671025921273702,2.955836082989553,1
-0.16332555797129675,1.3996121643072184,1
0.12576943557458187,2.078220955881573,1
-0.112135892540001,0.7667274779334556,1
-1.2865506428091402,-1.693187026892116,2
-0.21726152911825525,0.01993345201517661,0
-0.6747842127373807,2.948588828038164,1
2.2087313367213754,-0.0071122171546406585,0
0.49751781333285555,-0.18677140209678467,0
0.5396327826036914,-1.525831732837509,0
0.14219472026569235,-1.7606039343283535,0
-0.03187349205139189,-1.4534744769525134,0
1.344342183662084,1.5318261676341973,1
0.7044669279190658,0.542663101090399,1
-0.09146916639878676,-1.4888477514064105,0
-1.3463591097500307,-1.6368292434438008,2
-0.6752354864436386,2.9476836459776474,1
-1.0491430277101206,-0.966467944989333,0
-0.6746908118234015,2.948775000137868,1
-0.112135892540001,0.7667274779334556,1
-0.08372343725545227,-1.282966412715751,0
0.5438425144382563,1.6930312925522606,1
-0.9839299710259738,-1.6601516067422784,2
-0.6576939609129169,-0.17468355002941974,0
-0.4331469506456135,-0.09835211414598691,0
-1.385923330316697,-1.6161921092926435,2
-0.6747842127373807,2.948588828038164,1
-0.4537934183301283,0.32138879006635507,0
-0.30213557442338307,3.6804282189666386,1
0.4611336261875425,1.8017660779037574,1
-0.9480166424478734,-0.5862062801319877,2
-0.8370492886093931,-1.7067899554797796,2
-0.3991372913391692,2.9981706213099706,1
0.14219472026569235,-1.7606039343283535,0
-0.39953370870043536,2.9973549845717216,1
-1.0070014904578253,-0.7219803227377456,2
-0.762187258837921,0.5726789002457222,2
-0.05821986736039478,2.6186993061406625,1
-0.9839299710259738,-1.6601516067422784,2
-0.4116083465275327,1.3568958451773934,1
-0.46284779591186687,-0.07845337527552407,0
-1.3326082504690884,-1.423867528011358,2
