assigned_memory,req_memory,avg_memory,max_memory,page_cache_memory,runtime_seconds,macro_cluster
0.009765625,0.009765625,0.0016994476318359,0.0017051696777343,0.0004358291625976,0.3,0
0.002960205078125,0.002960205078125,0.0019435882568359,0.0020370483398437,1.9073486328125e-06,0.3,1
0.0,0.0013027191162109,9.5367431640625e-07,9.5367431640625e-07,1.1444091796875e-05,0.001,2
0.0,0.0718994140625,0.0005397796630859,0.0005464553833007,0.000101089477539,0.3,0
0.0,0.0013027191162109,0.0053253173828125,0.0087890625,0.0009937286376953,0.3,0
0.00390625,0.00390625,0.0009088516235351,0.0009117126464843,0.0001716613769531,0.3,0
0.011016845703125,0.011016845703125,0.0008964538574218,0.000899314880371,7.62939453125e-06,0.3,0
0.0,0.0013027191162109,0.009552001953125,0.0099639892578125,0.0013999938964843,0.3,0
0.0104217529296875,0.0104217529296875,6.580352783203125e-05,6.961822509765625e-05,2.86102294921875e-06,0.003,2
0.0,0.0013027191162109,0.0089874267578125,0.019073486328125,0.0014476776123046,0.3,0
0.0063018798828125,0.004302978515625,0.0012149810791015,0.0012435913085937,0.0002164840698242,0.3,0
0.011016845703125,0.011016845703125,0.0008964538574218,0.000899314880371,7.62939453125e-06,0.3,0
0.0,0.0013027191162109,0.0005912780761718,0.0005922317504882,0.0002975463867187,0.031,2
0.00726318359375,0.0072555541992187,0.005401611328125,0.0054092407226562,0.0004854202270507,0.3,1
0.011016845703125,0.011016845703125,0.0008964538574218,0.000899314880371,7.62939453125e-06,0.3,0
0.00262451171875,0.00262451171875,9.34600830078125e-05,9.34600830078125e-05,3.814697265625e-06,0.003,2
0.00390625,0.00390625,0.00164794921875,0.00262451171875,0.0014572143554687,0.3,1
0.0104217529296875,0.0104217529296875,6.580352783203125e-05,6.961822509765625e-05,2.86102294921875e-06,0.003,2
0.0177001953125,0.0065078735351562,0.0059890747070312,0.0069808959960937,9.5367431640625e-07,0.3,0
0.0,0.0013027191162109,0.0225830078125,0.02325439453125,0.000579833984375,0.3,0
0.006683349609375,0.0036125183105468,0.0006961822509765,0.0006980895996093,1.1444091796875e-05,0.3,0
0.0052108764648437,0.0052108764648437,0.0018596649169921,0.0018882751464843,0.0001649856567382,0.3,0
0.0018234252929687,0.0018234252929687,0.0007400512695312,0.0008964538574218,0.0004997253417968,0.133,1
0.0015621185302734,0.0015621185302734,0.0010833740234375,0.0011844635009765,0.000472068786621,0.089,1
0.019927978515625,0.020111083984375,0.015777587890625,0.01580810546875,0.0004310607910156,0.3,1
0.006683349609375,0.0036125183105468,0.0006771087646484,0.0006790161132812,9.5367431640625e-07,0.3,0
0.0,0.0013027191162109,9.5367431640625e-07,9.5367431640625e-07,0.0004167556762695,0.004,2
0.0,0.0069961547851562,0.0012264251708984,0.0012283325195312,0.000340461730957,0.3,0
0.0,0.0054550170898437,0.01873779296875,0.01898193359375,0.000152587890625,0.3,0
0.0016555786132812,0.0016555786132812,0.0014686584472656,0.0014686584472656,0.0005016326904296,0.003,1
0.0002717971801757,0.0003061294555664,7.62939453125e-05,7.62939453125e-05,9.5367431640625e-06,0.002,2
0.0032539367675781,0.0013999938964843,0.0008821487426757,0.000885009765625,3.814697265625e-06,0.3,0
0.0032424926757812,0.0010414123535156,0.0006723403930664,0.0006742477416992,7.62939453125e-06,0.3,0
0.0,0.0025215148925781,0.0040664672851562,0.0040740966796875,0.0003623962402343,0.3,0
0.03460693359375,0.03460693359375,0.0179443359375,0.01800537109375,9.5367431640625e-07,0.206,1
0.0,0.0064620971679687,0.0043411254882812,0.0043487548828125,0.0002269744873046,0.3,0
0.000889778137207,0.000889778137207,0.0005083084106445,0.0005083084106445,8.392333984375e-05,0.3,1
0.0017833709716796,0.0014705657958984,0.0010662078857421,0.0013370513916015,0.0,0.3,1
0.0104217529296875,0.0104217529296875,6.580352783203125e-05,6.961822509765625e-05,2.86102294921875e-06,0.003,2
0.0,0.0001649856567382,0.0001430511474609,0.0001440048217773,2.09808349609375e-05,0.3,0
0.0032501220703125,0.0036849975585937,0.001535415649414,0.0016059875488281,0.000258445739746,0.3,1
0.00262451171875,0.00262451171875,0.0011024475097656,0.001443862915039,5.7220458984375e-06,0.3,1
0.0,0.0013027191162109,0.0052871704101562,0.0052947998046875,0.0024795532226562,0.3,0
0.000227928161621,0.0002365112304687,0.000152587890625,0.00018310546875,0.0,0.241,1
0.0006361007690429,0.0006361007690429,0.0005207061767578,0.000579833984375,0.0001449584960937,0.081,1
0.0012702941894531,0.0012454986572265,0.0009822845458984,0.0009841918945312,2.47955322265625e-05,0.295,1
0.0625,0.0020179748535156,0.0041046142578125,0.0041122436523437,0.0002269744873046,0.3,0
0.0,0.0013027191162109,0.0003528594970703,0.0005598068237304,0.0002384185791015,0.02,2
0.0001955032348632,0.0002002716064453,9.250640869140624e-05,0.0001029968261718,9.5367431640625e-07,0.3,1
0.0,0.0013027191162109,0.0062255859375,0.0112152099609375,0.0014572143554687,0.3,0
0.0051422119140625,0.0051422119140625,0.0029983520507812,0.0030746459960937,0.0001277923583984,0.3,1
0.006622314453125,0.006622314453125,0.0036354064941406,0.0036659240722656,0.0007524490356445,0.3,1
0.0014705657958984,0.0014705657958984,9.918212890625e-05,9.918212890625e-05,3.0517578125e-05,0.001,2
0.0,0.0013027191162109,9.5367431640625e-07,9.5367431640625e-07,0.0,0.001,2
0.0036125183105468,0.0036125183105468,9.5367431640625e-07,9.5367431640625e-07,0.0,0.001,2
0.019989013671875,0.03326416015625,0.0072860717773437,0.0077438354492187,0.000563621520996,0.3,0
0.0,0.0013027191162109,0.005096435546875,0.0102996826171875,0.001800537109375,0.3,0
0.000227928161621,0.0002365112304687,0.000152587890625,0.00018310546875,0.0,0.241,1
0.0416259765625,0.0245361328125,0.0032196044921875,0.0032234191894531,0.0001983642578125,0.3,0
0.0,0.0013027191162109,0.01971435546875,0.020050048828125,0.0012836456298828,0.3,0
0.0052108764648437,0.0052108764648437,0.001220703125,0.0012226104736328,0.0005769729614257,0.3,0
0.009765625,0.009765625,0.0017452239990234,0.0017452239990234,0.0005474090576171,0.3,0
0.0032501220703125,0.0036849975585937,0.001535415649414,0.0016059875488281,0.000258445739746,0.3,1
0.0,0.0036125183105468,0.0001163482666015,0.0001201629638671,2.86102294921875e-06,0.3,0
0.0094757080078125,0.0094757080078125,0.0087127685546875,0.0087127685546875,9.5367431640625e-07,0.3,1
0.0036201477050781,0.0036239624023437,0.0025215148925781,0.0025291442871093,0.0005388259887695,0.3,1
0.0052108764648437,0.0052108764648437,0.0009660720825195,0.0009727478027343,0.0005407333374023,0.3,0
0.0,0.0003175735473632,0.0001888275146484,0.0001888275146484,0.0,0.3,0
0.0076141357421875,0.0067825317382812,9.5367431640625e-07,9.5367431640625e-07,0.0,0.001,2
0.1009521484375,0.187744140625,0.0005731582641601,0.0005731582641601,0.0005617141723632,0.004,2
0.0,0.0001649856567382,0.0001430511474609,0.0001440048217773,2.09808349609375e-05,0.3,0
0.0,0.00390625,0.0008707046508789,0.0008878707885742,0.0002326965332031,0.3,0
0.0104217529296875,0.0104217529296875,6.580352783203125e-05,6.961822509765625e-05,2.86102294921875e-06,0.003,2
0.0024795532226562,0.0024795532226562,0.0005168914794921,0.0007514953613281,2.765655517578125e-05,0.003,2
0.0016555786132812,0.0020866394042968,0.0014686584472656,0.0014686584472656,0.0005016326904296,0.003,1
0.0052108764648437,0.0052108764648437,0.0030326843261718,0.0034713745117187,0.0001544952392578,0.3,1
0.0,0.0013027191162109,0.009033203125,0.025146484375,0.0013942718505859,0.3,0
0.0002565383911132,0.0002241134643554,0.000152587890625,0.0001649856567382,3.814697265625e-06,0.3,1
0.0104217529296875,0.0104217529296875,6.580352783203125e-05,6.961822509765625e-05,2.86102294921875e-06,0.003,2
0.000227928161621,0.000227928161621,0.000152587890625,0.00018310546875,0.0,0.241,1
0.006500244140625,0.0065078735351562,9.5367431640625e-07,9.5367431640625e-07,0.0,0.001,2
0.00579833984375,0.0075759887695312,0.0022964477539062,0.0022964477539062,0.0008821487426757,0.3,1
0.0,0.005859375,0.0049896240234375,0.0055618286132812,0.0,0.3,0
0.0022773742675781,0.0022811889648437,0.0002574920654296,0.0002574920654296,0.0001354217529296,0.002,2
0.0052108764648437,0.0052108764648437,0.0030326843261718,0.0034713745117187,0.0001544952392578,0.3,1
0.0028457641601562,0.0028533935546875,0.0025138854980468,0.0025405883789062,0.000309944152832,0.041,1
0.0,0.0013027191162109,0.0063858032226562,0.017059326171875,0.0011215209960937,0.3,0
0.0,0.0013027191162109,0.0066299438476562,0.0099639892578125,0.0009479522705078,0.3,0
0.0,0.0038566589355468,0.001953125,0.0019645690917968,0.0008172988891601,0.3,0
0.1024169921875,0.1019287109375,0.04718017578125,0.04718017578125,0.0009737014770507,0.3,3
0.012298583984375,0.0121002197265625,0.0068588256835937,0.0075836181640625,0.0013885498046875,0.3,1
0.0032539367675781,0.0032539367675781,0.0013999938964843,0.0013999938964843,0.0004243850708007,0.009,2
0.0004606246948242,0.0040130615234375,0.0003366470336914,0.0003576278686523,2.002716064453125e-05,0.3,1
0.00213623046875,0.0018234252929687,0.0014305114746093,0.0018234252929687,4.00543212890625e-05,0.3,1
0.0032501220703125,0.00262451171875,0.00250244140625,0.0026931762695312,1.9073486328125e-05,0.3,1
0.0104217529296875,0.0104217529296875,6.580352783203125e-05,6.961822509765625e-05,2.86102294921875e-06,0.003,2
0.0,0.0013027191162109,0.006134033203125,0.0084228515625,0.0014801025390625,0.3,0
0.0,0.0013027191162109,0.0053253173828125,0.0087890625,0.0009937286376953,0.3,0
0.0032424926757812,0.0011482238769531,0.0006122589111328,0.0006132125854492,6.67572021484375e-06,0.3,0
0.0,0.04119873046875,0.0001678466796875,0.0001716613769531,4.100799560546875e-05,0.3,0
0.0,0.00262451171875,0.0,0.0,0.0,0.002,2
0.0002326965332031,0.0002145767211914,0.0001173019409179,0.0001182556152343,8.58306884765625e-06,0.004,2
0.0,0.0013027191162109,9.5367431640625e-07,9.5367431640625e-07,0.0,0.001,2
0.0029182434082031,0.0026054382324218,0.0021514892578125,0.0026054382324218,2.6702880859375e-05,0.3,1
0.0005350112915039,0.0004253387451171,0.0004940032958984,0.0005407333374023,0.0002298355102539,0.127,1
0.0088653564453125,0.0088653564453125,0.0024986267089843,0.0025177001953125,0.0005617141723632,0.3,0
0.00262451171875,0.00262451171875,0.001230239868164,0.0014152526855468,8.7738037109375e-05,0.3,1
0.0,0.0013027191162109,0.0150909423828125,0.0174560546875,0.0001087188720703,0.3,0
0.0028457641601562,0.0029182434082031,0.0025138854980468,0.0025405883789062,0.000309944152832,0.041,1
0.0013351440429687,0.0013351440429687,9.34600830078125e-05,9.34600830078125e-05,0.0005035400390625,0.003,2
0.0065078735351562,0.0065078735351562,0.0030097961425781,0.0037956237792968,0.0004444122314453,0.097,1
0.0104217529296875,0.0104217529296875,6.580352783203125e-05,6.961822509765625e-05,2.86102294921875e-06,0.003,2
0.0,0.0003175735473632,0.0002193450927734,0.0002260208129882,6.67572021484375e-06,0.3,0
0.0052108764648437,0.0052108764648437,0.001220703125,0.0012226104736328,0.0005769729614257,0.3,0
0.00262451171875,0.00262451171875,9.441375732421876e-05,9.441375732421876e-05,6.67572021484375e-06,0.001,2
0.0033683776855468,0.0025558471679687,0.0010318756103515,0.0010395050048828,4.76837158203125e-06,0.3,0
0.0052108764648437,0.0052108764648437,0.0010910034179687,0.0011062622070312,0.0003108978271484,0.3,0
0.006683349609375,0.0036125183105468,0.0006961822509765,0.0006980895996093,1.1444091796875e-05,0.3,0
0.0094757080078125,0.0094757080078125,0.0087127685546875,0.0087127685546875,9.5367431640625e-07,0.3,1
0.0065078735351562,0.0065078735351562,0.0030097961425781,0.0037956237792968,0.0004444122314453,0.097,1
0.0,0.0029182434082031,0.0008516311645507,0.0008668899536132,0.0002145767211914,0.3,0
0.05621337890625,0.056396484375,0.0513916015625,0.0516357421875,0.0019645690917968,0.3,1
0.006683349609375,0.0036125183105468,0.0006961822509765,0.0006980895996093,1.1444091796875e-05,0.3,0
0.0,0.0013027191162109,9.5367431640625e-07,9.5367431640625e-07,0.0001039505004882,0.004,2
0.006011962890625,0.013671875,0.0038490295410156,0.0038528442382812,6.008148193359375e-05,0.3,1
0.0027809143066406,0.00262451171875,0.0023269653320312,0.0023307800292968,0.0,0.3,1
0.0,0.0013027191162109,0.010101318359375,0.010162353515625,0.0002784729003906,0.072,2
0.011016845703125,0.011016845703125,0.0008964538574218,0.000899314880371,7.62939453125e-06,0.3,0
0.0065078735351562,0.0065078735351562,0.0030097961425781,0.0037956237792968,0.0004444122314453,0.097,1
0.0028457641601562,0.0029182434082031,0.0025138854980468,0.0025405883789062,0.000309944152832,0.041,1
0.0,0.00262451171875,0.0,0.0,0.0,0.002,2
0.01727294921875,0.014404296875,0.01580810546875,0.015869140625,0.000166893005371,0.3,1
0.0,0.0013027191162109,0.0,0.0,0.0004129409790039,0.001,2
0.0,0.00262451171875,0.0,0.0,0.0,0.002,2
0.01116943359375,0.01116943359375,0.0072097778320312,0.0105438232421875,0.0009098052978515,0.3,1
0.023284912109375,0.023284912109375,0.01824951171875,0.018798828125,0.0006866455078125,0.3,1
0.0018234252929687,0.0018234252929687,0.0001764297485351,0.0003833770751953,0.000197410583496,0.003,2
0.0,0.0013027191162109,0.0076751708984375,0.0087738037109375,0.0008134841918945,0.3,0
0.0032501220703125,0.0041961669921875,0.001535415649414,0.0016059875488281,0.000258445739746,0.3,1
0.078125,0.078125,0.0738525390625,0.0750732421875,0.0005884170532226,0.3,3
0.0052108764648437,0.0052108764648437,0.0018596649169921,0.0018882751464843,0.0001649856567382,0.3,0
0.0,0.0013027191162109,0.02197265625,0.024078369140625,0.0005817413330078,0.3,0
0.0002317428588867,0.0002088546752929,8.58306884765625e-06,8.58306884765625e-06,0.0,0.002,2
0.078125,0.078125,0.0738525390625,0.0750732421875,0.0005884170532226,0.3,3
0.006500244140625,0.0065078735351562,9.5367431640625e-07,9.5367431640625e-07,0.0,0.001,2
0.020416259765625,0.021514892578125,0.004669189453125,0.0047760009765625,9.632110595703124e-05,0.199,0
0.0036125183105468,0.0036125183105468,0.0006523132324218,0.0006532669067382,9.5367431640625e-06,0.013,2
0.0032539367675781,0.0032539367675781,0.0013999938964843,0.0013999938964843,0.0004243850708007,0.009,2
0.0,0.0013027191162109,0.0135955810546875,0.0142669677734375,0.0005931854248046,0.3,0
0.0,0.0001649856567382,0.0001430511474609,0.0001440048217773,2.09808349609375e-05,0.3,0
0.0104217529296875,0.0104217529296875,6.580352783203125e-05,6.961822509765625e-05,2.86102294921875e-06,0.003,2
0.0001955032348632,0.0001955032348632,9.250640869140624e-05,0.0001029968261718,9.5367431640625e-07,0.3,1
0.0052108764648437,0.0052108764648437,0.0011177062988281,0.0011730194091796,0.0005998611450195,0.3,0
0.0065078735351562,0.0065078735351562,0.0017414093017578,0.0023078918457031,3.4332275390625e-05,0.016,2
0.0,0.0013027191162109,0.0061569213867187,0.018829345703125,0.0008535385131835,0.3,0
0.006683349609375,0.0036125183105468,0.0006771087646484,0.0006790161132812,9.5367431640625e-07,0.3,0
0.0026054382324218,0.0026054382324218,8.7738037109375e-05,8.7738037109375e-05,1.9073486328125e-06,0.001,2
0.0002269744873046,0.000218391418457,0.0001735687255859,0.0001859664916992,0.0,0.3,1
0.0057296752929687,0.0033416748046875,0.0042343139648437,0.0057296752929687,0.0002670288085937,0.3,1
0.00262451171875,0.00262451171875,0.0021553039550781,0.0022048950195312,7.43865966796875e-05,0.3,1
0.0,0.0013027191162109,0.01953125,0.023651123046875,0.0014381408691406,0.243,0
0.009521484375,0.005706787109375,0.0023040771484375,0.0029640197753906,0.0001821517944335,0.3,0
0.0104217529296875,0.0104217529296875,6.580352783203125e-05,6.961822509765625e-05,2.86102294921875e-06,0.003,2
0.0,0.0013027191162109,0.01409912109375,0.017608642578125,0.0012741088867187,0.3,0
0.004364013671875,0.004364013671875,0.00225830078125,0.0023002624511718,0.0002937316894531,0.3,1
0.0,0.0013027191162109,0.0150909423828125,0.0174560546875,0.0001087188720703,0.3,0
0.001626968383789,0.001626968383789,0.001068115234375,0.0010719299316406,0.0004749298095703,0.3,1
0.005035400390625,0.004119873046875,0.0035781860351562,0.0036888122558593,0.000309944152832,0.3,1
0.0,0.0013027191162109,0.016143798828125,0.0191650390625,0.0024452209472656,0.176,0
0.00262451171875,0.00262451171875,9.441375732421876e-05,9.441375732421876e-05,6.67572021484375e-06,0.001,2
0.02081298828125,0.02081298828125,0.013275146484375,0.013336181640625,0.0002250671386718,0.3,1
0.0,0.0013027191162109,0.0069580078125,0.0104522705078125,0.0002956390380859,0.3,0
0.000227928161621,0.000223159790039,0.000152587890625,0.00018310546875,0.0,0.241,1
0.0,0.0001649856567382,0.000136375427246,0.0001382827758789,1.049041748046875e-05,0.3,0
0.0002326965332031,0.000192642211914,0.0001173019409179,0.0001182556152343,8.58306884765625e-06,0.004,2
0.0002317428588867,0.0002088546752929,8.58306884765625e-06,8.58306884765625e-06,0.0,0.002,2
0.0151824951171875,0.0136260986328125,0.000950813293457,0.0009517669677734,0.0017108917236328,0.006,2
0.0009651184082031,0.0009651184082031,0.0006608963012695,0.0006618499755859,0.0001230239868164,0.3,1
0.0,0.0013027191162109,0.0052871704101562,0.0052947998046875,0.0024795532226562,0.3,0
0.0390625,0.0390625,0.02423095703125,0.024505615234375,0.0001497268676757,0.3,1
0.0,0.00262451171875,0.0,0.0,0.0,0.002,2
0.0022773742675781,0.0022811889648437,0.0002574920654296,0.0002574920654296,0.0001354217529296,0.002,2
0.0052108764648437,0.0052108764648437,0.0010910034179687,0.0011062622070312,0.0003108978271484,0.3,0
0.0072250366210937,0.0072250366210937,0.0052261352539062,0.0052337646484375,0.0004892349243164,0.3,1
0.0065078735351562,0.0065078735351562,0.0013866424560546,0.0025978088378906,1.9073486328125e-06,0.002,2
0.0004348754882812,0.0003833770751953,0.0002698898315429,0.0002822875976562,4.76837158203125e-06,0.3,1
0.0003614425659179,0.0003108978271484,0.0002250671386718,0.0002603530883789,1.9073486328125e-06,0.3,1
0.0104217529296875,0.0104217529296875,6.580352783203125e-05,6.961822509765625e-05,2.86102294921875e-06,0.003,2
0.00726318359375,0.0072555541992187,0.005401611328125,0.0054092407226562,0.0004854202270507,0.3,1
0.0107879638671875,0.0077667236328125,0.0074691772460937,0.0074920654296875,0.000314712524414,0.3,1
0.000227928161621,0.0002260208129882,0.000152587890625,0.00018310546875,0.0,0.241,1
0.000227928161621,0.0002260208129882,0.000152587890625,0.00018310546875,0.0,0.241,1
0.000441551208496,0.0003385543823242,0.0002832412719726,0.0003013610839843,0.0,0.3,1
0.0004348754882812,0.0003366470336914,0.0002698898315429,0.0002822875976562,4.76837158203125e-06,0.3,1
0.0052108764648437,0.0052108764648437,0.001220703125,0.0012226104736328,0.0005769729614257,0.3,0
0.0104217529296875,0.0104217529296875,6.580352783203125e-05,6.961822509765625e-05,2.86102294921875e-06,0.003,2
0.006500244140625,0.0065078735351562,0.0006999969482421,0.0007591247558593,0.0003204345703125,0.017,2
0.1875,0.1041259765625,0.129638671875,0.129638671875,0.0017356872558593,0.3,3
0.000227928161621,0.0002126693725585,0.000152587890625,0.00018310546875,0.0,0.241,1
0.0,0.0044326782226562,0.000157356262207,0.0001611709594726,3.24249267578125e-05,0.3,0
0.0,0.0013008117675781,0.0002384185791015,0.0002641677856445,9.5367431640625e-07,0.3,0
0.0028495788574218,0.0032310485839843,0.001617431640625,0.0016460418701171,0.0008144378662109,0.3,1
0.0061264038085937,0.0061264038085937,0.004241943359375,0.0042572021484375,0.0008506774902343,0.3,1
0.011016845703125,0.011016845703125,0.0008964538574218,0.000899314880371,7.62939453125e-06,0.3,0
0.0,0.0013027191162109,0.0062255859375,0.0112152099609375,0.0014572143554687,0.3,0
0.0,0.0013027191162109,0.0108795166015625,0.0126190185546875,0.0001916885375976,0.3,0
0.00262451171875,0.00262451171875,0.0003395080566406,0.0007743835449218,0.0002946853637695,0.004,2
0.0104217529296875,0.0104217529296875,6.580352783203125e-05,6.961822509765625e-05,2.86102294921875e-06,0.003,2
0.0032501220703125,0.0036849975585937,0.001535415649414,0.0016059875488281,0.000258445739746,0.3,1
0.00262451171875,0.00262451171875,9.441375732421876e-05,9.441375732421876e-05,6.67572021484375e-06,0.001,2
0.0104217529296875,0.0104217529296875,6.580352783203125e-05,6.961822509765625e-05,2.86102294921875e-06,0.003,2
0.022552490234375,0.022552490234375,0.0110626220703125,0.01129150390625,0.0006351470947265,0.3,1
0.0,0.0001649856567382,0.0001506805419921,0.000152587890625,9.5367431640625e-06,0.3,0
0.0096588134765625,0.006011962890625,0.0007972717285156,0.000868797302246,0.000274658203125,0.022,2
0.0037002563476562,0.0037002563476562,0.0022125244140625,0.0023269653320312,6.198883056640625e-05,0.3,1
0.0003061294555664,0.0002880096435546,0.0001678466796875,0.0001821517944335,0.0,0.3,1
0.0004529953002929,0.0003252029418945,4.863739013671875e-05,0.000288963317871,4.291534423828125e-05,0.3,1
0.0018234252929687,0.0018234252929687,0.0001764297485351,0.0003833770751953,0.000197410583496,0.003,2
0.0,0.0013027191162109,0.0076751708984375,0.0087738037109375,0.0008134841918945,0.3,0
0.0001955032348632,0.0001726150512695,9.250640869140624e-05,0.0001029968261718,9.5367431640625e-07,0.3,1
0.006683349609375,0.0036125183105468,0.0006771087646484,0.0006790161132812,9.5367431640625e-07,0.3,0
0.0037422180175781,0.0103912353515625,0.0019397735595703,0.0021934509277343,0.0003833770751953,0.3,1
0.0036125183105468,0.0036125183105468,0.0033645629882812,0.0036125183105468,0.0,0.3,1
0.000227928161621,0.0002117156982421,0.000152587890625,0.00018310546875,0.0,0.241,1
0.0034980773925781,0.0034980773925781,0.0023918151855468,0.0023918151855468,9.5367431640625e-07,0.3,1
0.0029296875,0.0029296875,0.0009784698486328,0.0012874603271484,0.0005121231079101,0.3,1
0.011016845703125,0.011016845703125,0.0008964538574218,0.000899314880371,7.62939453125e-06,0.3,0
0.0,0.0018367767333984,0.0040359497070312,0.0040359497070312,0.0003700256347656,0.3,0
0.1875,0.1041259765625,0.129638671875,0.129638671875,0.0017356872558593,0.3,3
0.006500244140625,0.0065078735351562,9.5367431640625e-07,9.5367431640625e-07,0.0,0.001,2
0.0731201171875,0.0653076171875,0.00335693359375,0.0033798217773437,0.0007581710815429,0.3,0
0.0,0.0013027191162109,0.008544921875,0.0128631591796875,0.0012035369873046,0.3,0
0.0,0.0013027191162109,0.01824951171875,0.021575927734375,0.0004568099975585,0.165,0
0.0032501220703125,0.0036849975585937,0.001535415649414,0.0016059875488281,0.000258445739746,0.3,1
0.0032424926757812,0.0032539367675781,0.0006084442138671,0.0006084442138671,0.0001344680786132,0.3,0
0.0071182250976562,0.0070343017578125,0.00506591796875,0.0051651000976562,0.0004892349243164,0.3,1
0.0,0.0013027191162109,9.5367431640625e-07,9.5367431640625e-07,6.961822509765625e-05,0.003,2
0.00390625,0.00390625,0.001190185546875,0.001199722290039,0.0001144409179687,0.3,0
0.0,0.0718994140625,0.0005712509155273,0.0005741119384765,0.0001287460327148,0.3,0
0.0,0.0013027191162109,0.0046768188476562,0.0055618286132812,0.0023994445800781,0.3,0
0.00518798828125,0.0390625,0.0010089874267578,0.0010261535644531,0.0005931854248046,0.3,0
0.1875,0.1041259765625,0.129638671875,0.129638671875,0.0017356872558593,0.3,3
0.0,0.0013027191162109,0.0052871704101562,0.0052947998046875,0.0024795532226562,0.3,0
0.1009521484375,0.187744140625,0.0005731582641601,0.0005731582641601,0.0005617141723632,0.004,2
0.1875,0.10498046875,0.0010337829589843,0.0011959075927734,0.0002679824829101,0.143,2
0.0052108764648437,0.0052108764648437,0.0023193359375,0.0023231506347656,0.0001792907714843,0.3,1
0.03460693359375,0.03460693359375,0.0179443359375,0.01800537109375,9.5367431640625e-07,0.206,1
0.0,0.0013027191162109,0.0155792236328125,0.015594482421875,0.0009975433349609,0.3,0
0.0008134841918945,0.0005674362182617,0.0005102157592773,0.0005121231079101,0.0001630783081054,0.3,1
0.006683349609375,0.0036125183105468,0.0006771087646484,0.0006790161132812,9.5367431640625e-07,0.3,0
0.0,0.00262451171875,0.0,0.0,0.0,0.002,2
0.0012702941894531,0.0012702941894531,0.0009822845458984,0.0009841918945312,2.47955322265625e-05,0.295,1
0.020660400390625,0.020538330078125,0.01104736328125,0.0111846923828125,0.0006322860717773,0.3,1
0.0,0.0006361007690429,9.5367431640625e-07,9.5367431640625e-07,0.0002346038818359,0.001,2
0.0018234252929687,0.0018234252929687,0.0007400512695312,0.0008964538574218,0.0004997253417968,0.133,1
0.0065078735351562,0.0065078735351562,0.0030097961425781,0.0037956237792968,0.0004444122314453,0.097,1
0.0,0.0013027191162109,0.0067062377929687,0.008026123046875,0.0008716583251953,0.3,0
0.0025901794433593,0.0026054382324218,0.0013904571533203,0.0013942718505859,0.0002994537353515,0.3,1
0.02874755859375,0.02679443359375,0.0037879943847656,0.0049057006835937,0.0011310577392578,0.137,0
0.0012702941894531,0.0012454986572265,0.0009822845458984,0.0009841918945312,2.47955322265625e-05,0.295,1
0.0050125122070312,0.0050125122070312,0.0026702880859375,0.0026702880859375,0.0005407333374023,0.3,1
0.0104217529296875,0.0104217529296875,6.580352783203125e-05,6.961822509765625e-05,2.86102294921875e-06,0.003,2
0.0,0.0013027191162109,0.008880615234375,0.010040283203125,0.0012798309326171,0.3,0
0.0027542114257812,0.0027580261230468,0.0004138946533203,0.0004158020019531,0.0002212524414062,0.3,0
0.0,0.0013027191162109,0.008880615234375,0.010040283203125,0.0012798309326171,0.3,0
0.0731201171875,0.0369873046875,0.00335693359375,0.0033798217773437,0.0007581710815429,0.3,0
0.009765625,0.009765625,0.0017452239990234,0.0017452239990234,0.0005474090576171,0.3,0
0.0078125,0.0050811767578125,0.003875732421875,0.0050201416015625,0.0001335144042968,0.3,1
0.0036201477050781,0.0036239624023437,0.0025215148925781,0.0025291442871093,0.0005388259887695,0.3,1
0.021331787109375,0.05023193359375,0.0020523071289062,0.0020637512207031,0.0006341934204101,0.3,0
0.0,0.0013027191162109,0.0108795166015625,0.0126190185546875,0.0001916885375976,0.3,0
0.0002317428588867,0.0002088546752929,8.58306884765625e-06,8.58306884765625e-06,0.0,0.002,2
0.0001955032348632,0.0001955032348632,9.250640869140624e-05,0.0001029968261718,9.5367431640625e-07,0.3,1
0.0,0.00262451171875,0.0,0.0,0.0,0.002,2
0.006683349609375,0.0036125183105468,0.0006771087646484,0.0006790161132812,9.5367431640625e-07,0.3,0
0.00390625,0.00390625,0.0023269653320312,0.0023307800292968,4.57763671875e-05,0.3,1
0.0012569427490234,0.001260757446289,0.000833511352539,0.000859260559082,0.0002784729003906,0.3,1
0.019989013671875,0.03326416015625,0.0072860717773437,0.0077438354492187,0.000563621520996,0.3,0
0.0040130615234375,0.0030632019042968,0.0028343200683593,0.0028572082519531,0.0011539459228515,0.3,1
0.021942138671875,0.021942138671875,0.0019359588623046,0.0019512176513671,2.47955322265625e-05,0.3,0
0.016265869140625,0.014129638671875,0.0035629272460937,0.0036544799804687,0.0003004074096679,0.3,0
0.0,0.0003175735473632,0.0001869201660156,0.000187873840332,1.9073486328125e-06,0.3,0
0.0002317428588867,0.0002155303955078,8.58306884765625e-06,8.58306884765625e-06,0.0,0.002,2
0.0,0.0013027191162109,0.020721435546875,0.02154541015625,0.00213623046875,0.3,0
0.0042343139648437,0.0042343139648437,0.0006589889526367,0.0006599426269531,0.0006418228149414,0.003,2
0.0,0.0013027191162109,0.0006160736083984,0.000807762145996,0.0003509521484375,0.013,2
0.0,0.0013027191162109,0.0007905960083007,0.0041275024414062,0.0006055831909179,0.3,0
0.0018386840820312,0.0019569396972656,0.0006141662597656,0.0006141662597656,0.0005979537963867,0.001,2
0.0,0.0013027191162109,2.47955322265625e-05,4.76837158203125e-05,0.0001153945922851,0.002,2
0.0,0.0034942626953125,0.0044097900390625,0.0044174194335937,0.0003204345703125,0.3,0
0.006683349609375,0.0036125183105468,0.0006961822509765,0.0006980895996093,1.1444091796875e-05,0.3,0
0.0012702941894531,0.0012454986572265,0.0009822845458984,0.0009841918945312,2.47955322265625e-05,0.295,1
0.00390625,0.00390625,0.0011768341064453,0.0012531280517578,0.0002517700195312,0.3,0
0.0104217529296875,0.0104217529296875,6.580352783203125e-05,6.961822509765625e-05,2.86102294921875e-06,0.003,2
0.0042343139648437,0.0051727294921875,0.0006589889526367,0.0006599426269531,0.0006418228149414,0.003,2
0.00390625,0.00390625,0.0023269653320312,0.0023307800292968,4.57763671875e-05,0.3,1
0.0065078735351562,0.0065078735351562,0.0030097961425781,0.0037956237792968,0.0004444122314453,0.097,1
0.0052108764648437,0.0052108764648437,0.001657485961914,0.0016727447509765,0.0005311965942382,0.3,0
0.006683349609375,0.0036125183105468,0.0006961822509765,0.0006980895996093,1.1444091796875e-05,0.3,0
0.0032501220703125,0.0036849975585937,0.001535415649414,0.0016059875488281,0.000258445739746,0.3,1
0.0061264038085937,0.0061264038085937,0.004241943359375,0.0042572021484375,0.0008506774902343,0.3,1
0.0,0.0013027191162109,0.0225830078125,0.02325439453125,0.000579833984375,0.3,0
0.03460693359375,0.03460693359375,0.0179443359375,0.01800537109375,9.5367431640625e-07,0.206,1
0.0032501220703125,0.0036849975585937,0.001535415649414,0.0016059875488281,0.000258445739746,0.3,1
0.05462646484375,0.0111541748046875,0.0069808959960937,0.006988525390625,0.0006074905395507,0.251,0
0.0051498413085937,0.0051498413085937,0.0026702880859375,0.0035514831542968,0.0018177032470703,0.117,1
0.0094451904296875,0.0073699951171875,0.0023117065429687,0.0024642944335937,0.0002059936523437,0.3,0
0.0032539367675781,0.004730224609375,0.0009059906005859,0.0009069442749023,6.67572021484375e-06,0.3,0
0.011016845703125,0.011016845703125,0.0008964538574218,0.000899314880371,7.62939453125e-06,0.3,0
0.0065078735351562,0.0065078735351562,0.0013866424560546,0.0025978088378906,1.9073486328125e-06,0.002,2
0.00390625,0.00390625,0.0023269653320312,0.0023307800292968,4.57763671875e-05,0.3,1
0.006683349609375,0.0036125183105468,0.0006771087646484,0.0006790161132812,9.5367431640625e-07,0.3,0
0.00262451171875,0.00262451171875,0.000101089477539,0.000101089477539,0.0005369186401367,0.001,2
0.0036125183105468,0.0036125183105468,0.0006580352783203,0.0006580352783203,0.0,0.3,0
0.0,0.0013027191162109,0.020233154296875,0.02099609375,0.0012550354003906,0.3,0
0.0036125183105468,0.0036125183105468,9.5367431640625e-07,9.5367431640625e-07,0.0,0.001,2
0.0032539367675781,0.0032539367675781,0.0013999938964843,0.0013999938964843,0.0004243850708007,0.009,2
0.024200439453125,0.023406982421875,0.0077438354492187,0.008087158203125,0.0028572082519531,0.3,0
0.0052108764648437,0.0052108764648437,0.0030326843261718,0.0034713745117187,0.0001544952392578,0.3,1
0.0002317428588867,0.0002155303955078,8.58306884765625e-06,8.58306884765625e-06,0.0,0.002,2
0.0012702941894531,0.0012454986572265,0.0009822845458984,0.0009841918945312,2.47955322265625e-05,0.295,1
0.0098876953125,0.0033111572265625,0.0025100708007812,0.0025253295898437,3.528594970703125e-05,0.3,0
0.0065078735351562,0.0065078735351562,0.0013866424560546,0.0025978088378906,1.9073486328125e-06,0.002,2
0.0002698898315429,0.00390625,0.0001497268676757,0.0001564025878906,8.58306884765625e-06,0.3,1
0.0002317428588867,0.0002088546752929,8.58306884765625e-06,8.58306884765625e-06,0.0,0.002,2
0.0,0.0013027191162109,0.0066299438476562,0.0099639892578125,0.0009479522705078,0.3,0
0.0032539367675781,0.0032539367675781,0.0013999938964843,0.0013999938964843,0.0004243850708007,0.009,2
0.0,0.0013027191162109,0.0,0.0,5.14984130859375e-05,0.001,2
0.0037765502929687,0.0008554458618164,0.0013027191162109,0.0013046264648437,4.100799560546875e-05,0.3,0
0.0052108764648437,0.0052108764648437,0.0009660720825195,0.0009727478027343,0.0005407333374023,0.3,0
0.006683349609375,0.0036125183105468,0.0006961822509765,0.0006980895996093,1.1444091796875e-05,0.3,0
0.0,0.0013027191162109,0.0052871704101562,0.0052947998046875,0.0024795532226562,0.3,0
0.0021896362304687,0.0015621185302734,0.001434326171875,0.0015621185302734,1.9073486328125e-06,0.3,1
0.0,0.0712890625,9.5367431640625e-07,9.5367431640625e-07,0.0,0.002,2
0.00262451171875,0.00262451171875,0.0012454986572265,0.0015945434570312,9.5367431640625e-06,0.3,1
0.1009521484375,0.187744140625,0.0005731582641601,0.0005731582641601,0.0005617141723632,0.004,2
0.01080322265625,0.01080322265625,0.00848388671875,0.00848388671875,0.0008001327514648,0.3,1
0.0001955032348632,0.000213623046875,9.250640869140624e-05,0.0001029968261718,9.5367431640625e-07,0.3,1
0.0002317428588867,0.0002155303955078,8.58306884765625e-06,8.58306884765625e-06,0.0,0.002,2
0.000227928161621,0.0002222061157226,0.000152587890625,0.00018310546875,0.0,0.241,1
0.0,0.0013027191162109,0.0069580078125,0.0104522705078125,0.0002956390380859,0.3,0
0.0,0.0013027191162109,0.006500244140625,0.0095977783203125,0.001251220703125,0.3,0
0.0020751953125,0.0020751953125,0.0006313323974609,0.0006322860717773,0.0003299713134765,0.3,1
0.008819580078125,0.0019645690917968,0.00604248046875,0.0070419311523437,0.0009498596191406,0.3,1
0.1875,0.05255126953125,0.0003871917724609,0.0008811950683593,0.0001907348632812,0.018,2
0.0,0.0013027191162109,0.01953125,0.023651123046875,0.0014381408691406,0.243,0
0.0014915466308593,0.0013351440429687,0.0003528594970703,0.0007104873657226,4.673004150390625e-05,0.003,2
0.0,0.0001649856567382,0.0001506805419921,0.000152587890625,9.5367431640625e-06,0.3,0
0.0012702941894531,0.0012454986572265,0.0009822845458984,0.0009841918945312,2.47955322265625e-05,0.295,1
0.0,0.0038566589355468,0.001953125,0.0019645690917968,0.0008172988891601,0.3,0
0.0027313232421875,0.0028572082519531,0.0010356903076171,0.0010509490966796,9.632110595703124e-05,0.3,1
0.00762939453125,0.00762939453125,0.0011978149414062,0.0011978149414062,0.0013999938964843,0.001,2
0.0,0.0013027191162109,0.0048751831054687,0.009979248046875,0.0009031295776367,0.3,0
0.0031509399414062,0.0031509399414062,1.239776611328125e-05,1.239776611328125e-05,0.0002708435058593,0.002,2
0.0036125183105468,0.0036125183105468,0.00311279296875,0.0033836364746093,0.0002298355102539,0.3,1
0.0051498413085937,0.00653076171875,0.0011959075927734,0.0015468597412109,0.0003004074096679,0.134,2
0.0065078735351562,0.0065078735351562,0.0001173019409179,0.0001192092895507,1.9073486328125e-06,0.003,2
0.0052108764648437,0.0010738372802734,0.0009660720825195,0.0009727478027343,0.0005407333374023,0.3,0
0.0,0.0013027191162109,0.02197265625,0.024078369140625,0.0005817413330078,0.3,0
0.0,0.0013027191162109,0.0005369186401367,0.0008001327514648,0.0001392364501953,0.007,2
0.0026054382324218,0.0026054382324218,0.0014896392822265,0.0014915466308593,0.0005569458007812,0.003,1
0.0076828002929687,0.0076828002929687,0.0040664672851562,0.0040817260742187,0.0001688003540039,0.3,1
0.0061264038085937,0.0061264038085937,0.004241943359375,0.0042572021484375,0.0008506774902343,0.3,1
0.0052108764648437,0.0052108764648437,0.0009660720825195,0.0009727478027343,0.0005407333374023,0.3,0
0.0004510879516601,0.0003376007080078,0.0001964569091796,0.0002460479736328,0.0,0.3,1
0.000889778137207,0.0002546310424804,0.0004711151123046,0.000472068786621,2.384185791015625e-05,0.3,1
0.00262451171875,0.00262451171875,0.0012969970703125,0.0013771057128906,1.1444091796875e-05,0.043,2
0.0076065063476562,0.005859375,0.0013465881347656,0.0016345977783203,0.0016822814941406,0.003,2
0.0050735473632812,0.0033683776855468,0.0031089782714843,0.0031166076660156,0.000737190246582,0.3,1
0.0076141357421875,0.0076141357421875,9.5367431640625e-07,9.5367431640625e-07,0.0,0.001,2
0.0088653564453125,0.0088653564453125,0.0024986267089843,0.0025177001953125,0.0005617141723632,0.3,0
0.0052108764648437,0.0052108764648437,0.0018596649169921,0.0018882751464843,0.0001649856567382,0.3,0
0.0072174072265625,0.0072174072265625,0.0053253173828125,0.0053329467773437,0.0005092620849609,0.3,1
0.0,0.00262451171875,0.0,0.0,0.0,0.002,2
0.0012702941894531,0.0012454986572265,0.0009822845458984,0.0009841918945312,2.47955322265625e-05,0.295,1
0.00262451171875,0.00262451171875,0.0003395080566406,0.0007743835449218,0.0002946853637695,0.004,2
0.0050125122070312,0.0048370361328125,0.0026702880859375,0.0026702880859375,0.0005407333374023,0.3,1
0.0,0.00262451171875,0.0,0.0,0.0,0.002,2
0.03460693359375,0.03460693359375,0.0179443359375,0.01800537109375,9.5367431640625e-07,0.206,1
0.0052108764648437,0.0052108764648437,0.0030326843261718,0.0034713745117187,0.0001544952392578,0.3,1
0.0104217529296875,0.0104217529296875,6.580352783203125e-05,6.961822509765625e-05,2.86102294921875e-06,0.003,2
0.0625,0.0017528533935546,0.0041046142578125,0.0041122436523437,0.0002269744873046,0.3,0
0.0,0.0001649856567382,0.00018310546875,0.0001850128173828,5.054473876953125e-05,0.3,0
0.0149688720703125,0.016693115234375,0.00567626953125,0.00567626953125,0.0001983642578125,0.041,2
0.001953125,0.001953125,0.0011348724365234,0.0013694763183593,0.0005369186401367,0.3,1
0.0023269653320312,0.0023269653320312,0.0020904541015625,0.0,0.0003671646118164,0.3,1
0.0,0.0013027191162109,0.02197265625,0.024078369140625,0.0005817413330078,0.3,0
0.0002317428588867,0.0002088546752929,8.58306884765625e-06,8.58306884765625e-06,0.0,0.002,2
0.0130157470703125,0.0130157470703125,9.5367431640625e-07,9.5367431640625e-07,0.0,0.001,2
0.006500244140625,0.0065078735351562,0.0006999969482421,0.0007591247558593,0.0003204345703125,0.017,2
0.001657485961914,0.001657485961914,0.00128173828125,0.00128173828125,0.0001420974731445,0.002,1
0.006805419921875,0.006805419921875,0.005126953125,0.0051345825195312,0.0005264282226562,0.3,1
0.0,0.0013027191162109,0.0097503662109375,0.0098114013671875,7.05718994140625e-05,0.104,2
0.006683349609375,0.0036125183105468,0.0006771087646484,0.0006790161132812,9.5367431640625e-07,0.3,0
0.0052108764648437,0.0052108764648437,0.0009660720825195,0.0009727478027343,0.0005407333374023,0.3,0
0.011383056640625,0.011871337890625,0.001138687133789,0.0011425018310546,0.000319480895996,0.3,0
0.0002317428588867,0.0002155303955078,8.58306884765625e-06,8.58306884765625e-06,0.0,0.002,2
0.0035820007324218,0.015350341796875,9.250640869140624e-05,9.250640869140624e-05,0.0002069473266601,0.001,2
0.0,0.0013027191162109,0.015289306640625,0.015716552734375,0.0012664794921875,0.194,0
0.0052108764648437,0.0052108764648437,0.0030326843261718,0.0034713745117187,0.0001544952392578,0.3,1
0.006011962890625,0.0057296752929687,0.00433349609375,0.0044097900390625,0.0002613067626953,0.3,1
0.0036125183105468,0.0036125183105468,0.0006523132324218,0.0006532669067382,9.5367431640625e-06,0.013,2
0.00262451171875,0.00262451171875,0.000762939453125,0.0007638931274414,0.0005645751953125,0.023,2
0.0051803588867187,0.0051803588867187,0.0028076171875,0.0028190612792968,0.0001888275146484,0.3,1
0.0032501220703125,0.0036849975585937,0.001535415649414,0.0016059875488281,0.000258445739746,0.3,1
0.0,0.0013027191162109,9.5367431640625e-07,9.5367431640625e-07,0.000741958618164,0.001,2
0.0,0.0013027191162109,9.5367431640625e-07,9.5367431640625e-07,0.0,0.001,2
0.005096435546875,0.06298828125,0.0045013427734375,0.0,0.0003862380981445,0.3,1
0.0,0.00262451171875,0.0,0.0,0.0,0.002,2
0.0008134841918945,0.0005674362182617,0.0005102157592773,0.0005121231079101,0.0001630783081054,0.3,1
0.0019149780273437,0.0019035339355468,0.0015373229980468,0.0015621185302734,5.245208740234375e-05,0.3,1
0.0075454711914062,0.0075454711914062,0.0046539306640625,0.0054931640625,0.0021018981933593,0.3,1
0.00390625,0.00390625,0.0009355545043945,0.0012130737304687,0.0001344680786132,0.3,0
0.03265380859375,0.01898193359375,0.00311279296875,0.0061569213867187,0.0008630752563476,0.089,0
0.0052108764648437,0.0052108764648437,0.0018596649169921,0.0018882751464843,0.0001649856567382,0.3,0
0.0,0.0028114318847656,0.000157356262207,0.0001611709594726,3.24249267578125e-05,0.3,0
0.0005350112915039,0.0005435943603515,0.0004940032958984,0.0005407333374023,0.0002298355102539,0.127,1
0.0065078735351562,0.0065078735351562,0.0001173019409179,0.0001192092895507,1.9073486328125e-06,0.003,2
0.0044479370117187,0.0050125122070312,0.0029640197753906,0.0032806396484375,0.0012779235839843,0.171,1
0.0061264038085937,0.0061264038085937,0.004241943359375,0.0042572021484375,0.0008506774902343,0.3,1
0.0052108764648437,0.0052108764648437,0.0010910034179687,0.0011062622070312,0.0003108978271484,0.3,0
0.00250244140625,0.0015621185302734,0.0016155242919921,0.0017280578613281,5.054473876953125e-05,0.3,1
0.0104217529296875,0.0104217529296875,6.580352783203125e-05,6.961822509765625e-05,2.86102294921875e-06,0.003,2
0.1875,0.189697265625,0.11328125,0.1134033203125,0.0004892349243164,0.3,3
0.0029792785644531,0.0029792785644531,0.0006160736083984,0.0006170272827148,9.5367431640625e-07,0.3,0
0.00262451171875,0.00262451171875,0.0014495849609375,0.0015716552734375,6.008148193359375e-05,0.3,1
0.000227928161621,0.0002365112304687,0.000152587890625,0.00018310546875,0.0,0.241,1
0.0,0.0013027191162109,0.0076751708984375,0.0087738037109375,0.0008134841918945,0.3,0
0.04595947265625,0.00872802734375,0.018157958984375,0.0181884765625,0.0002155303955078,0.3,0
0.0,0.0013027191162109,0.0113677978515625,0.019622802734375,0.0012626647949218,0.3,0
0.0,0.0013027191162109,0.005096435546875,0.0102996826171875,0.001800537109375,0.3,0
0.0010814666748046,0.0010814666748046,0.0009145736694335,0.0009756088256835,0.0003442764282226,0.044,1
0.003997802734375,0.003997802734375,0.0011615753173828,0.0011634826660156,1.811981201171875e-05,0.3,0
0.00262451171875,0.00262451171875,0.0017719268798828,0.0018730163574218,1.430511474609375e-05,0.3,1
0.0104217529296875,0.0104217529296875,6.580352783203125e-05,6.961822509765625e-05,2.86102294921875e-06,0.003,2
0.0,0.0013027191162109,0.0010356903076171,0.008514404296875,0.0007505416870117,0.023,2
0.0104217529296875,0.0104217529296875,6.580352783203125e-05,6.961822509765625e-05,2.86102294921875e-06,0.003,2
0.0002355575561523,0.0002756118774414,7.62939453125e-06,7.62939453125e-06,9.5367431640625e-07,0.002,2
0.0046463012695312,0.004364013671875,0.0041351318359375,0.0046463012695312,0.0001173019409179,0.3,1
0.000227928161621,0.000223159790039,0.000152587890625,0.00018310546875,0.0,0.241,1
0.0012702941894531,0.0012454986572265,0.0009822845458984,0.0009841918945312,2.47955322265625e-05,0.295,1
0.00262451171875,0.00262451171875,0.0003395080566406,0.0007743835449218,0.0002946853637695,0.004,2
0.00262451171875,0.00262451171875,0.001230239868164,0.0014152526855468,8.7738037109375e-05,0.3,1
0.0134124755859375,0.0134124755859375,0.03131103515625,0.0,0.0006065368652343,0.3,1
0.0,0.0013027191162109,0.0113677978515625,0.019622802734375,0.0012626647949218,0.3,0
0.008819580078125,0.0017738342285156,0.0038261413574218,0.0038681030273437,0.0008192062377929,0.3,1
0.0,0.0390625,0.019927978515625,0.020263671875,0.0001487731933593,0.3,0
0.0032501220703125,0.0036849975585937,0.001535415649414,0.0016059875488281,0.000258445739746,0.3,1
0.017242431640625,0.017242431640625,0.0047531127929687,0.0055007934570312,0.0007781982421875,0.3,0
0.0032501220703125,0.0036849975585937,0.001535415649414,0.0016059875488281,0.000258445739746,0.3,1
0.0083465576171875,0.0072860717773437,0.002532958984375,0.0025367736816406,0.0006752014160156,0.3,0
0.0002717971801757,0.0002689361572265,7.62939453125e-05,7.62939453125e-05,9.5367431640625e-06,0.002,2
0.019927978515625,0.020111083984375,0.015777587890625,0.01580810546875,0.0004310607910156,0.3,1
0.0002717971801757,0.0003061294555664,7.62939453125e-05,7.62939453125e-05,9.5367431640625e-06,0.002,2
0.0024490356445312,0.0018234252929687,0.0011157989501953,0.0011501312255859,0.0001344680786132,0.3,1
0.0018234252929687,0.0018234252929687,0.0001764297485351,0.0003833770751953,0.000197410583496,0.003,2
0.0019149780273437,0.0019035339355468,0.0015373229980468,0.0015621185302734,5.245208740234375e-05,0.3,1
0.0,0.0091094970703125,9.72747802734375e-05,0.0001077651977539,9.5367431640625e-07,0.3,0
0.00262451171875,0.00262451171875,0.0003395080566406,0.0007743835449218,0.0002946853637695,0.004,2
0.0032501220703125,0.0036849975585937,0.001535415649414,0.0016059875488281,0.000258445739746,0.3,1
0.0,0.0013027191162109,0.0186767578125,0.019287109375,0.001230239868164,0.3,0
0.0042953491210937,0.0037956237792968,0.0025444030761718,0.002685546875,0.0004472732543945,0.3,1
0.0,0.0013027191162109,0.010101318359375,0.010162353515625,0.0002784729003906,0.072,2
0.006683349609375,0.0036125183105468,0.0006771087646484,0.0006790161132812,9.5367431640625e-07,0.3,0
0.00262451171875,0.00262451171875,0.0011024475097656,0.001443862915039,5.7220458984375e-06,0.3,1
0.0129241943359375,0.022613525390625,0.006500244140625,0.00799560546875,0.0006227493286132,0.3,1
0.0032501220703125,0.0036849975585937,0.001535415649414,0.0016059875488281,0.000258445739746,0.3,1
0.0018386840820312,0.0018386840820312,0.0006141662597656,0.0006141662597656,0.0005979537963867,0.001,2
0.078125,0.078125,0.0738525390625,0.0750732421875,0.0005884170532226,0.3,3
0.00213623046875,0.0018234252929687,0.0014305114746093,0.0018234252929687,4.00543212890625e-05,0.3,1
0.021270751953125,0.04339599609375,0.010345458984375,0.0104522705078125,0.0005064010620117,0.3,1
0.0094757080078125,0.0094757080078125,0.0087127685546875,0.0087127685546875,9.5367431640625e-07,0.3,1
0.0,0.0013027191162109,0.0135955810546875,0.0142669677734375,0.0005931854248046,0.3,0
0.006500244140625,0.0065078735351562,9.5367431640625e-07,9.5367431640625e-07,0.0,0.001,2
0.0065078735351562,0.0065078735351562,0.0017414093017578,0.0023078918457031,3.4332275390625e-05,0.016,2
0.0052108764648437,0.0052108764648437,1.9073486328125e-06,1.9073486328125e-06,0.0,0.003,2
0.011016845703125,0.011016845703125,0.0008964538574218,0.000899314880371,7.62939453125e-06,0.3,0
0.0,0.0128021240234375,0.0007915496826171,0.0008068084716796,0.0001411437988281,0.3,0
0.04144287109375,0.02093505859375,0.026702880859375,0.0267333984375,0.0003776550292968,0.3,1
0.0032424926757812,0.0262451171875,0.0006122589111328,0.0006132125854492,6.67572021484375e-06,0.3,0
0.0052108764648437,0.0052108764648437,0.0016651153564453,0.001749038696289,5.91278076171875e-05,0.3,0
0.011016845703125,0.011016845703125,0.0008964538574218,0.000899314880371,7.62939453125e-06,0.3,0
0.01171875,0.01171875,0.003448486328125,0.0074539184570312,3.4332275390625e-05,0.3,1
0.0,0.008270263671875,0.02093505859375,0.021087646484375,0.000335693359375,0.3,0
0.00390625,0.005096435546875,0.0031204223632812,0.0031280517578125,2.002716064453125e-05,0.3,1
0.0032501220703125,0.0041961669921875,0.001535415649414,0.0016059875488281,0.000258445739746,0.3,1
0.0,0.0013027191162109,0.0069580078125,0.0104522705078125,0.0002956390380859,0.3,0
0.00262451171875,0.00262451171875,0.0017719268798828,0.0018730163574218,1.430511474609375e-05,0.3,1
0.0177001953125,0.0177001953125,0.0028839111328125,0.0032310485839843,0.0004558563232421,0.251,0
0.0,0.0012092590332031,0.0125579833984375,0.0125732421875,0.0011940002441406,0.3,0
0.0,0.0013027191162109,0.0052871704101562,0.0052947998046875,0.0024795532226562,0.3,0
0.0065078735351562,0.0065078735351562,0.0030097961425781,0.0037956237792968,0.0004444122314453,0.097,1
0.001953125,0.001953125,0.0011310577392578,0.0014915466308593,0.000288963317871,0.3,1
0.0032539367675781,0.0032539367675781,0.0013999938964843,0.0013999938964843,0.0004243850708007,0.009,2
0.0,0.0013027191162109,0.0079498291015625,0.0082855224609375,0.0012054443359375,0.3,0
0.0,0.0088348388671875,0.0001163482666015,0.0001201629638671,2.86102294921875e-06,0.3,0
0.0018234252929687,0.0013580322265625,0.0006694793701171,0.0006704330444335,0.0004987716674804,0.3,1
0.0032501220703125,0.0036849975585937,0.001535415649414,0.0016059875488281,0.000258445739746,0.3,1
0.0032501220703125,0.0036849975585937,0.001535415649414,0.0016059875488281,0.000258445739746,0.3,1
0.00262451171875,0.00262451171875,0.0011024475097656,0.001443862915039,5.7220458984375e-06,0.3,1
0.0,0.0001907348632812,9.5367431640625e-07,9.5367431640625e-07,0.0,0.3,0
0.027862548828125,0.025665283203125,0.002777099609375,0.0027847290039062,0.000554084777832,0.226,0
0.0104217529296875,0.0053482055664062,0.0030670166015625,0.0030746459960937,0.0006284713745117,0.3,0
0.0030937194824218,0.0030937194824218,0.0011463165283203,0.0011482238769531,0.0002346038818359,0.3,1
0.006683349609375,0.0036125183105468,0.0006771087646484,0.0006790161132812,9.5367431640625e-07,0.3,0
0.0032424926757812,0.0069122314453125,0.0006723403930664,0.0006742477416992,7.62939453125e-06,0.3,0
0.0072250366210937,0.0072250366210937,0.0052261352539062,0.0052337646484375,0.0004892349243164,0.3,1
0.0,0.0003175735473632,0.0002365112304687,0.0002498626708984,0.0,0.3,0
0.0,0.0001649856567382,0.0001354217529296,0.0001373291015625,2.288818359375e-05,0.3,0
0.0,0.0013027191162109,0.01922607421875,0.0206298828125,0.0021095275878906,0.3,0
0.0,0.0013027191162109,0.0,0.0,0.0,0.001,2
0.0088653564453125,0.0088653564453125,0.0024986267089843,0.0025177001953125,0.0005617141723632,0.3,0
0.0,0.0013027191162109,0.0047760009765625,0.00994873046875,0.0012741088867187,0.3,0
0.0,0.0013027191162109,0.0048751831054687,0.009979248046875,0.0009031295776367,0.3,0
0.1875,0.1041259765625,0.129638671875,0.129638671875,0.0017356872558593,0.3,3
0.0123748779296875,0.0123748779296875,5.14984130859375e-05,5.14984130859375e-05,0.0002498626708984,0.001,2
0.0,0.0013027191162109,9.5367431640625e-07,9.5367431640625e-07,0.0004177093505859,0.004,2
0.00390625,0.0118255615234375,0.0031204223632812,0.0031280517578125,2.002716064453125e-05,0.3,1
0.0065078735351562,0.0065078735351562,0.0030097961425781,0.0037956237792968,0.0004444122314453,0.097,1
0.009429931640625,0.009429931640625,0.0062026977539062,0.00628662109375,0.0005207061767578,0.016,1
0.0,0.0013027191162109,0.0052871704101562,0.0052947998046875,0.0024795532226562,0.3,0
0.0,0.0013027191162109,0.0052871704101562,0.0052947998046875,0.0024795532226562,0.3,0
0.0052108764648437,0.0052108764648437,0.0030326843261718,0.0034713745117187,0.0001544952392578,0.3,1
0.00262451171875,0.00262451171875,0.001230239868164,0.0014152526855468,8.7738037109375e-05,0.3,1
0.0,0.0013027191162109,0.00982666015625,0.013671875,0.0005273818969726,0.3,0
0.0040359497070312,0.0040359497070312,9.5367431640625e-06,9.5367431640625e-06,0.0005102157592773,0.004,2
0.011016845703125,0.011016845703125,0.0008964538574218,0.000899314880371,7.62939453125e-06,0.3,0
0.00390625,0.00390625,0.0023269653320312,0.0023307800292968,4.57763671875e-05,0.3,1
0.0,0.0013027191162109,0.0022010803222656,0.004364013671875,0.0014324188232421,0.172,0
0.0032501220703125,0.0041961669921875,0.001535415649414,0.0016059875488281,0.000258445739746,0.3,1
0.011016845703125,0.011016845703125,0.0025596618652343,0.0025634765625,7.915496826171875e-05,0.3,0
0.0001955032348632,0.0002002716064453,9.250640869140624e-05,0.0001029968261718,9.5367431640625e-07,0.3,1
0.0015773773193359,0.0015773773193359,0.0009336471557617,0.0009355545043945,0.0002775192260742,0.3,1
0.030303955078125,0.016143798828125,0.0154571533203125,0.0155181884765625,0.0005397796630859,0.3,1
0.000227928161621,0.0002126693725585,0.000152587890625,0.00018310546875,0.0,0.241,1
0.0023918151855468,0.0021018981933593,9.5367431640625e-07,9.5367431640625e-07,0.0,0.001,2
0.00262451171875,0.00262451171875,0.0010738372802734,0.0013160705566406,9.5367431640625e-07,0.3,1
0.000370979309082,0.0002317428588867,9.5367431640625e-06,9.5367431640625e-06,9.5367431640625e-07,0.001,2
0.000889778137207,0.0017738342285156,0.0004711151123046,0.000472068786621,2.384185791015625e-05,0.3,1
0.0015621185302734,0.0015621185302734,0.0011672973632812,0.001312255859375,0.0002250671386718,0.3,1
0.000227928161621,0.000223159790039,0.000152587890625,0.00018310546875,0.0,0.241,1
0.009368896484375,0.154052734375,1.9073486328125e-05,2.09808349609375e-05,0.0,0.01,2
0.0225830078125,0.019561767578125,0.0106201171875,0.0107421875,0.0006294250488281,0.3,1
0.0,0.0013027191162109,0.00421142578125,0.008697509765625,0.0014915466308593,0.3,0
0.0,0.0039749145507812,0.0039443969726562,0.0039596557617187,0.0003786087036132,0.3,0
0.0,0.0013027191162109,0.01922607421875,0.0206298828125,0.0021095275878906,0.3,0
0.011016845703125,0.011016845703125,0.0008964538574218,0.000899314880371,7.62939453125e-06,0.3,0
0.0,0.0013027191162109,0.0024795532226562,0.0030517578125,7.534027099609375e-05,0.079,2
0.0,0.0013027191162109,0.0052871704101562,0.0052947998046875,0.0024795532226562,0.3,0
0.0,0.0013027191162109,0.009002685546875,0.00958251953125,0.0013027191162109,0.3,0
0.0,0.0013027191162109,0.010101318359375,0.010162353515625,0.0002784729003906,0.072,2
0.0001955032348632,0.000213623046875,9.250640869140624e-05,0.0001029968261718,9.5367431640625e-07,0.3,1
0.0026588439941406,0.0015621185302734,0.0018959045410156,0.0020751953125,1.430511474609375e-05,0.3,1
0.0037765502929687,0.0008554458618164,0.0013027191162109,0.0013046264648437,4.100799560546875e-05,0.3,0
0.0003023147583007,0.000314712524414,0.0001964569091796,0.0002260208129882,0.0,0.053,1
0.000227928161621,0.000223159790039,0.000152587890625,0.00018310546875,0.0,0.241,1
0.0028572082519531,0.0028572082519531,0.0012397766113281,0.0012702941894531,0.0005664825439453,0.3,1
0.01385498046875,0.01385498046875,0.0048370361328125,0.0,0.0003490447998046,0.3,0
0.0,0.00238037109375,0.0023002624511718,0.0023040771484375,0.0005741119384765,0.3,0
0.0002317428588867,0.0002126693725585,8.58306884765625e-06,8.58306884765625e-06,0.0,0.002,2
0.0032501220703125,0.0036849975585937,0.001535415649414,0.0016059875488281,0.000258445739746,0.3,1
0.0,0.0013027191162109,0.0006160736083984,0.000807762145996,0.0003509521484375,0.013,2
0.0,0.0013027191162109,0.016143798828125,0.0191650390625,0.0024452209472656,0.176,0
0.0015621185302734,0.0015621185302734,0.0006484985351562,0.0006847381591796,0.0002479553222656,0.3,1
0.07421875,0.07421875,0.04644775390625,0.05133056640625,5.53131103515625e-05,0.3,1
0.0,0.0001649856567382,0.0001659393310546,0.0001697540283203,9.5367431640625e-06,0.3,0
0.0032539367675781,0.0032539367675781,0.0013999938964843,0.0013999938964843,0.0004243850708007,0.009,2
0.0,0.0013027191162109,0.0072479248046875,0.01580810546875,0.0011405944824218,0.3,0
0.0015621185302734,0.0015621185302734,8.678436279296875e-05,8.678436279296875e-05,0.0005006790161132,0.004,2
0.0026054382324218,0.0026054382324218,0.0016765594482421,0.0022125244140625,6.198883056640625e-05,0.3,1
0.0078277587890625,0.0078277587890625,0.0029220581054687,0.0029258728027343,0.000157356262207,0.3,1
0.0029373168945312,0.00262451171875,0.0023956298828125,0.0027542114257812,1.9073486328125e-06,0.3,1
0.00390625,0.00390625,0.00164794921875,0.00262451171875,0.0014572143554687,0.3,1
0.0023918151855468,0.0024566650390625,9.5367431640625e-07,9.5367431640625e-07,0.0,0.001,2
0.00390625,0.00390625,0.001190185546875,0.001199722290039,0.0001144409179687,0.3,0
0.000258445739746,0.0002040863037109,0.0001306533813476,0.0001373291015625,8.58306884765625e-06,0.027,2
0.0,0.0013027191162109,0.0052871704101562,0.0052947998046875,0.0024795532226562,0.3,0
0.0,0.0013027191162109,0.0135955810546875,0.0142669677734375,0.0005931854248046,0.3,0
0.0,0.0011119842529296,9.72747802734375e-05,0.0001077651977539,9.5367431640625e-07,0.3,0
0.0,0.0013027191162109,0.0024795532226562,0.0030517578125,7.534027099609375e-05,0.079,2
0.000227928161621,0.000223159790039,0.000152587890625,0.00018310546875,0.0,0.241,1
0.0106201171875,0.0106201171875,0.0052642822265625,0.0054092407226562,0.0002307891845703,0.3,1
0.0072860717773437,0.0072860717773437,0.005035400390625,0.005035400390625,0.0001249313354492,0.001,1
0.0,0.0013027191162109,0.0066299438476562,0.0099639892578125,0.0009479522705078,0.3,0
0.0,0.0077133178710937,0.0005931854248046,0.0005989074707031,0.0001478195190429,0.3,0
0.0034942626953125,0.00262451171875,0.0003662109375,0.0003671646118164,7.724761962890625e-05,0.3,0
0.0065078735351562,0.0065078735351562,0.0030097961425781,0.0037956237792968,0.0004444122314453,0.097,1
0.0041885375976562,0.0024795532226562,9.72747802734375e-05,9.72747802734375e-05,0.0001630783081054,0.001,2
0.0023269653320312,0.0023269653320312,0.0020904541015625,0.0,0.0003671646118164,0.3,1
0.0,0.0013027191162109,0.0082855224609375,0.019866943359375,0.0005788803100585,0.145,0
0.0,0.0013027191162109,0.0097808837890625,0.0100555419921875,0.0006208419799804,0.3,0
0.0062713623046875,0.0062789916992187,0.0049819946289062,0.0050735473632812,0.0002565383911132,0.3,1
0.0001955032348632,0.0002002716064453,9.250640869140624e-05,0.0001029968261718,9.5367431640625e-07,0.3,1
0.0022773742675781,0.0010452270507812,0.0004482269287109,0.0004491806030273,9.5367431640625e-07,0.3,0
0.0001955032348632,0.0001955032348632,9.250640869140624e-05,0.0001029968261718,9.5367431640625e-07,0.3,1
0.0,0.0013027191162109,0.0024795532226562,0.0030517578125,7.534027099609375e-05,0.079,2
0.0036201477050781,0.0036239624023437,0.0025215148925781,0.0025291442871093,0.0005388259887695,0.3,1
0.0012702941894531,0.0012702941894531,0.0009822845458984,0.0009841918945312,2.47955322265625e-05,0.295,1
0.0052108764648437,0.0052108764648437,0.0016651153564453,0.001749038696289,5.91278076171875e-05,0.3,0
0.023284912109375,0.023284912109375,0.01824951171875,0.018798828125,0.0006866455078125,0.3,1
0.0316162109375,0.03497314453125,0.0109710693359375,0.0110321044921875,0.0003376007080078,0.3,0
0.0,0.0013027191162109,0.01922607421875,0.0206298828125,0.0021095275878906,0.3,0
0.0004034042358398,0.009002685546875,0.0002346038818359,0.0002479553222656,0.0,0.3,1
0.000889778137207,0.000889778137207,0.0005083084106445,0.0005083084106445,8.392333984375e-05,0.3,1
0.014068603515625,0.01171875,0.0086517333984375,0.0118408203125,0.0004587173461914,0.3,1
0.0104217529296875,0.0104217529296875,6.580352783203125e-05,6.961822509765625e-05,2.86102294921875e-06,0.003,2
0.00262451171875,0.00262451171875,0.0011024475097656,0.001443862915039,5.7220458984375e-06,0.3,1
0.0002717971801757,0.0002479553222656,7.62939453125e-05,7.62939453125e-05,9.5367431640625e-06,0.002,2
0.0,0.0013027191162109,0.0097808837890625,0.0100555419921875,0.0006208419799804,0.3,0
0.0,0.0013027191162109,0.0056991577148437,0.007965087890625,0.0005884170532226,0.262,0
0.1875,0.1041259765625,0.129638671875,0.129638671875,0.0017356872558593,0.3,3
0.00262451171875,0.00262451171875,0.0003395080566406,0.0007743835449218,0.0002946853637695,0.004,2
0.0002317428588867,0.0002098083496093,8.58306884765625e-06,8.58306884765625e-06,9.5367431640625e-06,0.003,2
0.0029296875,0.0029296875,0.0009784698486328,0.0012874603271484,0.0005121231079101,0.3,1
0.0,0.0013027191162109,0.0052871704101562,0.0052947998046875,0.0024795532226562,0.3,0
0.0052108764648437,0.0027923583984375,0.0030326843261718,0.0034713745117187,0.0001544952392578,0.3,1
0.1875,0.1041259765625,0.129638671875,0.129638671875,0.0017356872558593,0.3,3
0.0001955032348632,0.0001955032348632,9.250640869140624e-05,0.0001029968261718,9.5367431640625e-07,0.3,1
0.0052108764648437,0.0052108764648437,1.9073486328125e-06,1.9073486328125e-06,0.0,0.003,2
0.0030937194824218,0.0030937194824218,0.00140380859375,0.0014057159423828,0.0004558563232421,0.3,1
0.011016845703125,0.011016845703125,0.0008964538574218,0.000899314880371,7.62939453125e-06,0.3,0
0.0001955032348632,0.0002002716064453,9.250640869140624e-05,0.0001029968261718,9.5367431640625e-07,0.3,1
0.0004034042358398,0.01580810546875,0.0002346038818359,0.0002479553222656,0.0,0.3,1
0.001626968383789,0.0014705657958984,0.0013484954833984,0.0014724731445312,1.811981201171875e-05,0.3,1
0.0015621185302734,0.026824951171875,9.5367431640625e-07,9.5367431640625e-07,0.0,0.001,2
0.0,0.0013027191162109,0.0150909423828125,0.0174560546875,0.0001087188720703,0.3,0
0.006500244140625,0.0065078735351562,9.5367431640625e-07,9.5367431640625e-07,0.0,0.001,2
0.0,0.00262451171875,0.0,0.0,0.0,0.002,2
0.0066146850585937,0.0066146850585937,0.0030632019042968,0.0030975341796875,0.0008506774902343,0.252,1
0.0057296752929687,0.0057296752929687,0.0036201477050781,0.0038528442382812,0.0003614425659179,0.3,1
0.0076141357421875,0.0076141357421875,9.5367431640625e-07,9.5367431640625e-07,0.0,0.001,2
0.006683349609375,0.0036125183105468,0.0006771087646484,0.0006790161132812,9.5367431640625e-07,0.3,0
0.011016845703125,0.011016845703125,0.0008964538574218,0.000899314880371,7.62939453125e-06,0.3,0
0.01483154296875,0.01483154296875,2.6702880859375e-05,2.765655517578125e-05,0.0002260208129882,0.004,2
0.0104217529296875,0.0104217529296875,6.580352783203125e-05,6.961822509765625e-05,2.86102294921875e-06,0.003,2
0.0028190612792968,0.0013637542724609,0.0006799697875976,0.0006866455078125,0.0002727508544921,0.3,0
0.0032424926757812,0.0010452270507812,0.0006446838378906,0.0006465911865234,9.822845458984376e-05,0.3,0
0.0,0.0013027191162109,0.019287109375,0.02044677734375,0.0024795532226562,0.3,0
0.0065078735351562,0.0065078735351562,0.0013866424560546,0.0025978088378906,1.9073486328125e-06,0.002,2
0.006683349609375,0.0036125183105468,0.0006771087646484,0.0006790161132812,9.5367431640625e-07,0.3,0
0.0,0.0001649856567382,0.00018310546875,0.0001850128173828,5.054473876953125e-05,0.3,0
0.0,0.0013027191162109,0.010101318359375,0.010162353515625,0.0002784729003906,0.072,2
0.0718994140625,0.02679443359375,0.066162109375,0.066162109375,0.0001049041748046,0.3,1
0.0052108764648437,0.0052108764648437,0.0030326843261718,0.0034713745117187,0.0001544952392578,0.3,1
0.0029792785644531,0.0029792785644531,0.0006189346313476,0.0006208419799804,4.9591064453125e-05,0.3,0
0.0002317428588867,0.0002088546752929,8.58306884765625e-06,8.58306884765625e-06,0.0,0.002,2
0.0104217529296875,0.0104217529296875,0.0013809204101562,0.0024375915527343,0.0002145767211914,0.108,2
0.0,0.0013027191162109,0.0024795532226562,0.0030517578125,7.534027099609375e-05,0.079,2
0.011016845703125,0.011016845703125,0.0008964538574218,0.000899314880371,7.62939453125e-06,0.3,0
0.0,0.0013027191162109,0.008880615234375,0.010040283203125,0.0012798309326171,0.3,0
0.0,0.0013027191162109,0.0069580078125,0.0104522705078125,0.0002956390380859,0.3,0
0.0,0.0013027191162109,0.0004510879516601,0.0006294250488281,7.05718994140625e-05,0.3,0
0.0002098083496093,0.0001754760742187,1.049041748046875e-05,1.1444091796875e-05,9.5367431640625e-06,0.004,2
0.00262451171875,0.00262451171875,0.0014495849609375,0.0015716552734375,6.008148193359375e-05,0.3,1
0.0052108764648437,0.0052108764648437,0.0030326843261718,0.0034713745117187,0.0001544952392578,0.3,1
0.0032691955566406,0.0034255981445312,0.0006446838378906,0.000676155090332,0.0001869201660156,0.058,2
0.0,0.0013027191162109,0.0062255859375,0.0112152099609375,0.0014572143554687,0.3,0
0.0069046020507812,0.0061569213867187,0.0018291473388671,0.0025253295898437,0.0001792907714843,0.3,0
0.0,0.0013027191162109,9.5367431640625e-07,9.5367431640625e-07,0.0,0.001,2
0.0,0.0013027191162109,0.0052871704101562,0.0052947998046875,0.0024795532226562,0.3,0
0.0127410888671875,0.016632080078125,0.0075759887695312,0.0076828002929687,0.0006341934204101,0.3,1
0.009765625,0.009765625,0.001535415649414,0.0015411376953125,0.0005664825439453,0.3,0
0.0,0.00262451171875,0.0,0.0,0.0,0.002,2
0.0024528503417968,0.0024528503417968,0.0013504028320312,0.0019435882568359,0.0005855560302734,0.041,1
0.00262451171875,0.00262451171875,0.0003395080566406,0.0007743835449218,0.0002946853637695,0.004,2
0.0026054382324218,0.0026054382324218,0.0014667510986328,0.001800537109375,8.96453857421875e-05,0.3,1
0.006683349609375,0.0036125183105468,0.0006961822509765,0.0006980895996093,1.1444091796875e-05,0.3,0
0.0,0.0003175735473632,0.0001869201660156,0.000187873840332,1.9073486328125e-06,0.3,0
0.0002317428588867,0.0002155303955078,8.58306884765625e-06,8.58306884765625e-06,0.0,0.002,2
0.1009521484375,0.187744140625,0.0005731582641601,0.0005731582641601,0.0005617141723632,0.004,2
0.010955810546875,0.01116943359375,0.0074996948242187,0.0074996948242187,0.0004453659057617,0.3,1
0.0,0.0013027191162109,0.0126495361328125,0.012786865234375,0.0005807876586914,0.3,0
0.0050735473632812,0.0033683776855468,0.0031089782714843,0.0031166076660156,0.000737190246582,0.3,1
0.000227928161621,0.000223159790039,0.000152587890625,0.00018310546875,0.0,0.241,1
0.0104217529296875,0.0104217529296875,6.580352783203125e-05,6.961822509765625e-05,2.86102294921875e-06,0.003,2
0.0031509399414062,0.00146484375,1.239776611328125e-05,1.239776611328125e-05,0.0002708435058593,0.002,2
0.0018234252929687,0.0018234252929687,0.0001764297485351,0.0003833770751953,0.000197410583496,0.003,2
0.0052108764648437,0.0052108764648437,0.0030326843261718,0.0034713745117187,0.0001544952392578,0.3,1
0.0018463134765625,0.0016155242919921,0.0016365051269531,0.0016460418701171,0.0005378723144531,0.003,1
0.0001955032348632,0.0001955032348632,9.250640869140624e-05,0.0001029968261718,9.5367431640625e-07,0.3,1
0.0,0.0013027191162109,0.0,0.0,0.0,0.001,2
0.0032501220703125,0.0036849975585937,0.001535415649414,0.0016059875488281,0.000258445739746,0.3,1
0.0,0.0013027191162109,0.0186767578125,0.019287109375,0.001230239868164,0.3,0
0.006500244140625,0.0065078735351562,9.5367431640625e-07,9.5367431640625e-07,0.0,0.001,2
0.01116943359375,0.01116943359375,0.0072097778320312,0.0105438232421875,0.0009098052978515,0.3,1
0.0,0.0013027191162109,0.009002685546875,0.00958251953125,0.0013027191162109,0.3,0
0.021270751953125,0.04339599609375,0.010345458984375,0.0104522705078125,0.0005064010620117,0.3,1
0.0,0.00262451171875,0.0,0.0,0.0,0.002,2
0.0014705657958984,0.0014705657958984,8.7738037109375e-05,8.7738037109375e-05,0.0005130767822265,0.002,2
0.0,0.0013027191162109,0.010101318359375,0.010162353515625,0.0002784729003906,0.072,2
0.0052108764648437,0.0052108764648437,0.0010910034179687,0.0011062622070312,0.0003108978271484,0.3,0
0.0,0.0013027191162109,9.5367431640625e-07,9.5367431640625e-07,0.0001039505004882,0.004,2
0.0002546310424804,0.0002546310424804,0.0001773834228515,0.0001850128173828,3.528594970703125e-05,0.3,1
0.0067901611328125,0.0067672729492187,0.004119873046875,0.004241943359375,0.0001583099365234,0.3,1
0.0052108764648437,0.0009708404541015,0.0014419555664062,0.0014476776123046,0.0001153945922851,0.3,0
0.0012702941894531,0.0012454986572265,0.0009822845458984,0.0009841918945312,2.47955322265625e-05,0.295,1
0.04144287109375,0.04156494140625,0.03729248046875,0.0374755859375,0.0004339218139648,0.3,1
0.0001955032348632,0.000213623046875,9.250640869140624e-05,0.0001029968261718,9.5367431640625e-07,0.3,1
0.0,0.0013027191162109,0.0048751831054687,0.009979248046875,0.0009031295776367,0.3,0
0.0123748779296875,0.0123748779296875,5.14984130859375e-05,5.14984130859375e-05,0.0002498626708984,0.001,2
0.0001955032348632,0.000213623046875,9.250640869140624e-05,0.0001029968261718,9.5367431640625e-07,0.3,1
0.0052108764648437,0.0052108764648437,0.0010910034179687,0.0011062622070312,0.0003108978271484,0.3,0
0.0,0.0013027191162109,0.0071640014648437,0.007598876953125,0.0002021789550781,0.3,0
0.0,0.0013027191162109,0.012481689453125,0.02093505859375,0.0023918151855468,0.257,0
0.0094451904296875,0.0073699951171875,0.0023117065429687,0.0024642944335937,0.0002059936523437,0.3,0
0.0390625,0.0390625,0.02423095703125,0.024505615234375,0.0001497268676757,0.3,1
0.0002717971801757,0.0002851486206054,7.62939453125e-05,7.62939453125e-05,9.5367431640625e-06,0.002,2
0.0052108764648437,0.0052108764648437,0.0018596649169921,0.0018882751464843,0.0001649856567382,0.3,0
0.0118560791015625,0.0119171142578125,0.0083770751953125,0.008392333984375,0.0003566741943359,0.3,1
0.0014915466308593,0.0024452209472656,0.0008649826049804,0.001138687133789,4.673004150390625e-05,0.3,1
0.0,0.0013027191162109,9.5367431640625e-07,9.5367431640625e-07,0.0004138946533203,0.003,2
0.00390625,0.00390625,0.0013618469238281,0.0017433166503906,0.000253677368164,0.3,1
0.0104217529296875,0.0041656494140625,0.0027885437011718,0.0028457641601562,0.0002346038818359,0.3,0
0.0057296752929687,0.0057296752929687,0.003631591796875,0.0036506652832031,0.0002851486206054,0.3,1
0.0,0.00262451171875,0.0,0.0,0.0,0.002,2
0.0014705657958984,0.00128173828125,0.00067138671875,0.0007076263427734,0.00048828125,0.077,1
0.0001955032348632,0.0002021789550781,9.250640869140624e-05,0.0001029968261718,9.5367431640625e-07,0.3,1
0.013275146484375,0.0013027191162109,0.0047149658203125,0.004730224609375,0.0005178451538085,0.3,1
0.0,0.0013027191162109,0.02178955078125,0.023406982421875,0.0014266967773437,0.077,0
0.0104217529296875,0.0104217529296875,6.580352783203125e-05,6.961822509765625e-05,2.86102294921875e-06,0.003,2
0.03460693359375,0.03460693359375,0.0179443359375,0.01800537109375,9.5367431640625e-07,0.206,1
0.0057296752929687,0.0057296752929687,0.0038871765136718,0.0040740966796875,0.0001764297485351,0.3,1
0.009368896484375,0.154052734375,1.9073486328125e-05,2.09808349609375e-05,0.0,0.01,2
0.0052108764648437,0.0052108764648437,0.0011177062988281,0.0011730194091796,0.0005998611450195,0.3,0
0.0065078735351562,0.0065078735351562,0.0013866424560546,0.0025978088378906,1.9073486328125e-06,0.002,2
0.0,0.00262451171875,0.0,0.0,0.0,0.002,2
0.00390625,0.00390625,0.0009355545043945,0.0012130737304687,0.0001344680786132,0.3,0
0.0052108764648437,0.0052108764648437,0.0016651153564453,0.001749038696289,5.91278076171875e-05,0.3,0
0.0,0.0013027191162109,0.0,0.0,0.0,0.001,2
0.0036201477050781,0.0036239624023437,0.0025215148925781,0.0025291442871093,0.0005388259887695,0.3,1
0.04559326171875,0.04559326171875,0.0111846923828125,0.011260986328125,0.0003175735473632,0.149,0
0.00262451171875,0.00262451171875,0.0011310577392578,0.0014019012451171,0.0005702972412109,0.3,1
0.0,0.0013027191162109,9.5367431640625e-07,9.5367431640625e-07,0.0004005432128906,0.003,2
0.0035820007324218,0.0035820007324218,0.0010795593261718,0.0017051696777343,0.0003633499145507,0.3,1
0.0020751953125,0.0020751953125,0.0006313323974609,0.0006322860717773,0.0003299713134765,0.3,1
0.0004348754882812,0.0003366470336914,0.0002698898315429,0.0002822875976562,4.76837158203125e-06,0.3,1
0.0,0.0039825439453125,0.0009975433349609,0.0010128021240234,0.0002174377441406,0.3,0
0.0134124755859375,0.0134124755859375,0.03070068359375,0.0,0.0005273818969726,0.3,1
0.0052108764648437,0.0052108764648437,0.0018596649169921,0.0018882751464843,0.0001649856567382,0.3,0
0.0001955032348632,0.000213623046875,9.250640869140624e-05,0.0001029968261718,9.5367431640625e-07,0.3,1
0.0037765502929687,0.0022125244140625,0.0018901824951171,0.0019416809082031,3.910064697265625e-05,0.3,1
0.0020980834960937,0.0014705657958984,0.0013103485107421,0.0014724731445312,3.814697265625e-06,0.3,1
0.0148773193359375,0.0148773193359375,0.0006942749023437,0.0031471252441406,0.0004606246948242,0.3,0
0.0094757080078125,0.0094757080078125,0.0087127685546875,0.0087127685546875,9.5367431640625e-07,0.3,1
0.0012569427490234,0.0012569427490234,0.000833511352539,0.000859260559082,0.0002784729003906,0.3,1
0.0,0.0013027191162109,0.0150909423828125,0.0174560546875,0.0001087188720703,0.3,0
0.0097503662109375,0.0097503662109375,0.008087158203125,0.008087158203125,3.814697265625e-06,0.3,1
0.00262451171875,0.00262451171875,0.0011024475097656,0.001443862915039,5.7220458984375e-06,0.3,1
0.0128326416015625,0.0128326416015625,0.006103515625,0.0061798095703125,0.0011844635009765,0.3,1
0.0052108764648437,0.0052108764648437,0.0010910034179687,0.0011062622070312,0.0003108978271484,0.3,0
0.006500244140625,0.0065078735351562,9.5367431640625e-07,9.5367431640625e-07,0.0,0.001,2
0.0001955032348632,0.0002002716064453,9.250640869140624e-05,0.0001029968261718,9.5367431640625e-07,0.3,1
0.004852294921875,0.0029563903808593,0.0027389526367187,0.0027427673339843,0.0003929138183593,0.3,1
0.001413345336914,0.001413345336914,0.0011539459228515,0.0013618469238281,0.0004177093505859,0.083,1
0.0068206787109375,0.0054702758789062,0.0032768249511718,0.0037994384765625,0.0011539459228515,0.239,1
0.0,0.0013027191162109,0.01922607421875,0.0206298828125,0.0021095275878906,0.3,0
0.0,0.0019912719726562,0.0042572021484375,0.0042800903320312,0.0002241134643554,0.3,0
0.0,0.00262451171875,0.0,0.0,0.0,0.002,2
0.0012702941894531,0.0012702941894531,0.0009822845458984,0.0009841918945312,2.47955322265625e-05,0.295,1
0.0018463134765625,0.0016155242919921,0.0016365051269531,0.0016460418701171,0.0005378723144531,0.003,1
0.0123748779296875,0.0123748779296875,5.14984130859375e-05,5.14984130859375e-05,0.0002498626708984,0.001,2
0.0,0.00262451171875,0.0,0.0,0.0,0.002,2
0.0,0.0013027191162109,0.0063858032226562,0.017059326171875,0.0011215209960937,0.3,0
0.0,0.0013027191162109,0.0003175735473632,0.0005359649658203,0.000197410583496,0.018,2
0.0,0.0013027191162109,0.01922607421875,0.0206298828125,0.0021095275878906,0.3,0
0.0052108764648437,0.0052108764648437,0.0011177062988281,0.0011730194091796,0.0005998611450195,0.3,0
0.0,0.00262451171875,0.0,0.0,0.0,0.002,2
0.0,0.0035820007324218,0.0001163482666015,0.0001201629638671,2.86102294921875e-06,0.3,0
0.0,0.0013027191162109,0.0069580078125,0.0104522705078125,0.0002956390380859,0.3,0
0.006500244140625,0.0065078735351562,9.5367431640625e-07,9.5367431640625e-07,0.0,0.001,2
0.006500244140625,0.0065078735351562,9.5367431640625e-07,9.5367431640625e-07,0.0,0.001,2
0.0036163330078125,0.0029640197753906,0.0015220642089843,0.0015392303466796,0.0002241134643554,0.3,1
0.000227928161621,0.0002365112304687,0.000152587890625,0.00018310546875,0.0,0.241,1
0.00262451171875,0.00262451171875,0.000762939453125,0.0007638931274414,0.0005645751953125,0.023,2
0.009765625,0.009765625,0.0017452239990234,0.0017452239990234,0.0005474090576171,0.3,0
0.0032501220703125,0.0036849975585937,0.001535415649414,0.0016059875488281,0.000258445739746,0.3,1
0.00262451171875,0.00262451171875,8.7738037109375e-05,8.7738037109375e-05,0.0,0.004,2
0.0709228515625,0.0709228515625,1.9073486328125e-06,1.9073486328125e-06,0.0,0.001,2
0.0037765502929687,0.0008554458618164,0.0013027191162109,0.0013046264648437,4.100799560546875e-05,0.3,0
0.0052871704101562,0.0052871704101562,7.62939453125e-05,7.62939453125e-05,0.0018939971923828,0.002,2
0.00390625,0.00390625,0.0003995895385742,0.0003995895385742,6.961822509765625e-05,0.3,0
0.0037422180175781,0.0016593933105468,0.0018444061279296,0.0020332336425781,0.0005702972412109,0.3,1
0.0032501220703125,0.0036849975585937,0.001535415649414,0.0016059875488281,0.000258445739746,0.3,1
0.0051651000976562,0.0046539306640625,7.43865966796875e-05,7.62939453125e-05,0.0006351470947265,0.004,2
0.0024070739746093,0.0024070739746093,0.0013256072998046,0.0019054412841796,0.000563621520996,0.048,1
0.0002565383911132,0.0002002716064453,0.000152587890625,0.0001649856567382,3.814697265625e-06,0.3,1
0.0130157470703125,0.0130157470703125,9.5367431640625e-07,9.5367431640625e-07,0.0,0.001,2
0.0,0.00262451171875,0.0,0.0,0.0,0.002,2
0.0040130615234375,0.0028533935546875,0.0028343200683593,0.0028572082519531,0.0011539459228515,0.3,1
0.000227928161621,0.000223159790039,0.000152587890625,0.00018310546875,0.0,0.241,1
0.004547119140625,0.0039443969726562,0.0022926330566406,0.0022964477539062,0.000746726989746,0.182,1
0.0002565383911132,0.0002355575561523,0.000152587890625,0.0001649856567382,3.814697265625e-06,0.3,1
0.0022087097167968,0.0022087097167968,0.0008802413940429,0.0008802413940429,0.0008668899536132,0.001,1
0.0,0.0013027191162109,0.006134033203125,0.0084228515625,0.0014801025390625,0.3,0
0.0083465576171875,0.0072860717773437,0.002532958984375,0.0025367736816406,0.0006752014160156,0.3,0
0.0015621185302734,0.0015621185302734,0.0009422302246093,0.001260757446289,8.58306884765625e-05,0.3,1
0.0,0.0718994140625,0.0005397796630859,0.0005464553833007,0.000101089477539,0.3,0
0.02081298828125,0.02081298828125,0.016204833984375,0.016326904296875,0.000227928161621,0.3,1
0.0,0.0013027191162109,0.0006074905395507,0.0008316040039062,0.000462532043457,0.014,2
0.0059890747070312,0.015716552734375,0.0001602172851562,0.0001611709594726,0.0001497268676757,0.003,2
0.0087890625,0.009857177734375,0.0061798095703125,0.0063858032226562,0.0002832412719726,0.017,1
0.1875,0.1041259765625,0.129638671875,0.129638671875,0.0017356872558593,0.3,3
0.0032424926757812,0.0032539367675781,0.0006084442138671,0.0006084442138671,0.0001344680786132,0.3,0
0.0002717971801757,0.0002851486206054,7.62939453125e-05,7.62939453125e-05,9.5367431640625e-06,0.002,2
0.0029792785644531,0.0029792785644531,0.0006189346313476,0.0006208419799804,4.9591064453125e-05,0.3,0
0.0032501220703125,0.0036849975585937,0.001535415649414,0.0016059875488281,0.000258445739746,0.3,1
0.0002107620239257,0.0002107620239257,9.5367431640625e-06,9.5367431640625e-06,0.0,0.001,2
0.0036125183105468,0.0036125183105468,9.5367431640625e-07,9.5367431640625e-07,0.0,0.001,2
0.006500244140625,0.0065078735351562,9.5367431640625e-07,9.5367431640625e-07,0.0,0.001,2
0.0104217529296875,0.0104217529296875,6.580352783203125e-05,6.961822509765625e-05,2.86102294921875e-06,0.003,2
0.0002098083496093,0.0002374649047851,1.049041748046875e-05,1.1444091796875e-05,9.5367431640625e-06,0.004,2
0.000436782836914,0.0003290176391601,0.0003032684326171,0.0003108978271484,0.0,0.3,1
0.0,0.0013027191162109,0.0052871704101562,0.0052947998046875,0.0024795532226562,0.3,0
0.0123748779296875,0.0123748779296875,5.14984130859375e-05,5.14984130859375e-05,0.0002498626708984,0.001,2
0.0060043334960937,0.0060043334960937,0.003265380859375,0.0043106079101562,0.0010299682617187,0.129,1
0.0034980773925781,0.0037384033203125,0.0023918151855468,0.0023918151855468,9.5367431640625e-07,0.3,1
0.00262451171875,0.00262451171875,0.0011310577392578,0.0014019012451171,0.0005702972412109,0.3,1
0.0127410888671875,0.016632080078125,0.0075759887695312,0.0076828002929687,0.0006341934204101,0.3,1
0.0002317428588867,0.0002212524414062,8.58306884765625e-06,8.58306884765625e-06,0.0,0.002,2
0.0,0.0013027191162109,0.0058822631835937,0.0095367431640625,0.0002937316894531,0.3,0
0.006683349609375,0.0036125183105468,0.0006961822509765,0.0006980895996093,1.1444091796875e-05,0.3,0
0.0019149780273437,0.0019035339355468,0.0015373229980468,0.0015621185302734,5.245208740234375e-05,0.3,1
0.078125,0.078125,0.0738525390625,0.0750732421875,0.0005884170532226,0.3,3
0.00726318359375,0.0072555541992187,0.005401611328125,0.0054092407226562,0.0004854202270507,0.3,1
0.0104217529296875,0.0104217529296875,6.580352783203125e-05,6.961822509765625e-05,2.86102294921875e-06,0.003,2
0.0,0.0013027191162109,0.0072402954101562,0.00933837890625,0.0001478195190429,0.3,0
0.0015621185302734,0.0024452209472656,9.5367431640625e-07,9.5367431640625e-07,0.0,0.001,2
0.0,0.0013027191162109,0.01922607421875,0.0206298828125,0.0021095275878906,0.3,0
0.0,0.0013027191162109,0.0072402954101562,0.00933837890625,0.0001478195190429,0.3,0
0.0069046020507812,0.0060882568359375,0.0018291473388671,0.0025253295898437,0.0001792907714843,0.3,0
0.00262451171875,0.00262451171875,0.0011024475097656,0.001443862915039,5.7220458984375e-06,0.3,1
0.000227928161621,0.0001821517944335,0.000152587890625,0.00018310546875,0.0,0.241,1
0.0032539367675781,0.0024452209472656,0.0009059906005859,0.0009069442749023,6.67572021484375e-06,0.3,0
0.0032539367675781,0.0032539367675781,0.0013999938964843,0.0013999938964843,0.0004243850708007,0.009,2
0.0,0.0013027191162109,1.9073486328125e-06,1.9073486328125e-06,0.0004234313964843,0.001,2
0.01116943359375,0.01116943359375,0.0074310302734375,0.01043701171875,0.0011425018310546,0.3,1
0.006500244140625,0.0065078735351562,9.5367431640625e-07,9.5367431640625e-07,0.0,0.001,2
0.0,0.0013027191162109,0.0079498291015625,0.0082855224609375,0.0012054443359375,0.3,0
0.0,0.0013027191162109,9.5367431640625e-07,1.9073486328125e-06,0.0005769729614257,0.002,2
0.0416259765625,0.0416259765625,0.034423828125,0.03466796875,0.0002250671386718,0.3,1
0.0,0.0013027191162109,0.01953125,0.023651123046875,0.0014381408691406,0.243,0
0.0052108764648437,0.0052108764648437,0.0018596649169921,0.0018882751464843,0.0001649856567382,0.3,0
0.0,0.00262451171875,0.0,0.0,0.0,0.002,2
0.0018234252929687,0.0018234252929687,0.0001764297485351,0.0003833770751953,0.000197410583496,0.003,2
0.00262451171875,0.00262451171875,0.0011024475097656,0.001443862915039,5.7220458984375e-06,0.3,1
0.0,0.0013027191162109,0.0066299438476562,0.0099639892578125,0.0009479522705078,0.3,0
0.00262451171875,0.00262451171875,0.0003395080566406,0.0007743835449218,0.0002946853637695,0.004,2
0.078125,0.078125,0.0738525390625,0.0750732421875,0.0005884170532226,0.3,3
0.0104217529296875,0.0104217529296875,6.580352783203125e-05,6.961822509765625e-05,2.86102294921875e-06,0.003,2
0.0012702941894531,0.0012454986572265,0.0009822845458984,0.0009841918945312,2.47955322265625e-05,0.295,1
0.0,0.0001649856567382,0.0001640319824218,0.0001678466796875,3.0517578125e-05,0.3,0
0.011016845703125,0.011016845703125,0.0008964538574218,0.000899314880371,7.62939453125e-06,0.3,0
0.0,0.0013027191162109,0.0082550048828125,0.0153350830078125,0.0012779235839843,0.3,0
0.000227928161621,0.0002365112304687,0.000152587890625,0.00018310546875,0.0,0.241,1
0.0031623840332031,0.0031013488769531,1.9073486328125e-06,1.9073486328125e-06,0.0,0.001,2
0.00213623046875,0.0018234252929687,0.0014305114746093,0.0018234252929687,4.00543212890625e-05,0.3,1
0.0,0.0013027191162109,0.0003175735473632,0.0005359649658203,0.000197410583496,0.018,2
0.0,0.0003175735473632,0.0002365112304687,0.0002546310424804,9.5367431640625e-07,0.3,0
0.0028572082519531,0.0028572082519531,0.0012397766113281,0.0012702941894531,0.0005664825439453,0.3,1
0.0,0.05804443359375,0.004058837890625,0.0040664672851562,0.0002880096435546,0.3,0
0.0,0.0013027191162109,9.5367431640625e-07,9.5367431640625e-07,0.0004138946533203,0.003,2
0.000227928161621,0.000223159790039,0.000152587890625,0.00018310546875,0.0,0.241,1
0.0032501220703125,0.0036849975585937,0.001535415649414,0.0016059875488281,0.000258445739746,0.3,1
0.0,0.0013027191162109,0.0085906982421875,0.0100555419921875,0.0006122589111328,0.3,0
0.006683349609375,0.0036125183105468,0.0006961822509765,0.0006980895996093,1.1444091796875e-05,0.3,0
0.00262451171875,0.00262451171875,0.0011024475097656,0.001443862915039,5.7220458984375e-06,0.3,1
0.0,0.0013027191162109,0.0072402954101562,0.00933837890625,0.0001478195190429,0.3,0
0.1875,0.1041259765625,0.129638671875,0.129638671875,0.0017356872558593,0.3,3
0.0001955032348632,0.0002098083496093,9.250640869140624e-05,0.0001029968261718,9.5367431640625e-07,0.3,1
0.0052108764648437,0.0052108764648437,0.0016651153564453,0.001749038696289,5.91278076171875e-05,0.3,0
0.0104217529296875,0.0104217529296875,0.0013809204101562,0.0024375915527343,0.0002145767211914,0.108,2
0.0,0.0117950439453125,0.009521484375,0.009552001953125,0.001291275024414,0.3,0
0.0149688720703125,0.016693115234375,0.00567626953125,0.00567626953125,0.0001983642578125,0.041,2
0.1875,0.1041259765625,0.129638671875,0.129638671875,0.0017356872558593,0.3,3
0.0032501220703125,0.0036849975585937,0.001535415649414,0.0016059875488281,0.000258445739746,0.3,1
0.0035858154296875,0.003509521484375,0.0012149810791015,0.0012474060058593,7.534027099609375e-05,0.3,0
0.0,0.0013027191162109,0.0072402954101562,0.00933837890625,0.0001478195190429,0.3,0
0.0017833709716796,0.0014705657958984,0.0011234283447265,0.0014724731445312,6.67572021484375e-06,0.3,1
0.0032424926757812,0.0002546310424804,0.0006723403930664,0.0006742477416992,7.62939453125e-06,0.3,0
0.0,0.0013027191162109,0.006500244140625,0.0095977783203125,0.001251220703125,0.3,0
0.0,0.0013027191162109,0.0052871704101562,0.0052947998046875,0.0024795532226562,0.3,0
0.0052108764648437,0.0052108764648437,0.0009660720825195,0.0009727478027343,0.0005407333374023,0.3,0
0.0001955032348632,0.000213623046875,9.250640869140624e-05,0.0001029968261718,9.5367431640625e-07,0.3,1
0.0081329345703125,0.0081329345703125,2.09808349609375e-05,2.09808349609375e-05,0.0003557205200195,0.003,2
0.010162353515625,0.010162353515625,0.0071182250976562,0.0071640014648437,0.0008745193481445,0.3,1
0.0032501220703125,0.0036849975585937,0.001535415649414,0.0016059875488281,0.000258445739746,0.3,1
0.0,0.00262451171875,0.0,0.0,0.0,0.002,2
0.0052108764648437,0.0052108764648437,0.0016651153564453,0.001749038696289,5.91278076171875e-05,0.3,0
0.027862548828125,0.025665283203125,0.002777099609375,0.0027847290039062,0.000554084777832,0.226,0
0.00390625,0.00390625,0.0011940002441406,0.0014266967773437,0.0006351470947265,0.3,1
0.0057296752929687,0.01849365234375,0.0009546279907226,0.0009708404541015,0.0001773834228515,0.3,0
0.041015625,0.0390625,0.0230712890625,0.02325439453125,0.000152587890625,0.3,1
0.0,0.0013027191162109,0.0150909423828125,0.0174560546875,0.0001087188720703,0.3,0
0.0,0.0013027191162109,0.0062255859375,0.0112152099609375,0.0014572143554687,0.3,0
0.0003366470336914,0.0003366470336914,0.0002803802490234,0.0002985000610351,9.5367431640625e-06,0.3,1
0.0123748779296875,0.0123748779296875,5.14984130859375e-05,5.14984130859375e-05,0.0002498626708984,0.001,2
0.04595947265625,0.03125,0.018157958984375,0.0181884765625,0.0002155303955078,0.3,0
0.00262451171875,0.00262451171875,0.001230239868164,0.0014152526855468,8.7738037109375e-05,0.3,1
0.0029182434082031,0.0026054382324218,0.0021514892578125,0.0026054382324218,2.6702880859375e-05,0.3,1
0.0,0.0013027191162109,0.01409912109375,0.017608642578125,0.0012741088867187,0.3,0
0.0,0.0013027191162109,0.0005912780761718,0.0005922317504882,0.0002975463867187,0.031,2
0.0127410888671875,0.016632080078125,0.0075759887695312,0.0076828002929687,0.0006341934204101,0.3,1
0.0008707046508789,0.0013313293457031,0.0004386901855468,0.0004405975341796,7.915496826171875e-05,0.3,1
0.006500244140625,0.0065078735351562,0.0006999969482421,0.0007591247558593,0.0003204345703125,0.017,2
0.0002317428588867,0.0002088546752929,8.58306884765625e-06,8.58306884765625e-06,0.0,0.002,2
0.000227928161621,0.0002031326293945,0.000152587890625,0.00018310546875,0.0,0.241,1
0.01080322265625,0.01080322265625,0.00848388671875,0.00848388671875,0.0008001327514648,0.3,1
0.0001955032348632,0.0002021789550781,9.250640869140624e-05,0.0001029968261718,9.5367431640625e-07,0.3,1
0.0012702941894531,0.0012702941894531,0.0009822845458984,0.0009841918945312,2.47955322265625e-05,0.295,1
0.0032501220703125,0.0041961669921875,0.001535415649414,0.0016059875488281,0.000258445739746,0.3,1
0.0032424926757812,0.0011367797851562,0.0006122589111328,0.0006132125854492,6.67572021484375e-06,0.3,0
0.0,0.0013027191162109,0.0098419189453125,0.010223388671875,0.0012245178222656,0.3,0
0.0,0.0013027191162109,0.006134033203125,0.0084228515625,0.0014801025390625,0.3,0
0.0026321411132812,0.0024757385253906,0.0008420944213867,0.0025711059570312,0.0002574920654296,0.3,1
0.0,0.0013027191162109,0.0010356903076171,0.008514404296875,0.0007505416870117,0.023,2
0.023406982421875,0.010345458984375,0.0001916885375976,0.0004053115844726,9.632110595703124e-05,0.009,2
0.0001955032348632,0.0001945495605468,9.250640869140624e-05,0.0001029968261718,9.5367431640625e-07,0.3,1
0.0106201171875,0.0038795471191406,0.0078277587890625,0.008544921875,4.76837158203125e-06,0.3,1
0.0104217529296875,0.0104217529296875,6.580352783203125e-05,6.961822509765625e-05,2.86102294921875e-06,0.003,2
0.011016845703125,0.011016845703125,0.0008964538574218,0.000899314880371,7.62939453125e-06,0.3,0
0.0,0.0013027191162109,0.02197265625,0.024078369140625,0.0005817413330078,0.3,0
0.0005350112915039,0.0008401870727539,0.0004940032958984,0.0005407333374023,0.0002298355102539,0.127,1
0.030303955078125,0.017974853515625,0.0154571533203125,0.0155181884765625,0.0005397796630859,0.3,1
0.00262451171875,0.00262451171875,0.0011024475097656,0.001443862915039,5.7220458984375e-06,0.3,1
0.0106201171875,0.006561279296875,0.0078277587890625,0.008544921875,4.76837158203125e-06,0.3,1
0.0,0.013275146484375,0.0010986328125,0.0011024475097656,0.0003385543823242,0.3,0
0.0,0.0013027191162109,0.0031280517578125,0.0102081298828125,0.0013847351074218,0.23,0
0.0,0.0013027191162109,0.016143798828125,0.0191650390625,0.0024452209472656,0.176,0
0.0095367431640625,0.0095367431640625,0.0072784423828125,0.0,0.0006542205810546,0.3,0
0.0036125183105468,0.0036125183105468,9.5367431640625e-07,9.5367431640625e-07,0.0,0.001,2
0.006683349609375,0.0036125183105468,0.0006771087646484,0.0006790161132812,9.5367431640625e-07,0.3,0
0.1875,0.1041259765625,0.129638671875,0.129638671875,0.0017356872558593,0.3,3
0.0,0.0013027191162109,0.0031280517578125,0.0102081298828125,0.0013847351074218,0.23,0
0.00885009765625,0.009918212890625,0.0042037963867187,0.0042037963867187,0.0009269714355468,0.3,1
0.00262451171875,0.00262451171875,9.441375732421876e-05,9.441375732421876e-05,6.67572021484375e-06,0.001,2
0.0002326965332031,0.0002326965332031,0.0001173019409179,0.0001182556152343,8.58306884765625e-06,0.004,2
0.0004034042358398,0.0003242492675781,0.0002698898315429,0.0002851486206054,0.0,0.3,1
0.0,0.01959228515625,0.014892578125,0.014923095703125,0.0003080368041992,0.3,0
0.0027313232421875,0.0028572082519531,0.0010356903076171,0.0010509490966796,9.632110595703124e-05,0.3,1
0.0002317428588867,0.0001993179321289,8.58306884765625e-06,8.58306884765625e-06,9.5367431640625e-06,0.003,2
0.00262451171875,0.00262451171875,0.001230239868164,0.0014152526855468,8.7738037109375e-05,0.3,1
0.0002317428588867,0.0001850128173828,8.58306884765625e-06,8.58306884765625e-06,0.0,0.002,2
0.00262451171875,0.00262451171875,0.000101089477539,0.000101089477539,0.0005369186401367,0.001,2
0.0,0.00262451171875,0.0039138793945312,0.0039138793945312,0.000288963317871,0.3,0
0.00262451171875,0.00262451171875,0.0009384155273437,0.0015068054199218,0.0005674362182617,0.3,1
0.0032501220703125,0.0041961669921875,0.001535415649414,0.0016059875488281,0.000258445739746,0.3,1
0.0,0.0013027191162109,9.5367431640625e-07,9.5367431640625e-07,0.0004167556762695,0.004,2
0.0,0.00262451171875,0.0,0.0,0.0,0.002,2
0.006683349609375,0.0036125183105468,0.0006961822509765,0.0006980895996093,1.1444091796875e-05,0.3,0
0.0060272216796875,0.0060272216796875,0.0018806457519531,0.001901626586914,0.0,0.3,0
0.04296875,0.0390625,0.027008056640625,0.02728271484375,2.86102294921875e-06,0.3,1
0.0065078735351562,0.0065078735351562,0.0017414093017578,0.0023078918457031,3.4332275390625e-05,0.016,2
0.0,0.0013027191162109,0.0186767578125,0.019287109375,0.001230239868164,0.3,0
0.0,0.0065078735351562,0.0039443969726562,0.0039596557617187,0.0003786087036132,0.3,0
0.0,0.0013027191162109,0.0054397583007812,0.0146331787109375,0.0016918182373046,0.3,0
0.0038070678710937,0.0033607482910156,0.0022430419921875,0.0022735595703125,2.86102294921875e-06,0.3,1
0.00262451171875,0.00262451171875,9.34600830078125e-05,9.34600830078125e-05,3.814697265625e-06,0.003,2
0.00262451171875,0.00262451171875,0.0011024475097656,0.001443862915039,5.7220458984375e-06,0.3,1
0.0077972412109375,0.0087432861328125,0.0044174194335937,0.0044174194335937,1.71661376953125e-05,0.3,1
0.006683349609375,0.0036125183105468,0.0006771087646484,0.0006790161132812,9.5367431640625e-07,0.3,0
0.0022773742675781,0.0022811889648437,0.0002574920654296,0.0002574920654296,0.0001354217529296,0.002,2
0.006683349609375,0.0036125183105468,0.0006771087646484,0.0006790161132812,9.5367431640625e-07,0.3,0
0.00262451171875,0.00262451171875,9.34600830078125e-05,9.34600830078125e-05,3.814697265625e-06,0.003,2
0.016876220703125,0.0216064453125,0.0008726119995117,0.0008726119995117,0.0008411407470703,0.001,2
0.0032501220703125,0.0036849975585937,0.001535415649414,0.0016059875488281,0.000258445739746,0.3,1
0.0032539367675781,0.0032539367675781,0.0013999938964843,0.0013999938964843,0.0004243850708007,0.009,2
0.0,0.0013027191162109,0.000411033630371,0.0006084442138671,0.0003061294555664,0.011,2
0.0022773742675781,0.0022811889648437,0.0002574920654296,0.0002574920654296,0.0001354217529296,0.002,2
0.0036125183105468,0.0036125183105468,0.0006523132324218,0.0006532669067382,9.5367431640625e-06,0.013,2
0.0015621185302734,0.0015621185302734,0.0009841918945312,0.0011463165283203,0.0004863739013671,0.268,1
0.0018234252929687,0.0018234252929687,0.0007400512695312,0.0008964538574218,0.0004997253417968,0.133,1
0.0052108764648437,0.0052108764648437,0.0018596649169921,0.0018882751464843,0.0001649856567382,0.3,0
0.0084381103515625,0.0078277587890625,0.0037460327148437,0.0037460327148437,0.0002927780151367,0.3,1
0.0018234252929687,0.0018234252929687,0.0010528564453125,0.0014724731445312,0.0005254745483398,0.261,1
0.011016845703125,0.011016845703125,0.0008964538574218,0.000899314880371,7.62939453125e-06,0.3,0
0.0050735473632812,0.012420654296875,0.0031089782714843,0.0031166076660156,0.000737190246582,0.3,1
0.0052108764648437,0.0052108764648437,0.0010910034179687,0.0011062622070312,0.0003108978271484,0.3,0
0.00390625,0.00390625,0.001190185546875,0.001199722290039,0.0001144409179687,0.3,0
0.0016555786132812,0.0020866394042968,0.0014686584472656,0.0014686584472656,0.0005016326904296,0.003,1
0.01116943359375,0.01116943359375,0.0074310302734375,0.01043701171875,0.0011425018310546,0.3,1
0.022552490234375,0.022552490234375,0.0110626220703125,0.01129150390625,0.0006351470947265,0.3,1
0.006683349609375,0.0036125183105468,0.0006771087646484,0.0006790161132812,9.5367431640625e-07,0.3,0
0.0462646484375,0.0079193115234375,0.033935546875,0.0362548828125,0.000711441040039,0.3,1
0.011016845703125,0.011016845703125,0.0008964538574218,0.000899314880371,7.62939453125e-06,0.3,0
0.0104217529296875,0.0104217529296875,6.580352783203125e-05,6.961822509765625e-05,2.86102294921875e-06,0.003,2
0.023284912109375,0.023284912109375,0.01824951171875,0.018798828125,0.0006866455078125,0.3,1
0.0,0.0013027191162109,0.008544921875,0.0128631591796875,0.0012035369873046,0.3,0
0.0022010803222656,0.0022010803222656,0.0003013610839843,0.0003623962402343,0.0,0.004,2
0.0072250366210937,0.0072250366210937,0.0052261352539062,0.0052337646484375,0.0004892349243164,0.3,1
0.0015621185302734,0.0015621185302734,0.0006380081176757,0.000640869140625,0.0005006790161132,0.077,1
0.0015621185302734,0.0015621185302734,9.5367431640625e-07,9.5367431640625e-07,0.0,0.001,2
0.0416259765625,0.0416259765625,0.034423828125,0.03466796875,0.0002250671386718,0.3,1
0.0,0.0013027191162109,0.0006160736083984,0.000807762145996,0.0003509521484375,0.013,2
0.01556396484375,0.013671875,0.003662109375,0.0039825439453125,2.86102294921875e-06,0.3,0
0.0,0.0013027191162109,9.5367431640625e-07,9.5367431640625e-07,0.0006589889526367,0.005,2
0.0,0.0013027191162109,0.0063858032226562,0.017059326171875,0.0011215209960937,0.3,0
0.0051422119140625,0.0051422119140625,0.0029983520507812,0.0030746459960937,0.0001277923583984,0.3,1
0.0052108764648437,0.0052108764648437,0.00115966796875,0.0011615753173828,0.0002899169921875,0.3,0
0.0016155242919921,0.0016155242919921,3.337860107421875e-05,3.337860107421875e-05,8.58306884765625e-06,0.002,2
0.0004348754882812,0.0003366470336914,0.0002698898315429,0.0002822875976562,4.76837158203125e-06,0.3,1
0.0,0.0038566589355468,0.001953125,0.0019645690917968,0.0008172988891601,0.3,0
0.0029792785644531,0.0029792785644531,0.0006160736083984,0.0006170272827148,9.5367431640625e-07,0.3,0
0.0035820007324218,0.0035820007324218,0.0010242462158203,0.0010700225830078,0.0003681182861328,0.3,0
0.0,0.0013027191162109,0.0126495361328125,0.012786865234375,0.0005807876586914,0.3,0
0.0065078735351562,0.0065078735351562,0.0013866424560546,0.0025978088378906,1.9073486328125e-06,0.002,2
0.0,0.0001649856567382,0.0001506805419921,0.000152587890625,9.5367431640625e-06,0.3,0
0.0002717971801757,0.0002870559692382,7.62939453125e-05,7.62939453125e-05,9.5367431640625e-06,0.002,2
0.0,0.0013027191162109,0.0076370239257812,0.00927734375,0.0005884170532226,0.3,0
0.0,0.0016460418701171,0.0012435913085937,0.0012531280517578,0.0002126693725585,0.3,0
0.011016845703125,0.011016845703125,0.0008964538574218,0.000899314880371,7.62939453125e-06,0.3,0
0.0104217529296875,0.0104217529296875,6.580352783203125e-05,6.961822509765625e-05,2.86102294921875e-06,0.003,2
0.0052108764648437,0.0052108764648437,0.0016651153564453,0.001749038696289,5.91278076171875e-05,0.3,0
0.0,0.0013027191162109,0.008544921875,0.0128631591796875,0.0012035369873046,0.3,0
0.0,0.0013027191162109,0.016143798828125,0.0191650390625,0.0024452209472656,0.176,0
0.0032501220703125,0.0036849975585937,0.001535415649414,0.0016059875488281,0.000258445739746,0.3,1
0.0,0.00262451171875,0.0,0.0,0.0,0.002,2
0.00262451171875,0.00262451171875,0.0011024475097656,0.001443862915039,5.7220458984375e-06,0.3,1
0.0,0.0013027191162109,0.010101318359375,0.010162353515625,0.0002784729003906,0.072,2
0.0032501220703125,0.0036849975585937,0.001535415649414,0.0016059875488281,0.000258445739746,0.3,1
0.00262451171875,0.00262451171875,0.000101089477539,0.000101089477539,0.0005369186401367,0.001,2
0.0,0.0013027191162109,0.0069580078125,0.0104522705078125,0.0002956390380859,0.3,0
0.0024070739746093,0.0024070739746093,0.0013256072998046,0.0019054412841796,0.000563621520996,0.048,1
0.0177001953125,0.0177001953125,0.0059890747070312,0.0069808959960937,9.5367431640625e-07,0.3,0
0.01116943359375,0.01116943359375,0.0074310302734375,0.01043701171875,0.0011425018310546,0.3,1
0.006683349609375,0.0036125183105468,0.0006961822509765,0.0006980895996093,1.1444091796875e-05,0.3,0
0.0,0.00262451171875,0.0,0.0,0.0,0.002,2
0.0018482208251953,0.0018482208251953,2.384185791015625e-05,2.47955322265625e-05,0.0003280639648437,0.004,2
0.0025749206542968,0.0026206970214843,0.0007123947143554,0.0007171630859375,0.0007448196411132,0.003,2
0.0,0.0013027191162109,0.0082550048828125,0.0153350830078125,0.0012779235839843,0.3,0
0.0,0.0013027191162109,0.0,0.0,0.0,0.001,2
0.000227928161621,0.0002260208129882,0.000152587890625,0.00018310546875,0.0,0.241,1
0.0,0.0013027191162109,0.0084991455078125,0.0092010498046875,0.0005226135253906,0.3,0
0.0052108764648437,0.0052108764648437,0.0018596649169921,0.0018882751464843,0.0001649856567382,0.3,0
0.006500244140625,0.0065078735351562,9.5367431640625e-07,9.5367431640625e-07,0.0,0.001,2
0.0001955032348632,0.0002002716064453,9.250640869140624e-05,0.0001029968261718,9.5367431640625e-07,0.3,1
0.0078277587890625,0.0078277587890625,0.0029220581054687,0.0029258728027343,0.000157356262207,0.3,1
0.0,0.0001649856567382,0.0001430511474609,0.0001440048217773,2.09808349609375e-05,0.3,0
0.0078125,0.0078125,0.0044479370117187,0.0044479370117187,0.0012683868408203,0.3,1
0.0002555847167968,0.0002193450927734,0.0001487731933593,0.0001583099365234,3.814697265625e-06,0.196,1
0.0002717971801757,0.0002927780151367,7.62939453125e-05,7.62939453125e-05,9.5367431640625e-06,0.002,2
0.0,0.0013027191162109,0.0084991455078125,0.0092010498046875,0.0005226135253906,0.3,0
0.0,0.0013027191162109,0.0052871704101562,0.0052947998046875,0.0024795532226562,0.3,0
0.00250244140625,0.0015621185302734,0.0016155242919921,0.0017280578613281,5.054473876953125e-05,0.3,1
0.0,0.0013027191162109,0.0052871704101562,0.0052947998046875,0.0024795532226562,0.3,0
0.00262451171875,0.00262451171875,0.0017719268798828,0.0018730163574218,1.430511474609375e-05,0.3,1
0.0,0.0826416015625,0.0006093978881835,0.0006093978881835,0.0003280639648437,0.3,0
0.0052108764648437,0.0052108764648437,0.0030326843261718,0.0034713745117187,0.0001544952392578,0.3,1
0.0001955032348632,0.0001955032348632,9.250640869140624e-05,0.0001029968261718,9.5367431640625e-07,0.3,1
0.0052108764648437,0.0052108764648437,0.0010910034179687,0.0011062622070312,0.0003108978271484,0.3,0
0.0002317428588867,0.0002088546752929,8.58306884765625e-06,8.58306884765625e-06,0.0,0.002,2
0.0,0.0013027191162109,0.0062255859375,0.0112152099609375,0.0014572143554687,0.3,0
0.0016555786132812,0.0016555786132812,0.0014686584472656,0.0014686584472656,0.0005016326904296,0.003,1
0.000889778137207,0.000889778137207,0.0005083084106445,0.0005083084106445,8.392333984375e-05,0.3,1
0.000227928161621,0.0002365112304687,0.000152587890625,0.00018310546875,0.0,0.241,1
0.0416259765625,0.02716064453125,0.03411865234375,0.0345458984375,0.0001754760742187,0.3,1
0.0029182434082031,0.0026054382324218,0.0021514892578125,0.0026054382324218,2.6702880859375e-05,0.3,1
0.0037422180175781,0.007904052734375,0.0019397735595703,0.0021934509277343,0.0003833770751953,0.3,1
0.027862548828125,0.025665283203125,0.002777099609375,0.0027847290039062,0.000554084777832,0.226,0
0.0046157836914062,0.00341796875,0.0023765563964843,0.00238037109375,0.0005140304565429,0.3,1
0.0027313232421875,0.0028572082519531,0.0010356903076171,0.0010509490966796,9.632110595703124e-05,0.3,1
0.006500244140625,0.0065078735351562,0.0006999969482421,0.0007591247558593,0.0003204345703125,0.017,2
0.000227928161621,0.0002508163452148,0.000152587890625,0.00018310546875,0.0,0.241,1
0.0026054382324218,0.0026054382324218,0.0014667510986328,0.001800537109375,8.96453857421875e-05,0.3,1
0.000227928161621,0.0002260208129882,0.000152587890625,0.00018310546875,0.0,0.241,1
0.0001955032348632,0.0001945495605468,9.250640869140624e-05,0.0001029968261718,9.5367431640625e-07,0.3,1
0.0123748779296875,0.0123748779296875,5.14984130859375e-05,5.14984130859375e-05,0.0002498626708984,0.001,2
0.0,0.0013027191162109,9.5367431640625e-07,9.5367431640625e-07,0.0,0.001,2
0.006683349609375,0.0036125183105468,0.0006771087646484,0.0006790161132812,9.5367431640625e-07,0.3,0
0.0025520324707031,0.0075225830078125,9.5367431640625e-07,9.5367431640625e-07,0.0,0.001,2
0.0008134841918945,0.0005674362182617,0.0005102157592773,0.0005121231079101,0.0001630783081054,0.3,1
0.00390625,0.00390625,0.0011177062988281,0.0014286041259765,2.6702880859375e-05,0.3,0
0.0,0.0013027191162109,0.0082855224609375,0.019866943359375,0.0005788803100585,0.145,0
0.0,0.0013027191162109,2.47955322265625e-05,4.76837158203125e-05,0.0001153945922851,0.002,2
0.0,0.0013027191162109,0.019287109375,0.020599365234375,0.0011310577392578,0.3,0
0.00262451171875,0.00262451171875,0.0017719268798828,0.0018730163574218,1.430511474609375e-05,0.3,1
0.0018482208251953,0.0020294189453125,2.384185791015625e-05,2.47955322265625e-05,0.0003280639648437,0.004,2
0.0056915283203125,0.0056915283203125,0.0006599426269531,0.0006618499755859,0.0005149841308593,0.296,0
0.0,0.0013027191162109,0.02178955078125,0.023406982421875,0.0014266967773437,0.077,0
0.00262451171875,0.00262451171875,0.0008888244628906,0.0010643005371093,0.0003223419189453,0.189,1
0.0,0.0013027191162109,0.010101318359375,0.010162353515625,0.0002784729003906,0.072,2
0.0106201171875,0.0106201171875,0.0078277587890625,0.008544921875,4.76837158203125e-06,0.3,1
0.0037765502929687,0.0011329650878906,0.0013027191162109,0.0013046264648437,4.100799560546875e-05,0.3,0
0.017242431640625,0.017242431640625,0.0047531127929687,0.0055007934570312,0.0007781982421875,0.3,0
0.0052108764648437,0.0052108764648437,0.0018596649169921,0.0018882751464843,0.0001649856567382,0.3,0
0.0065078735351562,0.0065078735351562,0.0030097961425781,0.0037956237792968,0.0004444122314453,0.097,1
0.041015625,0.0390625,0.0230712890625,0.02325439453125,0.000152587890625,0.3,1
0.0003852844238281,0.000370979309082,0.0001802444458007,0.0002040863037109,4.76837158203125e-06,0.3,1
0.0,0.0013027191162109,0.02178955078125,0.023406982421875,0.0014266967773437,0.077,0
0.0041885375976562,0.0024795532226562,9.72747802734375e-05,9.72747802734375e-05,0.0001630783081054,0.001,2
0.0078277587890625,0.0078277587890625,0.0029220581054687,0.0029258728027343,0.000157356262207,0.3,1
0.0,0.0013027191162109,0.0003175735473632,0.0005359649658203,0.000197410583496,0.018,2
0.0008068084716796,0.0008068084716796,0.0006971359252929,0.0006971359252929,6.771087646484375e-05,0.3,1
0.0026054382324218,0.019744873046875,9.632110595703124e-05,9.72747802734375e-05,0.0002813339233398,0.003,2
0.0,0.0013027191162109,0.008880615234375,0.010040283203125,0.0012798309326171,0.3,0
0.016571044921875,0.014404296875,0.0150299072265625,0.0150604248046875,0.0004844665527343,0.3,1
0.0044326782226562,0.0044326782226562,0.0006971359252929,0.0006971359252929,0.0006732940673828,0.001,2
0.0015468597412109,0.0015468597412109,0.0007658004760742,0.0007696151733398,0.0002956390380859,0.3,1
0.03125,0.03125,0.019134521484375,0.019287109375,0.0001935958862304,0.3,1
0.0,0.0014457702636718,0.0001163482666015,0.0001201629638671,2.86102294921875e-06,0.3,0
0.01116943359375,0.01116943359375,0.0074310302734375,0.01043701171875,0.0011425018310546,0.3,1
0.0,0.0013027191162109,0.0024795532226562,0.0030517578125,7.534027099609375e-05,0.079,2
0.0002317428588867,0.0002317428588867,8.58306884765625e-06,8.58306884765625e-06,0.0,0.002,2
0.009521484375,0.005706787109375,0.0023040771484375,0.0029640197753906,0.0001821517944335,0.3,0
0.0,0.00262451171875,0.0,0.0,0.0,0.002,2
0.0,0.0013027191162109,0.0058822631835937,0.0095367431640625,0.0002937316894531,0.3,0
0.0057296752929687,0.0057296752929687,0.003631591796875,0.0036506652832031,0.0002851486206054,0.3,1
0.0,0.0013027191162109,9.5367431640625e-07,9.5367431640625e-07,0.0004138946533203,0.003,2
0.006622314453125,0.006622314453125,0.0036354064941406,0.0036659240722656,0.0007524490356445,0.3,1
0.0088653564453125,0.0088653564453125,0.0024986267089843,0.0025177001953125,0.0005617141723632,0.3,0
0.0002317428588867,0.0002155303955078,8.58306884765625e-06,8.58306884765625e-06,0.0,0.002,2
0.006500244140625,0.0065078735351562,0.0006999969482421,0.0007591247558593,0.0003204345703125,0.017,2
0.0002069473266601,0.000187873840332,0.0001258850097656,0.0001459121704101,8.58306884765625e-06,0.265,1
0.0052108764648437,0.0052108764648437,0.0018596649169921,0.0018882751464843,0.0001649856567382,0.3,0
0.0012702941894531,0.0012702941894531,0.0009822845458984,0.0009841918945312,2.47955322265625e-05,0.295,1
0.0032501220703125,0.0036849975585937,0.001535415649414,0.0016059875488281,0.000258445739746,0.3,1
0.0026054382324218,0.0026054382324218,0.0001459121704101,0.0001468658447265,0.0005073547363281,0.003,2
0.0104217529296875,0.0104217529296875,6.580352783203125e-05,6.961822509765625e-05,2.86102294921875e-06,0.003,2
0.0052108764648437,0.0052108764648437,0.00115966796875,0.0011615753173828,0.0002899169921875,0.3,0
0.0022773742675781,0.0142669677734375,0.0004482269287109,0.0004491806030273,9.5367431640625e-07,0.3,0
0.0,0.0390625,0.019927978515625,0.020263671875,0.0001487731933593,0.3,0
0.1875,0.1041259765625,0.129638671875,0.129638671875,0.0017356872558593,0.3,3
0.01116943359375,0.00921630859375,0.0072097778320312,0.0105438232421875,0.0009098052978515,0.3,1
0.0016727447509765,0.0016727447509765,0.0006132125854492,0.0006132125854492,0.0005931854248046,0.001,2
0.016143798828125,0.015472412109375,0.009735107421875,0.009857177734375,0.0003538131713867,0.3,1
0.078125,0.078125,0.0738525390625,0.0750732421875,0.0005884170532226,0.3,3
0.0,0.00262451171875,0.0,0.0,0.0,0.002,2
0.0088653564453125,0.0088653564453125,0.0024986267089843,0.0025177001953125,0.0005617141723632,0.3,0
0.0052108764648437,0.0052108764648437,0.0030326843261718,0.0034713745117187,0.0001544952392578,0.3,1
0.0390625,0.04766845703125,0.019500732421875,0.019744873046875,0.0001459121704101,0.3,1
0.0731201171875,0.0460205078125,0.00335693359375,0.0033798217773437,0.0007581710815429,0.3,0
0.0008134841918945,0.0005674362182617,0.0005102157592773,0.0005121231079101,0.0001630783081054,0.3,1
0.001626968383789,0.0014705657958984,0.0013484954833984,0.0014724731445312,1.811981201171875e-05,0.3,1
0.0094757080078125,0.0094757080078125,0.0087127685546875,0.0087127685546875,9.5367431640625e-07,0.3,1
0.0031394958496093,0.0031471252441406,0.0031394958496093,0.0,7.2479248046875e-05,0.3,1
0.009185791015625,0.0066146850585937,0.003936767578125,0.0067138671875,0.0002260208129882,0.3,1
0.0060501098632812,0.0060501098632812,0.0020103454589843,0.00201416015625,0.0013332366943359,0.3,1
0.0,0.0013027191162109,0.0063858032226562,0.017059326171875,0.0011215209960937,0.3,0
0.009765625,0.009765625,0.0016994476318359,0.0017051696777343,0.0004358291625976,0.3,0
0.07421875,0.07421875,0.04644775390625,0.05133056640625,5.53131103515625e-05,0.3,1
0.0,0.0013027191162109,0.0069580078125,0.0104522705078125,0.0002956390380859,0.3,0
0.0052108764648437,0.0052108764648437,0.0016651153564453,0.001749038696289,5.91278076171875e-05,0.3,0
0.0027313232421875,0.0028572082519531,0.0010356903076171,0.0010509490966796,9.632110595703124e-05,0.3,1
0.0012702941894531,0.0012454986572265,0.0009822845458984,0.0009841918945312,2.47955322265625e-05,0.295,1
0.024200439453125,0.0024452209472656,0.0077438354492187,0.008087158203125,0.0028572082519531,0.3,0
0.0106201171875,0.0009412765502929,0.0078277587890625,0.008544921875,4.76837158203125e-06,0.3,1
0.0076141357421875,0.0076141357421875,9.5367431640625e-07,9.5367431640625e-07,0.0,0.001,2
0.0052108764648437,0.0052108764648437,0.0030326843261718,0.0034713745117187,0.0001544952392578,0.3,1
0.0,0.0001649856567382,0.0001611709594726,0.0001640319824218,2.193450927734375e-05,0.3,0
0.0,0.0013027191162109,0.015625,0.01641845703125,0.0005960464477539,0.3,0
0.000227928161621,0.000227928161621,0.000152587890625,0.00018310546875,0.0,0.241,1
0.0032501220703125,0.0036849975585937,0.001535415649414,0.0016059875488281,0.000258445739746,0.3,1
0.0104217529296875,0.0104217529296875,6.580352783203125e-05,6.961822509765625e-05,2.86102294921875e-06,0.003,2
0.009765625,0.009765625,0.0016994476318359,0.0017051696777343,0.0004358291625976,0.3,0
0.0,0.0043563842773437,0.0039443969726562,0.0039596557617187,0.0003786087036132,0.3,0
0.0,0.0013027191162109,9.5367431640625e-07,9.5367431640625e-07,0.0006589889526367,0.005,2
0.0,0.00262451171875,0.0,0.0,0.0,0.002,2
0.02874755859375,0.0118255615234375,0.0037879943847656,0.0049057006835937,0.0011310577392578,0.137,0
0.0,0.0013027191162109,0.0,0.0,0.0,0.001,2
0.000227928161621,0.000223159790039,0.000152587890625,0.00018310546875,0.0,0.241,1
0.0,0.0013027191162109,0.0006160736083984,0.000807762145996,0.0003509521484375,0.013,2
0.000227928161621,0.0001821517944335,0.000152587890625,0.00018310546875,0.0,0.241,1
0.0016155242919921,0.0016155242919921,3.337860107421875e-05,3.337860107421875e-05,8.58306884765625e-06,0.002,2
0.000885009765625,0.0008974075317382,0.0005521774291992,0.000554084777832,0.0001535415649414,0.3,1
0.0032501220703125,0.0036849975585937,0.001535415649414,0.0016059875488281,0.000258445739746,0.3,1
0.0,0.0013027191162109,0.021514892578125,0.02197265625,0.002471923828125,0.3,0
0.0016727447509765,0.0016727447509765,0.0006132125854492,0.0006132125854492,0.0005931854248046,0.001,2
0.0,0.04339599609375,0.0404052734375,0.04095458984375,0.0002317428588867,0.3,0
0.0052108764648437,0.0052108764648437,0.0008525848388671,0.0015411376953125,0.0003948211669921,0.024,2
0.0001955032348632,0.0001640319824218,9.250640869140624e-05,0.0001029968261718,9.5367431640625e-07,0.3,1
0.0032424926757812,0.004791259765625,0.000624656677246,0.0006256103515625,2.86102294921875e-06,0.3,0
0.0001955032348632,0.0002002716064453,9.250640869140624e-05,0.0001029968261718,9.5367431640625e-07,0.3,1
0.01116943359375,0.01116943359375,0.0074310302734375,0.01043701171875,0.0011425018310546,0.3,1
0.006683349609375,0.0036125183105468,0.0006771087646484,0.0006790161132812,9.5367431640625e-07,0.3,0
0.0094757080078125,0.0094757080078125,0.0087127685546875,0.0087127685546875,9.5367431640625e-07,0.3,1
0.0021171569824218,0.0013351440429687,0.0015010833740234,0.0018024444580078,4.76837158203125e-05,0.3,1
0.0134124755859375,0.0134124755859375,0.031036376953125,0.0,0.0005311965942382,0.3,1
0.00262451171875,0.00262451171875,0.0014495849609375,0.0015716552734375,6.008148193359375e-05,0.3,1
0.0,0.0013027191162109,0.0053558349609375,0.006103515625,0.0006942749023437,0.3,0
0.0,0.0013027191162109,0.0,0.0,5.14984130859375e-05,0.001,2
0.0,0.0038566589355468,0.0026206970214843,0.002685546875,0.0006122589111328,0.3,0
0.0102386474609375,0.007965087890625,0.0062408447265625,0.0062408447265625,9.5367431640625e-07,0.3,1
0.0,0.0013027191162109,0.016143798828125,0.0191650390625,0.0024452209472656,0.176,0
0.0046157836914062,0.0032424926757812,0.0023765563964843,0.00238037109375,0.0005140304565429,0.3,1
0.0,0.0013027191162109,0.010101318359375,0.010162353515625,0.0002784729003906,0.072,2
0.009765625,0.009765625,0.0017452239990234,0.0017452239990234,0.0005474090576171,0.3,0
0.0,0.0013027191162109,0.0,0.0,0.0,0.001,2
0.0019149780273437,0.0019035339355468,0.0015373229980468,0.0015621185302734,5.245208740234375e-05,0.3,1
0.0012569427490234,0.0012569427490234,0.000833511352539,0.000859260559082,0.0002784729003906,0.3,1
0.0,0.0013027191162109,0.0065765380859375,0.0105743408203125,0.0009918212890625,0.3,0
0.00262451171875,0.00262451171875,0.0017719268798828,0.0018730163574218,1.430511474609375e-05,0.3,1
0.00701904296875,0.0078125,0.0034980773925781,0.0040054321289062,0.0001459121704101,0.3,1
0.00262451171875,0.00262451171875,0.0003395080566406,0.0007743835449218,0.0002946853637695,0.004,2
0.0052871704101562,0.0052871704101562,7.62939453125e-05,7.62939453125e-05,0.0018939971923828,0.002,2
0.0012702941894531,0.0012454986572265,0.0009822845458984,0.0009841918945312,2.47955322265625e-05,0.295,1
0.0,0.0013027191162109,0.012481689453125,0.02093505859375,0.0023918151855468,0.257,0
0.0,0.0013027191162109,0.0056991577148437,0.007965087890625,0.0005884170532226,0.262,0
0.0032501220703125,0.0041961669921875,0.001535415649414,0.0016059875488281,0.000258445739746,0.3,1
0.0001955032348632,0.0001955032348632,9.250640869140624e-05,0.0001029968261718,9.5367431640625e-07,0.3,1
0.0,0.0013027191162109,0.0036125183105468,0.00787353515625,0.0011806488037109,0.3,0
0.006683349609375,0.0036125183105468,0.0006771087646484,0.0006790161132812,9.5367431640625e-07,0.3,0
0.0057296752929687,0.0065078735351562,0.0042343139648437,0.0057296752929687,0.0002670288085937,0.3,1
0.00262451171875,0.00262451171875,0.0003395080566406,0.0007743835449218,0.0002946853637695,0.004,2
0.012298583984375,0.0101470947265625,0.0068588256835937,0.0075836181640625,0.0013885498046875,0.3,1
0.01116943359375,0.01116943359375,0.0074310302734375,0.01043701171875,0.0011425018310546,0.3,1
0.0106201171875,0.0106201171875,0.0078277587890625,0.008544921875,4.76837158203125e-06,0.3,1
0.0,0.0013027191162109,0.0052871704101562,0.0052947998046875,0.0024795532226562,0.3,0
0.0017166137695312,0.0017166137695312,0.0005979537963867,0.0005979537963867,0.0005979537963867,0.002,2
0.011016845703125,0.011016845703125,0.0008964538574218,0.000899314880371,7.62939453125e-06,0.3,0
0.0065078735351562,0.0065078735351562,0.0030097961425781,0.0037956237792968,0.0004444122314453,0.097,1
0.0,0.0001649856567382,0.0001430511474609,0.0001440048217773,2.09808349609375e-05,0.3,0
0.0052108764648437,0.0052108764648437,0.0009660720825195,0.0009727478027343,0.0005407333374023,0.3,0
0.0025901794433593,0.0026054382324218,0.0013904571533203,0.0013942718505859,0.0002994537353515,0.3,1
0.0094757080078125,0.0094757080078125,0.0087127685546875,0.0087127685546875,9.5367431640625e-07,0.3,1
0.008819580078125,0.03387451171875,0.0038261413574218,0.0038681030273437,0.0008192062377929,0.3,1
0.0,0.00262451171875,0.0,0.0,0.0,0.002,2
0.0063247680664062,0.0063247680664062,0.0048370361328125,0.0048446655273437,0.0003700256347656,0.3,1
0.0,0.023956298828125,0.0001602172851562,0.0001640319824218,5.054473876953125e-05,0.3,0
0.00213623046875,0.0018234252929687,0.0014305114746093,0.0018234252929687,4.00543212890625e-05,0.3,1
0.0012702941894531,0.0012454986572265,0.0009822845458984,0.0009841918945312,2.47955322265625e-05,0.295,1
0.0,0.0013027191162109,0.0052871704101562,0.0052947998046875,0.0024795532226562,0.3,0
0.0,0.0013027191162109,9.5367431640625e-07,9.5367431640625e-07,1.1444091796875e-05,0.001,2
0.0036125183105468,0.0036125183105468,9.5367431640625e-07,9.5367431640625e-07,0.0,0.001,2
0.0,0.0013027191162109,0.0071182250976562,0.00726318359375,0.000645637512207,0.3,0
0.0018234252929687,0.0018234252929687,0.0001764297485351,0.0003833770751953,0.000197410583496,0.003,2
0.0,0.0013027191162109,0.0052871704101562,0.0052947998046875,0.0024795532226562,0.3,0
0.0012702941894531,0.0012454986572265,0.0009822845458984,0.0009841918945312,2.47955322265625e-05,0.295,1
0.0052108764648437,0.0073471069335937,0.0030326843261718,0.0034713745117187,0.0001544952392578,0.3,1
0.0,0.0013027191162109,0.008544921875,0.0128631591796875,0.0012035369873046,0.3,0
0.008819580078125,0.0052108764648437,0.0065994262695312,0.0075759887695312,0.001138687133789,0.3,1
0.0036125183105468,0.0036125183105468,0.000624656677246,0.0009975433349609,0.0003423690795898,0.004,2
0.0032424926757812,0.0032539367675781,0.0006084442138671,0.0006084442138671,0.0001344680786132,0.3,0
0.0052108764648437,0.0052108764648437,0.0010910034179687,0.0011062622070312,0.0003108978271484,0.3,0
0.0032424926757812,0.00634765625,0.0006122589111328,0.0006132125854492,6.67572021484375e-06,0.3,0
0.0134124755859375,0.0134124755859375,0.031036376953125,0.0,0.0005311965942382,0.3,1
0.0032501220703125,0.0036849975585937,0.001535415649414,0.0016059875488281,0.000258445739746,0.3,1
0.0062103271484375,0.007843017578125,0.0020103454589843,0.00201416015625,0.0002546310424804,0.3,0
0.0056915283203125,0.0056915283203125,0.0006599426269531,0.0006618499755859,0.0005149841308593,0.296,0
0.013092041015625,0.013092041015625,0.0101776123046875,0.01019287109375,0.0012454986572265,0.3,1
0.0,0.0013027191162109,0.016510009765625,0.017333984375,0.0003213882446289,0.3,0
0.0731201171875,0.0460205078125,0.00335693359375,0.0033798217773437,0.0007581710815429,0.3,0
0.0028839111328125,0.0028839111328125,0.0015716552734375,0.0015983581542968,0.0002002716064453,0.3,1
0.037841796875,0.037841796875,1.9073486328125e-06,1.9073486328125e-06,0.0,0.001,2
0.006683349609375,0.0036125183105468,0.0006771087646484,0.0006790161132812,9.5367431640625e-07,0.3,0
0.0005350112915039,0.0005435943603515,0.0004940032958984,0.0005407333374023,0.0002298355102539,0.127,1
0.0026054382324218,0.0026054382324218,0.0016765594482421,0.0022125244140625,6.198883056640625e-05,0.3,1
0.000227928161621,0.000227928161621,0.000152587890625,0.00018310546875,0.0,0.241,1
0.0002317428588867,0.0002088546752929,8.58306884765625e-06,8.58306884765625e-06,0.0,0.002,2
0.0,0.0042343139648437,0.0001497268676757,0.0001535415649414,2.47955322265625e-05,0.3,0
0.0,0.0013027191162109,0.0082550048828125,0.0153350830078125,0.0012779235839843,0.3,0
0.0033683776855468,0.0033683776855468,0.0023460388183593,0.0,0.0004081726074218,0.3,1
0.0,0.0013027191162109,0.021514892578125,0.02197265625,0.002471923828125,0.3,0
0.0052108764648437,0.0052108764648437,0.0010910034179687,0.0011062622070312,0.0003108978271484,0.3,0
0.0032501220703125,0.0036849975585937,0.001535415649414,0.0016059875488281,0.000258445739746,0.3,1
0.0416259765625,0.0416259765625,0.034423828125,0.0345458984375,0.0002050399780273,0.3,1
0.0052108764648437,0.0052108764648437,0.0023002624511718,0.0023765563964843,0.000615119934082,0.3,1
0.0032501220703125,0.0036849975585937,0.001535415649414,0.0016059875488281,0.000258445739746,0.3,1
0.0026931762695312,0.0013847351074218,0.0023994445800781,0.0024337768554687,8.20159912109375e-05,0.3,1
0.00262451171875,0.00262451171875,0.0011024475097656,0.001443862915039,5.7220458984375e-06,0.3,1
0.0,0.0003175735473632,0.0001869201660156,0.000187873840332,1.9073486328125e-06,0.3,0
0.0,0.0013027191162109,0.003173828125,0.009613037109375,0.0006217956542968,0.3,0
0.0008134841918945,0.0005674362182617,0.0005102157592773,0.0005121231079101,0.0001630783081054,0.3,1
0.0006361007690429,0.0006361007690429,0.0001583099365234,0.0001583099365234,0.0001478195190429,0.001,2
0.019989013671875,0.0084075927734375,0.0072860717773437,0.0077438354492187,0.000563621520996,0.3,0
0.0018234252929687,0.0018234252929687,0.0009975433349609,0.0011711120605468,0.0004386901855468,0.048,1
0.0018463134765625,0.0016155242919921,0.0016365051269531,0.0016460418701171,0.0005378723144531,0.003,1
0.0065078735351562,0.0065078735351562,0.0030097961425781,0.0037956237792968,0.0004444122314453,0.097,1
0.0123748779296875,0.0123748779296875,5.14984130859375e-05,5.14984130859375e-05,0.0002498626708984,0.001,2
0.006683349609375,0.0036125183105468,0.0006961822509765,0.0006980895996093,1.1444091796875e-05,0.3,0
0.0002355575561523,0.0002355575561523,7.62939453125e-06,7.62939453125e-06,9.5367431640625e-07,0.002,2
0.00390625,0.0056076049804687,0.0020179748535156,0.0028305053710937,0.0003728866577148,0.063,1
0.0032501220703125,0.0036849975585937,0.001535415649414,0.0016059875488281,0.000258445739746,0.3,1
0.0,0.0013027191162109,0.000345230102539,0.0005617141723632,0.0002107620239257,0.019,2
0.00262451171875,0.00262451171875,0.0015277862548828,0.0016098022460937,0.0004777908325195,0.3,1
0.0032424926757812,0.0024452209472656,0.0006723403930664,0.0006742477416992,7.62939453125e-06,0.3,0
0.0059890747070312,0.010101318359375,0.0001602172851562,0.0001611709594726,0.0001497268676757,0.003,2
0.000227928161621,0.000227928161621,0.000152587890625,0.00018310546875,0.0,0.241,1
0.0040130615234375,0.0030632019042968,0.0028343200683593,0.0028572082519531,0.0011539459228515,0.3,1
0.0094757080078125,0.0094757080078125,0.0087127685546875,0.0087127685546875,9.5367431640625e-07,0.3,1
0.0,0.0013027191162109,0.0113677978515625,0.019622802734375,0.0012626647949218,0.3,0
0.006500244140625,0.0065078735351562,9.5367431640625e-07,9.5367431640625e-07,0.0,0.001,2
0.0,0.0045700073242187,0.0041427612304687,0.004150390625,0.000136375427246,0.3,0
0.0032501220703125,0.0036849975585937,0.001535415649414,0.0016059875488281,0.000258445739746,0.3,1
0.0094757080078125,0.0094757080078125,0.0087127685546875,0.0087127685546875,9.5367431640625e-07,0.3,1
0.0,0.0013027191162109,0.0126495361328125,0.012786865234375,0.0005807876586914,0.3,0
0.0001955032348632,0.0002002716064453,9.250640869140624e-05,0.0001029968261718,9.5367431640625e-07,0.3,1
0.027862548828125,0.025665283203125,0.002777099609375,0.0027847290039062,0.000554084777832,0.226,0
0.01116943359375,0.01312255859375,0.0072097778320312,0.0105438232421875,0.0009098052978515,0.3,1
0.0052108764648437,0.0052108764648437,0.0030326843261718,0.0034713745117187,0.0001544952392578,0.3,1
0.0,0.0013027191162109,0.00421142578125,0.008697509765625,0.0014915466308593,0.3,0
0.0,0.0003175735473632,0.0002088546752929,0.0002164840698242,0.0,0.3,0
0.0057296752929687,0.0057296752929687,0.0042343139648437,0.0057296752929687,0.0002670288085937,0.3,1
0.01080322265625,0.01080322265625,0.00848388671875,0.00848388671875,0.0008001327514648,0.3,1
0.0,0.0013027191162109,9.5367431640625e-07,9.5367431640625e-07,0.0006589889526367,0.005,2
0.0001955032348632,0.000166893005371,9.250640869140624e-05,0.0001029968261718,9.5367431640625e-07,0.3,1
0.0038681030273437,0.0052108764648437,0.0026512145996093,0.0026931762695312,0.0003309249877929,0.3,1
0.03265380859375,0.030059814453125,0.01953125,0.0208740234375,0.0021553039550781,0.3,1
0.0625,0.0006361007690429,0.050048828125,0.05023193359375,0.0002336502075195,0.3,1
0.000227928161621,0.000227928161621,0.000152587890625,0.00018310546875,0.0,0.241,1
0.000227928161621,0.000227928161621,0.000152587890625,0.00018310546875,0.0,0.241,1
0.0029716491699218,0.0015621185302734,0.0021476745605468,0.0023918151855468,5.91278076171875e-05,0.3,1
0.0052108764648437,0.0052108764648437,0.0016651153564453,0.001749038696289,5.91278076171875e-05,0.3,0
0.03265380859375,0.03265380859375,0.01953125,0.0208740234375,0.0021553039550781,0.3,1
0.0076828002929687,0.0076828002929687,0.0040664672851562,0.0040817260742187,0.0001688003540039,0.3,1
0.0,0.0013027191162109,0.01971435546875,0.020599365234375,0.0005702972412109,0.3,0
0.1875,0.19970703125,0.14697265625,0.181640625,0.0001697540283203,0.3,3
0.0015621185302734,0.0015621185302734,0.0010833740234375,0.0011844635009765,0.000472068786621,0.089,1
0.0052413940429687,0.0046844482421875,0.0015773773193359,0.0016231536865234,0.0005178451538085,0.3,0
0.01080322265625,0.01080322265625,0.00848388671875,0.00848388671875,0.0008001327514648,0.3,1
0.0024490356445312,0.0018234252929687,0.0016365051269531,0.0016403198242187,8.487701416015625e-05,0.3,1
0.016937255859375,0.016937255859375,0.0058746337890625,0.0060348510742187,0.000533103942871,0.3,0
0.004364013671875,0.004364013671875,0.00225830078125,0.0023002624511718,0.0002937316894531,0.3,1
0.0001955032348632,0.000197410583496,9.250640869140624e-05,0.0001029968261718,9.5367431640625e-07,0.3,1
0.000227928161621,0.000227928161621,0.000152587890625,0.00018310546875,0.0,0.241,1
0.0104217529296875,0.0053482055664062,0.0030670166015625,0.0030746459960937,0.0006284713745117,0.3,0
0.0,0.0013027191162109,0.008880615234375,0.010040283203125,0.0012798309326171,0.3,0
0.0,0.0040283203125,0.0042572021484375,0.0042800903320312,0.0002241134643554,0.3,0
0.0,0.0030479431152343,0.0012931823730468,0.0014324188232421,0.0002193450927734,0.3,0
0.0024795532226562,0.0024795532226562,0.0005168914794921,0.0007514953613281,2.765655517578125e-05,0.003,2
0.0032501220703125,0.0036849975585937,0.001535415649414,0.0016059875488281,0.000258445739746,0.3,1
0.00213623046875,0.0018234252929687,0.0014991760253906,0.0018234252929687,7.43865966796875e-05,0.3,1
0.0135955810546875,0.022979736328125,0.0053024291992187,0.0058364868164062,0.000615119934082,0.3,0
0.0029678344726562,0.0039215087890625,0.0015335083007812,0.0015335083007812,9.5367431640625e-07,0.3,1
0.0104217529296875,0.0104217529296875,6.580352783203125e-05,6.961822509765625e-05,2.86102294921875e-06,0.003,2
0.0022773742675781,0.0022811889648437,0.0002574920654296,0.0002574920654296,0.0001354217529296,0.002,2
0.0035858154296875,0.003509521484375,0.0012149810791015,0.0012474060058593,7.534027099609375e-05,0.3,0
0.0018482208251953,0.0020294189453125,2.384185791015625e-05,2.47955322265625e-05,0.0003280639648437,0.004,2
0.0052108764648437,0.0052108764648437,0.0018596649169921,0.0018882751464843,0.0001649856567382,0.3,0
0.0,0.0013027191162109,0.01953125,0.023651123046875,0.0014381408691406,0.243,0
0.0,0.001190185546875,0.0001592636108398,0.0001630783081054,2.384185791015625e-05,0.3,0
0.0,0.00262451171875,0.0,0.0,0.0,0.002,2
0.006500244140625,0.0065078735351562,9.5367431640625e-07,9.5367431640625e-07,0.0,0.001,2
0.1875,0.1041259765625,0.129638671875,0.129638671875,0.0017356872558593,0.3,3
0.011016845703125,0.011016845703125,0.0008964538574218,0.000899314880371,7.62939453125e-06,0.3,0
0.00262451171875,0.018218994140625,0.0010833740234375,0.0011711120605468,0.0004692077636718,0.105,1
0.0462646484375,0.0462646484375,0.033935546875,0.0362548828125,0.000711441040039,0.3,1
0.0,0.0013027191162109,9.5367431640625e-07,9.5367431640625e-07,1.1444091796875e-05,0.001,2
0.00262451171875,0.00262451171875,0.0003395080566406,0.0007743835449218,0.0002946853637695,0.004,2
0.0065078735351562,0.0065078735351562,0.0001173019409179,0.0001192092895507,1.9073486328125e-06,0.003,2
0.0032501220703125,0.0036849975585937,0.001535415649414,0.0016059875488281,0.000258445739746,0.3,1
0.0052108764648437,0.0052108764648437,0.001220703125,0.0012226104736328,0.0005769729614257,0.3,0
0.1875,0.2587890625,0.2216796875,0.22216796875,0.0010700225830078,0.3,3
0.0,0.0013027191162109,0.0186767578125,0.019287109375,0.001230239868164,0.3,0
0.0018234252929687,0.0018234252929687,0.0001764297485351,0.0003833770751953,0.000197410583496,0.003,2
0.0225830078125,0.019561767578125,0.0106201171875,0.0107421875,0.0006294250488281,0.3,1
0.006683349609375,0.0036125183105468,0.0006961822509765,0.0006980895996093,1.1444091796875e-05,0.3,0
0.0052108764648437,0.0052108764648437,0.0010910034179687,0.0011062622070312,0.0003108978271484,0.3,0
0.00640869140625,0.0037956237792968,0.0015239715576171,0.0019512176513671,0.0001869201660156,0.3,0
0.0051651000976562,0.0046539306640625,7.43865966796875e-05,7.62939453125e-05,0.0006351470947265,0.004,2
0.1875,0.1041259765625,0.129638671875,0.129638671875,0.0017356872558593,0.3,3
0.0036125183105468,0.0036125183105468,9.5367431640625e-07,9.5367431640625e-07,0.0,0.001,2
0.0036125183105468,0.0036125183105468,0.0006523132324218,0.0006532669067382,9.5367431640625e-06,0.013,2
0.0,0.00262451171875,0.0,0.0,0.0,0.002,2
0.0097503662109375,0.0097503662109375,0.0087432861328125,0.0087432861328125,0.0001239776611328,0.3,1
0.0,0.0013027191162109,0.0071182250976562,0.00726318359375,0.000645637512207,0.3,0
0.0015621185302734,0.0015621185302734,0.0010833740234375,0.0011844635009765,0.000472068786621,0.089,1
0.0032501220703125,0.0036849975585937,0.001535415649414,0.0016059875488281,0.000258445739746,0.3,1
0.006500244140625,0.0065078735351562,9.5367431640625e-07,9.5367431640625e-07,0.0,0.001,2
0.0,0.0013027191162109,0.0005388259887695,0.000624656677246,0.0002803802490234,0.062,2
0.000436782836914,0.0002975463867187,0.0003032684326171,0.0003108978271484,0.0,0.3,1
0.0,0.0013027191162109,0.0076751708984375,0.0087738037109375,0.0008134841918945,0.3,0
0.0,0.0013027191162109,0.01971435546875,0.020050048828125,0.0012836456298828,0.3,0
0.0041885375976562,0.004638671875,9.72747802734375e-05,9.72747802734375e-05,0.0001630783081054,0.001,2
0.0012702941894531,0.0012454986572265,0.0009822845458984,0.0009841918945312,2.47955322265625e-05,0.295,1
0.00726318359375,0.0072555541992187,0.005401611328125,0.0054092407226562,0.0004854202270507,0.3,1
0.0052108764648437,0.0052108764648437,0.0018596649169921,0.0018882751464843,0.0001649856567382,0.3,0
0.0004520416259765,0.0013160705566406,0.0002765655517578,0.0003156661987304,0.0,0.3,1
0.0,0.0289306640625,0.0002365112304687,0.0002651214599609,9.5367431640625e-07,0.3,0
0.0,0.0057830810546875,9.72747802734375e-05,0.0001077651977539,9.5367431640625e-07,0.3,0
0.004364013671875,0.004364013671875,0.00225830078125,0.0023002624511718,0.0002937316894531,0.3,1
0.0002717971801757,0.0002717971801757,7.62939453125e-05,7.62939453125e-05,9.5367431640625e-06,0.002,2
0.0,0.0013027191162109,0.0047760009765625,0.00994873046875,0.0012741088867187,0.3,0
0.0001955032348632,0.000192642211914,9.250640869140624e-05,0.0001029968261718,9.5367431640625e-07,0.3,1
0.0004034042358398,0.0004034042358398,0.0002346038818359,0.0002479553222656,0.0,0.3,1
0.0032501220703125,0.0036849975585937,0.001535415649414,0.0016059875488281,0.000258445739746,0.3,1
0.00390625,0.00390625,0.0009355545043945,0.0012130737304687,0.0001344680786132,0.3,0
0.006011962890625,0.0057296752929687,0.0038948059082031,0.0039215087890625,0.000248908996582,0.3,1
0.1875,0.1041259765625,0.129638671875,0.129638671875,0.0017356872558593,0.3,3
0.1009521484375,0.187744140625,0.0005731582641601,0.0005731582641601,0.0005617141723632,0.004,2
0.0,0.0013027191162109,0.008544921875,0.0128631591796875,0.0012035369873046,0.3,0
0.0018482208251953,0.0018482208251953,2.384185791015625e-05,2.47955322265625e-05,0.0003280639648437,0.004,2
0.0038070678710937,0.004302978515625,0.0022430419921875,0.0022735595703125,2.86102294921875e-06,0.3,1
0.0,0.0030479431152343,0.0008068084716796,0.0009422302246093,0.0002298355102539,0.3,0
0.0032691955566406,0.0033111572265625,0.0006446838378906,0.000676155090332,0.0001869201660156,0.058,2
0.0,0.0013027191162109,0.0052871704101562,0.0052947998046875,0.0024795532226562,0.3,0
0.0054702758789062,0.0054702758789062,0.00244140625,0.0026969909667968,0.0016555786132812,0.027,1
0.00262451171875,0.00262451171875,0.0007200241088867,0.0007238388061523,1.9073486328125e-06,0.262,0
0.0031394958496093,0.0031471252441406,0.0031394958496093,0.0,7.2479248046875e-05,0.3,1
0.0020790100097656,0.0023689270019531,9.5367431640625e-07,9.5367431640625e-07,0.0,0.001,2
0.0012702941894531,0.0012454986572265,0.0009822845458984,0.0009841918945312,2.47955322265625e-05,0.295,1
0.000227928161621,0.000223159790039,0.000152587890625,0.00018310546875,0.0,0.241,1
0.0,0.0013027191162109,0.0070953369140625,0.0097198486328125,0.0013256072998046,0.3,0
0.011383056640625,0.0101776123046875,0.001138687133789,0.0011425018310546,0.000319480895996,0.3,0
0.0,0.0013027191162109,0.0042495727539062,0.0056915283203125,0.0007314682006835,0.06,2
0.0052108764648437,0.0052108764648437,0.0018596649169921,0.0018882751464843,0.0001649856567382,0.3,0
0.0,0.0013027191162109,1.1444091796875e-05,7.43865966796875e-05,0.0003986358642578,0.007,2
0.00262451171875,0.00262451171875,0.0003395080566406,0.0007743835449218,0.0002946853637695,0.004,2
0.0018386840820312,0.0019569396972656,0.0006141662597656,0.0006141662597656,0.0005979537963867,0.001,2
0.0,0.0013027191162109,0.0135955810546875,0.0142669677734375,0.0005931854248046,0.3,0
0.0042953491210937,0.0096282958984375,0.0030593872070312,0.0039520263671875,0.0002202987670898,0.3,1
0.0014705657958984,0.0031547546386718,0.000166893005371,0.0001678466796875,0.0002431869506835,0.003,2
0.0127105712890625,0.027435302734375,0.0104522705078125,0.01092529296875,0.001291275024414,0.3,1
0.0104217529296875,0.0104217529296875,6.580352783203125e-05,6.961822509765625e-05,2.86102294921875e-06,0.003,2
0.0,0.0013027191162109,0.0225830078125,0.02325439453125,0.000579833984375,0.3,0
0.0036125183105468,0.0009975433349609,0.0006980895996093,0.0006999969482421,0.0001230239868164,0.3,0
0.0033683776855468,0.0033683776855468,0.002593994140625,0.0,0.0004024505615234,0.3,1
0.0,0.0013027191162109,0.016387939453125,0.0194091796875,0.0010433197021484,0.3,0
0.0032539367675781,0.0032539367675781,0.0013999938964843,0.0013999938964843,0.0004243850708007,0.009,2
0.0,0.0108184814453125,0.0014400482177734,0.0014572143554687,0.0003433227539062,0.3,0
0.0,0.00262451171875,0.0,0.0,0.0,0.002,2
0.0065078735351562,0.0065078735351562,0.0001173019409179,0.0001192092895507,1.9073486328125e-06,0.003,2
0.0018482208251953,0.0018482208251953,2.384185791015625e-05,2.47955322265625e-05,0.0003280639648437,0.004,2
0.0,0.0013027191162109,0.0053558349609375,0.006103515625,0.0006942749023437,0.3,0
0.0,0.0013027191162109,0.02178955078125,0.023406982421875,0.0014266967773437,0.077,0
0.0,0.0038566589355468,0.001953125,0.0019645690917968,0.0008172988891601,0.3,0
0.0,0.00262451171875,0.0,0.0,0.0,0.002,2
0.0148468017578125,0.0052108764648437,0.0111083984375,0.0111541748046875,4.76837158203125e-06,0.3,1
0.0106201171875,0.0028572082519531,0.0078277587890625,0.008544921875,4.76837158203125e-06,0.3,1
0.006866455078125,0.006866455078125,0.0052032470703125,0.0052413940429687,9.059906005859376e-05,0.3,1
0.0,0.0013027191162109,1.1444091796875e-05,7.43865966796875e-05,0.0003986358642578,0.007,2
0.0026054382324218,0.0026054382324218,0.0012702941894531,0.0017032623291015,0.0003290176391601,0.3,1
0.0037422180175781,0.0037422180175781,0.002593994140625,0.002685546875,0.0004405975341796,0.3,1
0.0001955032348632,0.0001945495605468,9.250640869140624e-05,0.0001029968261718,9.5367431640625e-07,0.3,1
0.0036125183105468,0.0036125183105468,0.0033645629882812,0.0036125183105468,0.0,0.3,1
0.0,0.0013027191162109,9.5367431640625e-07,9.5367431640625e-07,0.0004167556762695,0.004,2
0.000227928161621,0.0002260208129882,0.000152587890625,0.00018310546875,0.0,0.241,1
0.0027313232421875,0.0028572082519531,0.0010356903076171,0.0010509490966796,9.632110595703124e-05,0.3,1
0.071044921875,0.069091796875,0.0033416748046875,0.0033454895019531,0.0007534027099609,0.3,0
0.0,0.0034141540527343,0.0001716613769531,0.0001735687255859,1.9073486328125e-05,0.3,0
0.0078125,0.0056915283203125,0.003875732421875,0.0050201416015625,0.0001335144042968,0.3,1
0.011016845703125,0.011016845703125,0.0008964538574218,0.000899314880371,7.62939453125e-06,0.3,0
0.0012702941894531,0.0012702941894531,0.0009822845458984,0.0009841918945312,2.47955322265625e-05,0.295,1
0.0015621185302734,0.0015621185302734,0.0011672973632812,0.001312255859375,0.0002250671386718,0.3,1
0.0004034042358398,0.0003242492675781,0.0002346038818359,0.0002479553222656,0.0,0.3,1
0.009765625,0.009765625,0.0016994476318359,0.0017051696777343,0.0004358291625976,0.3,0
0.1009521484375,0.187744140625,0.0005731582641601,0.0005731582641601,0.0005617141723632,0.004,2
0.0072174072265625,0.0067596435546875,0.0037765502929687,0.0037918090820312,0.0012741088867187,0.148,1
0.006500244140625,0.0065078735351562,9.5367431640625e-07,9.5367431640625e-07,0.0,0.001,2
0.0,0.0013027191162109,0.0107879638671875,0.0129241943359375,0.0005865097045898,0.3,0
0.0001955032348632,0.0001955032348632,9.250640869140624e-05,0.0001029968261718,9.5367431640625e-07,0.3,1
0.011016845703125,0.011016845703125,0.0008964538574218,0.000899314880371,7.62939453125e-06,0.3,0
0.0,0.0013027191162109,0.0082550048828125,0.0153350830078125,0.0012779235839843,0.3,0
0.0032424926757812,0.0024452209472656,0.0006723403930664,0.0006742477416992,7.62939453125e-06,0.3,0
0.0037765502929687,0.0008554458618164,0.0013027191162109,0.0013046264648437,4.100799560546875e-05,0.3,0
0.009368896484375,0.154052734375,1.9073486328125e-05,2.09808349609375e-05,0.0,0.01,2
0.0054092407226562,0.0054092407226562,0.00323486328125,0.0040512084960937,0.0018444061279296,0.161,1
0.0,0.0013027191162109,1.1444091796875e-05,7.43865966796875e-05,0.0003986358642578,0.007,2
0.0076141357421875,0.0067825317382812,9.5367431640625e-07,9.5367431640625e-07,0.0,0.001,2
0.0059890747070312,0.0126190185546875,0.0001602172851562,0.0001611709594726,0.0001497268676757,0.003,2
0.000227928161621,0.0002365112304687,0.000152587890625,0.00018310546875,0.0,0.241,1
0.0104217529296875,0.0104217529296875,6.580352783203125e-05,6.961822509765625e-05,2.86102294921875e-06,0.003,2
0.0149688720703125,0.016693115234375,0.00567626953125,0.00567626953125,0.0001983642578125,0.041,2
0.0104217529296875,0.0104217529296875,6.580352783203125e-05,6.961822509765625e-05,2.86102294921875e-06,0.003,2
0.0002965927124023,0.0002937316894531,0.00018310546875,0.0001907348632812,0.0,0.3,1
0.0018234252929687,0.0018234252929687,0.0007400512695312,0.0008964538574218,0.0004997253417968,0.133,1
0.0052108764648437,0.0052108764648437,0.0018596649169921,0.0018882751464843,0.0001649856567382,0.3,0
0.000885009765625,0.0008974075317382,0.0005521774291992,0.000554084777832,0.0001535415649414,0.3,1
0.0004348754882812,0.0003366470336914,0.0002698898315429,0.0002822875976562,4.76837158203125e-06,0.3,1
0.017242431640625,0.017242431640625,0.0047531127929687,0.0055007934570312,0.0007781982421875,0.3,0
0.0028190612792968,0.0070877075195312,0.0021591186523437,0.002227783203125,0.0001640319824218,0.3,1
0.0018234252929687,0.0018234252929687,0.0007400512695312,0.0008964538574218,0.0004997253417968,0.133,1
0.0106201171875,0.0106201171875,0.0052642822265625,0.0054092407226562,0.0002307891845703,0.3,1
0.0849609375,0.0849609375,9.5367431640625e-07,9.5367431640625e-07,0.0,0.001,2
0.0094451904296875,0.0073699951171875,0.0023117065429687,0.0024642944335937,0.0002059936523437,0.3,0
0.0,0.04266357421875,0.000126838684082,0.0001306533813476,1.811981201171875e-05,0.3,0
0.0078125,0.0057220458984375,0.003875732421875,0.0050201416015625,0.0001335144042968,0.3,1
0.0150299072265625,0.0015525817871093,0.0115966796875,0.0116424560546875,0.0001516342163085,0.3,1
0.0,0.0076522827148437,0.0126953125,0.0127410888671875,0.0001773834228515,0.3,0
0.0104217529296875,0.0104217529296875,6.580352783203125e-05,6.961822509765625e-05,2.86102294921875e-06,0.003,2
0.0013027191162109,0.0013027191162109,0.0011329650878906,0.001138687133789,2.574920654296875e-05,0.3,1
0.0004348754882812,0.0003833770751953,0.0002698898315429,0.0002822875976562,4.76837158203125e-06,0.3,1
0.0,0.0263671875,0.0006837844848632,0.000701904296875,0.0001659393310546,0.3,0
0.0066146850585937,0.0066146850585937,0.0030632019042968,0.0030975341796875,0.0008506774902343,0.252,1
0.0052108764648437,0.0052108764648437,0.0018596649169921,0.0018882751464843,0.0001649856567382,0.3,0
0.0,0.0013027191162109,0.010101318359375,0.010162353515625,0.0002784729003906,0.072,2
0.00262451171875,0.00262451171875,0.000762939453125,0.0007638931274414,0.0005645751953125,0.023,2
0.0001955032348632,0.0002012252807617,9.250640869140624e-05,0.0001029968261718,9.5367431640625e-07,0.3,1
0.00390625,0.00390625,0.0009088516235351,0.0009117126464843,0.0001716613769531,0.3,0
0.0,0.0013027191162109,0.008544921875,0.0128631591796875,0.0012035369873046,0.3,0
0.0026588439941406,0.0015621185302734,0.0018959045410156,0.0020751953125,1.430511474609375e-05,0.3,1
0.0,0.0032539367675781,9.72747802734375e-05,0.000105857849121,1.239776611328125e-05,0.3,0
0.009368896484375,0.154052734375,1.9073486328125e-05,2.09808349609375e-05,0.0,0.01,2
0.0065078735351562,0.0065078735351562,0.0030097961425781,0.0037956237792968,0.0004444122314453,0.097,1
0.0,0.0013027191162109,0.0135955810546875,0.0142669677734375,0.0005931854248046,0.3,0
0.0094757080078125,0.0094757080078125,0.0087127685546875,0.0087127685546875,9.5367431640625e-07,0.3,1
0.00262451171875,0.00262451171875,0.0009384155273437,0.0015068054199218,0.0005674362182617,0.3,1
0.000441551208496,0.0002670288085937,0.0002832412719726,0.0003013610839843,0.0,0.3,1
0.0032501220703125,0.0041961669921875,0.001535415649414,0.0016059875488281,0.000258445739746,0.3,1
0.0088653564453125,0.0088653564453125,0.0024986267089843,0.0025177001953125,0.0005617141723632,0.3,0
0.0065078735351562,0.0065078735351562,0.0017414093017578,0.0023078918457031,3.4332275390625e-05,0.016,2
0.006683349609375,0.0036125183105468,0.0006771087646484,0.0006790161132812,9.5367431640625e-07,0.3,0
0.0,0.0013027191162109,0.0056991577148437,0.007965087890625,0.0005884170532226,0.262,0
0.0052108764648437,0.0052108764648437,0.00115966796875,0.0011615753173828,0.0002899169921875,0.3,0
0.0069580078125,0.006622314453125,0.0039901733398437,0.0040206909179687,0.0010013580322265,0.3,1
0.0052108764648437,0.0052108764648437,0.0030517578125,0.0030632019042968,3.4332275390625e-05,0.3,1
0.0012702941894531,0.0012454986572265,0.0009822845458984,0.0009841918945312,2.47955322265625e-05,0.295,1
0.0065078735351562,0.0065078735351562,0.0018596649169921,0.0018863677978515,0.0003032684326171,0.3,0
0.0,0.0013027191162109,0.0008811950683593,0.0009822845458984,0.0003376007080078,0.015,2
0.0,0.0045700073242187,0.0040130615234375,0.0040130615234375,0.0002870559692382,0.3,0
0.0131683349609375,0.0131683349609375,0.0108642578125,0.010894775390625,0.000493049621582,0.3,1
0.00518798828125,0.05364990234375,0.0010089874267578,0.0010261535644531,0.0005931854248046,0.3,0
0.0025405883789062,0.0025405883789062,0.0003881454467773,0.0004396438598632,0.0003280639648437,0.003,2
0.0,0.0032539367675781,0.0001153945922851,0.0001344680786132,0.0,0.3,0
0.023284912109375,0.020965576171875,0.01824951171875,0.018798828125,0.0006866455078125,0.3,1
0.01080322265625,0.01080322265625,0.00848388671875,0.00848388671875,0.0008001327514648,0.3,1
0.0012416839599609,0.0012416839599609,0.0006446838378906,0.0006475448608398,0.0003566741943359,0.3,1
0.0,0.0032539367675781,0.000126838684082,0.0001306533813476,1.811981201171875e-05,0.3,0
0.0014915466308593,0.0013351440429687,0.0003528594970703,0.0007104873657226,4.673004150390625e-05,0.003,2
0.0012569427490234,0.0012569427490234,0.000833511352539,0.000859260559082,0.0002784729003906,0.3,1
0.1009521484375,0.187744140625,0.0005731582641601,0.0005731582641601,0.0005617141723632,0.004,2
0.1875,0.1041259765625,0.129638671875,0.129638671875,0.0017356872558593,0.3,3
0.0416259765625,0.0416259765625,0.034423828125,0.03466796875,0.0002269744873046,0.3,1
0.0,0.00262451171875,0.0,0.0,0.0,0.002,2
0.0001955032348632,0.0002002716064453,9.250640869140624e-05,0.0001029968261718,9.5367431640625e-07,0.3,1
0.0102691650390625,0.0102691650390625,0.0046157836914062,0.0046310424804687,0.0006389617919921,0.3,1
0.0,0.0039825439453125,0.0013065338134765,0.0013236999511718,0.0001688003540039,0.3,0
0.0037422180175781,0.0037422180175781,0.002593994140625,0.002685546875,0.0004405975341796,0.3,1
0.0036125183105468,0.0036125183105468,0.0033645629882812,0.0036125183105468,0.0,0.3,1
0.0067291259765625,0.0053024291992187,0.0029449462890625,0.00335693359375,0.0004844665527343,0.072,1
0.0028572082519531,0.0028572082519531,0.0012569427490234,0.0012588500976562,0.0002689361572265,0.3,1
0.00262451171875,0.00262451171875,0.0011024475097656,0.001443862915039,5.7220458984375e-06,0.3,1
0.0,0.0023574829101562,0.0001602172851562,0.0001630783081054,3.910064697265625e-05,0.3,0
0.0,0.0013027191162109,0.0069580078125,0.0104522705078125,0.0002956390380859,0.3,0
0.0097503662109375,0.0097503662109375,0.0027389526367187,0.0059814453125,0.0,0.3,1
0.1875,0.1041259765625,0.129638671875,0.129638671875,0.0017356872558593,0.3,3
0.004302978515625,0.004302978515625,0.0028457641601562,0.0029106140136718,0.0003614425659179,0.3,1
0.0731201171875,0.0731201171875,0.00335693359375,0.0033798217773437,0.0007581710815429,0.3,0
0.0,0.0013027191162109,0.012481689453125,0.02093505859375,0.0023918151855468,0.257,0
0.00518798828125,0.021453857421875,0.0010089874267578,0.0010261535644531,0.0005931854248046,0.3,0
0.00262451171875,0.00262451171875,0.0003395080566406,0.0007743835449218,0.0002946853637695,0.004,2
0.011016845703125,0.011016845703125,0.0008964538574218,0.000899314880371,7.62939453125e-06,0.3,0
0.0,0.0013027191162109,9.5367431640625e-07,9.5367431640625e-07,6.961822509765625e-05,0.003,2
0.0,0.00262451171875,0.01873779296875,0.01898193359375,0.000152587890625,0.3,0
0.0052108764648437,0.0052108764648437,0.0018596649169921,0.0018882751464843,0.0001649856567382,0.3,0
0.1875,0.1041259765625,0.129638671875,0.129638671875,0.0017356872558593,0.3,3
0.0,0.00262451171875,0.0,0.0,0.0,0.002,2
0.00518798828125,0.0052108764648437,0.0010089874267578,0.0010261535644531,0.0005931854248046,0.3,0
0.1875,0.1041259765625,0.129638671875,0.129638671875,0.0017356872558593,0.3,3
0.0148468017578125,0.0148468017578125,0.009521484375,0.009552001953125,0.001047134399414,0.3,1
0.0,0.0013027191162109,0.0038719177246093,0.0074691772460937,0.0007905960083007,0.3,0
0.0037765502929687,0.00775146484375,0.0013027191162109,0.0013046264648437,4.100799560546875e-05,0.3,0
0.0,0.0013027191162109,9.5367431640625e-07,9.5367431640625e-07,0.0004138946533203,0.003,2
0.0069046020507812,0.0061874389648437,0.0018291473388671,0.0025253295898437,0.0001792907714843,0.3,0
0.0001955032348632,0.0001955032348632,9.250640869140624e-05,0.0001029968261718,9.5367431640625e-07,0.3,1
0.0,0.0718994140625,0.0005397796630859,0.0005464553833007,0.000101089477539,0.3,0
0.0,0.00262451171875,0.0,0.0,0.0,0.002,2
0.0028457641601562,0.0028533935546875,0.0025138854980468,0.0025405883789062,0.000309944152832,0.041,1
0.006683349609375,0.0036125183105468,0.0006771087646484,0.0006790161132812,9.5367431640625e-07,0.3,0
0.000227928161621,0.000227928161621,0.000152587890625,0.00018310546875,0.0,0.241,1
0.0004348754882812,0.0003843307495117,0.0002698898315429,0.0002822875976562,4.76837158203125e-06,0.3,1
0.0,0.00262451171875,0.0,0.0,0.0,0.002,2
0.0,0.0013027191162109,0.02105712890625,0.023101806640625,0.0012664794921875,0.3,0
0.0,0.0013027191162109,0.02197265625,0.024078369140625,0.0005817413330078,0.3,0
0.0134124755859375,0.0134124755859375,0.031036376953125,0.0,0.0005311965942382,0.3,1
0.0019149780273437,0.0019035339355468,0.0015373229980468,0.0015621185302734,5.245208740234375e-05,0.3,1
0.0002355575561523,0.0002326965332031,7.62939453125e-06,7.62939453125e-06,9.5367431640625e-07,0.002,2
0.0,0.0013027191162109,0.000345230102539,0.0005617141723632,0.0002107620239257,0.019,2
0.0009651184082031,0.0009651184082031,0.0006732940673828,0.0006732940673828,0.0001296997070312,0.3,1
0.0065078735351562,0.0065078735351562,0.0004053115844726,0.0004053115844726,0.0003156661987304,0.001,2
0.0,0.0013027191162109,0.015289306640625,0.015716552734375,0.0012664794921875,0.194,0
0.0,0.0013027191162109,0.02197265625,0.024078369140625,0.0005817413330078,0.3,0
0.0,0.0013027191162109,0.02178955078125,0.023406982421875,0.0014266967773437,0.077,0
0.0052108764648437,0.0052108764648437,0.0018596649169921,0.0018882751464843,0.0001649856567382,0.3,0
0.0001955032348632,0.0001945495605468,9.250640869140624e-05,0.0001029968261718,9.5367431640625e-07,0.3,1
0.0,0.0013027191162109,0.0072402954101562,0.00933837890625,0.0001478195190429,0.3,0
0.0104217529296875,0.0104217529296875,6.580352783203125e-05,6.961822509765625e-05,2.86102294921875e-06,0.003,2
0.0018234252929687,0.0018234252929687,0.0013198852539062,0.0016307830810546,0.0004987716674804,0.096,1
0.007568359375,0.0075759887695312,0.0049362182617187,0.0049514770507812,0.0005769729614257,0.3,1
0.0018234252929687,0.0018234252929687,0.0001764297485351,0.0003833770751953,0.000197410583496,0.003,2
0.00390625,0.00390625,0.001190185546875,0.001199722290039,0.0001144409179687,0.3,0
0.0,0.0013027191162109,0.0052871704101562,0.0052947998046875,0.0024795532226562,0.3,0
0.00390625,0.00390625,0.0009088516235351,0.0009117126464843,0.0001716613769531,0.3,0
0.0,0.0001649856567382,0.0001716613769531,0.0001735687255859,1.9073486328125e-05,0.3,0
0.0,0.0013027191162109,0.0052871704101562,0.0052947998046875,0.0024795532226562,0.3,0
0.0,0.00262451171875,0.0,0.0,0.0,0.002,2
0.0022773742675781,0.0065078735351562,0.0004482269287109,0.0004491806030273,9.5367431640625e-07,0.3,0
0.00262451171875,0.00262451171875,0.0003395080566406,0.0007743835449218,0.0002946853637695,0.004,2
0.028656005859375,0.028656005859375,0.02264404296875,0.02264404296875,3.814697265625e-06,0.3,1
0.0416259765625,0.0085601806640625,0.03448486328125,0.03485107421875,0.000197410583496,0.3,1
0.0,0.0001649856567382,0.0001430511474609,0.0001440048217773,2.09808349609375e-05,0.3,0
0.0134124755859375,0.0134124755859375,0.03131103515625,0.0,0.0006065368652343,0.3,1
0.1875,0.1041259765625,0.129638671875,0.129638671875,0.0017356872558593,0.3,3
0.05621337890625,0.005096435546875,0.0516357421875,0.05194091796875,0.0013046264648437,0.3,1
0.0,0.0079498291015625,0.000462532043457,0.0004634857177734,0.0001678466796875,0.3,0
0.0,0.0013027191162109,0.01922607421875,0.0206298828125,0.0021095275878906,0.3,0
0.0008134841918945,0.0005674362182617,0.0005102157592773,0.0005121231079101,0.0001630783081054,0.3,1
0.0,0.0013027191162109,0.009002685546875,0.00958251953125,0.0013027191162109,0.3,0
0.0,0.0013027191162109,0.009552001953125,0.0099639892578125,0.0013999938964843,0.3,0
0.0,0.0013027191162109,0.0045089721679687,0.0046157836914062,0.0004634857177734,0.3,0
0.0057830810546875,0.005126953125,0.0025291442871093,0.002593994140625,0.0011501312255859,0.3,1
0.006500244140625,0.0065078735351562,9.5367431640625e-07,9.5367431640625e-07,0.0,0.001,2
0.0,0.0045700073242187,0.0040130615234375,0.0040130615234375,0.0002870559692382,0.3,0
0.0,0.0013027191162109,0.009033203125,0.025146484375,0.0013942718505859,0.3,0
0.0027313232421875,0.0028572082519531,0.0010356903076171,0.0010509490966796,9.632110595703124e-05,0.3,1
0.00262451171875,0.00262451171875,0.00140380859375,0.0016593933105468,0.0,0.3,1
0.0032501220703125,0.0036849975585937,0.001535415649414,0.0016059875488281,0.000258445739746,0.3,1
0.0001955032348632,0.0002002716064453,9.250640869140624e-05,0.0001029968261718,9.5367431640625e-07,0.3,1
0.0,0.0001649856567382,0.0001430511474609,0.0001440048217773,2.09808349609375e-05,0.3,0
0.01116943359375,0.01116943359375,0.0072097778320312,0.0105438232421875,0.0009098052978515,0.3,1
0.011383056640625,0.009918212890625,0.001138687133789,0.0011425018310546,0.000319480895996,0.3,0
0.0037422180175781,0.0037422180175781,0.002593994140625,0.002685546875,0.0004405975341796,0.3,1
0.0056381225585937,0.0056381225585937,0.0025672912597656,0.0029830932617187,0.0019798278808593,0.014,1
0.0004529953002929,0.0003252029418945,4.863739013671875e-05,0.000288963317871,4.291534423828125e-05,0.3,1
0.0032501220703125,0.0036849975585937,0.001535415649414,0.0016059875488281,0.000258445739746,0.3,1
0.0032501220703125,0.0041961669921875,0.001535415649414,0.0016059875488281,0.000258445739746,0.3,1
0.0,0.0013027191162109,9.5367431640625e-07,9.5367431640625e-07,0.0,0.001,2
0.0052108764648437,0.0052108764648437,0.0010910034179687,0.0011062622070312,0.0003108978271484,0.3,0
0.0,0.0041275024414062,0.0047760009765625,0.0051040649414062,0.0002040863037109,0.3,0
0.006500244140625,0.0065078735351562,9.5367431640625e-07,9.5367431640625e-07,0.0,0.001,2
0.0022773742675781,0.03070068359375,0.0004482269287109,0.0004491806030273,9.5367431640625e-07,0.3,0
0.0052108764648437,0.0052108764648437,0.0010910034179687,0.0011062622070312,0.0003108978271484,0.3,0
0.00262451171875,0.00262451171875,0.0003395080566406,0.0007743835449218,0.0002946853637695,0.004,2
0.0052108764648437,0.0052108764648437,0.0018596649169921,0.0018882751464843,0.0001649856567382,0.3,0
0.0,0.0044097900390625,0.0010986328125,0.0011024475097656,0.0003385543823242,0.3,0
0.0035820007324218,0.0039520263671875,9.250640869140624e-05,9.250640869140624e-05,0.0002069473266601,0.001,2
0.0,0.0013027191162109,0.02197265625,0.024078369140625,0.0005817413330078,0.3,0
0.0002717971801757,0.0002927780151367,7.62939453125e-05,7.62939453125e-05,9.5367431640625e-06,0.002,2
0.0052108764648437,0.0052108764648437,0.00115966796875,0.0011615753173828,0.0002899169921875,0.3,0
0.04168701171875,0.04168701171875,0.0003681182861328,0.0003700256347656,0.0001630783081054,0.3,0
0.0,0.0013027191162109,0.0098419189453125,0.010223388671875,0.0012245178222656,0.3,0
0.00262451171875,0.00262451171875,0.0011024475097656,0.001443862915039,5.7220458984375e-06,0.3,1
0.030303955078125,0.017974853515625,0.0154571533203125,0.0155181884765625,0.0005397796630859,0.3,1
0.0052108764648437,0.0052108764648437,0.0016651153564453,0.001749038696289,5.91278076171875e-05,0.3,0
0.0027313232421875,0.0028572082519531,0.0010356903076171,0.0010509490966796,9.632110595703124e-05,0.3,1
0.0104217529296875,0.0104217529296875,6.580352783203125e-05,6.961822509765625e-05,2.86102294921875e-06,0.003,2
0.0104217529296875,0.0104217529296875,6.580352783203125e-05,6.961822509765625e-05,2.86102294921875e-06,0.003,2
0.0,0.0027961730957031,0.0040359497070312,0.0040359497070312,0.0003700256347656,0.3,0
0.0017223358154296,0.0017223358154296,0.0010452270507812,0.0016822814941406,0.0004510879516601,0.055,1
0.0012702941894531,0.0012702941894531,0.0009822845458984,0.0009841918945312,2.47955322265625e-05,0.295,1
0.0001955032348632,0.000192642211914,9.250640869140624e-05,0.0001029968261718,9.5367431640625e-07,0.3,1
0.0052108764648437,0.0052108764648437,0.001220703125,0.0012226104736328,0.0005769729614257,0.3,0
0.0033683776855468,0.0033683776855468,0.0023460388183593,0.0,0.0004081726074218,0.3,1
0.0065078735351562,0.0065078735351562,0.0030097961425781,0.0037956237792968,0.0004444122314453,0.097,1
0.0083770751953125,0.0127716064453125,0.001077651977539,0.0012893676757812,0.0004167556762695,0.3,0
0.00262451171875,0.00262451171875,0.0003395080566406,0.0007743835449218,0.0002946853637695,0.004,2
0.083251953125,0.019561767578125,0.077392578125,0.0,0.0006027221679687,0.3,1
0.0,0.0038566589355468,0.001953125,0.0019645690917968,0.0008172988891601,0.3,0
0.0030937194824218,0.00262451171875,0.002105712890625,0.0022773742675781,2.86102294921875e-05,0.3,1
0.00262451171875,0.0061721801757812,0.0010833740234375,0.0011711120605468,0.0004692077636718,0.105,1
0.01116943359375,0.01116943359375,0.0074310302734375,0.01043701171875,0.0011425018310546,0.3,1
0.0001955032348632,0.0001945495605468,9.250640869140624e-05,0.0001029968261718,9.5367431640625e-07,0.3,1
0.0033073425292968,0.0022125244140625,0.0015449523925781,0.0018463134765625,9.250640869140624e-05,0.3,1
0.05621337890625,0.056396484375,0.0513916015625,0.0516357421875,0.0019645690917968,0.3,1
0.0032501220703125,0.0036849975585937,0.001535415649414,0.0016059875488281,0.000258445739746,0.3,1
0.0,0.0013027191162109,0.01922607421875,0.0206298828125,0.0021095275878906,0.3,0
0.0,0.0013027191162109,0.0024795532226562,0.0030517578125,7.534027099609375e-05,0.079,2
0.0,0.0013027191162109,0.0069580078125,0.0104522705078125,0.0002956390380859,0.3,0
0.0,0.0013027191162109,0.0076751708984375,0.0087738037109375,0.0008134841918945,0.3,0
0.0088653564453125,0.0088653564453125,0.0024986267089843,0.0025177001953125,0.0005617141723632,0.3,0
0.0,0.0008354187011718,0.02093505859375,0.021087646484375,0.000335693359375,0.3,0
0.0065078735351562,0.0065078735351562,0.0030097961425781,0.0037956237792968,0.0004444122314453,0.097,1
0.0,0.00262451171875,0.0,0.0,0.0,0.002,2
0.0004158020019531,0.0002374649047851,0.0002079010009765,0.000223159790039,0.0,0.3,1
0.0065078735351562,0.0065078735351562,0.0017414093017578,0.0023078918457031,3.4332275390625e-05,0.016,2
0.006500244140625,0.0065078735351562,9.5367431640625e-07,9.5367431640625e-07,0.0,0.001,2
0.001718521118164,0.0015621185302734,0.0014553070068359,0.0015678405761718,0.0,0.3,1
0.0067901611328125,0.0067672729492187,0.004119873046875,0.004241943359375,0.0001583099365234,0.3,1
0.011016845703125,0.011016845703125,0.0008964538574218,0.000899314880371,7.62939453125e-06,0.3,0
0.006500244140625,0.0065078735351562,9.5367431640625e-07,9.5367431640625e-07,0.0,0.001,2
0.00213623046875,0.0018234252929687,0.0014305114746093,0.0018234252929687,4.00543212890625e-05,0.3,1
0.0,0.0013027191162109,0.0005998611450195,0.0008087158203125,0.0003271102905273,0.08,2
0.0052108764648437,0.0052108764648437,0.0010910034179687,0.0011062622070312,0.0003108978271484,0.3,0
0.0008068084716796,0.0008068084716796,0.0006971359252929,0.0006971359252929,6.771087646484375e-05,0.3,1
0.0078125,0.0078887939453125,0.003875732421875,0.0050201416015625,0.0001335144042968,0.3,1
0.0001955032348632,0.000213623046875,9.250640869140624e-05,0.0001029968261718,9.5367431640625e-07,0.3,1
0.0104217529296875,0.0104217529296875,6.580352783203125e-05,6.961822509765625e-05,2.86102294921875e-06,0.003,2
0.0026054382324218,0.0026054382324218,0.0014533996582031,0.0021896362304687,0.0003004074096679,0.3,1
0.0,0.0131683349609375,0.0389404296875,0.0389404296875,0.0004339218139648,0.3,0
0.0001955032348632,0.0002317428588867,9.250640869140624e-05,0.0001029968261718,9.5367431640625e-07,0.3,1
0.0036125183105468,0.0036125183105468,0.0006980895996093,0.0006999969482421,0.0001230239868164,0.3,0
0.0390625,0.0029449462890625,0.019500732421875,0.019744873046875,0.0001459121704101,0.3,1
0.0052413940429687,0.0052413940429687,0.0013656616210937,0.0014019012451171,6.67572021484375e-05,0.3,0
0.0123748779296875,0.0123748779296875,5.14984130859375e-05,5.14984130859375e-05,0.0002498626708984,0.001,2
0.0034942626953125,0.05914306640625,0.0003662109375,0.0003671646118164,7.724761962890625e-05,0.3,0
0.0001955032348632,0.0001955032348632,9.250640869140624e-05,0.0001029968261718,9.5367431640625e-07,0.3,1
0.0012702941894531,0.0012454986572265,0.0009822845458984,0.0009841918945312,2.47955322265625e-05,0.295,1
0.0035820007324218,0.0115203857421875,9.250640869140624e-05,9.250640869140624e-05,0.0002069473266601,0.001,2
0.02874755859375,0.0066146850585937,0.017547607421875,0.021240234375,0.001443862915039,0.3,1
0.005096435546875,0.00872802734375,0.0045013427734375,0.0,0.0003862380981445,0.3,1
0.0123748779296875,0.0123748779296875,5.14984130859375e-05,5.14984130859375e-05,0.0002498626708984,0.001,2
0.1009521484375,0.187744140625,0.0005731582641601,0.0005731582641601,0.0005617141723632,0.004,2
0.0002317428588867,0.0002155303955078,8.58306884765625e-06,8.58306884765625e-06,0.0,0.002,2
0.0,0.0013027191162109,0.021514892578125,0.02197265625,0.002471923828125,0.3,0
0.0,0.0013027191162109,0.0008039474487304,0.0009002685546875,0.0005168914794921,0.006,2
0.0,0.0013027191162109,9.5367431640625e-07,9.5367431640625e-07,0.0004138946533203,0.003,2
0.0036125183105468,0.0036125183105468,0.0033645629882812,0.0036125183105468,0.0,0.3,1
0.0,0.0013027191162109,0.0052871704101562,0.0052947998046875,0.0024795532226562,0.3,0
0.0032501220703125,0.0041961669921875,0.001535415649414,0.0016059875488281,0.000258445739746,0.3,1
0.0,0.0013027191162109,0.0046768188476562,0.0055618286132812,0.0023994445800781,0.3,0
0.0001955032348632,0.0001955032348632,9.250640869140624e-05,0.0001029968261718,9.5367431640625e-07,0.3,1
0.00390625,0.00390625,0.0020179748535156,0.0028305053710937,0.0003728866577148,0.063,1
0.005340576171875,0.007965087890625,0.001108169555664,0.0011253356933593,0.0005912780761718,0.3,0
0.0041885375976562,0.0024795532226562,9.72747802734375e-05,9.72747802734375e-05,0.0001630783081054,0.001,2
0.0,0.0013027191162109,0.0003528594970703,0.0005598068237304,0.0002384185791015,0.02,2
0.0032501220703125,0.0036849975585937,0.001535415649414,0.0016059875488281,0.000258445739746,0.3,1
0.0065078735351562,0.0065078735351562,0.0001173019409179,0.0001192092895507,1.9073486328125e-06,0.003,2
0.0035858154296875,0.003509521484375,0.0012149810791015,0.0012474060058593,7.534027099609375e-05,0.3,0
0.0,0.0013027191162109,0.006134033203125,0.0084228515625,0.0014801025390625,0.3,0
0.026031494140625,0.026031494140625,0.0021400451660156,0.0059356689453125,0.0011806488037109,0.152,0
0.0022773742675781,0.0022811889648437,0.0002574920654296,0.0002574920654296,0.0001354217529296,0.002,2
0.0,0.00262451171875,0.0,0.0,0.0,0.002,2
0.0022773742675781,0.0022811889648437,0.0002574920654296,0.0002574920654296,0.0001354217529296,0.002,2
0.038330078125,0.038330078125,0.009979248046875,0.010009765625,9.5367431640625e-07,0.3,0
0.0036392211914062,0.0036430358886718,0.0028762817382812,0.0028839111328125,0.0003089904785156,0.3,1
0.0106201171875,0.0106201171875,0.0072860717773437,0.00732421875,0.000533103942871,0.3,1
0.0,0.0013027191162109,0.0046768188476562,0.0055618286132812,0.0023994445800781,0.3,0
0.006500244140625,0.0065078735351562,0.0006999969482421,0.0007591247558593,0.0003204345703125,0.017,2
0.02532958984375,0.03289794921875,0.0050506591796875,0.0050582885742187,6.67572021484375e-06,0.3,0
0.0020561218261718,0.001810073852539,0.0018081665039062,0.001810073852539,9.059906005859376e-05,0.3,1
0.0076828002929687,0.0076828002929687,0.0039825439453125,0.0039901733398437,0.0005130767822265,0.3,1
0.0104217529296875,0.0104217529296875,6.580352783203125e-05,6.961822509765625e-05,2.86102294921875e-06,0.003,2
0.0041885375976562,0.0041885375976562,9.72747802734375e-05,9.72747802734375e-05,0.0001630783081054,0.001,2
0.0,0.0024452209472656,9.72747802734375e-05,0.0001077651977539,9.5367431640625e-07,0.3,0
0.0,0.0013027191162109,0.004974365234375,0.010162353515625,0.0005722045898437,0.3,0
0.010162353515625,0.010162353515625,0.0068359375,0.0069122314453125,0.0009841918945312,0.3,1
0.0052108764648437,0.0052108764648437,0.0009660720825195,0.0009727478027343,0.0005407333374023,0.3,0
0.00262451171875,0.00262451171875,0.00140380859375,0.0016593933105468,0.0,0.3,1
0.0032501220703125,0.0036849975585937,0.001535415649414,0.0016059875488281,0.000258445739746,0.3,1
0.03125,0.0017032623291015,0.0257568359375,0.025909423828125,0.0002260208129882,0.3,1
0.00262451171875,0.00262451171875,0.0014572143554687,0.0017719268798828,9.5367431640625e-07,0.3,1
0.0015621185302734,0.0015621185302734,0.001129150390625,0.0011444091796875,0.0001945495605468,0.3,1
0.078125,0.078125,0.0738525390625,0.0750732421875,0.0005884170532226,0.3,3
0.0,0.0038566589355468,0.001953125,0.0019645690917968,0.0008172988891601,0.3,0
0.1875,0.10498046875,0.0010337829589843,0.0011959075927734,0.0002679824829101,0.143,2
0.018951416015625,0.018951416015625,0.0048141479492187,0.0048141479492187,2.86102294921875e-06,0.3,0
0.0,0.0013027191162109,0.01953125,0.023651123046875,0.0014381408691406,0.243,0
0.0016155242919921,0.0016155242919921,3.337860107421875e-05,3.337860107421875e-05,8.58306884765625e-06,0.002,2
0.003814697265625,0.0023117065429687,0.0014152526855468,0.0014247894287109,0.0003061294555664,0.3,1
0.0042343139648437,0.0042343139648437,0.0006589889526367,0.0006599426269531,0.0006418228149414,0.003,2
0.0,0.0013027191162109,0.01971435546875,0.020050048828125,0.0012836456298828,0.3,0
0.0008125305175781,0.0007743835449218,9.5367431640625e-07,9.5367431640625e-07,0.0,0.001,2
0.0,0.00262451171875,0.0,0.0,0.0,0.002,2
0.0,0.0038566589355468,0.001953125,0.0019645690917968,0.0008172988891601,0.3,0
0.0,0.0013027191162109,0.0066070556640625,0.0111846923828125,0.0007076263427734,0.3,0
0.0067901611328125,0.0067901611328125,0.0036735534667968,0.0036849975585937,0.0006275177001953,0.3,1
0.011016845703125,0.011016845703125,0.0008964538574218,0.000899314880371,7.62939453125e-06,0.3,0
0.030303955078125,0.017974853515625,0.0154571533203125,0.0155181884765625,0.0005397796630859,0.3,1
0.0002565383911132,0.000244140625,0.000152587890625,0.0001649856567382,3.814697265625e-06,0.3,1
0.0234375,0.072021484375,0.013153076171875,0.0131988525390625,0.0001649856567382,0.3,1
0.0015621185302734,0.0015621185302734,0.0007257461547851,0.0007276535034179,0.0002546310424804,0.291,1
0.0014705657958984,0.0014705657958984,8.7738037109375e-05,8.7738037109375e-05,0.0005130767822265,0.002,2
0.0123748779296875,0.0123748779296875,5.14984130859375e-05,5.14984130859375e-05,0.0002498626708984,0.001,2
0.0,0.00262451171875,0.0,0.0,0.0,0.002,2
0.0026054382324218,0.0026054382324218,0.0013160705566406,0.0017719268798828,0.0001506805419921,0.3,1
0.0,0.005859375,0.0049896240234375,0.0055618286132812,0.0,0.3,0
0.000227928161621,0.000227928161621,0.000152587890625,0.00018310546875,0.0,0.241,1
0.001953125,0.001953125,0.0011348724365234,0.0013694763183593,0.0005369186401367,0.3,1
0.0078125,0.0078125,0.000162124633789,0.000162124633789,0.0001535415649414,0.002,2
0.006683349609375,0.0036125183105468,0.0006961822509765,0.0006980895996093,1.1444091796875e-05,0.3,0
0.0035858154296875,0.003509521484375,0.0012149810791015,0.0012474060058593,7.534027099609375e-05,0.3,0
0.0,0.0013027191162109,0.01922607421875,0.0206298828125,0.0021095275878906,0.3,0
0.0026054382324218,0.0026054382324218,0.0014896392822265,0.0014915466308593,0.0005569458007812,0.003,1
0.000227928161621,0.0002126693725585,0.000152587890625,0.00018310546875,0.0,0.241,1
0.0,0.0013027191162109,0.0150909423828125,0.0174560546875,0.0001087188720703,0.3,0
0.0034980773925781,0.0034980773925781,0.0023918151855468,0.0023918151855468,9.5367431640625e-07,0.3,1
0.0,0.0013027191162109,0.0063858032226562,0.017059326171875,0.0011215209960937,0.3,0
0.03125,0.03125,0.025238037109375,0.025360107421875,0.0028114318847656,0.3,1
0.0029792785644531,0.0029792785644531,0.0006160736083984,0.0006170272827148,9.5367431640625e-07,0.3,0
0.0001955032348632,0.0001955032348632,9.250640869140624e-05,0.0001029968261718,9.5367431640625e-07,0.3,1
0.0057830810546875,0.005126953125,0.0025291442871093,0.002593994140625,0.0011501312255859,0.3,1
0.0,0.0051727294921875,0.0002365112304687,0.0002651214599609,9.5367431640625e-07,0.3,0
0.0051498413085937,0.0051498413085937,0.0026702880859375,0.0035514831542968,0.0018177032470703,0.117,1
0.0,0.0013027191162109,0.0003290176391601,0.0007448196411132,0.0005788803100585,0.022,2
0.00262451171875,0.00262451171875,0.000101089477539,0.000101089477539,0.0005369186401367,0.001,2
0.018951416015625,0.01019287109375,0.0048141479492187,0.0048141479492187,2.86102294921875e-06,0.3,0
0.0,0.0013027191162109,9.5367431640625e-07,9.5367431640625e-07,0.0004138946533203,0.003,2
0.0065078735351562,0.0065078735351562,0.0013866424560546,0.0025978088378906,1.9073486328125e-06,0.002,2
0.0065078735351562,0.0065078735351562,0.0013866424560546,0.0025978088378906,1.9073486328125e-06,0.002,2
0.0,0.0013027191162109,0.0052871704101562,0.0052947998046875,0.0024795532226562,0.3,0
0.006683349609375,0.0036125183105468,0.0006771087646484,0.0006790161132812,9.5367431640625e-07,0.3,0
0.0104217529296875,0.0104217529296875,6.580352783203125e-05,6.961822509765625e-05,2.86102294921875e-06,0.003,2
0.019317626953125,0.0036125183105468,0.0022735595703125,0.0022735595703125,1.9073486328125e-06,0.3,0
0.0,0.00262451171875,0.0,0.0,0.0,0.002,2
0.0,0.0013027191162109,0.0058822631835937,0.0095367431640625,0.0002937316894531,0.3,0
0.0127410888671875,0.016632080078125,0.0075759887695312,0.0076828002929687,0.0006341934204101,0.3,1
0.0001955032348632,0.000213623046875,9.250640869140624e-05,0.0001029968261718,9.5367431640625e-07,0.3,1
0.0,0.0013027191162109,0.020721435546875,0.02154541015625,0.00213623046875,0.3,0
0.0032501220703125,0.0036849975585937,0.001535415649414,0.0016059875488281,0.000258445739746,0.3,1
0.004364013671875,0.004364013671875,0.00225830078125,0.0023002624511718,0.0002937316894531,0.3,1
0.0065078735351562,0.0065078735351562,0.0001173019409179,0.0001192092895507,1.9073486328125e-06,0.003,2
0.006500244140625,0.0065078735351562,9.5367431640625e-07,9.5367431640625e-07,0.0,0.001,2
0.0026054382324218,0.0026054382324218,0.0005817413330078,0.0007057189941406,0.0002803802490234,0.264,0
0.0052108764648437,0.0052108764648437,0.0010643005371093,0.0010662078857421,1.9073486328125e-06,0.3,0
0.0002717971801757,0.0002593994140625,7.62939453125e-05,7.62939453125e-05,9.5367431640625e-06,0.002,2
0.0002717971801757,0.0002861022949218,7.62939453125e-05,7.62939453125e-05,9.5367431640625e-06,0.002,2
0.0018234252929687,0.0018234252929687,0.0007400512695312,0.0008964538574218,0.0004997253417968,0.133,1
0.0002317428588867,0.0002088546752929,8.58306884765625e-06,8.58306884765625e-06,0.0,0.002,2
0.006683349609375,0.0036125183105468,0.0006771087646484,0.0006790161132812,9.5367431640625e-07,0.3,0
0.0097503662109375,0.0097503662109375,0.0087432861328125,0.0087432861328125,0.0001239776611328,0.3,1
0.0,0.0013027191162109,9.5367431640625e-07,9.5367431640625e-07,0.0,0.001,2
0.0027313232421875,0.0028572082519531,0.0010356903076171,0.0010509490966796,9.632110595703124e-05,0.3,1
0.0042343139648437,0.0023422241210937,0.0006589889526367,0.0006599426269531,0.0006418228149414,0.003,2
0.0104217529296875,0.0104217529296875,6.580352783203125e-05,6.961822509765625e-05,2.86102294921875e-06,0.003,2
0.0008134841918945,0.0005674362182617,0.0005102157592773,0.0005121231079101,0.0001630783081054,0.3,1
0.0015621185302734,0.0024452209472656,0.0010967254638671,0.0013504028320312,9.5367431640625e-06,0.3,1
0.0128326416015625,0.012542724609375,0.006103515625,0.0061798095703125,0.0011844635009765,0.3,1
0.0,0.0003175735473632,0.0002269744873046,0.0002393722534179,0.0,0.3,0
0.0,0.0013027191162109,1.9073486328125e-06,1.9073486328125e-06,0.0004234313964843,0.001,2
0.0001955032348632,0.0001955032348632,9.250640869140624e-05,0.0001029968261718,9.5367431640625e-07,0.3,1
0.00262451171875,0.00262451171875,9.441375732421876e-05,9.441375732421876e-05,6.67572021484375e-06,0.001,2
0.00390625,0.00390625,0.0010280609130859,0.0014629364013671,0.0002050399780273,0.3,0
0.0052108764648437,0.0052108764648437,0.0010910034179687,0.0011062622070312,0.0003108978271484,0.3,0
0.0,0.0013027191162109,0.0052871704101562,0.0052947998046875,0.0024795532226562,0.3,0
0.006500244140625,0.0065078735351562,9.5367431640625e-07,9.5367431640625e-07,0.0,0.001,2
0.0,0.00262451171875,0.0,0.0,0.0,0.002,2
0.0065078735351562,0.0065078735351562,0.0030097961425781,0.0037956237792968,0.0004444122314453,0.097,1
0.0,0.0013027191162109,0.006500244140625,0.0095977783203125,0.001251220703125,0.3,0
0.00262451171875,0.00579833984375,0.0010833740234375,0.0011711120605468,0.0004692077636718,0.105,1
0.0,0.0013027191162109,0.0126495361328125,0.012786865234375,0.0005807876586914,0.3,0
0.0029258728027343,0.0029258728027343,0.0008268356323242,0.0008268356323242,2.86102294921875e-06,0.3,0
0.0052108764648437,0.0052108764648437,0.00115966796875,0.0011615753173828,0.0002899169921875,0.3,0
0.0065536499023437,0.0075149536132812,0.0055770874023437,0.0056228637695312,0.0003633499145507,0.3,1
0.0,0.0013027191162109,0.01971435546875,0.020050048828125,0.0012836456298828,0.3,0
0.0029716491699218,0.0015621185302734,0.0021476745605468,0.0023918151855468,5.91278076171875e-05,0.3,1
0.0002050399780273,0.0003252029418945,0.0001354217529296,0.0001382827758789,4.1961669921875e-05,0.3,1
0.0,0.0013027191162109,0.01953125,0.023651123046875,0.0014381408691406,0.243,0
0.0057296752929687,0.0057296752929687,0.0038871765136718,0.0040740966796875,0.0001764297485351,0.3,1
0.00390625,0.00390625,0.0011177062988281,0.0014286041259765,2.6702880859375e-05,0.3,0
0.0004034042358398,0.0003242492675781,0.0002346038818359,0.0002479553222656,0.0,0.3,1
0.0052108764648437,0.0052108764648437,0.0010910034179687,0.0011062622070312,0.0003108978271484,0.3,0
0.0106201171875,0.0106201171875,0.0078277587890625,0.008544921875,4.76837158203125e-06,0.3,1
0.01080322265625,0.01080322265625,0.00848388671875,0.00848388671875,0.0008001327514648,0.3,1
0.0129241943359375,0.022613525390625,0.006500244140625,0.00799560546875,0.0006227493286132,0.3,1
0.019927978515625,0.020111083984375,0.015777587890625,0.01580810546875,0.0004310607910156,0.3,1
0.010162353515625,0.010162353515625,0.0068359375,0.0069122314453125,0.0009841918945312,0.3,1
0.0032424926757812,0.001953125,0.000624656677246,0.0006256103515625,2.86102294921875e-06,0.3,0
0.008819580078125,0.0065078735351562,0.00604248046875,0.0070419311523437,0.0009498596191406,0.3,1
0.0027809143066406,0.00262451171875,0.0020866394042968,0.0023345947265625,0.0,0.3,1
0.00390625,0.005096435546875,0.0031204223632812,0.0031280517578125,2.002716064453125e-05,0.3,1
0.0046844482421875,0.00390625,0.0008983612060546,0.0015850067138671,0.000162124633789,0.3,0
0.078125,0.078125,0.0738525390625,0.0750732421875,0.0005884170532226,0.3,3
0.011016845703125,0.011016845703125,0.0008964538574218,0.000899314880371,7.62939453125e-06,0.3,0
0.00262451171875,0.00262451171875,0.0003395080566406,0.0007743835449218,0.0002946853637695,0.004,2
0.021270751953125,0.04339599609375,0.010345458984375,0.0104522705078125,0.0005064010620117,0.3,1
0.0076141357421875,0.0076141357421875,9.5367431640625e-07,9.5367431640625e-07,0.0,0.001,2
0.0004310607910156,0.0003652572631835,0.0002689361572265,0.0003032684326171,9.5367431640625e-07,0.3,1
0.006683349609375,0.0036125183105468,0.0006961822509765,0.0006980895996093,1.1444091796875e-05,0.3,0
0.00299072265625,0.00299072265625,0.0002412796020507,0.000497817993164,0.0001802444458007,0.008,2
0.0,0.0038566589355468,0.001953125,0.0019645690917968,0.0008172988891601,0.3,0
0.0106201171875,0.0106201171875,0.0078277587890625,0.008544921875,4.76837158203125e-06,0.3,1
0.0037422180175781,0.001739501953125,0.0019397735595703,0.0021934509277343,0.0003833770751953,0.3,1
0.0,0.0013027191162109,0.01873779296875,0.01910400390625,0.002349853515625,0.3,0
0.0014705657958984,0.0014705657958984,8.7738037109375e-05,8.7738037109375e-05,0.0005130767822265,0.002,2
0.0,0.00262451171875,0.0,0.0,0.0,0.002,2
0.000227928161621,0.0002193450927734,0.000152587890625,0.00018310546875,0.0,0.241,1
0.0,0.0013027191162109,0.01922607421875,0.0206298828125,0.0021095275878906,0.3,0
0.0148773193359375,0.0148773193359375,0.0006942749023437,0.0031471252441406,0.0004606246948242,0.3,0
0.0056838989257812,0.0056838989257812,0.0019207000732421,0.0020332336425781,0.0004177093505859,0.3,0
0.006500244140625,0.0065078735351562,9.5367431640625e-07,9.5367431640625e-07,0.0,0.001,2
0.0,0.0013027191162109,0.020233154296875,0.02099609375,0.0012550354003906,0.3,0
0.02081298828125,0.02081298828125,0.001199722290039,0.0012054443359375,0.0002241134643554,0.3,0
0.0,0.0013027191162109,0.0056991577148437,0.007965087890625,0.0005884170532226,0.262,0
0.05078125,0.05078125,0.0469970703125,0.0469970703125,0.000136375427246,0.3,1
0.1009521484375,0.187744140625,0.0005731582641601,0.0005731582641601,0.0005617141723632,0.004,2
0.0,0.0013027191162109,0.021514892578125,0.022430419921875,0.0005769729614257,0.3,0
0.0,0.0013027191162109,0.016143798828125,0.0191650390625,0.0024452209472656,0.176,0
0.0002717971801757,0.0002803802490234,7.62939453125e-05,7.62939453125e-05,9.5367431640625e-06,0.002,2
0.0123748779296875,0.0123748779296875,5.14984130859375e-05,5.14984130859375e-05,0.0002498626708984,0.001,2
0.0,0.0013027191162109,0.008544921875,0.0128631591796875,0.0012035369873046,0.3,0
0.006500244140625,0.0065078735351562,9.5367431640625e-07,9.5367431640625e-07,0.0,0.001,2
0.0032424926757812,0.0024452209472656,0.0006446838378906,0.0006465911865234,9.822845458984376e-05,0.3,0
0.0024528503417968,0.0074539184570312,0.0013504028320312,0.0019435882568359,0.0005855560302734,0.041,1
0.0,0.0013027191162109,0.003173828125,0.009613037109375,0.0006217956542968,0.3,0
0.0052108764648437,0.0052108764648437,0.0018596649169921,0.0018882751464843,0.0001649856567382,0.3,0
0.0052108764648437,0.0052108764648437,0.0010910034179687,0.0011062622070312,0.0003108978271484,0.3,0
0.0051422119140625,0.0051422119140625,0.0029983520507812,0.0030746459960937,0.0001277923583984,0.3,1
0.00390625,0.05584716796875,0.0002861022949218,0.0005512237548828,0.0003557205200195,0.003,2
0.0032424926757812,0.0025711059570312,0.0006122589111328,0.0006132125854492,6.67572021484375e-06,0.3,0
0.0019149780273437,0.0019035339355468,0.0015373229980468,0.0015621185302734,5.245208740234375e-05,0.3,1
0.0001955032348632,0.000213623046875,9.250640869140624e-05,0.0001029968261718,9.5367431640625e-07,0.3,1
0.041015625,0.0390625,0.0230712890625,0.02325439453125,0.000152587890625,0.3,1
0.0001955032348632,0.0001640319824218,9.250640869140624e-05,0.0001029968261718,9.5367431640625e-07,0.3,1
0.0,0.00262451171875,0.0,0.0,0.0,0.002,2
0.0004310607910156,0.0003652572631835,0.0002689361572265,0.0003032684326171,9.5367431640625e-07,0.3,1
0.0,0.0013027191162109,0.0072402954101562,0.00933837890625,0.0001478195190429,0.3,0
0.0,0.00262451171875,0.0,0.0,0.0,0.002,2
0.0017528533935546,0.0012874603271484,8.869171142578125e-05,8.96453857421875e-05,0.0003995895385742,0.004,2
0.0012702941894531,0.0012454986572265,0.0009822845458984,0.0009841918945312,2.47955322265625e-05,0.295,1
0.0,0.0013027191162109,0.0065155029296875,0.0108184814453125,0.0008373260498046,0.3,0
0.0018234252929687,0.0018234252929687,0.0007400512695312,0.0008964538574218,0.0004997253417968,0.133,1
0.0,0.0013027191162109,0.020477294921875,0.021209716796875,0.0014228820800781,0.277,0
0.0052108764648437,0.0052108764648437,0.0010910034179687,0.0011062622070312,0.0003108978271484,0.3,0
0.000258445739746,0.0002069473266601,0.0001306533813476,0.0001373291015625,8.58306884765625e-06,0.027,2
0.1024169921875,0.1019287109375,0.04718017578125,0.04718017578125,0.0009737014770507,0.3,3
0.03460693359375,0.03460693359375,0.0179443359375,0.01800537109375,9.5367431640625e-07,0.206,1
0.0094757080078125,0.0094757080078125,0.0014076232910156,0.0014095306396484,0.0,0.3,0
0.0024490356445312,0.0018234252929687,0.0011157989501953,0.0011501312255859,0.0001344680786132,0.3,1
0.01116943359375,0.01116943359375,0.0074310302734375,0.01043701171875,0.0011425018310546,0.3,1
0.0,0.0013027191162109,0.0082550048828125,0.0153350830078125,0.0012779235839843,0.3,0
0.016265869140625,0.01458740234375,0.0035629272460937,0.0036544799804687,0.0003004074096679,0.3,0
0.0008134841918945,0.0005674362182617,0.0005102157592773,0.0005121231079101,0.0001630783081054,0.3,1
0.0037765502929687,0.0022125244140625,0.0018901824951171,0.0019416809082031,3.910064697265625e-05,0.3,1
0.0024528503417968,0.0024528503417968,0.0013504028320312,0.0019435882568359,0.0005855560302734,0.041,1
0.0002317428588867,0.0002088546752929,8.58306884765625e-06,8.58306884765625e-06,0.0,0.002,2
0.0032539367675781,0.0032539367675781,0.0013999938964843,0.0013999938964843,0.0004243850708007,0.009,2
0.013275146484375,0.0026054382324218,0.0047149658203125,0.004730224609375,0.0005178451538085,0.3,0
0.06097412109375,0.014434814453125,0.0031700134277343,0.0031776428222656,0.0007581710815429,0.075,2
0.0052413940429687,0.0052413940429687,0.0013675689697265,0.0014019012451171,0.000396728515625,0.3,0
0.0002546310424804,0.0002546310424804,0.0001649856567382,0.0001821517944335,5.14984130859375e-05,0.023,1
0.006500244140625,0.0065078735351562,0.0006999969482421,0.0007591247558593,0.0003204345703125,0.017,2
0.0,0.0013027191162109,0.019989013671875,0.02166748046875,0.0022010803222656,0.3,0
0.006500244140625,0.0065078735351562,9.5367431640625e-07,9.5367431640625e-07,0.0,0.001,2
0.0016555786132812,0.0016555786132812,0.0014686584472656,0.0014686584472656,0.0005016326904296,0.003,1
0.0065078735351562,0.0065078735351562,0.0030097961425781,0.0037956237792968,0.0004444122314453,0.097,1
0.0018234252929687,0.0018234252929687,0.0007400512695312,0.0008964538574218,0.0004997253417968,0.133,1
0.0014915466308593,0.0030403137207031,0.0008649826049804,0.001138687133789,4.673004150390625e-05,0.3,1
0.0,0.0003175735473632,0.0001964569091796,0.0001983642578125,0.0,0.3,0
0.0036125183105468,0.0036125183105468,9.5367431640625e-07,9.5367431640625e-07,0.0,0.001,2
0.006011962890625,0.0057296752929687,0.0038948059082031,0.0039215087890625,0.000248908996582,0.3,1
0.1875,0.1041259765625,0.129638671875,0.129638671875,0.0017356872558593,0.3,3
0.0050735473632812,0.0050735473632812,0.0031089782714843,0.0031166076660156,0.000737190246582,0.3,1
0.0037765502929687,0.0008554458618164,0.0013027191162109,0.0013046264648437,4.100799560546875e-05,0.3,0
0.0002298355102539,0.0001945495605468,0.0001382827758789,0.0001506805419921,7.62939453125e-06,0.3,1
0.0008134841918945,0.0005674362182617,0.0005102157592773,0.0005121231079101,0.0001630783081054,0.3,1
0.0,0.0013027191162109,0.004974365234375,0.010162353515625,0.0005722045898437,0.3,0
0.0001955032348632,0.0001955032348632,9.250640869140624e-05,0.0001029968261718,9.5367431640625e-07,0.3,1
0.0,0.0045700073242187,0.0041046142578125,0.0041046142578125,0.0003175735473632,0.3,0
0.0002317428588867,0.0001993179321289,8.58306884765625e-06,8.58306884765625e-06,0.0,0.002,2
0.0,0.0013027191162109,0.0079498291015625,0.0082855224609375,0.0012054443359375,0.3,0
0.0038833618164062,0.0038833618164062,0.0024757385253906,0.0025177001953125,0.0008869171142578,0.3,1
0.0032539367675781,0.0032539367675781,0.0013999938964843,0.0013999938964843,0.0004243850708007,0.009,2
0.006500244140625,0.0065078735351562,9.5367431640625e-07,9.5367431640625e-07,0.0,0.001,2
0.078125,0.078125,0.0738525390625,0.0750732421875,0.0005884170532226,0.3,3
0.0050125122070312,0.0033836364746093,0.0026702880859375,0.0026702880859375,0.0005407333374023,0.3,1
0.0052108764648437,0.0052108764648437,0.0023193359375,0.0023231506347656,0.0001792907714843,0.3,1
0.0094757080078125,0.0094757080078125,0.0087127685546875,0.0087127685546875,9.5367431640625e-07,0.3,1
0.0,0.0013027191162109,0.0046768188476562,0.0055618286132812,0.0023994445800781,0.3,0
0.0002269744873046,0.0002260208129882,0.0001735687255859,0.0001859664916992,0.0,0.3,1
0.00262451171875,0.004852294921875,0.0010833740234375,0.0011711120605468,0.0004692077636718,0.105,1
0.0001955032348632,0.0001945495605468,9.250640869140624e-05,0.0001029968261718,9.5367431640625e-07,0.3,1
0.0,0.0013027191162109,0.0005912780761718,0.0005922317504882,0.0002975463867187,0.031,2
0.006622314453125,0.006622314453125,0.0053329467773437,0.0058517456054687,0.0006055831909179,0.3,1
0.0,0.00262451171875,0.0,0.0,0.0,0.002,2
0.0026054382324218,0.0026054382324218,0.0005817413330078,0.0007057189941406,0.0002803802490234,0.264,0
0.0,0.0013027191162109,0.0,0.0,0.0,0.001,2
0.01116943359375,0.01116943359375,0.0074310302734375,0.01043701171875,0.0011425018310546,0.3,1
0.0123748779296875,0.0123748779296875,5.14984130859375e-05,5.14984130859375e-05,0.0002498626708984,0.001,2
0.0,0.0234375,0.009429931640625,0.0095062255859375,0.0001754760742187,0.3,0
0.0002717971801757,0.0002861022949218,7.62939453125e-05,7.62939453125e-05,9.5367431640625e-06,0.002,2
0.0148773193359375,0.0148773193359375,0.0006942749023437,0.0031471252441406,0.0004606246948242,0.3,0
0.0,0.0038566589355468,0.001953125,0.0019645690917968,0.0008172988891601,0.3,0
0.00390625,0.00390625,0.0011768341064453,0.0012531280517578,0.0002517700195312,0.3,0
0.0,0.0013027191162109,0.006500244140625,0.0095977783203125,0.001251220703125,0.3,0
0.0002546310424804,0.0002546310424804,0.0001773834228515,0.0001850128173828,3.528594970703125e-05,0.3,1
0.0,0.00262451171875,0.0,0.0,0.0,0.002,2
0.01043701171875,0.01043701171875,0.0009803771972656,0.0009880065917968,0.0002384185791015,0.3,0
0.0032501220703125,0.0036849975585937,0.001535415649414,0.0016059875488281,0.000258445739746,0.3,1
0.1875,0.1041259765625,0.129638671875,0.129638671875,0.0017356872558593,0.3,3
0.0032539367675781,0.0032539367675781,0.0013999938964843,0.0013999938964843,0.0004243850708007,0.009,2
0.00518798828125,0.05364990234375,0.0010089874267578,0.0010261535644531,0.0005931854248046,0.3,0
0.0,0.009857177734375,0.0001163482666015,0.0001201629638671,2.86102294921875e-06,0.3,0
0.0002698898315429,0.0021858215332031,0.0001497268676757,0.0001564025878906,8.58306884765625e-06,0.3,1
0.0052108764648437,0.0052108764648437,0.0010910034179687,0.0011062622070312,0.0003108978271484,0.3,0
0.0,0.0013027191162109,0.0051498413085937,0.0051498413085937,0.0021934509277343,0.3,0
0.0,0.0013027191162109,0.0052871704101562,0.0052947998046875,0.0024795532226562,0.3,0
0.0021629333496093,0.0018939971923828,0.0016345977783203,0.0016727447509765,0.0002098083496093,0.3,1
0.010162353515625,0.010162353515625,0.0064315795898437,0.0064849853515625,0.0009117126464843,0.3,1
0.0002317428588867,0.0001993179321289,8.58306884765625e-06,8.58306884765625e-06,0.0,0.002,2
0.0,0.0013027191162109,0.0003528594970703,0.0005598068237304,0.0002384185791015,0.02,2
0.009765625,0.009765625,0.0016994476318359,0.0017051696777343,0.0004358291625976,0.3,0
0.0059127807617187,0.0059127807617187,4.673004150390625e-05,0.0001249313354492,2.86102294921875e-06,0.003,2
0.0002717971801757,0.0002241134643554,7.62939453125e-05,7.62939453125e-05,9.5367431640625e-06,0.002,2
0.0032424926757812,0.0032539367675781,0.0006084442138671,0.0006084442138671,0.0001344680786132,0.3,0
0.006500244140625,0.0065078735351562,9.5367431640625e-07,9.5367431640625e-07,0.0,0.001,2
0.0,0.0038566589355468,0.001953125,0.0019645690917968,0.0008172988891601,0.3,0
0.0,0.0013027191162109,0.0052871704101562,0.0052947998046875,0.0024795532226562,0.3,0
0.000889778137207,0.000889778137207,0.0005083084106445,0.0005083084106445,8.392333984375e-05,0.3,1
0.019927978515625,0.020111083984375,0.015777587890625,0.01580810546875,0.0004310607910156,0.3,1
0.04949951171875,0.01702880859375,0.0074386596679687,0.0076217651367187,4.76837158203125e-06,0.3,0
0.0,0.0013027191162109,0.0005388259887695,0.000624656677246,0.0002803802490234,0.062,2
0.006500244140625,0.0065078735351562,9.5367431640625e-07,9.5367431640625e-07,0.0,0.001,2
0.0,0.0013027191162109,0.008544921875,0.0128631591796875,0.0012035369873046,0.3,0
0.0,0.0013027191162109,0.000396728515625,0.000925064086914,0.0004148483276367,0.044,2
0.017242431640625,0.017242431640625,0.0047531127929687,0.0055007934570312,0.0007781982421875,0.3,0
0.0036125183105468,0.0036125183105468,0.0004196166992187,0.000676155090332,0.0005035400390625,0.002,2
0.03460693359375,0.03460693359375,0.0179443359375,0.01800537109375,9.5367431640625e-07,0.206,1
0.0032501220703125,0.0036849975585937,0.001535415649414,0.0016059875488281,0.000258445739746,0.3,1
0.0012702941894531,0.0012454986572265,0.0009822845458984,0.0009841918945312,2.47955322265625e-05,0.295,1
0.0052108764648437,0.0052108764648437,0.0018596649169921,0.0018882751464843,0.0001649856567382,0.3,0
0.0052490234375,0.0052490234375,0.0028610229492187,0.0031051635742187,0.0002508163452148,0.3,1
0.0177001953125,0.0177001953125,0.0051040649414062,0.0054702758789062,3.814697265625e-06,0.3,0
0.0416259765625,0.0022964477539062,0.03436279296875,0.034423828125,0.0001535415649414,0.3,1
0.0,0.0045700073242187,0.0041046142578125,0.0041046142578125,0.0003175735473632,0.3,0
0.006683349609375,0.0036125183105468,0.0006961822509765,0.0006980895996093,1.1444091796875e-05,0.3,0
0.0026588439941406,0.0015621185302734,0.0018501281738281,0.0021591186523437,2.193450927734375e-05,0.3,1
0.1875,0.1041259765625,0.129638671875,0.129638671875,0.0017356872558593,0.3,3
0.0,0.0013027191162109,0.00457763671875,0.0097808837890625,0.00201416015625,0.3,0
0.0020332336425781,0.0015621185302734,0.001251220703125,0.0013236999511718,0.0,0.3,1
0.0076141357421875,0.0076141357421875,9.5367431640625e-07,9.5367431640625e-07,0.0,0.001,2
0.0076141357421875,0.0053482055664062,9.5367431640625e-07,9.5367431640625e-07,0.0,0.001,2
0.0030937194824218,0.00262451171875,0.002105712890625,0.0022773742675781,2.86102294921875e-05,0.3,1
0.00262451171875,0.00262451171875,0.0017719268798828,0.0018730163574218,1.430511474609375e-05,0.3,1
0.0060272216796875,0.0060501098632812,0.0018806457519531,0.001901626586914,0.0,0.3,0
0.01885986328125,0.021759033203125,0.0041122436523437,0.004180908203125,0.0006275177001953,0.029,2
0.0015621185302734,0.0011196136474609,0.0010967254638671,0.0013504028320312,9.5367431640625e-06,0.3,1
0.00262451171875,0.00262451171875,0.001230239868164,0.0014114379882812,0.0005855560302734,0.3,1
0.0,0.0013027191162109,0.0072479248046875,0.01580810546875,0.0011405944824218,0.3,0
0.0002717971801757,0.0002593994140625,7.62939453125e-05,7.62939453125e-05,9.5367431640625e-06,0.002,2
0.0,0.0013027191162109,0.009552001953125,0.0099639892578125,0.0013999938964843,0.3,0
0.0033683776855468,0.0033683776855468,0.002593994140625,0.0,0.0004024505615234,0.3,1
0.0032539367675781,0.0032539367675781,0.0013999938964843,0.0013999938964843,0.0004243850708007,0.009,2
0.0018386840820312,0.0019569396972656,0.0006141662597656,0.0006141662597656,0.0005979537963867,0.001,2
0.0001955032348632,0.000213623046875,9.250640869140624e-05,0.0001029968261718,9.5367431640625e-07,0.3,1
0.00262451171875,0.00262451171875,0.0003395080566406,0.0007743835449218,0.0002946853637695,0.004,2
0.011383056640625,0.0101776123046875,0.001138687133789,0.0011425018310546,0.000319480895996,0.3,0
0.00262451171875,0.00262451171875,0.0017719268798828,0.0018730163574218,1.430511474609375e-05,0.3,1
0.0128326416015625,0.014007568359375,0.006103515625,0.0061798095703125,0.0011844635009765,0.3,1
0.0,0.0013027191162109,0.000584602355957,0.0007963180541992,0.0004186630249023,0.012,2
0.0,0.0013027191162109,0.0186767578125,0.019287109375,0.001230239868164,0.3,0
0.0731201171875,0.07373046875,0.00335693359375,0.0033798217773437,0.0007581710815429,0.3,0
0.0009641647338867,0.0006513595581054,1.33514404296875e-05,1.33514404296875e-05,4.38690185546875e-05,0.001,2
0.0,0.0013027191162109,0.008544921875,0.0128631591796875,0.0012035369873046,0.3,0
0.027862548828125,0.025665283203125,0.002777099609375,0.0027847290039062,0.000554084777832,0.226,0
0.0177001953125,0.0177001953125,0.0100860595703125,0.010162353515625,0.0004644393920898,0.3,1
0.0372314453125,0.02685546875,0.0078277587890625,0.0079193115234375,0.0005655288696289,0.3,0
0.009765625,0.009765625,0.0016994476318359,0.0017051696777343,0.0004358291625976,0.3,0
0.0065078735351562,0.0065078735351562,0.0001173019409179,0.0001192092895507,1.9073486328125e-06,0.003,2
0.0056686401367187,0.0056686401367187,0.0018367767333984,0.0021018981933593,0.0004482269287109,0.297,0
0.0,0.0066909790039062,0.0039443969726562,0.0039596557617187,0.0003786087036132,0.3,0
0.006683349609375,0.0036125183105468,0.0006771087646484,0.0006790161132812,9.5367431640625e-07,0.3,0
0.0024795532226562,0.0024795532226562,0.0005168914794921,0.0007514953613281,2.765655517578125e-05,0.003,2
0.0003023147583007,0.0003061294555664,0.0001964569091796,0.0002260208129882,0.0,0.053,1
0.0,0.0013027191162109,9.5367431640625e-07,9.5367431640625e-07,0.0,0.001,2
0.005035400390625,0.004119873046875,0.0035781860351562,0.0036888122558593,0.000309944152832,0.3,1
0.0,0.0013027191162109,0.0097503662109375,0.016998291015625,0.0021743774414062,0.3,0
0.006683349609375,0.0036125183105468,0.0006771087646484,0.0006790161132812,9.5367431640625e-07,0.3,0
0.0,0.0013027191162109,0.0052871704101562,0.0052947998046875,0.0024795532226562,0.3,0
0.0031623840332031,0.0031013488769531,1.9073486328125e-06,1.9073486328125e-06,0.0,0.001,2
0.0035820007324218,0.004425048828125,9.250640869140624e-05,9.250640869140624e-05,0.0002069473266601,0.001,2
0.0018463134765625,0.0016155242919921,0.0016365051269531,0.0016460418701171,0.0005378723144531,0.003,1
0.00262451171875,0.00262451171875,0.0003395080566406,0.0007743835449218,0.0002946853637695,0.004,2
0.0032501220703125,0.0036849975585937,0.001535415649414,0.0016059875488281,0.000258445739746,0.3,1
0.0002317428588867,0.0002088546752929,8.58306884765625e-06,8.58306884765625e-06,0.0,0.002,2
0.0035858154296875,0.003509521484375,0.0012149810791015,0.0012474060058593,7.534027099609375e-05,0.3,0
0.0128936767578125,0.01171875,0.007965087890625,0.0095977783203125,0.0006599426269531,0.3,1
0.0,0.013092041015625,0.01873779296875,0.01898193359375,0.000152587890625,0.3,0
0.0026054382324218,0.0026054382324218,8.7738037109375e-05,8.7738037109375e-05,1.9073486328125e-06,0.001,2
0.0,0.0009517669677734,0.0126953125,0.0127410888671875,0.0001773834228515,0.3,0
0.006011962890625,0.0057296752929687,0.0039901733398437,0.0039901733398437,5.054473876953125e-05,0.3,1
0.0,0.0013027191162109,9.5367431640625e-07,9.5367431640625e-07,0.0,0.001,2
0.0,0.0013027191162109,0.0053253173828125,0.0087890625,0.0009937286376953,0.3,0
0.0,0.0013027191162109,0.0024795532226562,0.0030517578125,7.534027099609375e-05,0.079,2
0.0015621185302734,0.0015621185302734,0.0001001358032226,0.0001001358032226,0.0005178451538085,0.002,2
0.0,0.0003175735473632,0.0002365112304687,0.0002546310424804,9.5367431640625e-07,0.3,0
0.0,0.0032539367675781,9.5367431640625e-05,0.0001039505004882,9.5367431640625e-07,0.3,0
0.00390625,0.00390625,0.0023269653320312,0.0023307800292968,4.57763671875e-05,0.3,1
0.0019149780273437,0.0019035339355468,0.0015373229980468,0.0015621185302734,5.245208740234375e-05,0.3,1
0.0,0.0013027191162109,9.5367431640625e-07,9.5367431640625e-07,0.0004138946533203,0.003,2
0.0,0.0013027191162109,0.0126495361328125,0.012786865234375,0.0005807876586914,0.3,0
0.006500244140625,0.0065078735351562,0.0006999969482421,0.0007591247558593,0.0003204345703125,0.017,2
0.0033683776855468,0.0033683776855468,0.0022087097167968,0.0,0.0004081726074218,0.3,1
0.0,0.0013027191162109,0.0067062377929687,0.008026123046875,0.0008716583251953,0.3,0
0.0,0.0003175735473632,0.0002365112304687,0.0002546310424804,9.5367431640625e-07,0.3,0
0.006500244140625,0.0065078735351562,9.5367431640625e-07,9.5367431640625e-07,0.0,0.001,2
0.0002565383911132,0.0001993179321289,0.000152587890625,0.0001649856567382,3.814697265625e-06,0.3,1
0.006683349609375,0.0036125183105468,0.0006961822509765,0.0006980895996093,1.1444091796875e-05,0.3,0
0.0,0.0013027191162109,0.0126495361328125,0.012786865234375,0.0005807876586914,0.3,0
0.0015621185302734,0.0015621185302734,0.000807762145996,0.0011653900146484,0.0001182556152343,0.3,1
0.0,0.0013027191162109,0.008880615234375,0.010040283203125,0.0012798309326171,0.3,0
0.0052108764648437,0.0052108764648437,0.0018596649169921,0.0018882751464843,0.0001649856567382,0.3,0
0.0027809143066406,0.00262451171875,0.0020866394042968,0.0023345947265625,0.0,0.3,1
0.0057296752929687,0.0057296752929687,0.0038871765136718,0.0040740966796875,0.0001764297485351,0.3,1
0.0016555786132812,0.0020866394042968,0.0014686584472656,0.0014686584472656,0.0005016326904296,0.003,1
0.0026054382324218,0.0026054382324218,0.0017757415771484,0.0020294189453125,0.0001001358032226,0.3,1
0.0,0.00286865234375,0.0001602172851562,0.0001630783081054,3.910064697265625e-05,0.3,0
0.000227928161621,0.000223159790039,0.000152587890625,0.00018310546875,0.0,0.241,1
0.0,0.0003175735473632,0.0002155303955078,0.0002222061157226,0.0,0.3,0
0.0077972412109375,0.0077972412109375,0.0044174194335937,0.0044174194335937,1.71661376953125e-05,0.3,1
0.0,0.0013027191162109,0.0005912780761718,0.0005922317504882,0.0002975463867187,0.031,2
0.0,0.02685546875,0.019805908203125,0.01995849609375,0.0003032684326171,0.3,0
0.00390625,0.00390625,0.0015144348144531,0.0017890930175781,0.000411033630371,0.3,1
0.0076141357421875,0.0076141357421875,9.5367431640625e-07,9.5367431640625e-07,0.0,0.001,2
0.0036125183105468,0.0036125183105468,0.0033645629882812,0.0036125183105468,0.0,0.3,1
0.0,0.00262451171875,0.0,0.0,0.0,0.002,2
0.0,0.0003175735473632,0.0001869201660156,0.000187873840332,1.9073486328125e-06,0.3,0
0.006500244140625,0.0065078735351562,0.0006999969482421,0.0007591247558593,0.0003204345703125,0.017,2
0.0002317428588867,0.0002212524414062,8.58306884765625e-06,8.58306884765625e-06,0.0,0.002,2
0.0,0.00262451171875,0.0,0.0,0.0,0.002,2
0.0,0.0260009765625,0.0036430358886718,0.00396728515625,0.0008859634399414,0.3,0
0.0,0.0013027191162109,0.015289306640625,0.02252197265625,0.0023040771484375,0.3,0
0.000227928161621,0.0001821517944335,0.000152587890625,0.00018310546875,0.0,0.241,1
0.0,0.0718994140625,0.0005397796630859,0.0005464553833007,0.000101089477539,0.3,0
0.0031509399414062,0.00146484375,1.239776611328125e-05,1.239776611328125e-05,0.0002708435058593,0.002,2
0.0,0.0038070678710937,0.00341796875,0.0034599304199218,0.0003385543823242,0.3,0
0.0001955032348632,0.0002098083496093,9.250640869140624e-05,0.0001029968261718,9.5367431640625e-07,0.3,1
0.0,0.0022735595703125,0.0039443969726562,0.0039596557617187,0.0003786087036132,0.3,0
0.0026054382324218,0.0026054382324218,0.0013332366943359,0.0022430419921875,0.0003290176391601,0.3,1
0.009185791015625,0.009185791015625,0.003936767578125,0.0067138671875,0.0002260208129882,0.3,1
0.0053176879882812,0.0047149658203125,3.0517578125e-05,3.24249267578125e-05,1.9073486328125e-06,0.003,2
0.0002317428588867,0.0002088546752929,8.58306884765625e-06,8.58306884765625e-06,0.0,0.002,2
0.00439453125,0.00439453125,0.0015716552734375,0.0015811920166015,0.0003490447998046,0.3,0
0.0026054382324218,0.0026054382324218,0.0017757415771484,0.0020294189453125,0.0001001358032226,0.3,1
0.023284912109375,0.023284912109375,0.01824951171875,0.018798828125,0.0006866455078125,0.3,1
0.022552490234375,0.022552490234375,0.0110626220703125,0.01129150390625,0.0006351470947265,0.3,1
0.011016845703125,0.011016845703125,0.0008964538574218,0.000899314880371,7.62939453125e-06,0.3,0
0.0096588134765625,0.006011962890625,0.0007972717285156,0.000868797302246,0.000274658203125,0.022,2
0.008819580078125,0.029632568359375,0.0038108825683593,0.003814697265625,0.0008535385131835,0.3,1
0.0032501220703125,0.0036849975585937,0.001535415649414,0.0016059875488281,0.000258445739746,0.3,1
0.0002326965332031,0.0002660751342773,0.0001173019409179,0.0001182556152343,8.58306884765625e-06,0.004,2
0.011383056640625,0.020263671875,0.001138687133789,0.0011425018310546,0.000319480895996,0.3,0
0.0032501220703125,0.0036849975585937,0.001535415649414,0.0016059875488281,0.000258445739746,0.3,1
0.0002717971801757,0.0002803802490234,7.62939453125e-05,7.62939453125e-05,9.5367431640625e-06,0.002,2
0.0018234252929687,0.0018234252929687,0.0001764297485351,0.0003833770751953,0.000197410583496,0.003,2
0.030303955078125,0.017974853515625,0.0154571533203125,0.0155181884765625,0.0005397796630859,0.3,1
0.0,0.0013027191162109,0.0052871704101562,0.0052947998046875,0.0024795532226562,0.3,0
0.0004310607910156,0.0003652572631835,0.0002689361572265,0.0003032684326171,9.5367431640625e-07,0.3,1
0.0,0.0013027191162109,0.0072402954101562,0.00933837890625,0.0001478195190429,0.3,0
0.0018234252929687,0.0018234252929687,0.0007400512695312,0.0008964538574218,0.0004997253417968,0.133,1
0.0041885375976562,0.0041885375976562,9.72747802734375e-05,9.72747802734375e-05,0.0001630783081054,0.001,2
0.0,0.0013027191162109,0.0131072998046875,0.019927978515625,0.0012016296386718,0.3,0
0.0012569427490234,0.001260757446289,0.000833511352539,0.000859260559082,0.0002784729003906,0.3,1
0.0731201171875,0.0460205078125,0.00335693359375,0.0033798217773437,0.0007581710815429,0.3,0
0.00262451171875,0.00262451171875,0.0009384155273437,0.0015068054199218,0.0005674362182617,0.3,1
0.0123748779296875,0.0123748779296875,5.14984130859375e-05,5.14984130859375e-05,0.0002498626708984,0.001,2
0.006683349609375,0.0036125183105468,0.0006771087646484,0.0006790161132812,9.5367431640625e-07,0.3,0
0.0050125122070312,0.0037307739257812,0.0026702880859375,0.0026702880859375,0.0005407333374023,0.3,1
0.0012702941894531,0.0012454986572265,0.0009822845458984,0.0009841918945312,2.47955322265625e-05,0.295,1
0.0,0.0013027191162109,0.0043869018554687,0.0098876953125,0.0017299652099609,0.3,0
0.0015201568603515,0.00164794921875,0.0006847381591796,0.0008163452148437,9.5367431640625e-07,0.083,2
0.0052108764648437,0.0052108764648437,0.001220703125,0.0012226104736328,0.0005769729614257,0.3,0
0.0005350112915039,0.0005598068237304,0.0004940032958984,0.0005407333374023,0.0002298355102539,0.127,1
0.006500244140625,0.0065078735351562,9.5367431640625e-07,9.5367431640625e-07,0.0,0.001,2
0.009521484375,0.005706787109375,0.0023040771484375,0.0029640197753906,0.0001821517944335,0.3,0
0.0,0.0013027191162109,0.019287109375,0.020599365234375,0.0011310577392578,0.3,0
0.00213623046875,0.0018234252929687,0.0014305114746093,0.0018234252929687,4.00543212890625e-05,0.3,1
0.0018463134765625,0.0016155242919921,0.0016365051269531,0.0016460418701171,0.0005378723144531,0.003,1
0.030303955078125,0.016143798828125,0.0154571533203125,0.0155181884765625,0.0005397796630859,0.3,1
0.0019149780273437,0.0019149780273437,0.0015373229980468,0.0015621185302734,5.245208740234375e-05,0.3,1
0.0052108764648437,0.0052108764648437,0.0023193359375,0.0023231506347656,0.0001792907714843,0.3,1
0.0052108764648437,0.0052108764648437,0.00115966796875,0.0011615753173828,0.0002899169921875,0.3,0
0.0002317428588867,0.0001850128173828,8.58306884765625e-06,8.58306884765625e-06,0.0,0.002,2
0.0032501220703125,0.0036849975585937,0.001535415649414,0.0016059875488281,0.000258445739746,0.3,1
0.016571044921875,0.014404296875,0.0150299072265625,0.0150604248046875,0.0004844665527343,0.3,1
0.0,0.0013027191162109,0.020477294921875,0.021209716796875,0.0014228820800781,0.277,0
0.0416259765625,0.0027008056640625,0.0029220581054687,0.0029296875,0.0002298355102539,0.3,0
0.011016845703125,0.011016845703125,0.0008964538574218,0.000899314880371,7.62939453125e-06,0.3,0
0.0004158020019531,0.0052108764648437,0.0002079010009765,0.000223159790039,0.0,0.3,1
0.000227928161621,0.000223159790039,0.000152587890625,0.00018310546875,0.0,0.241,1
0.0025405883789062,0.0025405883789062,0.0003881454467773,0.0004396438598632,0.0003280639648437,0.003,2
0.0131072998046875,0.0073699951171875,0.0042190551757812,0.0042495727539062,0.0001821517944335,0.3,0
0.0,0.0013027191162109,0.0043716430664062,0.0097198486328125,0.0011215209960937,0.3,0
0.0123748779296875,0.0123748779296875,5.14984130859375e-05,5.14984130859375e-05,0.0002498626708984,0.001,2
0.0050125122070312,0.0033836364746093,0.0026702880859375,0.0026702880859375,0.0005407333374023,0.3,1
0.0097503662109375,0.0097503662109375,0.0027389526367187,0.0059814453125,0.0,0.3,1
0.0,0.0013027191162109,0.0155792236328125,0.015594482421875,0.0009975433349609,0.3,0
0.0002269744873046,0.0002450942993164,0.0001735687255859,0.0001859664916992,0.0,0.3,1
0.1024169921875,0.1019287109375,0.04718017578125,0.04718017578125,0.0009737014770507,0.3,3
0.0,0.00262451171875,0.0,0.0,0.0,0.002,2
0.0052108764648437,0.0052108764648437,0.0018596649169921,0.0018882751464843,0.0001649856567382,0.3,0
0.0004034042358398,0.0033416748046875,0.0002346038818359,0.0002479553222656,0.0,0.3,1
0.0052108764648437,0.0052108764648437,0.0010299682617187,0.0010318756103515,0.0003166198730468,0.3,0
0.00262451171875,0.00262451171875,0.0008888244628906,0.0010643005371093,0.0003223419189453,0.189,1
0.0002317428588867,0.0002155303955078,8.58306884765625e-06,8.58306884765625e-06,0.0,0.002,2
0.0022773742675781,0.002288818359375,0.0005483627319335,0.0005502700805664,0.0,0.3,0
0.00262451171875,0.00262451171875,0.000101089477539,0.000101089477539,0.0005369186401367,0.001,2
0.0,0.0008907318115234,0.0012264251708984,0.0012283325195312,0.000340461730957,0.3,0
0.0,0.0013027191162109,1.9073486328125e-06,2.86102294921875e-06,0.0002756118774414,0.003,2
0.0,0.0013027191162109,0.0020561218261718,0.005462646484375,0.0007820129394531,0.08,2
0.0123748779296875,0.0123748779296875,5.14984130859375e-05,5.14984130859375e-05,0.0002498626708984,0.001,2
0.000227928161621,0.000227928161621,0.000152587890625,0.00018310546875,0.0,0.241,1
0.006500244140625,0.0065078735351562,9.5367431640625e-07,9.5367431640625e-07,0.0,0.001,2
0.0072250366210937,0.0072250366210937,0.0052261352539062,0.0052337646484375,0.0004892349243164,0.3,1
0.00262451171875,0.00262451171875,0.0003862380981445,0.0009374618530273,0.0,0.004,2
0.0024070739746093,0.0024070739746093,0.0013256072998046,0.0019054412841796,0.000563621520996,0.048,1
0.0002717971801757,0.0002851486206054,7.62939453125e-05,7.62939453125e-05,9.5367431640625e-06,0.002,2
0.0002803802490234,0.0002975463867187,0.0001478195190429,0.0001611709594726,8.58306884765625e-06,0.3,1
0.0052108764648437,0.0052108764648437,0.0016651153564453,0.001749038696289,5.91278076171875e-05,0.3,0
0.0052108764648437,0.0052108764648437,0.0030326843261718,0.0034713745117187,0.0001544952392578,0.3,1
0.0037651062011718,0.0037727355957031,0.0017032623291015,0.0025711059570312,0.0005111694335937,0.295,1
0.0036125183105468,0.0036125183105468,0.0017337799072265,0.0020866394042968,0.0004568099975585,0.036,1
0.0027313232421875,0.0028572082519531,0.0010356903076171,0.0010509490966796,9.632110595703124e-05,0.3,1
0.0033683776855468,0.0033683776855468,0.0022087097167968,0.0,0.0004081726074218,0.3,1
0.0,0.0013027191162109,0.0066299438476562,0.0099639892578125,0.0009479522705078,0.3,0
0.00262451171875,0.00262451171875,0.000101089477539,0.000101089477539,0.0005369186401367,0.001,2
0.00262451171875,0.00262451171875,0.0014495849609375,0.0015716552734375,6.008148193359375e-05,0.3,1
0.0021896362304687,0.0015621185302734,0.001434326171875,0.0015621185302734,1.9073486328125e-06,0.3,1
0.078125,0.078125,0.0738525390625,0.0750732421875,0.0005884170532226,0.3,3
0.000436782836914,0.0026054382324218,0.0003032684326171,0.0003108978271484,0.0,0.3,1
0.0008134841918945,0.0005674362182617,0.0005102157592773,0.0005121231079101,0.0001630783081054,0.3,1
0.00726318359375,0.0072555541992187,0.005401611328125,0.0054092407226562,0.0004854202270507,0.3,1
0.0,0.0013027191162109,9.5367431640625e-07,9.5367431640625e-07,0.0,0.001,2
0.0026054382324218,0.0026054382324218,0.0006675720214843,0.0006675720214843,0.0004243850708007,0.016,2
0.0014915466308593,0.0011253356933593,0.0008649826049804,0.001138687133789,4.673004150390625e-05,0.3,1
0.0088653564453125,0.0088653564453125,0.0024986267089843,0.0025177001953125,0.0005617141723632,0.3,0
0.0,0.028076171875,0.0042572021484375,0.0042800903320312,0.0002241134643554,0.3,0
0.1024169921875,0.1019287109375,0.04718017578125,0.04718017578125,0.0009737014770507,0.3,3
0.0,0.0013027191162109,0.000345230102539,0.0005617141723632,0.0002107620239257,0.019,2
0.0,0.0001649856567382,0.0001640319824218,0.0001678466796875,3.0517578125e-05,0.3,0
0.0106201171875,0.0106201171875,0.0078277587890625,0.008544921875,4.76837158203125e-06,0.3,1
0.0052871704101562,0.0052871704101562,7.62939453125e-05,7.62939453125e-05,0.0018939971923828,0.002,2
0.0057296752929687,0.0057296752929687,0.003631591796875,0.0036506652832031,0.0002851486206054,0.3,1
0.01251220703125,0.0059051513671875,0.0014057159423828,0.0014076232910156,0.0002307891845703,0.3,0
0.0,0.0013027191162109,0.0069580078125,0.0104522705078125,0.0002956390380859,0.3,0
0.01116943359375,0.01116943359375,0.0072097778320312,0.0105438232421875,0.0009098052978515,0.3,1
0.0094757080078125,0.0094757080078125,0.0087127685546875,0.0087127685546875,9.5367431640625e-07,0.3,1
0.0064773559570312,0.0072708129882812,0.0039825439453125,0.0062713623046875,0.0037193298339843,0.3,1
0.0123748779296875,0.0123748779296875,5.14984130859375e-05,5.14984130859375e-05,0.0002498626708984,0.001,2
0.011016845703125,0.011016845703125,0.0008964538574218,0.000899314880371,7.62939453125e-06,0.3,0
0.0052108764648437,0.0052108764648437,0.0016651153564453,0.001749038696289,5.91278076171875e-05,0.3,0
0.0,0.00262451171875,0.0,0.0,0.0,0.002,2
0.005096435546875,0.005096435546875,0.0046157836914062,0.0,0.0002307891845703,0.3,1
0.0097503662109375,0.0097503662109375,0.0027389526367187,0.0059814453125,0.0,0.3,1
0.009765625,0.009765625,0.001535415649414,0.0015411376953125,0.0005664825439453,0.3,0
0.006500244140625,0.0065078735351562,9.5367431640625e-07,9.5367431640625e-07,0.0,0.001,2
0.006622314453125,0.00634765625,0.0031051635742187,0.0035934448242187,0.0019683837890625,0.156,1
0.0009651184082031,0.0009651184082031,0.0006608963012695,0.0006618499755859,0.0001230239868164,0.3,1
0.0104217529296875,0.0104217529296875,6.580352783203125e-05,6.961822509765625e-05,2.86102294921875e-06,0.003,2
0.0002317428588867,0.0001993179321289,8.58306884765625e-06,8.58306884765625e-06,0.0,0.002,2
0.0078125,0.0078125,0.000645637512207,0.0011272430419921,0.0002088546752929,0.3,0
0.0012569427490234,0.0012569427490234,0.000833511352539,0.000859260559082,0.0002784729003906,0.3,1
0.0,0.0013027191162109,0.020477294921875,0.021209716796875,0.0014228820800781,0.277,0
0.000885009765625,0.0008974075317382,0.0005521774291992,0.000554084777832,0.0001535415649414,0.3,1
0.0014705657958984,0.0014705657958984,0.0007209777832031,0.0007219314575195,0.0004329681396484,0.13,1
0.1875,0.1041259765625,0.129638671875,0.129638671875,0.0017356872558593,0.3,3
0.00726318359375,0.0072555541992187,0.005401611328125,0.0054092407226562,0.0004854202270507,0.3,1
0.0052108764648437,0.0052108764648437,0.0010299682617187,0.0010318756103515,0.0003166198730468,0.3,0
0.0,0.03125,0.0240478515625,0.024169921875,0.0002813339233398,0.3,0
0.0076065063476562,0.005859375,0.0013465881347656,0.0016345977783203,0.0016822814941406,0.003,2
0.0,0.0013027191162109,0.0069580078125,0.0104522705078125,0.0002956390380859,0.3,0
0.0003652572631835,0.0003652572631835,0.000244140625,0.0003128051757812,9.5367431640625e-07,0.3,1
0.000227928161621,0.000227928161621,0.000152587890625,0.00018310546875,0.0,0.241,1
0.0,0.0045700073242187,0.0041046142578125,0.0041046142578125,0.0003175735473632,0.3,0
0.00262451171875,0.00262451171875,0.000762939453125,0.0007638931274414,0.0005645751953125,0.023,2
0.0,0.0038566589355468,0.001953125,0.0019645690917968,0.0008172988891601,0.3,0
0.0,0.0013027191162109,0.02178955078125,0.023406982421875,0.0014266967773437,0.077,0
0.0104217529296875,0.0104217529296875,0.0013809204101562,0.0024375915527343,0.0002145767211914,0.108,2
0.0001955032348632,0.0002002716064453,9.250640869140624e-05,0.0001029968261718,9.5367431640625e-07,0.3,1
0.0022773742675781,0.0022811889648437,0.0002574920654296,0.0002574920654296,0.0001354217529296,0.002,2
0.00262451171875,0.00262451171875,9.34600830078125e-05,9.34600830078125e-05,3.814697265625e-06,0.003,2
0.0,0.0013027191162109,0.0031280517578125,0.0102081298828125,0.0013847351074218,0.23,0
0.078125,0.078125,0.0738525390625,0.0750732421875,0.0005884170532226,0.3,3
0.006683349609375,0.0036125183105468,0.0006961822509765,0.0006980895996093,1.1444091796875e-05,0.3,0
0.0002050399780273,0.0003252029418945,0.0001354217529296,0.0001382827758789,4.1961669921875e-05,0.3,1
0.0,0.0013027191162109,0.0046768188476562,0.0055618286132812,0.0023994445800781,0.3,0
0.0018234252929687,0.0018234252929687,0.0011806488037109,0.0012741088867187,0.000223159790039,0.3,1
0.0,0.0013027191162109,0.0052871704101562,0.0052947998046875,0.0024795532226562,0.3,0
0.0,0.0013027191162109,0.012481689453125,0.02093505859375,0.0023918151855468,0.257,0
0.00262451171875,0.00262451171875,0.0021553039550781,0.0022048950195312,7.43865966796875e-05,0.3,1
0.0032501220703125,0.0036849975585937,0.001535415649414,0.0016059875488281,0.000258445739746,0.3,1
0.0056076049804687,0.0011005401611328,0.0044479370117187,0.0044479370117187,0.0,0.014,1
0.0002317428588867,0.0002155303955078,8.58306884765625e-06,8.58306884765625e-06,0.0,0.002,2
0.016143798828125,0.016143798828125,0.01104736328125,0.0110626220703125,0.0010204315185546,0.3,1
0.0026931762695312,0.0102691650390625,0.0023994445800781,0.0024337768554687,8.20159912109375e-05,0.3,1
0.0027313232421875,0.0028572082519531,0.0010356903076171,0.0010509490966796,9.632110595703124e-05,0.3,1
0.0001955032348632,0.000192642211914,9.250640869140624e-05,0.0001029968261718,9.5367431640625e-07,0.3,1
0.0052108764648437,0.0052108764648437,0.0030326843261718,0.0034713745117187,0.0001544952392578,0.3,1
0.006500244140625,0.0065078735351562,9.5367431640625e-07,9.5367431640625e-07,0.0,0.001,2
0.0057296752929687,0.0057296752929687,0.003631591796875,0.0036506652832031,0.0002851486206054,0.3,1
0.1875,0.1041259765625,0.129638671875,0.129638671875,0.0017356872558593,0.3,3
0.0,0.0045700073242187,0.0041046142578125,0.0041046142578125,0.0003175735473632,0.3,0
0.0002317428588867,0.0002126693725585,8.58306884765625e-06,8.58306884765625e-06,0.0,0.002,2
0.001413345336914,0.0016193389892578,0.0011539459228515,0.0013618469238281,0.0004177093505859,0.083,1
0.0024986267089843,0.0011787414550781,0.0009708404541015,0.0009727478027343,0.0002985000610351,0.3,1
0.0,0.0013027191162109,0.0044631958007812,0.0098724365234375,0.0006265640258789,0.3,0
0.0,0.0045700073242187,0.0041046142578125,0.0041046142578125,0.0003175735473632,0.3,0
0.00262451171875,0.00262451171875,0.0008888244628906,0.0010643005371093,0.0003223419189453,0.189,1
0.0052108764648437,0.0052108764648437,0.0010910034179687,0.0011062622070312,0.0003108978271484,0.3,0
0.0040130615234375,0.0030632019042968,0.0028343200683593,0.0028572082519531,0.0011539459228515,0.3,1
0.0,0.0013027191162109,0.010101318359375,0.010162353515625,0.0002784729003906,0.072,2
0.017242431640625,0.017242431640625,0.0047531127929687,0.0055007934570312,0.0007781982421875,0.3,0
0.0,0.0001649856567382,0.0001640319824218,0.0001678466796875,3.0517578125e-05,0.3,0
0.006683349609375,0.0036125183105468,0.0006771087646484,0.0006790161132812,9.5367431640625e-07,0.3,0
0.0014705657958984,0.0014705657958984,9.918212890625e-05,9.918212890625e-05,3.0517578125e-05,0.001,2
0.0052108764648437,0.0052108764648437,0.001220703125,0.0012226104736328,0.0005769729614257,0.3,0
0.0,0.0013027191162109,0.0062255859375,0.0112152099609375,0.0014572143554687,0.3,0
0.00262451171875,0.00262451171875,9.34600830078125e-05,9.34600830078125e-05,3.814697265625e-06,0.003,2
0.006683349609375,0.0036125183105468,0.0006771087646484,0.0006790161132812,9.5367431640625e-07,0.3,0
0.0,0.00262451171875,0.0,0.0,0.0,0.002,2
0.00390625,0.00390625,0.0009088516235351,0.0009117126464843,0.0001716613769531,0.3,0
0.0002546310424804,0.0002546310424804,0.0001649856567382,0.0001754760742187,3.528594970703125e-05,0.091,1
0.0034980773925781,0.0045318603515625,0.0023918151855468,0.0023918151855468,9.5367431640625e-07,0.3,1
0.0002317428588867,0.0002088546752929,8.58306884765625e-06,8.58306884765625e-06,0.0,0.002,2
0.0,0.0013027191162109,0.0113677978515625,0.019622802734375,0.0012626647949218,0.3,0
0.0,0.0045700073242187,0.0040130615234375,0.0040130615234375,0.0002870559692382,0.3,0
0.0,0.0066375732421875,0.000157356262207,0.0001611709594726,3.24249267578125e-05,0.3,0
0.010162353515625,0.010162353515625,0.0068359375,0.0069122314453125,0.0009841918945312,0.3,1
0.0034942626953125,0.0751953125,0.0003662109375,0.0003671646118164,7.724761962890625e-05,0.3,0
0.000258445739746,0.0002393722534179,0.0001306533813476,0.0001373291015625,8.58306884765625e-06,0.027,2
0.0,0.0013027191162109,2.47955322265625e-05,4.76837158203125e-05,0.0001153945922851,0.002,2
0.0001955032348632,0.0001955032348632,9.250640869140624e-05,0.0001029968261718,9.5367431640625e-07,0.3,1
0.0052108764648437,0.0052108764648437,0.0018596649169921,0.0018882751464843,0.0001649856567382,0.3,0
0.0018234252929687,0.0018234252929687,0.0001764297485351,0.0003833770751953,0.000197410583496,0.003,2
0.0052108764648437,0.0052108764648437,0.0030326843261718,0.0034713745117187,0.0001544952392578,0.3,1
0.0,0.0013027191162109,0.0053558349609375,0.006103515625,0.0006942749023437,0.3,0
0.008819580078125,0.0065078735351562,0.0038108825683593,0.003814697265625,0.0008535385131835,0.3,1
0.0002317428588867,0.0002088546752929,8.58306884765625e-06,8.58306884765625e-06,0.0,0.002,2
0.0018234252929687,0.0018234252929687,0.0007400512695312,0.0008964538574218,0.0004997253417968,0.133,1
0.0225830078125,0.019561767578125,0.0106201171875,0.0107421875,0.0006294250488281,0.3,1
0.0061492919921875,0.0061492919921875,0.0003480911254882,0.0003480911254882,0.0005655288696289,0.003,2
0.0148468017578125,0.0052108764648437,0.0111083984375,0.0111541748046875,4.76837158203125e-06,0.3,1
0.0067901611328125,0.0067901611328125,0.0036735534667968,0.0036849975585937,0.0006275177001953,0.3,1
0.0,0.0013027191162109,0.0052871704101562,0.0052947998046875,0.0024795532226562,0.3,0
0.0019607543945312,0.0017166137695312,0.0014934539794921,0.0015754699707031,0.0005989074707031,0.045,1
0.006683349609375,0.0036125183105468,0.0006771087646484,0.0006790161132812,9.5367431640625e-07,0.3,0
0.0625,0.0625,0.03570556640625,0.03582763671875,0.0006513595581054,0.3,1
0.00762939453125,0.00762939453125,0.0011978149414062,0.0011978149414062,0.0013999938964843,0.001,2
0.00262451171875,0.00262451171875,0.0015277862548828,0.0016098022460937,0.0004777908325195,0.3,1
0.00726318359375,0.0072555541992187,0.005401611328125,0.0054092407226562,0.0004854202270507,0.3,1
0.0012569427490234,0.001260757446289,0.000833511352539,0.000859260559082,0.0002784729003906,0.3,1
0.0025558471679687,0.0025558471679687,1.9073486328125e-06,1.9073486328125e-06,0.0,0.001,2
0.004364013671875,0.004364013671875,0.00225830078125,0.0023002624511718,0.0002937316894531,0.3,1
0.0,0.0390625,0.02191162109375,0.02215576171875,0.0001497268676757,0.3,0
0.0052108764648437,0.0052108764648437,0.0016651153564453,0.001749038696289,5.91278076171875e-05,0.3,0
0.0,0.0038566589355468,0.001953125,0.0019645690917968,0.0008172988891601,0.3,0
0.0,0.0013027191162109,0.0,0.0,0.0,0.001,2
0.0012702941894531,0.0012454986572265,0.0009822845458984,0.0009841918945312,2.47955322265625e-05,0.295,1
0.0,0.0013027191162109,0.01922607421875,0.0206298828125,0.0021095275878906,0.3,0
0.0,0.0013027191162109,0.009002685546875,0.00958251953125,0.0013027191162109,0.3,0
0.0072860717773437,0.012847900390625,0.005035400390625,0.0051727294921875,0.0001296997070312,0.3,1
0.011016845703125,0.011016845703125,0.0008964538574218,0.000899314880371,7.62939453125e-06,0.3,0
0.0037765502929687,0.0011329650878906,0.0013027191162109,0.0013046264648437,4.100799560546875e-05,0.3,0
0.0128326416015625,0.01123046875,0.006103515625,0.0061798095703125,0.0011844635009765,0.3,1
0.00262451171875,0.00262451171875,0.0003833770751953,0.0006160736083984,1.9073486328125e-06,0.004,2
0.0,0.0038566589355468,0.001953125,0.0019645690917968,0.0008172988891601,0.3,0
0.0,0.0013027191162109,0.021514892578125,0.02197265625,0.002471923828125,0.3,0
0.0035858154296875,0.003509521484375,0.0012149810791015,0.0012474060058593,7.534027099609375e-05,0.3,0
0.0019149780273437,0.0019035339355468,0.0015373229980468,0.0015621185302734,5.245208740234375e-05,0.3,1
0.0002565383911132,0.0002698898315429,0.000152587890625,0.0001649856567382,3.814697265625e-06,0.3,1
0.0,0.0013027191162109,0.0076370239257812,0.00927734375,0.0005884170532226,0.3,0
0.0,0.0013027191162109,0.0052871704101562,0.0052947998046875,0.0024795532226562,0.3,0
0.0002717971801757,0.0002775192260742,7.62939453125e-05,7.62939453125e-05,9.5367431640625e-06,0.002,2
0.0,0.0013027191162109,0.0003290176391601,0.0007448196411132,0.0005788803100585,0.022,2
0.04888916015625,0.0123748779296875,0.04376220703125,0.0443115234375,0.0005741119384765,0.3,1
0.0052108764648437,0.0052108764648437,0.0010910034179687,0.0011062622070312,0.0003108978271484,0.3,0
0.0052108764648437,0.0052108764648437,0.0030326843261718,0.0034713745117187,0.0001544952392578,0.3,1
0.004180908203125,0.04022216796875,0.0010643005371093,0.0010833740234375,0.0006141662597656,0.3,0
0.0026054382324218,0.0026054382324218,0.0013332366943359,0.0022430419921875,0.0003290176391601,0.3,1
0.0041885375976562,0.0024795532226562,9.72747802734375e-05,9.72747802734375e-05,0.0001630783081054,0.001,2
0.0026054382324218,0.0026054382324218,0.0007457733154296,0.000746726989746,1.9073486328125e-05,0.032,2
0.009765625,0.009765625,0.0016994476318359,0.0017051696777343,0.0004358291625976,0.3,0
0.006683349609375,0.0036125183105468,0.0006961822509765,0.0006980895996093,1.1444091796875e-05,0.3,0
0.006500244140625,0.0065078735351562,9.5367431640625e-07,9.5367431640625e-07,0.0,0.001,2
0.00262451171875,0.00262451171875,0.0003395080566406,0.0007743835449218,0.0002946853637695,0.004,2
0.0094757080078125,0.0094757080078125,0.0087127685546875,0.0087127685546875,9.5367431640625e-07,0.3,1
0.016265869140625,0.014129638671875,0.0035629272460937,0.0036544799804687,0.0003004074096679,0.3,0
0.0001955032348632,0.0001945495605468,9.250640869140624e-05,0.0001029968261718,9.5367431640625e-07,0.3,1
0.0032501220703125,0.0036849975585937,0.001535415649414,0.0016059875488281,0.000258445739746,0.3,1
0.0,0.0013027191162109,2.47955322265625e-05,4.76837158203125e-05,0.0001153945922851,0.002,2
0.006683349609375,0.0036125183105468,0.0006771087646484,0.0006790161132812,9.5367431640625e-07,0.3,0
0.0,0.0013027191162109,0.0038719177246093,0.0074691772460937,0.0007905960083007,0.3,0
0.006683349609375,0.0036125183105468,0.0006771087646484,0.0006790161132812,9.5367431640625e-07,0.3,0
0.0083770751953125,0.0066986083984375,0.001077651977539,0.0012893676757812,0.0004167556762695,0.3,0
0.000227928161621,0.0002164840698242,0.000152587890625,0.00018310546875,0.0,0.241,1
0.0050125122070312,0.0037651062011718,0.0026702880859375,0.0026702880859375,0.0005407333374023,0.3,1
0.0,0.0003175735473632,0.0001869201660156,0.000187873840332,1.9073486328125e-06,0.3,0
0.0008134841918945,0.0005674362182617,0.0005102157592773,0.0005121231079101,0.0001630783081054,0.3,1
0.0032539367675781,0.0032539367675781,0.0013999938964843,0.0013999938964843,0.0004243850708007,0.009,2
0.0148773193359375,0.0148773193359375,0.0006942749023437,0.0031471252441406,0.0004606246948242,0.3,0
0.0015621185302734,0.0009822845458984,9.5367431640625e-07,9.5367431640625e-07,0.0,0.001,2
0.0018234252929687,0.0018234252929687,0.0001764297485351,0.0003833770751953,0.000197410583496,0.003,2
0.027435302734375,0.0118255615234375,0.008941650390625,0.009735107421875,0.0015487670898437,0.3,0
0.006683349609375,0.0036125183105468,0.0006961822509765,0.0006980895996093,1.1444091796875e-05,0.3,0
0.0,0.0013027191162109,0.0126495361328125,0.012786865234375,0.0005807876586914,0.3,0
0.0,0.0013027191162109,0.008544921875,0.0128631591796875,0.0012035369873046,0.3,0
0.0032501220703125,0.0036849975585937,0.001535415649414,0.0016059875488281,0.000258445739746,0.3,1
0.0014705657958984,0.0014705657958984,0.000655174255371,0.0006637573242187,3.4332275390625e-05,0.14,1
0.0,0.0013027191162109,0.008544921875,0.0128631591796875,0.0012035369873046,0.3,0
0.009765625,0.009765625,0.0016994476318359,0.0017051696777343,0.0004358291625976,0.3,0
0.0,0.0038566589355468,0.001953125,0.0019645690917968,0.0008172988891601,0.3,0
0.01116943359375,0.00921630859375,0.0074310302734375,0.01043701171875,0.0011425018310546,0.3,1
0.0015468597412109,0.0015468597412109,0.0005311965942382,0.0005321502685546,9.5367431640625e-07,0.3,1
0.0,0.03125,0.0240478515625,0.024169921875,0.0002813339233398,0.3,0
0.023406982421875,0.0103759765625,9.34600830078125e-05,0.0001907348632812,5.340576171875e-05,0.005,2
0.0104217529296875,0.0104217529296875,6.580352783203125e-05,6.961822509765625e-05,2.86102294921875e-06,0.003,2
0.027435302734375,0.0118255615234375,0.008941650390625,0.009735107421875,0.0015487670898437,0.3,0
0.0,0.0013027191162109,0.01922607421875,0.0206298828125,0.0021095275878906,0.3,0
0.009521484375,0.005706787109375,0.0023040771484375,0.0029640197753906,0.0001821517944335,0.3,0
0.0021896362304687,0.0015621185302734,0.0013160705566406,0.0016536712646484,5.7220458984375e-06,0.3,1
0.0116424560546875,0.0235595703125,0.0016708374023437,0.001678466796875,8.392333984375e-05,0.3,0
0.1875,0.1041259765625,0.129638671875,0.129638671875,0.0017356872558593,0.3,3
0.000227928161621,0.000223159790039,0.000152587890625,0.00018310546875,0.0,0.241,1
0.0104217529296875,0.0104217529296875,6.580352783203125e-05,6.961822509765625e-05,2.86102294921875e-06,0.003,2
0.0015621185302734,0.0015621185302734,0.0009422302246093,0.001260757446289,8.58306884765625e-05,0.3,1
0.00262451171875,0.00262451171875,0.000101089477539,0.000101089477539,0.0005369186401367,0.001,2
0.0052108764648437,0.0052108764648437,0.0018596649169921,0.0018882751464843,0.0001649856567382,0.3,0
0.015625,0.015625,0.000523567199707,0.0006170272827148,0.0001144409179687,0.019,2
0.0,0.0003175735473632,0.0001964569091796,0.0001983642578125,0.0,0.3,0
0.0038070678710937,0.0033607482910156,0.0022430419921875,0.0022735595703125,2.86102294921875e-06,0.3,1
0.1875,0.1041259765625,0.129638671875,0.129638671875,0.0017356872558593,0.3,3
0.0052108764648437,0.0052108764648437,0.0018596649169921,0.0018882751464843,0.0001649856567382,0.3,0
0.0,0.0013027191162109,0.0046768188476562,0.0055618286132812,0.0023994445800781,0.3,0
0.0001955032348632,0.0002002716064453,9.250640869140624e-05,0.0001029968261718,9.5367431640625e-07,0.3,1
0.0002717971801757,0.0003185272216796,7.62939453125e-05,7.62939453125e-05,9.5367431640625e-06,0.002,2
0.0,0.0013027191162109,0.019287109375,0.02044677734375,0.0024795532226562,0.3,0
0.0,0.0013027191162109,1.9073486328125e-06,1.9073486328125e-06,0.0004234313964843,0.001,2
0.0022773742675781,0.0016937255859375,0.0004482269287109,0.0004491806030273,9.5367431640625e-07,0.3,0
0.0032501220703125,0.0041961669921875,0.001535415649414,0.0016059875488281,0.000258445739746,0.3,1
0.00390625,0.00390625,0.00164794921875,0.00262451171875,0.0014572143554687,0.3,1
0.0,0.0038566589355468,0.001953125,0.0019645690917968,0.0008172988891601,0.3,0
0.0025405883789062,0.0025405883789062,0.0008306503295898,0.000833511352539,6.4849853515625e-05,0.3,0
0.017242431640625,0.0142822265625,0.0047531127929687,0.0055007934570312,0.0007781982421875,0.3,0
0.012298583984375,0.0118865966796875,0.0068588256835937,0.0075836181640625,0.0013885498046875,0.3,1
0.000227928161621,0.000227928161621,0.000152587890625,0.00018310546875,0.0,0.241,1
0.0,0.0038566589355468,0.001953125,0.0019645690917968,0.0008172988891601,0.3,0
0.0051422119140625,0.0051422119140625,0.0029983520507812,0.0030746459960937,0.0001277923583984,0.3,1
0.0032501220703125,0.0036849975585937,0.001535415649414,0.0016059875488281,0.000258445739746,0.3,1
0.017242431640625,0.017242431640625,0.0047531127929687,0.0055007934570312,0.0007781982421875,0.3,0
0.00262451171875,0.00262451171875,0.0009384155273437,0.0015068054199218,0.0005674362182617,0.3,1
0.000213623046875,0.0002126693725585,7.82012939453125e-05,7.915496826171875e-05,6.198883056640625e-05,0.009,2
0.1875,0.1041259765625,0.129638671875,0.129638671875,0.0017356872558593,0.3,3
0.0015621185302734,0.0015621185302734,0.0009841918945312,0.0011463165283203,0.0004863739013671,0.268,1
0.0,0.0013027191162109,0.005096435546875,0.0102996826171875,0.001800537109375,0.3,0
0.0036125183105468,0.0036125183105468,0.0013427734375,0.0013446807861328,0.0005006790161132,0.3,1
0.0018234252929687,0.0018234252929687,0.0001764297485351,0.0003833770751953,0.000197410583496,0.003,2
0.0018463134765625,0.0016155242919921,0.0016365051269531,0.0016460418701171,0.0005378723144531,0.003,1
0.0104217529296875,0.0104217529296875,0.0013809204101562,0.0024375915527343,0.0002145767211914,0.108,2
0.00262451171875,0.00262451171875,0.000101089477539,0.000101089477539,0.0005369186401367,0.001,2
0.0052108764648437,0.0052108764648437,0.000711441040039,0.000711441040039,0.0006895065307617,0.003,2
0.0106048583984375,0.01898193359375,0.00469970703125,0.0047149658203125,0.0012016296386718,0.3,1
0.0018482208251953,0.0018482208251953,2.384185791015625e-05,2.47955322265625e-05,0.0003280639648437,0.004,2
0.0002880096435546,0.0003299713134765,0.0001344680786132,0.0001411437988281,9.5367431640625e-07,0.3,1
0.0052108764648437,0.0052108764648437,0.0018596649169921,0.0018882751464843,0.0001649856567382,0.3,0
0.0065078735351562,0.0065078735351562,0.0030097961425781,0.0037956237792968,0.0004444122314453,0.097,1
0.0052108764648437,0.0052108764648437,1.9073486328125e-06,1.9073486328125e-06,0.0,0.003,2
0.0094757080078125,0.0094757080078125,0.0087127685546875,0.0087127685546875,9.5367431640625e-07,0.3,1
0.0052108764648437,0.0052108764648437,0.0010910034179687,0.0011062622070312,0.0003108978271484,0.3,0
0.017242431640625,0.0142822265625,0.0047531127929687,0.0055007934570312,0.0007781982421875,0.3,0
0.0,0.00836181640625,0.0001697540283203,0.0001735687255859,3.719329833984375e-05,0.3,0
0.0021896362304687,0.0015621185302734,0.0013160705566406,0.0016536712646484,5.7220458984375e-06,0.3,1
0.0032501220703125,0.0041961669921875,0.001535415649414,0.0016059875488281,0.000258445739746,0.3,1
0.0,0.0013027191162109,0.008544921875,0.0128631591796875,0.0012035369873046,0.3,0
0.1009521484375,0.187744140625,0.0005731582641601,0.0005731582641601,0.0005617141723632,0.004,2
0.0022773742675781,0.0022811889648437,0.0002574920654296,0.0002574920654296,0.0001354217529296,0.002,2
0.0002756118774414,0.000274658203125,0.0001401901245117,0.000218391418457,6.008148193359375e-05,0.01,1
0.0,0.0013027191162109,0.0052871704101562,0.0052947998046875,0.0024795532226562,0.3,0
0.05078125,0.0440673828125,0.0469970703125,0.0469970703125,0.000136375427246,0.3,1
0.0024490356445312,0.0018234252929687,0.0016365051269531,0.0016403198242187,8.487701416015625e-05,0.3,1
0.0018234252929687,0.0018234252929687,0.0007400512695312,0.0008964538574218,0.0004997253417968,0.133,1
0.1875,0.1041259765625,0.129638671875,0.129638671875,0.0017356872558593,0.3,3
0.0,0.0013027191162109,9.5367431640625e-07,9.5367431640625e-07,0.0003080368041992,0.001,2
0.0002317428588867,0.0002088546752929,8.58306884765625e-06,8.58306884765625e-06,0.0,0.002,2
0.0003833770751953,0.0004348754882812,0.0002698898315429,0.0002813339233398,2.86102294921875e-06,0.3,1
0.011016845703125,0.011016845703125,0.0008964538574218,0.000899314880371,7.62939453125e-06,0.3,0
0.000227928161621,0.000227928161621,0.000152587890625,0.00018310546875,0.0,0.241,1
0.1875,0.1041259765625,0.129638671875,0.129638671875,0.0017356872558593,0.3,3
0.0,0.0013027191162109,0.0031280517578125,0.0102081298828125,0.0013847351074218,0.23,0
0.0589599609375,0.0064315795898437,0.00531005859375,0.0053176879882812,0.0003976821899414,0.3,0
0.0002317428588867,0.0002069473266601,8.58306884765625e-06,8.58306884765625e-06,0.0,0.002,2
0.006500244140625,0.0065078735351562,9.5367431640625e-07,9.5367431640625e-07,0.0,0.001,2
0.0001955032348632,0.0002002716064453,9.250640869140624e-05,0.0001029968261718,9.5367431640625e-07,0.3,1
0.0002317428588867,0.0002088546752929,8.58306884765625e-06,8.58306884765625e-06,0.0,0.002,2
0.0012702941894531,0.0012454986572265,0.0009822845458984,0.0009841918945312,2.47955322265625e-05,0.295,1
0.0022087097167968,0.0022087097167968,0.0008802413940429,0.0008802413940429,0.0008668899536132,0.001,1
0.00262451171875,0.00262451171875,9.441375732421876e-05,9.441375732421876e-05,6.67572021484375e-06,0.001,2
0.0148468017578125,0.0052108764648437,0.0111083984375,0.0111541748046875,4.76837158203125e-06,0.3,1
0.0019474029541015,0.0019474029541015,0.0010089874267578,0.0010089874267578,0.0003671646118164,0.3,1
0.0052108764648437,0.0052108764648437,0.00115966796875,0.0011615753173828,0.0002899169921875,0.3,0
0.0067901611328125,0.0067672729492187,0.004119873046875,0.004241943359375,0.0001583099365234,0.3,1
0.0,0.0013027191162109,0.01953125,0.023651123046875,0.0014381408691406,0.243,0
0.0,0.0013027191162109,0.006500244140625,0.0095977783203125,0.001251220703125,0.3,0
0.0024757385253906,0.0024757385253906,0.000436782836914,0.0005111694335937,0.0001688003540039,0.028,2
0.0029373168945312,0.00262451171875,0.0023956298828125,0.0027542114257812,1.9073486328125e-06,0.3,1
0.0,0.0013027191162109,0.0076751708984375,0.0087738037109375,0.0008134841918945,0.3,0
0.0,0.0013027191162109,9.5367431640625e-07,9.5367431640625e-07,0.0004138946533203,0.003,2
0.0076828002929687,0.0076828002929687,0.0040664672851562,0.0040817260742187,0.0001688003540039,0.3,1
0.0,0.0013027191162109,0.0005531311035156,0.0007600784301757,0.0008010864257812,0.019,2
0.02532958984375,0.03289794921875,0.0050506591796875,0.0050582885742187,6.67572021484375e-06,0.3,0
0.006011962890625,0.0019054412841796,0.0038490295410156,0.0038528442382812,6.008148193359375e-05,0.3,1
0.0026054382324218,0.0026054382324218,0.0014667510986328,0.001800537109375,8.96453857421875e-05,0.3,1
0.00262451171875,0.00262451171875,0.0021553039550781,0.0022048950195312,7.43865966796875e-05,0.3,1
0.000227928161621,0.0002365112304687,0.000152587890625,0.00018310546875,0.0,0.241,1
0.0036125183105468,0.0036125183105468,0.0033645629882812,0.0036125183105468,0.0,0.3,1
0.0044326782226562,0.0044326782226562,0.0006971359252929,0.0006971359252929,0.0006732940673828,0.001,2
0.0003833770751953,0.0003833770751953,0.0002698898315429,0.0002813339233398,2.86102294921875e-06,0.3,1
0.004364013671875,0.004364013671875,0.00225830078125,0.0023002624511718,0.0002937316894531,0.3,1
0.0052108764648437,0.0052108764648437,0.0008525848388671,0.0015411376953125,0.0003948211669921,0.024,2
0.0,0.0013027191162109,0.008880615234375,0.010040283203125,0.0012798309326171,0.3,0
0.0032501220703125,0.0036849975585937,0.001535415649414,0.0016059875488281,0.000258445739746,0.3,1
0.0,0.0001649856567382,0.0001659393310546,0.0001697540283203,9.5367431640625e-06,0.3,0
0.0,0.0013027191162109,0.0084991455078125,0.0092010498046875,0.0005226135253906,0.3,0
0.078125,0.078125,0.0738525390625,0.0750732421875,0.0005884170532226,0.3,3
0.0018234252929687,0.0018234252929687,0.0012950897216796,0.0016365051269531,0.0005674362182617,0.154,1
0.0016727447509765,0.0016727447509765,0.0006132125854492,0.0006132125854492,0.0005931854248046,0.001,2
0.01116943359375,0.00921630859375,0.0072097778320312,0.0105438232421875,0.0009098052978515,0.3,1
0.0,0.0013027191162109,0.0052871704101562,0.0052947998046875,0.0024795532226562,0.3,0
0.0,0.0013027191162109,0.0155792236328125,0.015594482421875,0.0009975433349609,0.3,0
0.0001955032348632,0.000192642211914,9.250640869140624e-05,0.0001029968261718,9.5367431640625e-07,0.3,1
0.0104217529296875,0.0104217529296875,6.580352783203125e-05,6.961822509765625e-05,2.86102294921875e-06,0.003,2
0.0052108764648437,0.0052108764648437,0.0010910034179687,0.0011062622070312,0.0003108978271484,0.3,0
0.0018234252929687,0.0018234252929687,0.0001764297485351,0.0003833770751953,0.000197410583496,0.003,2
0.0,0.0013027191162109,0.01922607421875,0.0206298828125,0.0021095275878906,0.3,0
0.0029182434082031,0.0026054382324218,0.0021514892578125,0.0026054382324218,2.6702880859375e-05,0.3,1
0.0,0.0013027191162109,0.009552001953125,0.0099639892578125,0.0013999938964843,0.3,0
0.000227928161621,0.0002365112304687,0.000152587890625,0.00018310546875,0.0,0.241,1
0.010498046875,0.010498046875,0.0009956359863281,0.0009956359863281,0.0004043579101562,0.3,0
0.0104217529296875,0.0104217529296875,6.580352783203125e-05,6.961822509765625e-05,2.86102294921875e-06,0.003,2
0.01116943359375,0.00921630859375,0.0072097778320312,0.0105438232421875,0.0009098052978515,0.3,1
0.019927978515625,0.020111083984375,0.015777587890625,0.01580810546875,0.0004310607910156,0.3,1
0.001474380493164,0.0015010833740234,0.0007581710815429,0.0007820129394531,5.91278076171875e-05,0.3,1
0.0002098083496093,0.0002403259277343,1.049041748046875e-05,1.1444091796875e-05,9.5367431640625e-06,0.004,2
0.021453857421875,0.01556396484375,0.0053634643554687,0.0053939819335937,0.0,0.3,0
0.00726318359375,0.0072555541992187,0.005401611328125,0.0054092407226562,0.0004854202270507,0.3,1
0.0016555786132812,0.0016555786132812,0.0014686584472656,0.0014686584472656,0.0005016326904296,0.003,1
0.0018234252929687,0.0018234252929687,0.0010528564453125,0.0014724731445312,0.0005254745483398,0.261,1
0.0127410888671875,0.016632080078125,0.0075759887695312,0.0076828002929687,0.0006341934204101,0.3,1
0.0057296752929687,0.0057296752929687,0.0042343139648437,0.0057296752929687,0.0002670288085937,0.3,1
0.1024169921875,0.1019287109375,0.04718017578125,0.04718017578125,0.0009737014770507,0.3,3
0.0106201171875,0.0106201171875,0.0045242309570312,0.004608154296875,0.0001535415649414,0.3,1
0.0065078735351562,0.0065078735351562,0.0017414093017578,0.0023078918457031,3.4332275390625e-05,0.016,2
0.0,0.0013027191162109,0.0067062377929687,0.008026123046875,0.0008716583251953,0.3,0
0.0052108764648437,0.0052108764648437,0.0010910034179687,0.0011062622070312,0.0003108978271484,0.3,0
0.006500244140625,0.0065078735351562,9.5367431640625e-07,9.5367431640625e-07,0.0,0.001,2
0.01947021484375,0.0364990234375,0.0107421875,0.0108489990234375,0.0006389617919921,0.3,1
0.0,0.0,0.011871337890625,0.011871337890625,0.0,0.3,0
0.0025367736816406,0.0017528533935546,0.0008258819580078,0.0012779235839843,1.9073486328125e-06,0.3,1
0.006683349609375,0.0036125183105468,0.0006771087646484,0.0006790161132812,9.5367431640625e-07,0.3,0
0.027862548828125,0.025665283203125,0.002777099609375,0.0027847290039062,0.000554084777832,0.226,0
0.0033683776855468,0.0033683776855468,0.002593994140625,0.0,0.0004024505615234,0.3,1
0.0001964569091796,0.0002117156982421,0.000152587890625,0.0001792907714843,0.0,0.3,1
0.0128326416015625,0.014007568359375,0.006103515625,0.0061798095703125,0.0011844635009765,0.3,1
0.009765625,0.009765625,0.0016994476318359,0.0017051696777343,0.0004358291625976,0.3,0
0.0008134841918945,0.0005674362182617,0.0005102157592773,0.0005121231079101,0.0001630783081054,0.3,1
0.0104217529296875,0.0104217529296875,6.580352783203125e-05,6.961822509765625e-05,2.86102294921875e-06,0.003,2
0.0002317428588867,0.0002126693725585,8.58306884765625e-06,8.58306884765625e-06,0.0,0.002,2
0.0416259765625,0.0009326934814453,0.0037689208984375,0.0037765502929687,0.0002012252807617,0.3,0
0.011016845703125,0.011016845703125,0.0008964538574218,0.000899314880371,7.62939453125e-06,0.3,0
0.006500244140625,0.0065078735351562,9.5367431640625e-07,9.5367431640625e-07,0.0,0.001,2
0.0,0.0013027191162109,0.0072479248046875,0.01580810546875,0.0011405944824218,0.3,0
0.0032539367675781,0.0032539367675781,0.0013999938964843,0.0013999938964843,0.0004243850708007,0.009,2
0.019989013671875,0.0084075927734375,0.0072860717773437,0.0077438354492187,0.000563621520996,0.3,0
0.0,0.0013027191162109,0.005096435546875,0.0102996826171875,0.001800537109375,0.3,0
0.0002317428588867,0.0002126693725585,8.58306884765625e-06,8.58306884765625e-06,0.0,0.002,2
0.000401496887207,0.0003719329833984,0.0002784729003906,0.0003156661987304,9.5367431640625e-07,0.3,1
0.006500244140625,0.0065078735351562,9.5367431640625e-07,9.5367431640625e-07,0.0,0.001,2
0.0078125,0.0078887939453125,0.003875732421875,0.0050201416015625,0.0001335144042968,0.3,1
0.00262451171875,0.00262451171875,0.0003395080566406,0.0007743835449218,0.0002946853637695,0.004,2
0.006683349609375,0.0036125183105468,0.0006771087646484,0.0006790161132812,9.5367431640625e-07,0.3,0
0.0002069473266601,0.0002069473266601,0.0001258850097656,0.0001459121704101,8.58306884765625e-06,0.265,1
0.0052108764648437,0.0052108764648437,0.0018596649169921,0.0018882751464843,0.0001649856567382,0.3,0
0.022552490234375,0.022552490234375,0.0110626220703125,0.01129150390625,0.0006351470947265,0.3,1
0.0002317428588867,0.0002088546752929,8.58306884765625e-06,8.58306884765625e-06,0.0,0.002,2
0.00390625,0.0118255615234375,0.0031204223632812,0.0031280517578125,2.002716064453125e-05,0.3,1
0.0,0.0015182495117187,0.0157470703125,0.015869140625,0.0002193450927734,0.3,0
0.0094757080078125,0.0094757080078125,0.0087127685546875,0.0087127685546875,9.5367431640625e-07,0.3,1
0.0032501220703125,0.0036849975585937,0.001535415649414,0.0016059875488281,0.000258445739746,0.3,1
0.000227928161621,0.000227928161621,0.000152587890625,0.00018310546875,0.0,0.241,1
0.022552490234375,0.022552490234375,0.0110626220703125,0.01129150390625,0.0006351470947265,0.3,1
0.0,0.0013027191162109,0.008544921875,0.0128631591796875,0.0012035369873046,0.3,0
0.0002317428588867,0.0002088546752929,8.58306884765625e-06,8.58306884765625e-06,0.0,0.002,2
0.00262451171875,0.00262451171875,0.0003833770751953,0.0006160736083984,1.9073486328125e-06,0.004,2
0.006500244140625,0.0065078735351562,0.0006999969482421,0.0007591247558593,0.0003204345703125,0.017,2
0.0177001953125,0.0177001953125,0.0059890747070312,0.0069808959960937,9.5367431640625e-07,0.3,0
0.020721435546875,0.020721435546875,0.01922607421875,0.0,0.0005168914794921,0.3,1
0.0,0.0013027191162109,0.0079498291015625,0.0082855224609375,0.0012054443359375,0.3,0
0.0,0.0013027191162109,0.0186767578125,0.019287109375,0.001230239868164,0.3,0
0.0019149780273437,0.0019035339355468,0.0015373229980468,0.0015621185302734,5.245208740234375e-05,0.3,1
0.000227928161621,0.000227928161621,0.000152587890625,0.00018310546875,0.0,0.241,1
0.0,0.0011234283447265,0.0040664672851562,0.0040740966796875,0.0003623962402343,0.3,0
0.0067901611328125,0.0067672729492187,0.004119873046875,0.004241943359375,0.0001583099365234,0.3,1
0.0123748779296875,0.0123748779296875,5.14984130859375e-05,5.14984130859375e-05,0.0002498626708984,0.001,2
0.04888916015625,0.0123748779296875,0.04376220703125,0.0443115234375,0.0005741119384765,0.3,1
0.011016845703125,0.011016845703125,0.0008964538574218,0.000899314880371,7.62939453125e-06,0.3,0
0.0029792785644531,0.0029792785644531,0.0006160736083984,0.0006170272827148,9.5367431640625e-07,0.3,0
0.0025749206542968,0.0026206970214843,0.0007123947143554,0.0007171630859375,0.0007448196411132,0.003,2
0.027862548828125,0.025665283203125,0.002777099609375,0.0027847290039062,0.000554084777832,0.226,0
0.0,0.0013027191162109,9.5367431640625e-07,9.5367431640625e-07,0.0004138946533203,0.003,2
0.022552490234375,0.022552490234375,0.0110626220703125,0.01129150390625,0.0006351470947265,0.3,1
0.0092620849609375,0.008819580078125,0.0067596435546875,0.00775146484375,0.0011634826660156,0.3,1
0.0104217529296875,0.0104217529296875,6.580352783203125e-05,6.961822509765625e-05,2.86102294921875e-06,0.003,2
0.00885009765625,0.0055313110351562,0.0042037963867187,0.0042037963867187,0.0009269714355468,0.3,1
0.0,0.0013027191162109,0.0005388259887695,0.000624656677246,0.0002803802490234,0.062,2
0.0076828002929687,0.0076828002929687,0.0039825439453125,0.0039901733398437,0.0005130767822265,0.3,1
0.0,0.00262451171875,0.0,0.0,0.0,0.002,2
0.0,0.008636474609375,0.0004358291625976,0.0005950927734375,0.0001459121704101,0.3,0
0.006683349609375,0.0036125183105468,0.0006961822509765,0.0006980895996093,1.1444091796875e-05,0.3,0
0.0001955032348632,0.000197410583496,9.250640869140624e-05,0.0001029968261718,9.5367431640625e-07,0.3,1
0.022552490234375,0.022552490234375,0.0110626220703125,0.01129150390625,0.0006351470947265,0.3,1
0.0001955032348632,0.0002002716064453,9.250640869140624e-05,0.0001029968261718,9.5367431640625e-07,0.3,1
0.0037345886230468,0.0037345886230468,0.002655029296875,0.0027885437011718,0.0005006790161132,0.3,1
0.00262451171875,0.00262451171875,0.0003395080566406,0.0007743835449218,0.0002946853637695,0.004,2
0.0019149780273437,0.0019035339355468,0.0015373229980468,0.0015621185302734,5.245208740234375e-05,0.3,1
0.0044326782226562,0.0044326782226562,0.0006971359252929,0.0006971359252929,0.0006732940673828,0.001,2
0.0,0.0013027191162109,0.0225830078125,0.02325439453125,0.000579833984375,0.3,0
0.0106201171875,0.0075531005859375,0.0078277587890625,0.008544921875,4.76837158203125e-06,0.3,1
0.00213623046875,0.0018234252929687,0.0014305114746093,0.0018234252929687,4.00543212890625e-05,0.3,1
0.0052108764648437,0.0052108764648437,0.0030326843261718,0.0034713745117187,0.0001544952392578,0.3,1
0.0076828002929687,0.0076828002929687,0.0040664672851562,0.0040817260742187,0.0001688003540039,0.3,1
0.0,0.0013027191162109,0.021514892578125,0.02197265625,0.002471923828125,0.3,0
0.006500244140625,0.0065078735351562,9.5367431640625e-07,9.5367431640625e-07,0.0,0.001,2
0.1875,0.1041259765625,0.129638671875,0.129638671875,0.0017356872558593,0.3,3
0.0032501220703125,0.0036849975585937,0.001535415649414,0.0016059875488281,0.000258445739746,0.3,1
0.0,0.0013027191162109,0.02197265625,0.024078369140625,0.0005817413330078,0.3,0
0.0,0.0013027191162109,0.008544921875,0.0128631591796875,0.0012035369873046,0.3,0
0.0,0.0013027191162109,0.0006160736083984,0.000807762145996,0.0003509521484375,0.013,2
0.0,0.0013027191162109,0.0058822631835937,0.0095367431640625,0.0002937316894531,0.3,0
0.00262451171875,0.00262451171875,0.0017719268798828,0.0018730163574218,1.430511474609375e-05,0.3,1
0.0003023147583007,0.000314712524414,0.0001964569091796,0.0002260208129882,0.0,0.053,1
0.00262451171875,0.00262451171875,0.0013542175292968,0.0015068054199218,0.0005197525024414,0.3,1
0.0,0.0013027191162109,0.0052871704101562,0.0052947998046875,0.0024795532226562,0.3,0
0.027862548828125,0.025665283203125,0.002777099609375,0.0027847290039062,0.000554084777832,0.226,0
0.01116943359375,0.01116943359375,0.0074310302734375,0.01043701171875,0.0011425018310546,0.3,1
0.0,0.0013027191162109,0.0142364501953125,0.014495849609375,0.0024871826171875,0.3,0
0.0052108764648437,0.0052108764648437,0.0010910034179687,0.0011062622070312,0.0003108978271484,0.3,0
0.03460693359375,0.03460693359375,0.0179443359375,0.01800537109375,9.5367431640625e-07,0.206,1
0.0032501220703125,0.0036849975585937,0.001535415649414,0.0016059875488281,0.000258445739746,0.3,1
0.0032539367675781,0.0032539367675781,0.0013999938964843,0.0013999938964843,0.0004243850708007,0.009,2
0.0,0.0011329650878906,0.0006799697875976,0.0006828308105468,0.0002603530883789,0.3,0
0.0,0.0013027191162109,1.9073486328125e-06,2.86102294921875e-06,0.0002756118774414,0.003,2
0.0104217529296875,0.0104217529296875,6.580352783203125e-05,6.961822509765625e-05,2.86102294921875e-06,0.003,2
0.017242431640625,0.017242431640625,0.0047531127929687,0.0055007934570312,0.0007781982421875,0.3,0
0.020660400390625,0.0063018798828125,8.106231689453125e-05,8.106231689453125e-05,4.38690185546875e-05,0.001,2
0.0,0.0013160705566406,0.000436782836914,0.0006666183471679,0.0003204345703125,0.3,0
0.0,0.0013027191162109,0.000244140625,0.0007143020629882,0.0004196166992187,0.004,2
0.00262451171875,0.00262451171875,0.0011024475097656,0.001443862915039,5.7220458984375e-06,0.3,1
0.0023880004882812,0.0023880004882812,0.0017070770263671,0.0021171569824218,0.0003881454467773,0.159,1
0.0002317428588867,0.0002088546752929,8.58306884765625e-06,8.58306884765625e-06,0.0,0.002,2
0.0,0.0013027191162109,0.01953125,0.023651123046875,0.0014381408691406,0.243,0
0.0002927780151367,0.000284194946289,0.0001649856567382,0.0002050399780273,7.62939453125e-06,0.3,1
0.0015811920166015,0.0016498565673828,9.5367431640625e-07,9.5367431640625e-07,0.0,0.001,2
0.0052108764648437,0.0052108764648437,0.0010910034179687,0.0011062622070312,0.0003108978271484,0.3,0
0.0008134841918945,0.0005674362182617,0.0005102157592773,0.0005121231079101,0.0001630783081054,0.3,1
0.0106201171875,0.0106201171875,0.0045242309570312,0.004608154296875,0.0001535415649414,0.3,1
0.0,0.0042190551757812,0.0001802444458007,0.0002002716064453,1.33514404296875e-05,0.3,0
0.0075912475585937,0.0071792602539062,0.0043487548828125,0.0043869018554687,0.0012950897216796,0.3,1
0.00262451171875,0.00262451171875,0.0018978118896484,0.0022315979003906,5.626678466796875e-05,0.3,1
0.0104217529296875,0.0104217529296875,6.580352783203125e-05,6.961822509765625e-05,2.86102294921875e-06,0.003,2
0.05621337890625,0.056396484375,0.0513916015625,0.0516357421875,0.0019645690917968,0.3,1
0.0372314453125,0.02685546875,0.0078277587890625,0.0079193115234375,0.0005655288696289,0.3,0
0.0,0.0013027191162109,1.9073486328125e-06,1.9073486328125e-06,0.0004234313964843,0.001,2
0.0,0.00262451171875,0.0,0.0,0.0,0.002,2
0.0025520324707031,0.0025520324707031,9.5367431640625e-07,9.5367431640625e-07,0.0,0.001,2
0.0072250366210937,0.0072250366210937,0.0052261352539062,0.0052337646484375,0.0004892349243164,0.3,1
0.0067901611328125,0.0067901611328125,0.0036735534667968,0.0036849975585937,0.0006275177001953,0.3,1
0.0004310607910156,0.0003652572631835,0.0002689361572265,0.0003032684326171,9.5367431640625e-07,0.3,1
0.1875,0.1041259765625,0.129638671875,0.129638671875,0.0017356872558593,0.3,3
0.0032501220703125,0.0036849975585937,0.001535415649414,0.0016059875488281,0.000258445739746,0.3,1
0.0001955032348632,0.0001640319824218,9.250640869140624e-05,0.0001029968261718,9.5367431640625e-07,0.3,1
0.0,0.0013027191162109,0.008880615234375,0.010040283203125,0.0012798309326171,0.3,0
0.0,0.0013027191162109,0.0003290176391601,0.0007448196411132,0.0005788803100585,0.022,2
0.0041885375976562,0.0024795532226562,9.72747802734375e-05,9.72747802734375e-05,0.0001630783081054,0.001,2
0.0,0.0003175735473632,0.0001764297485351,0.0001802444458007,0.0,0.3,0
0.0078125,0.00390625,0.006622314453125,0.0066604614257812,0.0003862380981445,0.3,1
0.0037765502929687,0.0008554458618164,0.0013027191162109,0.0013046264648437,4.100799560546875e-05,0.3,0
0.0177001953125,0.0006361007690429,0.0096435546875,0.0096893310546875,2.47955322265625e-05,0.3,1
0.0,0.0013027191162109,9.5367431640625e-07,9.5367431640625e-07,0.0004138946533203,0.003,2
0.0032501220703125,0.0036849975585937,0.001535415649414,0.0016059875488281,0.000258445739746,0.3,1
0.0002317428588867,0.0002155303955078,8.58306884765625e-06,8.58306884765625e-06,0.0,0.002,2
0.0004034042358398,0.0032196044921875,0.0002346038818359,0.0002479553222656,0.0,0.3,1
0.0,0.0013027191162109,0.0097808837890625,0.0100555419921875,0.0006208419799804,0.3,0
0.0416259765625,0.0416259765625,0.033935546875,0.03411865234375,0.0002374649047851,0.3,1
0.009765625,0.009765625,0.001535415649414,0.0015411376953125,0.0005664825439453,0.3,0
0.0065078735351562,0.0065078735351562,0.0030097961425781,0.0037956237792968,0.0004444122314453,0.097,1
0.000401496887207,0.0003652572631835,0.0002784729003906,0.0003156661987304,9.5367431640625e-07,0.3,1
0.0032501220703125,0.0041961669921875,0.001535415649414,0.0016059875488281,0.000258445739746,0.3,1
0.0,0.00390625,0.0032806396484375,0.0035133361816406,0.0,0.3,0
0.0036125183105468,0.0036125183105468,0.0006799697875976,0.000680923461914,3.0517578125e-05,0.3,0
0.0002717971801757,0.0002241134643554,7.62939453125e-05,7.62939453125e-05,9.5367431640625e-06,0.002,2
0.0,0.0013027191162109,9.5367431640625e-07,9.5367431640625e-07,0.0004291534423828,0.003,2
0.0,0.0025863647460937,0.019866943359375,0.019927978515625,0.0013179779052734,0.3,0
0.0104217529296875,0.0104217529296875,6.580352783203125e-05,6.961822509765625e-05,2.86102294921875e-06,0.003,2
0.000227928161621,0.0002164840698242,0.000152587890625,0.00018310546875,0.0,0.241,1
0.0020790100097656,0.0023689270019531,9.5367431640625e-07,9.5367431640625e-07,0.0,0.001,2
0.00439453125,0.00439453125,0.0015716552734375,0.0015811920166015,0.0003490447998046,0.3,0
0.00262451171875,0.00262451171875,0.0003395080566406,0.0007743835449218,0.0002946853637695,0.004,2
0.0026054382324218,0.0026054382324218,8.7738037109375e-05,8.7738037109375e-05,1.9073486328125e-06,0.001,2
0.0059127807617187,0.0052413940429687,4.673004150390625e-05,0.0001249313354492,2.86102294921875e-06,0.003,2
0.0037422180175781,0.0037422180175781,0.002593994140625,0.002685546875,0.0004405975341796,0.3,1
0.0104217529296875,0.0104217529296875,6.580352783203125e-05,6.961822509765625e-05,2.86102294921875e-06,0.003,2
0.0041656494140625,0.0028495788574218,0.0023880004882812,0.0023956298828125,0.0002241134643554,0.3,1
0.0018215179443359,0.0018215179443359,0.0006265640258789,0.0006275177001953,0.0001697540283203,0.3,1
0.0,0.0032539367675781,9.5367431640625e-05,0.0001039505004882,9.5367431640625e-07,0.3,0
0.0012702941894531,0.0012454986572265,0.0009822845458984,0.0009841918945312,2.47955322265625e-05,0.295,1
0.0,0.0013027191162109,0.0052871704101562,0.0052947998046875,0.0024795532226562,0.3,0
0.1875,0.1041259765625,0.129638671875,0.129638671875,0.0017356872558593,0.3,3
0.000441551208496,0.0003595352172851,0.0002832412719726,0.0003013610839843,0.0,0.3,1
0.0026054382324218,0.0026054382324218,0.0007762908935546,0.0007915496826171,0.000284194946289,0.3,0
0.0016155242919921,0.0016155242919921,3.337860107421875e-05,3.337860107421875e-05,8.58306884765625e-06,0.002,2
0.0019607543945312,0.001953125,0.0012550354003906,0.0015182495117187,4.863739013671875e-05,0.3,1
0.0046844482421875,0.00390625,0.0008983612060546,0.0015850067138671,0.000162124633789,0.3,0
0.0,0.0013027191162109,0.020660400390625,0.022064208984375,0.000533103942871,0.3,0
0.00262451171875,0.00262451171875,0.0003833770751953,0.0006160736083984,1.9073486328125e-06,0.004,2
0.00726318359375,0.0072555541992187,0.005401611328125,0.0054092407226562,0.0004854202270507,0.3,1
0.006683349609375,0.0036125183105468,0.0006961822509765,0.0006980895996093,1.1444091796875e-05,0.3,0
0.000227928161621,0.000227928161621,0.000152587890625,0.00018310546875,0.0,0.241,1
0.0,0.0013027191162109,0.0007295608520507,0.0007305145263671,0.0004568099975585,0.3,0
0.0043563842773437,0.0033988952636718,0.0027618408203125,0.002777099609375,0.0002174377441406,0.3,1
0.0014705657958984,0.0014705657958984,0.0010967254638671,0.00146484375,0.0003738403320312,0.3,1
0.0104217529296875,0.0104217529296875,6.580352783203125e-05,6.961822509765625e-05,2.86102294921875e-06,0.003,2
0.0,0.0003175735473632,0.0001869201660156,0.000187873840332,1.9073486328125e-06,0.3,0
0.00390625,0.00390625,0.0009088516235351,0.0009117126464843,0.0001716613769531,0.3,0
0.0032501220703125,0.0036849975585937,0.001535415649414,0.0016059875488281,0.000258445739746,0.3,1
0.0,0.0013027191162109,9.5367431640625e-07,9.5367431640625e-07,0.0,0.001,2
0.0036125183105468,0.0036125183105468,0.0033645629882812,0.0036125183105468,0.0,0.3,1
0.1875,0.1041259765625,0.129638671875,0.129638671875,0.0017356872558593,0.3,3
0.0033683776855468,0.0033683776855468,0.0023460388183593,0.0,0.0004081726074218,0.3,1
0.0003366470336914,0.0003366470336914,0.0002803802490234,0.0002985000610351,9.5367431640625e-06,0.3,1
0.0004034042358398,0.0021781921386718,0.0002346038818359,0.0002479553222656,0.0,0.3,1
0.0052108764648437,0.0052108764648437,0.0030326843261718,0.0034713745117187,0.0001544952392578,0.3,1
0.0001955032348632,0.000192642211914,9.250640869140624e-05,0.0001029968261718,9.5367431640625e-07,0.3,1
0.000227928161621,0.0002164840698242,0.000152587890625,0.00018310546875,0.0,0.241,1
0.0004348754882812,0.0003833770751953,0.0002698898315429,0.0002822875976562,4.76837158203125e-06,0.3,1
0.006500244140625,0.0065078735351562,9.5367431640625e-07,9.5367431640625e-07,0.0,0.001,2
0.1875,0.1041259765625,0.129638671875,0.129638671875,0.0017356872558593,0.3,3
0.0001955032348632,0.0001955032348632,9.250640869140624e-05,0.0001029968261718,9.5367431640625e-07,0.3,1
0.00262451171875,0.00262451171875,0.000101089477539,0.000101089477539,0.0005369186401367,0.001,2
0.0,0.0013027191162109,0.0072479248046875,0.01580810546875,0.0011405944824218,0.3,0
0.026123046875,0.026123046875,0.0062942504882812,0.0063095092773437,0.0001201629638671,0.3,0
0.00262451171875,0.00262451171875,0.0003395080566406,0.0007743835449218,0.0002946853637695,0.004,2
0.0036125183105468,0.0036125183105468,0.000645637512207,0.0006847381591796,7.43865966796875e-05,0.285,0
0.0032501220703125,0.0036849975585937,0.001535415649414,0.0016059875488281,0.000258445739746,0.3,1
0.0123748779296875,0.0123748779296875,5.14984130859375e-05,5.14984130859375e-05,0.0002498626708984,0.001,2
0.0001955032348632,0.0002002716064453,9.250640869140624e-05,0.0001029968261718,9.5367431640625e-07,0.3,1
0.0,0.0013027191162109,0.021514892578125,0.02197265625,0.002471923828125,0.3,0
0.030303955078125,0.019989013671875,0.0154571533203125,0.0155181884765625,0.0005397796630859,0.3,1
0.0026054382324218,0.0016155242919921,9.632110595703124e-05,9.72747802734375e-05,0.0002813339233398,0.003,2
0.0032501220703125,0.0036849975585937,0.001535415649414,0.0016059875488281,0.000258445739746,0.3,1
0.0032501220703125,0.0036849975585937,0.001535415649414,0.0016059875488281,0.000258445739746,0.3,1
0.078125,0.078125,0.0738525390625,0.0750732421875,0.0005884170532226,0.3,3
0.03179931640625,0.02069091796875,0.0110321044921875,0.0111541748046875,0.0006237030029296,0.3,0
0.00262451171875,0.00262451171875,0.0003395080566406,0.0007743835449218,0.0002946853637695,0.004,2
0.0029678344726562,0.0025177001953125,0.0015335083007812,0.0015335083007812,9.5367431640625e-07,0.3,1
0.0,0.0013027191162109,0.0069961547851562,0.0126800537109375,0.0007305145263671,0.3,0
0.00262451171875,0.00262451171875,0.0011024475097656,0.001443862915039,5.7220458984375e-06,0.3,1
0.0097503662109375,0.0097503662109375,0.008697509765625,0.008697509765625,1.049041748046875e-05,0.3,1
0.011016845703125,0.011016845703125,0.0008964538574218,0.000899314880371,7.62939453125e-06,0.3,0
0.0,0.0013027191162109,0.0052871704101562,0.0052947998046875,0.0024795532226562,0.3,0
0.0065231323242187,0.0065383911132812,0.0008106231689453,0.0011920928955078,0.0003128051757812,0.3,0
0.00262451171875,0.00262451171875,0.001230239868164,0.0014114379882812,0.0005855560302734,0.3,1
0.0,0.0013027191162109,0.02178955078125,0.023406982421875,0.0014266967773437,0.077,0
0.0026054382324218,0.0026054382324218,0.0013160705566406,0.0017719268798828,0.0001506805419921,0.3,1
0.0014705657958984,0.0014705657958984,8.7738037109375e-05,8.7738037109375e-05,0.0005130767822265,0.002,2
0.0149688720703125,0.016693115234375,0.00567626953125,0.00567626953125,0.0001983642578125,0.041,2
0.00762939453125,0.00762939453125,0.0011978149414062,0.0011978149414062,0.0013999938964843,0.001,2
0.1009521484375,0.187744140625,0.0005731582641601,0.0005731582641601,0.0005617141723632,0.004,2
0.011383056640625,0.0124053955078125,0.001138687133789,0.0011425018310546,0.000319480895996,0.3,0
0.0052108764648437,0.0052108764648437,0.0009660720825195,0.0009727478027343,0.0005407333374023,0.3,0
0.0024070739746093,0.0024070739746093,0.0013256072998046,0.0019054412841796,0.000563621520996,0.048,1
0.0052108764648437,0.0144195556640625,1.9073486328125e-06,1.9073486328125e-06,0.0,0.003,2
0.0032539367675781,0.0032539367675781,0.0013999938964843,0.0013999938964843,0.0004243850708007,0.009,2
0.0,0.0013027191162109,0.01922607421875,0.0206298828125,0.0021095275878906,0.3,0
0.0106201171875,0.0106201171875,0.00921630859375,0.009246826171875,0.0001735687255859,0.3,1
0.008819580078125,0.008819580078125,0.0038261413574218,0.0038681030273437,0.0008192062377929,0.3,1
0.1875,0.1041259765625,0.129638671875,0.129638671875,0.0017356872558593,0.3,3
0.0035209655761718,0.0037803649902343,0.0025100708007812,0.0025100708007812,0.0003795623779296,0.002,1
0.0029678344726562,0.0017986297607421,0.0016002655029296,0.0016021728515625,1.1444091796875e-05,0.3,1
0.0625,0.0034103393554687,0.05145263671875,0.05181884765625,0.0001459121704101,0.3,1
0.0,0.0030479431152343,0.0014476776123046,0.0014991760253906,0.00018310546875,0.3,0
0.0052108764648437,0.0052108764648437,0.0018596649169921,0.0018882751464843,0.0001649856567382,0.3,0
0.0,0.0013027191162109,0.020660400390625,0.022064208984375,0.000533103942871,0.3,0
0.0001955032348632,0.0001955032348632,9.250640869140624e-05,0.0001029968261718,9.5367431640625e-07,0.3,1
0.0,0.0013027191162109,0.0186767578125,0.019287109375,0.001230239868164,0.3,0
0.0,0.0013027191162109,0.0225830078125,0.02325439453125,0.000579833984375,0.3,0
0.0122528076171875,0.0122528076171875,0.0074691772460937,0.0075912475585937,0.0006237030029296,0.3,1
0.0,0.0052413940429687,0.0040740966796875,0.0040817260742187,0.0003738403320312,0.3,0
0.0026588439941406,0.0015621185302734,0.0018959045410156,0.0020751953125,1.430511474609375e-05,0.3,1
0.00390625,0.00390625,0.001190185546875,0.001199722290039,0.0001144409179687,0.3,0
0.006683349609375,0.0036125183105468,0.0006771087646484,0.0006790161132812,9.5367431640625e-07,0.3,0
0.04150390625,0.0230712890625,0.0006923675537109,0.0010948181152343,0.0002422332763671,0.028,2
0.0416259765625,0.0078125,0.03448486328125,0.03485107421875,0.000197410583496,0.3,1
0.0,0.0001649856567382,0.00018310546875,0.0001850128173828,5.054473876953125e-05,0.3,0
0.0,0.0013027191162109,0.0098419189453125,0.010223388671875,0.0012245178222656,0.3,0
0.0,0.0013027191162109,9.5367431640625e-07,9.5367431640625e-07,0.0004138946533203,0.003,2
0.0,0.0044479370117187,0.0040130615234375,0.0040130615234375,0.0002870559692382,0.3,0
0.0038299560546875,0.0028495788574218,0.0028800964355468,0.0028915405273437,0.0002241134643554,0.3,1
0.028411865234375,0.028411865234375,0.0146636962890625,0.01470947265625,9.5367431640625e-07,0.3,1
0.0052108764648437,0.0052108764648437,0.0010910034179687,0.0011062622070312,0.0003108978271484,0.3,0
0.0,0.0013027191162109,0.0047760009765625,0.00994873046875,0.0012741088867187,0.3,0
0.0046463012695312,0.004364013671875,0.0041351318359375,0.0046463012695312,0.0001173019409179,0.3,1
0.0,0.0013027191162109,0.008544921875,0.0128631591796875,0.0012035369873046,0.3,0
0.00262451171875,0.00262451171875,0.000101089477539,0.000101089477539,0.0005369186401367,0.001,2
0.0026054382324218,0.0026054382324218,0.0001459121704101,0.0001468658447265,0.0005073547363281,0.003,2
0.0026054382324218,0.0026054382324218,0.0006675720214843,0.0006675720214843,0.0004243850708007,0.016,2
0.0009651184082031,0.0009651184082031,0.0006732940673828,0.0006732940673828,0.0001296997070312,0.3,1
0.0,0.0013027191162109,0.01922607421875,0.0206298828125,0.0021095275878906,0.3,0
0.0129852294921875,0.01312255859375,0.0072250366210937,0.0072479248046875,0.0005683898925781,0.3,1
0.011016845703125,0.011016845703125,0.0008964538574218,0.000899314880371,7.62939453125e-06,0.3,0
0.006500244140625,0.0065078735351562,9.5367431640625e-07,9.5367431640625e-07,0.0,0.001,2
0.019500732421875,0.0036125183105468,8.7738037109375e-05,8.7738037109375e-05,1.9073486328125e-06,0.001,2
0.006500244140625,0.0065078735351562,0.0006999969482421,0.0007591247558593,0.0003204345703125,0.017,2
0.0018463134765625,0.0016155242919921,0.0016365051269531,0.0016460418701171,0.0005378723144531,0.003,1
0.0066146850585937,0.0066146850585937,0.0030632019042968,0.0030975341796875,0.0008506774902343,0.252,1
0.0041885375976562,0.0041885375976562,9.72747802734375e-05,9.72747802734375e-05,0.0001630783081054,0.001,2
0.0001955032348632,0.000192642211914,9.250640869140624e-05,0.0001029968261718,9.5367431640625e-07,0.3,1
0.00262451171875,0.00262451171875,0.0011024475097656,0.001443862915039,5.7220458984375e-06,0.3,1
0.006500244140625,0.0065078735351562,9.5367431640625e-07,9.5367431640625e-07,0.0,0.001,2
0.001413345336914,0.0016193389892578,0.0011539459228515,0.0013618469238281,0.0004177093505859,0.083,1
0.0002717971801757,0.0002717971801757,7.62939453125e-05,7.62939453125e-05,9.5367431640625e-06,0.002,2
0.00726318359375,0.0072555541992187,0.005401611328125,0.0054092407226562,0.0004854202270507,0.3,1
0.0015621185302734,0.0015621185302734,0.0007257461547851,0.0007276535034179,0.0002546310424804,0.291,1
0.0024757385253906,0.0024757385253906,0.000436782836914,0.0005111694335937,0.0001688003540039,0.028,2
0.0052108764648437,0.0052108764648437,0.0030326843261718,0.0034713745117187,0.0001544952392578,0.3,1
0.0,0.0013027191162109,0.0072402954101562,0.00933837890625,0.0001478195190429,0.3,0
0.0,0.0013027191162109,0.0155792236328125,0.015594482421875,0.0009975433349609,0.3,0
0.0078125,0.0057907104492187,0.003875732421875,0.0050201416015625,0.0001335144042968,0.3,1
0.0016727447509765,0.0016727447509765,0.0006132125854492,0.0006132125854492,0.0005931854248046,0.001,2
0.0037765502929687,0.0022125244140625,0.0015697479248046,0.0016632080078125,9.5367431640625e-07,0.3,1
0.0032424926757812,0.00390625,0.000624656677246,0.0006256103515625,2.86102294921875e-06,0.3,0
0.0014705657958984,0.0014705657958984,8.678436279296875e-05,8.678436279296875e-05,0.0,0.003,2
0.006011962890625,0.0057296752929687,0.0038948059082031,0.0039215087890625,0.000248908996582,0.3,1
0.009765625,0.009765625,0.0016994476318359,0.0017051696777343,0.0004358291625976,0.3,0
0.0,0.0013027191162109,1.9073486328125e-06,1.9073486328125e-06,9.918212890625e-05,0.005,2
0.0024070739746093,0.0024070739746093,0.0013256072998046,0.0019054412841796,0.000563621520996,0.048,1
0.027862548828125,0.01788330078125,0.002777099609375,0.0027847290039062,0.000554084777832,0.226,0
0.1875,0.1041259765625,0.129638671875,0.129638671875,0.0017356872558593,0.3,3
0.0516357421875,0.015899658203125,0.0013313293457031,0.0013313293457031,1.9073486328125e-06,0.3,0
0.00262451171875,0.00262451171875,0.0014095306396484,0.0014724731445312,9.5367431640625e-07,0.3,1
0.0,0.0013027191162109,0.0066299438476562,0.0099639892578125,0.0009479522705078,0.3,0
0.0058135986328125,0.0058135986328125,0.0032463073730468,0.0041122436523437,0.0018157958984375,0.248,1
0.006683349609375,0.0036125183105468,0.0006771087646484,0.0006790161132812,9.5367431640625e-07,0.3,0
0.078125,0.078125,0.0738525390625,0.0750732421875,0.0005884170532226,0.3,3
0.0012702941894531,0.0012454986572265,0.0009822845458984,0.0009841918945312,2.47955322265625e-05,0.295,1
0.0020332336425781,0.0015621185302734,0.001251220703125,0.0013236999511718,0.0,0.3,1
0.0042343139648437,0.0042343139648437,0.0006589889526367,0.0006599426269531,0.0006418228149414,0.003,2
0.0026321411132812,0.0024757385253906,0.0008420944213867,0.0025711059570312,0.0002574920654296,0.3,1
0.006683349609375,0.0036125183105468,0.0006961822509765,0.0006980895996093,1.1444091796875e-05,0.3,0
0.0052108764648437,0.0052108764648437,0.0016651153564453,0.001749038696289,5.91278076171875e-05,0.3,0
0.0041885375976562,0.004638671875,9.72747802734375e-05,9.72747802734375e-05,0.0001630783081054,0.001,2
0.0036201477050781,0.0036239624023437,0.0025215148925781,0.0025291442871093,0.0005388259887695,0.3,1
0.006683349609375,0.0036125183105468,0.0006961822509765,0.0006980895996093,1.1444091796875e-05,0.3,0
0.0033683776855468,0.0033683776855468,0.0022087097167968,0.0,0.0004081726074218,0.3,1
0.0001955032348632,0.0002002716064453,9.250640869140624e-05,0.0001029968261718,9.5367431640625e-07,0.3,1
0.0022087097167968,0.0022087097167968,0.0008802413940429,0.0008802413940429,0.0008668899536132,0.001,1
0.006500244140625,0.0065078735351562,9.5367431640625e-07,9.5367431640625e-07,0.0,0.001,2
0.0046844482421875,0.00390625,0.0008983612060546,0.0015850067138671,0.000162124633789,0.3,0
0.0032424926757812,0.0032539367675781,0.0010299682617187,0.0010643005371093,0.0002355575561523,0.3,0
0.0,0.0013027191162109,0.019287109375,0.020599365234375,0.0011310577392578,0.3,0
0.0012702941894531,0.0012454986572265,0.0009822845458984,0.0009841918945312,2.47955322265625e-05,0.295,1
0.0,0.0045700073242187,0.0041046142578125,0.0041046142578125,0.0003175735473632,0.3,0
0.0,0.0013027191162109,0.0020561218261718,0.005462646484375,0.0007820129394531,0.08,2
0.006011962890625,0.0057296752929687,0.00433349609375,0.0044097900390625,0.0002613067626953,0.3,1
0.00262451171875,0.00262451171875,0.0021553039550781,0.0022048950195312,7.43865966796875e-05,0.3,1
0.0,0.0013027191162109,0.0,0.0,0.0,0.001,2
0.0106201171875,0.0106201171875,0.0045242309570312,0.004608154296875,0.0001535415649414,0.3,1
0.0,0.0013027191162109,1.9073486328125e-06,2.86102294921875e-06,0.0002756118774414,0.003,2
0.0059890747070312,0.00592041015625,0.0025749206542968,0.0025787353515625,0.0006256103515625,0.3,1
0.0076141357421875,0.0076141357421875,9.5367431640625e-07,9.5367431640625e-07,0.0,0.001,2
0.0004034042358398,0.0004034042358398,0.0002346038818359,0.0002479553222656,0.0,0.3,1
0.0017929077148437,0.0017929077148437,0.0007600784301757,0.0007600784301757,0.0007410049438476,0.001,1
0.0032501220703125,0.0041961669921875,0.001535415649414,0.0016059875488281,0.000258445739746,0.3,1
0.000227928161621,0.0002117156982421,0.000152587890625,0.00018310546875,0.0,0.241,1
0.0032539367675781,0.0032539367675781,0.0013999938964843,0.0013999938964843,0.0004243850708007,0.009,2
0.023284912109375,0.023284912109375,0.01824951171875,0.018798828125,0.0006866455078125,0.3,1
0.017242431640625,0.017242431640625,0.0047531127929687,0.0055007934570312,0.0007781982421875,0.3,0
0.0032424926757812,0.0032539367675781,0.0006084442138671,0.0006084442138671,0.0001344680786132,0.3,0
0.0106201171875,0.0022735595703125,0.0072860717773437,0.00732421875,0.000533103942871,0.3,1
0.0,0.0013027191162109,0.0052871704101562,0.0052947998046875,0.0024795532226562,0.3,0
0.0,0.0013027191162109,0.008880615234375,0.010040283203125,0.0012798309326171,0.3,0
0.011383056640625,0.0101776123046875,0.001138687133789,0.0011425018310546,0.000319480895996,0.3,0
0.0148773193359375,0.0148773193359375,0.0006942749023437,0.0031471252441406,0.0004606246948242,0.3,0
0.009368896484375,0.154052734375,1.9073486328125e-05,2.09808349609375e-05,0.0,0.01,2
0.0001955032348632,0.000213623046875,9.250640869140624e-05,0.0001029968261718,9.5367431640625e-07,0.3,1
0.0027313232421875,0.0028572082519531,0.0010356903076171,0.0010509490966796,9.632110595703124e-05,0.3,1
0.0,0.0013027191162109,9.5367431640625e-07,9.5367431640625e-07,0.0004005432128906,0.003,2
0.011016845703125,0.011016845703125,0.0008964538574218,0.000899314880371,7.62939453125e-06,0.3,0
0.006500244140625,0.0065078735351562,9.5367431640625e-07,9.5367431640625e-07,0.0,0.001,2
0.00262451171875,0.00262451171875,0.0008888244628906,0.0010643005371093,0.0003223419189453,0.189,1
0.000227928161621,0.000227928161621,0.000152587890625,0.00018310546875,0.0,0.241,1
0.0057296752929687,0.0057296752929687,0.0042343139648437,0.0057296752929687,0.0002670288085937,0.3,1
0.0034980773925781,0.0034980773925781,0.0023918151855468,0.0023918151855468,9.5367431640625e-07,0.3,1
0.005035400390625,0.0032196044921875,0.0035781860351562,0.0036888122558593,0.000309944152832,0.3,1
0.0052108764648437,0.0052108764648437,0.0016651153564453,0.001749038696289,5.91278076171875e-05,0.3,0
0.006500244140625,0.0065078735351562,9.5367431640625e-07,9.5367431640625e-07,0.0,0.001,2
0.0,0.0013027191162109,0.0126495361328125,0.012786865234375,0.0005807876586914,0.3,0
0.0097503662109375,0.0097503662109375,0.0027389526367187,0.0059814453125,0.0,0.3,1
0.0,0.0390625,0.027801513671875,0.028228759765625,0.0001611709594726,0.3,0
0.0065078735351562,0.0065078735351562,0.0030097961425781,0.0037956237792968,0.0004444122314453,0.097,1
0.0044326782226562,0.0044326782226562,0.0006971359252929,0.0006971359252929,0.0006732940673828,0.001,2
0.0,0.0013027191162109,0.0071182250976562,0.00726318359375,0.000645637512207,0.3,0
0.0,0.0013027191162109,9.5367431640625e-07,9.5367431640625e-07,0.0004138946533203,0.003,2
0.0,0.0013027191162109,0.0072402954101562,0.00933837890625,0.0001478195190429,0.3,0
0.0994873046875,0.0994873046875,0.0061569213867187,0.00616455078125,0.0006332397460937,0.3,0
0.00390625,0.0038681030273437,0.0028610229492187,0.0028800964355468,0.0008621215820312,0.3,1
0.0104217529296875,0.0104217529296875,6.580352783203125e-05,6.961822509765625e-05,2.86102294921875e-06,0.003,2
0.00390625,0.00390625,0.0020179748535156,0.0028305053710937,0.0003728866577148,0.063,1
0.0,0.0013027191162109,0.0018444061279296,0.0019989013671875,0.0014114379882812,0.3,0
0.006011962890625,0.0057296752929687,0.004791259765625,0.0057296752929687,0.0002784729003906,0.3,1
0.0096588134765625,0.006011962890625,0.0007972717285156,0.000868797302246,0.000274658203125,0.022,2
0.0004529953002929,0.0003252029418945,4.863739013671875e-05,0.000288963317871,4.291534423828125e-05,0.3,1
0.027862548828125,0.025665283203125,0.002777099609375,0.0027847290039062,0.000554084777832,0.226,0
0.006500244140625,0.0065078735351562,9.5367431640625e-07,9.5367431640625e-07,0.0,0.001,2
0.0024490356445312,0.0018234252929687,0.0016365051269531,0.0016403198242187,8.487701416015625e-05,0.3,1
0.0,0.00262451171875,0.0,0.0,0.0,0.002,2
0.01116943359375,0.01116943359375,0.0072097778320312,0.0105438232421875,0.0009098052978515,0.3,1
0.0,0.0013027191162109,0.0076751708984375,0.0087738037109375,0.0008134841918945,0.3,0
0.0416259765625,0.0416259765625,0.03460693359375,0.03466796875,0.0001449584960937,0.3,1
0.0128936767578125,0.01171875,0.007965087890625,0.0095977783203125,0.0006599426269531,0.3,1
0.0052108764648437,0.0052108764648437,0.0018596649169921,0.0018882751464843,0.0001649856567382,0.3,0
0.0012702941894531,0.0012702941894531,0.0009822845458984,0.0009841918945312,2.47955322265625e-05,0.295,1
0.0,0.0013027191162109,0.01971435546875,0.020050048828125,0.0012836456298828,0.3,0
0.006011962890625,0.0057296752929687,0.0038490295410156,0.0038528442382812,6.008148193359375e-05,0.3,1
0.0,0.0013027191162109,9.5367431640625e-07,1.9073486328125e-06,0.0005769729614257,0.002,2
0.0037422180175781,0.0037422180175781,0.002593994140625,0.002685546875,0.0004405975341796,0.3,1
0.0,0.0013027191162109,0.0043869018554687,0.0098876953125,0.0017299652099609,0.3,0
0.0003023147583007,0.000309944152832,0.0001964569091796,0.0002260208129882,0.0,0.053,1
0.0050125122070312,0.0045166015625,0.0026702880859375,0.0026702880859375,0.0005407333374023,0.3,1
0.000227928161621,0.0001850128173828,0.000152587890625,0.00018310546875,0.0,0.241,1
0.006683349609375,0.0036125183105468,0.0006771087646484,0.0006790161132812,9.5367431640625e-07,0.3,0
0.1875,0.1041259765625,0.129638671875,0.129638671875,0.0017356872558593,0.3,3
0.017242431640625,0.017242431640625,0.0047531127929687,0.0055007934570312,0.0007781982421875,0.3,0
0.0,0.0018157958984375,0.0039138793945312,0.0039138793945312,0.000288963317871,0.3,0
0.0123748779296875,0.0123748779296875,5.14984130859375e-05,5.14984130859375e-05,0.0002498626708984,0.001,2
0.0042343139648437,0.0023422241210937,0.0006589889526367,0.0006599426269531,0.0006418228149414,0.003,2
0.0,0.0013027191162109,0.01922607421875,0.0206298828125,0.0021095275878906,0.3,0
0.0003366470336914,0.0003366470336914,0.0002803802490234,0.0002985000610351,9.5367431640625e-06,0.3,1
0.0002317428588867,0.0002088546752929,8.58306884765625e-06,8.58306884765625e-06,0.0,0.002,2
0.010894775390625,0.010894775390625,0.0057601928710937,0.0058441162109375,1.239776611328125e-05,0.3,1
0.0104217529296875,0.0104217529296875,6.580352783203125e-05,6.961822509765625e-05,2.86102294921875e-06,0.003,2
0.011016845703125,0.011016845703125,0.0008964538574218,0.000899314880371,7.62939453125e-06,0.3,0
0.0026054382324218,0.0026054382324218,0.0013160705566406,0.0017719268798828,0.0001506805419921,0.3,1
0.0,0.0013027191162109,0.0076751708984375,0.0087738037109375,0.0008134841918945,0.3,0
0.0,0.0013027191162109,0.02197265625,0.024078369140625,0.0005817413330078,0.3,0
0.0316162109375,0.03497314453125,0.0109710693359375,0.0110321044921875,0.0003376007080078,0.3,0
0.04296875,0.0390625,0.027008056640625,0.02728271484375,2.86102294921875e-06,0.3,1
0.0123748779296875,0.0088043212890625,0.0057449340820312,0.0057601928710937,0.0006608963012695,0.3,1
0.0036201477050781,0.0036239624023437,0.0025215148925781,0.0025291442871093,0.0005388259887695,0.3,1
0.007293701171875,0.007293701171875,0.0047149658203125,0.0048141479492187,3.528594970703125e-05,0.148,1
0.0,0.0013027191162109,0.0007295608520507,0.0007305145263671,0.0004568099975585,0.3,0
0.0009822845458984,0.0009584426879882,0.0005512237548828,0.0005521774291992,4.38690185546875e-05,0.3,1
0.0028572082519531,0.0028572082519531,0.0012397766113281,0.0012702941894531,0.0005664825439453,0.3,1
0.0002803802490234,0.0002975463867187,0.0001478195190429,0.0001611709594726,8.58306884765625e-06,0.3,1
0.0032424926757812,0.0024452209472656,0.0006723403930664,0.0006742477416992,7.62939453125e-06,0.3,0
0.0029678344726562,0.0025825500488281,0.0015335083007812,0.0015335083007812,9.5367431640625e-07,0.3,1
0.0,0.0013027191162109,0.0079498291015625,0.0082855224609375,0.0012054443359375,0.3,0
0.0,0.0013027191162109,0.0069580078125,0.0104522705078125,0.0002956390380859,0.3,0
0.0014915466308593,0.0024452209472656,0.0008649826049804,0.001138687133789,4.673004150390625e-05,0.3,1
0.00262451171875,0.00262451171875,0.0011310577392578,0.0014019012451171,0.0005702972412109,0.3,1
0.0017509460449218,0.0017509460449218,0.0002107620239257,0.0002117156982421,0.000314712524414,0.004,2
0.0052413940429687,0.0052413940429687,0.0023765563964843,0.0024032592773437,0.000279426574707,0.3,1
0.0,0.0013027191162109,0.0145263671875,0.016815185546875,0.0012760162353515,0.3,0
0.00439453125,0.00439453125,0.0015716552734375,0.0015811920166015,0.0003490447998046,0.3,0
0.0,0.0013027191162109,0.008544921875,0.0128631591796875,0.0012035369873046,0.3,0
0.0,0.0013027191162109,0.0155792236328125,0.015594482421875,0.0009975433349609,0.3,0
0.0052108764648437,0.0052108764648437,0.0016651153564453,0.001749038696289,5.91278076171875e-05,0.3,0
0.0,0.0003175735473632,0.0001964569091796,0.0001983642578125,0.0,0.3,0
0.0052108764648437,0.0052108764648437,0.0030326843261718,0.0034713745117187,0.0001544952392578,0.3,1
0.0,0.0013027191162109,9.5367431640625e-07,9.5367431640625e-07,0.0006589889526367,0.005,2
0.009765625,0.009765625,0.0016994476318359,0.0017051696777343,0.0004358291625976,0.3,0
0.011016845703125,0.011016845703125,0.0008964538574218,0.000899314880371,7.62939453125e-06,0.3,0
0.1875,0.189697265625,0.11328125,0.1134033203125,0.0004892349243164,0.3,3
0.0,0.0013027191162109,0.009002685546875,0.00958251953125,0.0013027191162109,0.3,0
0.0002317428588867,0.0002088546752929,8.58306884765625e-06,8.58306884765625e-06,0.0,0.002,2
0.0130157470703125,0.0130157470703125,9.5367431640625e-07,9.5367431640625e-07,0.0,0.001,2
0.0014705657958984,0.0014705657958984,8.7738037109375e-05,8.7738037109375e-05,0.0005130767822265,0.002,2
0.016143798828125,0.016143798828125,0.01104736328125,0.0110626220703125,0.0010204315185546,0.3,1
0.0,0.0,0.00677490234375,0.0067825317382812,3.814697265625e-06,0.3,0
0.00262451171875,0.00262451171875,0.0021553039550781,0.0022048950195312,7.43865966796875e-05,0.3,1
0.0,0.0013027191162109,0.0052871704101562,0.0052947998046875,0.0024795532226562,0.3,0
0.006683349609375,0.0036125183105468,0.0006961822509765,0.0006980895996093,1.1444091796875e-05,0.3,0
0.0042343139648437,0.0051727294921875,0.0006589889526367,0.0006599426269531,0.0006418228149414,0.003,2
0.00262451171875,0.00262451171875,0.0003395080566406,0.0007743835449218,0.0002946853637695,0.004,2
0.0,0.005859375,0.0049896240234375,0.0055618286132812,0.0,0.3,0
0.0019607543945312,0.0017166137695312,0.0014934539794921,0.0015754699707031,0.0005989074707031,0.045,1
0.0,0.0013027191162109,0.019989013671875,0.02166748046875,0.0022010803222656,0.3,0
0.0019683837890625,0.0019683837890625,1.9073486328125e-06,1.9073486328125e-06,0.0,0.001,2
0.0019149780273437,0.0019035339355468,0.0015373229980468,0.0015621185302734,5.245208740234375e-05,0.3,1
0.0,0.00262451171875,0.0,0.0,0.0,0.002,2
0.0,0.0013027191162109,0.000345230102539,0.0005617141723632,0.0002107620239257,0.019,2
0.0,0.0013027191162109,1.9073486328125e-06,2.86102294921875e-06,0.0002756118774414,0.003,2
0.0,0.0013027191162109,0.0061569213867187,0.018829345703125,0.0008535385131835,0.3,0
0.0,0.0013027191162109,0.0073165893554687,0.0081634521484375,0.001291275024414,0.3,0
0.0002317428588867,0.0002088546752929,8.58306884765625e-06,8.58306884765625e-06,0.0,0.002,2
0.078125,0.078125,0.0738525390625,0.0750732421875,0.0005884170532226,0.3,3
0.0050125122070312,0.0037307739257812,0.0026702880859375,0.0026702880859375,0.0005407333374023,0.3,1
0.0,0.0001907348632812,9.5367431640625e-07,9.5367431640625e-07,9.5367431640625e-07,0.3,0
0.0097503662109375,0.0097503662109375,0.0027389526367187,0.0059814453125,0.0,0.3,1
0.0065078735351562,0.0065078735351562,0.0050811767578125,0.0067825317382812,0.0004043579101562,0.252,1
0.011016845703125,0.011016845703125,0.0008964538574218,0.000899314880371,7.62939453125e-06,0.3,0
0.0076141357421875,0.0076141357421875,9.5367431640625e-07,9.5367431640625e-07,0.0,0.001,2
0.000227928161621,0.0002164840698242,0.000152587890625,0.00018310546875,0.0,0.241,1
0.0046157836914062,0.00341796875,0.0023765563964843,0.00238037109375,0.0005140304565429,0.3,1
0.01080322265625,0.01080322265625,0.00848388671875,0.00848388671875,0.0008001327514648,0.3,1
0.0097503662109375,0.0097503662109375,0.0091094970703125,0.0091094970703125,2.002716064453125e-05,0.3,1
0.00262451171875,0.00262451171875,0.0003395080566406,0.0007743835449218,0.0002946853637695,0.004,2
0.0,0.0013027191162109,0.0071868896484375,0.019622802734375,0.0013236999511718,0.3,0
0.000441551208496,0.0003118515014648,0.0002832412719726,0.0003013610839843,0.0,0.3,1
0.0,0.0013027191162109,0.0058364868164062,0.006072998046875,0.0024604797363281,0.3,0
0.0061264038085937,0.0061264038085937,0.004241943359375,0.0042572021484375,0.0008506774902343,0.3,1
0.0076828002929687,0.0076828002929687,0.0039825439453125,0.0039901733398437,0.0005130767822265,0.3,1
0.0035820007324218,0.0035820007324218,0.0010795593261718,0.0017051696777343,0.0003633499145507,0.3,1
0.0,0.00262451171875,0.0,0.0,0.0,0.002,2
0.0001955032348632,0.000192642211914,9.250640869140624e-05,0.0001029968261718,9.5367431640625e-07,0.3,1
0.0052108764648437,0.0052108764648437,0.00115966796875,0.0011615753173828,0.0002899169921875,0.3,0
0.0,0.0013027191162109,9.5367431640625e-07,9.5367431640625e-07,1.1444091796875e-05,0.001,2
0.0054702758789062,0.0056610107421875,0.00244140625,0.0026969909667968,0.0016555786132812,0.027,1
0.0,0.0013027191162109,1.1444091796875e-05,7.43865966796875e-05,0.0003986358642578,0.007,2
0.0037345886230468,0.0042572021484375,0.002655029296875,0.0027885437011718,0.0005006790161132,0.3,1
0.0002317428588867,0.0001993179321289,8.58306884765625e-06,8.58306884765625e-06,0.0,0.002,2
0.078125,0.078125,0.0738525390625,0.0750732421875,0.0005884170532226,0.3,3
0.0,0.00262451171875,0.0,0.0,0.0,0.002,2
0.0025405883789062,0.0025405883789062,0.0003881454467773,0.0004396438598632,0.0003280639648437,0.003,2
0.004547119140625,0.0039443969726562,0.0022926330566406,0.0022964477539062,0.000746726989746,0.182,1
0.0,0.0013027191162109,0.010101318359375,0.010162353515625,0.0002784729003906,0.072,2
0.0,0.0013027191162109,0.00421142578125,0.008697509765625,0.0014915466308593,0.3,0
0.1875,0.1041259765625,0.129638671875,0.129638671875,0.0017356872558593,0.3,3
0.0,0.0013027191162109,0.0076751708984375,0.0087738037109375,0.0008134841918945,0.3,0
0.0,0.0013027191162109,0.0046768188476562,0.0055618286132812,0.0023994445800781,0.3,0
0.0,0.0016918182373046,0.0001430511474609,0.0001468658447265,2.288818359375e-05,0.3,0
0.0052108764648437,0.0052108764648437,0.00115966796875,0.0011615753173828,0.0002899169921875,0.3,0
0.0052108764648437,0.0052108764648437,0.0010910034179687,0.0011062622070312,0.0003108978271484,0.3,0
0.0,0.0013027191162109,0.005096435546875,0.0102996826171875,0.001800537109375,0.3,0
0.0032501220703125,0.0041961669921875,0.001535415649414,0.0016059875488281,0.000258445739746,0.3,1
0.076171875,0.076171875,0.0631103515625,0.0631103515625,0.0015087127685546,0.039,3
0.0052108764648437,0.0052108764648437,0.0030326843261718,0.0034713745117187,0.0001544952392578,0.3,1
0.0,0.0023574829101562,0.0040359497070312,0.0040359497070312,0.0003700256347656,0.3,0
0.0,0.0013027191162109,0.0069580078125,0.0104522705078125,0.0002956390380859,0.3,0
0.006500244140625,0.0065078735351562,9.5367431640625e-07,9.5367431640625e-07,0.0,0.001,2
0.000227928161621,0.0002164840698242,0.000152587890625,0.00018310546875,0.0,0.241,1
0.0019149780273437,0.0019035339355468,0.0015373229980468,0.0015621185302734,5.245208740234375e-05,0.3,1
0.0083770751953125,0.0083770751953125,0.001077651977539,0.0012893676757812,0.0004167556762695,0.3,0
0.00262451171875,0.00262451171875,0.0021553039550781,0.0022048950195312,7.43865966796875e-05,0.3,1
0.0001955032348632,0.000213623046875,9.250640869140624e-05,0.0001029968261718,9.5367431640625e-07,0.3,1
0.0001955032348632,0.0002002716064453,9.250640869140624e-05,0.0001029968261718,9.5367431640625e-07,0.3,1
0.0032501220703125,0.0036849975585937,0.001535415649414,0.0016059875488281,0.000258445739746,0.3,1
0.0,0.0003175735473632,0.0002365112304687,0.0002651214599609,9.5367431640625e-07,0.3,0
0.006683349609375,0.0036125183105468,0.0006961822509765,0.0006980895996093,1.1444091796875e-05,0.3,0
0.0029373168945312,0.00262451171875,0.0023956298828125,0.0027542114257812,1.9073486328125e-06,0.3,1
0.030303955078125,0.016143798828125,0.0154571533203125,0.0155181884765625,0.0005397796630859,0.3,1
0.004364013671875,0.004364013671875,0.00225830078125,0.0023002624511718,0.0002937316894531,0.3,1
0.0148773193359375,0.0148773193359375,0.0006942749023437,0.0031471252441406,0.0004606246948242,0.3,0
0.00262451171875,0.00262451171875,0.0011310577392578,0.0014019012451171,0.0005702972412109,0.3,1
0.076171875,0.076171875,0.0631103515625,0.0631103515625,0.0015087127685546,0.039,3
0.00262451171875,0.00262451171875,0.0008888244628906,0.0010643005371093,0.0003223419189453,0.189,1
0.00726318359375,0.0072555541992187,0.005401611328125,0.0054092407226562,0.0004854202270507,0.3,1
0.0001955032348632,0.0002002716064453,9.250640869140624e-05,0.0001029968261718,9.5367431640625e-07,0.3,1
0.00262451171875,0.00262451171875,0.0016365051269531,0.001800537109375,3.814697265625e-06,0.3,1
0.0001955032348632,0.0002002716064453,9.250640869140624e-05,0.0001029968261718,9.5367431640625e-07,0.3,1
0.0015621185302734,0.0015621185302734,0.000807762145996,0.0011653900146484,0.0001182556152343,0.3,1
0.0052108764648437,0.0052108764648437,0.0010910034179687,0.0011062622070312,0.0003108978271484,0.3,0
0.00262451171875,0.00262451171875,9.34600830078125e-05,9.34600830078125e-05,3.814697265625e-06,0.003,2
0.006683349609375,0.0036125183105468,0.0006771087646484,0.0006790161132812,9.5367431640625e-07,0.3,0
0.04168701171875,0.04168701171875,0.0003681182861328,0.0003700256347656,0.0001630783081054,0.3,0
0.0077972412109375,0.0087432861328125,0.0044174194335937,0.0044174194335937,1.71661376953125e-05,0.3,1
0.0052108764648437,0.0052108764648437,0.0010910034179687,0.0011062622070312,0.0003108978271484,0.3,0
0.0032539367675781,0.0032539367675781,0.0013999938964843,0.0013999938964843,0.0004243850708007,0.009,2
0.0,0.0001649856567382,0.0001506805419921,0.000152587890625,9.5367431640625e-06,0.3,0
0.0,0.0013027191162109,0.01953125,0.023651123046875,0.0014381408691406,0.243,0
0.0,0.0026054382324218,0.0001602172851562,0.0001640319824218,5.054473876953125e-05,0.3,0
0.0052108764648437,0.0052108764648437,0.0016651153564453,0.001749038696289,5.91278076171875e-05,0.3,0
0.0001955032348632,0.0002002716064453,9.250640869140624e-05,0.0001029968261718,9.5367431640625e-07,0.3,1
0.0065078735351562,0.0065078735351562,0.0013866424560546,0.0025978088378906,1.9073486328125e-06,0.002,2
0.0076828002929687,0.0076828002929687,0.0039825439453125,0.0039901733398437,0.0005130767822265,0.3,1
0.0065078735351562,0.0065078735351562,0.0030097961425781,0.0037956237792968,0.0004444122314453,0.097,1
0.0052108764648437,0.0052108764648437,0.0030326843261718,0.0034713745117187,0.0001544952392578,0.3,1
0.0032501220703125,0.0036849975585937,0.001535415649414,0.0016059875488281,0.000258445739746,0.3,1
0.0,0.0013027191162109,9.5367431640625e-07,9.5367431640625e-07,0.0,0.001,2
0.0,0.0013027191162109,0.00946044921875,0.0124664306640625,0.0006113052368164,0.233,0
0.0104217529296875,0.0104217529296875,6.580352783203125e-05,6.961822509765625e-05,2.86102294921875e-06,0.003,2
0.0032501220703125,0.0036849975585937,0.001535415649414,0.0016059875488281,0.000258445739746,0.3,1
0.0065078735351562,0.0065078735351562,0.0018596649169921,0.0018863677978515,0.0003032684326171,0.3,0
0.0041885375976562,0.0041885375976562,9.72747802734375e-05,9.72747802734375e-05,0.0001630783081054,0.001,2
0.011383056640625,0.0139923095703125,0.001138687133789,0.0011425018310546,0.000319480895996,0.3,0
0.00390625,0.00390625,0.00164794921875,0.00262451171875,0.0014572143554687,0.3,1
0.0052108764648437,0.0052108764648437,0.0016651153564453,0.001749038696289,5.91278076171875e-05,0.3,0
0.0,0.0013027191162109,0.0155792236328125,0.015594482421875,0.0009975433349609,0.3,0
0.0,0.0013027191162109,0.0135955810546875,0.0142669677734375,0.0005931854248046,0.3,0
0.006500244140625,0.0065078735351562,9.5367431640625e-07,9.5367431640625e-07,0.0,0.001,2
0.0,0.0013027191162109,0.0126495361328125,0.012786865234375,0.0005807876586914,0.3,0
0.004364013671875,0.004364013671875,0.00225830078125,0.0023002624511718,0.0002937316894531,0.3,1
0.01080322265625,0.01080322265625,0.00848388671875,0.00848388671875,0.0008001327514648,0.3,1
0.0,0.0013027191162109,0.016143798828125,0.0191650390625,0.0024452209472656,0.176,0
0.0,0.0013027191162109,0.0073165893554687,0.0081634521484375,0.001291275024414,0.3,0
0.0025558471679687,0.0025558471679687,1.9073486328125e-06,1.9073486328125e-06,0.0,0.001,2
0.0018234252929687,0.0018234252929687,0.0010528564453125,0.0014724731445312,0.0005254745483398,0.261,1
0.0102386474609375,0.0056915283203125,0.001688003540039,0.0016918182373046,2.765655517578125e-05,0.3,0
0.0065078735351562,0.0065078735351562,0.0017414093017578,0.0023078918457031,3.4332275390625e-05,0.016,2
0.0032501220703125,0.0036849975585937,0.001535415649414,0.0016059875488281,0.000258445739746,0.3,1
0.0097503662109375,0.0097503662109375,0.0027389526367187,0.0059814453125,0.0,0.3,1
0.0001955032348632,0.0002002716064453,9.250640869140624e-05,0.0001029968261718,9.5367431640625e-07,0.3,1
0.023284912109375,0.023284912109375,0.01824951171875,0.018798828125,0.0006866455078125,0.3,1
0.0052108764648437,0.0052108764648437,0.0009660720825195,0.0009727478027343,0.0005407333374023,0.3,0
0.0,0.0013027191162109,0.0108795166015625,0.0126190185546875,0.0001916885375976,0.3,0
0.0052108764648437,0.0055313110351562,0.0007877349853515,0.0007905960083007,0.0001354217529296,0.3,0
0.0002965927124023,0.0002937316894531,0.00018310546875,0.0001907348632812,0.0,0.3,1
0.01116943359375,0.01116943359375,0.0072097778320312,0.0105438232421875,0.0009098052978515,0.3,1
0.0002317428588867,0.0001707077026367,8.58306884765625e-06,8.58306884765625e-06,0.0,0.002,2
0.0123748779296875,0.0123748779296875,5.14984130859375e-05,5.14984130859375e-05,0.0002498626708984,0.001,2
0.0416259765625,0.0416259765625,0.033935546875,0.03411865234375,0.0002374649047851,0.3,1
0.0,0.0026817321777343,0.019927978515625,0.020263671875,0.0001487731933593,0.3,0
0.0032501220703125,0.0036849975585937,0.001535415649414,0.0016059875488281,0.000258445739746,0.3,1
0.1875,0.19970703125,0.14697265625,0.181640625,0.0001697540283203,0.3,3
0.00262451171875,0.00262451171875,0.0011024475097656,0.001443862915039,5.7220458984375e-06,0.3,1
0.0,0.0001649856567382,0.0001430511474609,0.0001440048217773,2.09808349609375e-05,0.3,0
0.0052108764648437,0.0052108764648437,0.0030326843261718,0.0034713745117187,0.0001544952392578,0.3,1
0.03424072265625,0.02166748046875,0.0019798278808593,0.0019874572753906,0.0006294250488281,0.3,0
0.0024070739746093,0.0062103271484375,0.0013256072998046,0.0019054412841796,0.000563621520996,0.048,1
0.0067901611328125,0.0067672729492187,0.004119873046875,0.004241943359375,0.0001583099365234,0.3,1
0.0016555786132812,0.0016555786132812,0.0014686584472656,0.0014686584472656,0.0005016326904296,0.003,1
0.0001955032348632,0.000192642211914,9.250640869140624e-05,0.0001029968261718,9.5367431640625e-07,0.3,1
0.000279426574707,0.000279426574707,9.5367431640625e-07,9.5367431640625e-07,0.0,0.001,2
0.0,0.0013027191162109,0.0198974609375,0.02081298828125,0.0014362335205078,0.3,0
0.0016555786132812,0.0016555786132812,0.0014686584472656,0.0014686584472656,0.0005016326904296,0.003,1
0.021942138671875,0.021942138671875,0.0019359588623046,0.0019512176513671,2.47955322265625e-05,0.3,0
0.0,0.0013027191162109,9.5367431640625e-07,9.5367431640625e-07,0.0006589889526367,0.005,2
0.005096435546875,0.005096435546875,0.004547119140625,0.0,0.000396728515625,0.3,1
0.0025749206542968,0.0075149536132812,0.0007123947143554,0.0007171630859375,0.0007448196411132,0.003,2
0.0,0.0013027191162109,0.0056991577148437,0.007965087890625,0.0005884170532226,0.262,0
0.000889778137207,0.0021705627441406,0.0004711151123046,0.000472068786621,2.384185791015625e-05,0.3,1
0.078125,0.078125,0.0738525390625,0.0750732421875,0.0005884170532226,0.3,3
0.0032424926757812,0.0055389404296875,0.0006122589111328,0.0006132125854492,6.67572021484375e-06,0.3,0
0.0065078735351562,0.0065078735351562,0.0030097961425781,0.0037956237792968,0.0004444122314453,0.097,1
0.0032424926757812,0.0012893676757812,0.0006723403930664,0.0006742477416992,7.62939453125e-06,0.3,0
0.0008134841918945,0.0005674362182617,0.0005102157592773,0.0005121231079101,0.0001630783081054,0.3,1
0.0,0.0013027191162109,0.0071182250976562,0.00726318359375,0.000645637512207,0.3,0
0.0106201171875,0.0106201171875,0.0078277587890625,0.008544921875,4.76837158203125e-06,0.3,1
0.0052108764648437,0.0052108764648437,0.0016651153564453,0.001749038696289,5.91278076171875e-05,0.3,0
0.02532958984375,0.03289794921875,0.0050506591796875,0.0050582885742187,6.67572021484375e-06,0.3,0
0.006683349609375,0.0036125183105468,0.0006771087646484,0.0006790161132812,9.5367431640625e-07,0.3,0
0.0002717971801757,0.0002660751342773,7.62939453125e-05,7.62939453125e-05,9.5367431640625e-06,0.002,2
0.000441551208496,0.0003385543823242,0.0002832412719726,0.0003013610839843,0.0,0.3,1
0.0,0.0013027191162109,0.0,0.0,0.0,0.001,2
0.006683349609375,0.0036125183105468,0.0006771087646484,0.0006790161132812,9.5367431640625e-07,0.3,0
0.011016845703125,0.011016845703125,0.0008964538574218,0.000899314880371,7.62939453125e-06,0.3,0
0.0,0.0013027191162109,0.009002685546875,0.00958251953125,0.0013027191162109,0.3,0
0.0,0.04339599609375,0.04034423828125,0.0408935546875,0.0002374649047851,0.3,0
0.0052108764648437,0.0052108764648437,0.0030326843261718,0.0034713745117187,0.0001544952392578,0.3,1
0.00262451171875,0.00262451171875,0.0017719268798828,0.0018730163574218,1.430511474609375e-05,0.3,1
0.0024070739746093,0.0024070739746093,0.0013256072998046,0.0019054412841796,0.000563621520996,0.048,1
0.0052108764648437,0.0052108764648437,0.0018596649169921,0.0018882751464843,0.0001649856567382,0.3,0
0.0032501220703125,0.0036849975585937,0.001535415649414,0.0016059875488281,0.000258445739746,0.3,1
0.0148468017578125,0.0052108764648437,0.0111083984375,0.0111541748046875,4.76837158203125e-06,0.3,1
0.0012416839599609,0.0012416839599609,0.0006446838378906,0.0006475448608398,0.0003566741943359,0.3,1
0.0067291259765625,0.007232666015625,0.0029449462890625,0.00335693359375,0.0004844665527343,0.072,1
0.0032501220703125,0.0041961669921875,0.001535415649414,0.0016059875488281,0.000258445739746,0.3,1
0.0003023147583007,0.0002937316894531,0.0001964569091796,0.0002260208129882,0.0,0.053,1
0.0012702941894531,0.0012454986572265,0.0009822845458984,0.0009841918945312,2.47955322265625e-05,0.295,1
0.0012702941894531,0.0012454986572265,0.0009822845458984,0.0009841918945312,2.47955322265625e-05,0.295,1
0.011016845703125,0.011016845703125,0.0008964538574218,0.000899314880371,7.62939453125e-06,0.3,0
0.01116943359375,0.01116943359375,0.0074310302734375,0.01043701171875,0.0011425018310546,0.3,1
0.009765625,0.009765625,0.0016994476318359,0.0017051696777343,0.0004358291625976,0.3,0
0.006683349609375,0.0036125183105468,0.0006771087646484,0.0006790161132812,9.5367431640625e-07,0.3,0
0.0032501220703125,0.0036849975585937,0.001535415649414,0.0016059875488281,0.000258445739746,0.3,1
0.0025520324707031,0.0025520324707031,9.5367431640625e-07,9.5367431640625e-07,0.0,0.001,2
0.011016845703125,0.011016845703125,0.0008964538574218,0.000899314880371,7.62939453125e-06,0.3,0
0.0849609375,0.0849609375,9.5367431640625e-07,9.5367431640625e-07,0.0,0.001,2
0.1024169921875,0.1019287109375,0.04718017578125,0.04718017578125,0.0009737014770507,0.3,3
0.0,0.0010356903076171,0.028564453125,0.028594970703125,0.0002517700195312,0.3,0
0.0036125183105468,0.0036125183105468,0.0013427734375,0.0013446807861328,0.0005006790161132,0.3,1
0.0072174072265625,0.0118255615234375,0.0037765502929687,0.0037918090820312,0.0012741088867187,0.148,1
0.0065078735351562,0.0065078735351562,0.0030097961425781,0.0037956237792968,0.0004444122314453,0.097,1
0.0,0.0013027191162109,0.0052871704101562,0.0052947998046875,0.0024795532226562,0.3,0
0.002960205078125,0.002960205078125,0.0019435882568359,0.0020370483398437,1.9073486328125e-06,0.3,1
0.0134124755859375,0.0134124755859375,0.03131103515625,0.0,0.0006065368652343,0.3,1
0.0002317428588867,0.0002088546752929,8.58306884765625e-06,8.58306884765625e-06,0.0,0.002,2
0.0116119384765625,0.0723876953125,6.67572021484375e-05,6.67572021484375e-05,0.000218391418457,0.001,2
0.0104217529296875,0.0104217529296875,6.580352783203125e-05,6.961822509765625e-05,2.86102294921875e-06,0.003,2
0.006134033203125,0.0049514770507812,0.0047607421875,0.0047836303710937,0.0003166198730468,0.3,1
0.0,0.0013027191162109,0.0052871704101562,0.0052947998046875,0.0024795532226562,0.3,0
0.0,0.0013027191162109,0.009552001953125,0.0099639892578125,0.0013999938964843,0.3,0
0.0056915283203125,0.0056915283203125,0.0006599426269531,0.0006618499755859,0.0005149841308593,0.296,0
0.03460693359375,0.03460693359375,0.0179443359375,0.01800537109375,9.5367431640625e-07,0.206,1
0.04888916015625,0.0123748779296875,0.04376220703125,0.0443115234375,0.0005741119384765,0.3,1
0.0078125,0.0078125,0.000162124633789,0.000162124633789,0.0001535415649414,0.002,2
0.0,0.0013027191162109,0.0031280517578125,0.0102081298828125,0.0013847351074218,0.23,0
0.1875,0.1041259765625,0.129638671875,0.129638671875,0.0017356872558593,0.3,3
0.0104217529296875,0.0104217529296875,0.0013809204101562,0.0024375915527343,0.0002145767211914,0.108,2
0.0016727447509765,0.0016727447509765,9.5367431640625e-07,9.5367431640625e-07,0.0,0.003,2
0.0,0.0013027191162109,0.0065155029296875,0.0108184814453125,0.0008373260498046,0.3,0
0.0,0.0020980834960937,0.0010108947753906,0.0010356903076171,0.0001096725463867,0.3,0
0.0,0.0001649856567382,0.0001506805419921,0.000152587890625,9.5367431640625e-06,0.3,0
0.0,0.0052108764648437,0.0039138793945312,0.0039138793945312,0.000288963317871,0.3,0
0.0052108764648437,0.0052108764648437,0.0018596649169921,0.0018882751464843,0.0001649856567382,0.3,0
0.00262451171875,0.00262451171875,0.000101089477539,0.000101089477539,0.0005369186401367,0.001,2
0.0095367431640625,0.0095367431640625,0.0072784423828125,0.0,0.0006542205810546,0.3,0
0.0052108764648437,0.0052108764648437,0.0018596649169921,0.0018882751464843,0.0001649856567382,0.3,0
0.0038948059082031,0.00390625,0.000894546508789,0.0009059906005859,0.000258445739746,0.3,0
0.006072998046875,0.0064239501953125,0.0044784545898437,0.005035400390625,0.0018424987792968,0.097,1
0.0,0.0013027191162109,0.0024795532226562,0.0030517578125,7.534027099609375e-05,0.079,2
0.0048446655273437,0.0048446655273437,0.0018348693847656,0.0029373168945312,0.0008630752563476,0.075,1
0.0041885375976562,0.0041885375976562,9.72747802734375e-05,9.72747802734375e-05,0.0001630783081054,0.001,2
0.0,0.0013027191162109,0.00421142578125,0.008697509765625,0.0014915466308593,0.3,0
0.0028572082519531,0.0028572082519531,0.0012397766113281,0.0012702941894531,0.0005664825439453,0.3,1
0.0032501220703125,0.0036849975585937,0.001535415649414,0.0016059875488281,0.000258445739746,0.3,1
0.0,0.0013027191162109,0.02197265625,0.024078369140625,0.0005817413330078,0.3,0
0.0006361007690429,0.0006361007690429,0.0001583099365234,0.0001583099365234,0.0001478195190429,0.001,2
0.0052108764648437,0.0052108764648437,0.0010910034179687,0.0011062622070312,0.0003108978271484,0.3,0
0.011016845703125,0.011016845703125,0.0008964538574218,0.000899314880371,7.62939453125e-06,0.3,0
0.0032501220703125,0.0036849975585937,0.001535415649414,0.0016059875488281,0.000258445739746,0.3,1
0.0002317428588867,0.0002088546752929,8.58306884765625e-06,8.58306884765625e-06,0.0,0.002,2
0.0028190612792968,0.0013637542724609,0.0006799697875976,0.0006866455078125,0.0002727508544921,0.3,0
0.022552490234375,0.022552490234375,0.0110626220703125,0.01129150390625,0.0006351470947265,0.3,1
0.0,0.0718994140625,0.0005397796630859,0.0005464553833007,0.000101089477539,0.3,0
0.0032501220703125,0.0036849975585937,0.001535415649414,0.0016059875488281,0.000258445739746,0.3,1
0.006500244140625,0.0065078735351562,9.5367431640625e-07,9.5367431640625e-07,0.0,0.001,2
0.011383056640625,0.0101776123046875,0.001138687133789,0.0011425018310546,0.000319480895996,0.3,0
0.0001955032348632,0.0001640319824218,9.250640869140624e-05,0.0001029968261718,9.5367431640625e-07,0.3,1
0.0019397735595703,0.0014705657958984,0.0010509490966796,0.0014724731445312,1.33514404296875e-05,0.3,1
0.017242431640625,0.017242431640625,0.0047531127929687,0.0055007934570312,0.0007781982421875,0.3,0
0.0020980834960937,0.00390625,0.0014286041259765,0.0016155242919921,5.7220458984375e-06,0.3,1
0.0106048583984375,0.0106048583984375,0.0062408447265625,0.0062484741210937,0.0002927780151367,0.3,1
0.00262451171875,0.00262451171875,0.0013542175292968,0.0015068054199218,0.0005197525024414,0.3,1
0.0002317428588867,0.0002212524414062,8.58306884765625e-06,8.58306884765625e-06,0.0,0.002,2
0.0104217529296875,0.0104217529296875,6.580352783203125e-05,6.961822509765625e-05,2.86102294921875e-06,0.003,2
0.0020332336425781,0.0015621185302734,0.001251220703125,0.0013236999511718,0.0,0.3,1
0.0076141357421875,0.0076141357421875,9.5367431640625e-07,9.5367431640625e-07,0.0,0.001,2
0.0,0.0001649856567382,0.00018310546875,0.0001850128173828,5.054473876953125e-05,0.3,0
0.0030174255371093,0.0031585693359375,0.0012092590332031,0.0012187957763671,9.5367431640625e-07,0.3,1
0.0,0.0013027191162109,0.0010356903076171,0.008514404296875,0.0007505416870117,0.023,2
0.0,0.0013027191162109,0.0067062377929687,0.008026123046875,0.0008716583251953,0.3,0
0.0004348754882812,0.0003366470336914,0.0002698898315429,0.0002822875976562,4.76837158203125e-06,0.3,1
0.0,0.0013027191162109,0.0031471252441406,0.008331298828125,0.0008134841918945,0.254,0
0.0018234252929687,0.0018234252929687,0.0001764297485351,0.0003833770751953,0.000197410583496,0.003,2
0.0051422119140625,0.0051422119140625,0.0029983520507812,0.0030746459960937,0.0001277923583984,0.3,1
0.0002670288085937,0.000279426574707,1.049041748046875e-05,1.049041748046875e-05,1.9073486328125e-06,0.004,2
0.0025367736816406,0.0017528533935546,0.0008258819580078,0.0012779235839843,1.9073486328125e-06,0.3,1
0.0,0.0038566589355468,0.001953125,0.0019645690917968,0.0008172988891601,0.3,0
0.0,0.04852294921875,0.0020942687988281,0.0020980834960937,0.0002660751342773,0.3,0
0.0017166137695312,0.0017166137695312,0.0005979537963867,0.0005979537963867,0.0005979537963867,0.002,2
0.0005350112915039,0.0005435943603515,0.0004940032958984,0.0005407333374023,0.0002298355102539,0.127,1
0.0017166137695312,0.0017166137695312,0.0005979537963867,0.0005979537963867,0.0005979537963867,0.002,2
0.0072250366210937,0.0072250366210937,0.0052261352539062,0.0052337646484375,0.0004892349243164,0.3,1
0.0,0.0013027191162109,0.0072402954101562,0.00933837890625,0.0001478195190429,0.3,0
0.030303955078125,0.017974853515625,0.0154571533203125,0.0155181884765625,0.0005397796630859,0.3,1
0.1024169921875,0.1019287109375,0.04718017578125,0.04718017578125,0.0009737014770507,0.3,3
0.0029182434082031,0.0026054382324218,0.0021514892578125,0.0026054382324218,2.6702880859375e-05,0.3,1
0.006500244140625,0.0065078735351562,9.5367431640625e-07,9.5367431640625e-07,0.0,0.001,2
0.0050125122070312,0.0033836364746093,0.0026702880859375,0.0026702880859375,0.0005407333374023,0.3,1
0.0,0.00390625,9.72747802734375e-05,0.0001077651977539,9.5367431640625e-07,0.3,0
0.0027313232421875,0.0028572082519531,0.0010356903076171,0.0010509490966796,9.632110595703124e-05,0.3,1
0.0,0.0013027191162109,9.5367431640625e-07,9.5367431640625e-07,0.0015296936035156,0.003,2
0.0,0.0013027191162109,0.008544921875,0.0128631591796875,0.0012035369873046,0.3,0
0.0032539367675781,0.0032539367675781,0.0013999938964843,0.0013999938964843,0.0004243850708007,0.009,2
0.0002317428588867,0.0002088546752929,8.58306884765625e-06,8.58306884765625e-06,0.0,0.002,2
0.00262451171875,0.00262451171875,0.0003395080566406,0.0007743835449218,0.0002946853637695,0.004,2
0.0,0.0013027191162109,0.0110626220703125,0.011077880859375,0.0021743774414062,0.3,0
0.0,0.01953125,0.017425537109375,0.01751708984375,0.0003070831298828,0.3,0
0.007568359375,0.0075759887695312,0.0049362182617187,0.0049514770507812,0.0005769729614257,0.3,1
0.0052108764648437,0.0052108764648437,0.001220703125,0.0012226104736328,0.0005769729614257,0.3,0
0.01947021484375,0.0364990234375,0.0107421875,0.0108489990234375,0.0006389617919921,0.3,1
0.0122528076171875,0.0122528076171875,0.0074691772460937,0.0075912475585937,0.0006237030029296,0.3,1
0.000227928161621,0.0002126693725585,0.000152587890625,0.00018310546875,0.0,0.241,1
0.006011962890625,0.004791259765625,0.0048141479492187,0.0057296752929687,0.0003957748413085,0.3,1
0.0,0.0013027191162109,0.0126495361328125,0.012786865234375,0.0005807876586914,0.3,0
0.006683349609375,0.0036125183105468,0.0006771087646484,0.0006790161132812,9.5367431640625e-07,0.3,0
0.00262451171875,0.00262451171875,0.0003862380981445,0.0009374618530273,0.0,0.004,2
0.0019149780273437,0.0019035339355468,0.0015373229980468,0.0015621185302734,5.245208740234375e-05,0.3,1
0.0036125183105468,0.0036125183105468,0.000223159790039,0.0002384185791015,0.0002450942993164,0.006,2
0.0015811920166015,0.0015811920166015,9.5367431640625e-07,9.5367431640625e-07,0.0,0.001,2
0.0004348754882812,0.0003366470336914,0.0002698898315429,0.0002822875976562,4.76837158203125e-06,0.3,1
0.0,0.0013027191162109,9.5367431640625e-07,9.5367431640625e-07,0.0001039505004882,0.004,2
0.0,0.02386474609375,0.0040740966796875,0.0040817260742187,0.0003738403320312,0.3,0
0.0127410888671875,0.016632080078125,0.0075759887695312,0.0076828002929687,0.0006341934204101,0.3,1
0.0004034042358398,0.0003242492675781,0.0002346038818359,0.0002479553222656,0.0,0.3,1
0.0065078735351562,0.0065078735351562,0.0017414093017578,0.0023078918457031,3.4332275390625e-05,0.016,2
0.0024070739746093,0.0024070739746093,0.0013256072998046,0.0019054412841796,0.000563621520996,0.048,1
0.0,0.0013027191162109,0.0052871704101562,0.0052947998046875,0.0024795532226562,0.3,0
0.0,0.0001649856567382,0.0001564025878906,0.0001592636108398,1.621246337890625e-05,0.3,0
0.0,0.0013027191162109,0.0051498413085937,0.0051498413085937,0.0021934509277343,0.3,0
0.0003023147583007,0.0002574920654296,0.0001964569091796,0.0002260208129882,0.0,0.053,1
0.0,0.0013027191162109,0.0056076049804687,0.009307861328125,0.0017318725585937,0.3,0
0.0036125183105468,0.0036125183105468,0.000223159790039,0.0002384185791015,0.0002450942993164,0.006,2
0.0002317428588867,0.0002088546752929,8.58306884765625e-06,8.58306884765625e-06,0.0,0.002,2
0.0032691955566406,0.0012092590332031,0.0006446838378906,0.000676155090332,0.0001869201660156,0.058,2
0.0002317428588867,0.0002088546752929,8.58306884765625e-06,8.58306884765625e-06,0.0,0.002,2
0.0,0.0013027191162109,0.0072479248046875,0.01580810546875,0.0011405944824218,0.3,0
0.0,0.0013027191162109,0.000584602355957,0.0007963180541992,0.0004186630249023,0.012,2
0.0106201171875,0.0018234252929687,0.0078277587890625,0.008544921875,4.76837158203125e-06,0.3,1
0.0052108764648437,0.0052108764648437,0.0009660720825195,0.0009727478027343,0.0005407333374023,0.3,0
0.0,0.0038566589355468,0.001953125,0.0019645690917968,0.0008172988891601,0.3,0
0.0123748779296875,0.0123748779296875,5.14984130859375e-05,5.14984130859375e-05,0.0002498626708984,0.001,2
0.1024169921875,0.1019287109375,0.04718017578125,0.04718017578125,0.0009737014770507,0.3,3
0.0,0.0260009765625,0.0039443969726562,0.0039596557617187,0.0003786087036132,0.3,0
0.0032501220703125,0.0036849975585937,0.001535415649414,0.0016059875488281,0.000258445739746,0.3,1
0.0024528503417968,0.0024528503417968,0.0013504028320312,0.0019435882568359,0.0005855560302734,0.041,1
0.0032539367675781,0.023895263671875,0.0008821487426757,0.000885009765625,3.814697265625e-06,0.3,0
0.0052108764648437,0.0052108764648437,0.0010910034179687,0.0011062622070312,0.0003108978271484,0.3,0
0.0094757080078125,0.0094757080078125,0.0087127685546875,0.0087127685546875,9.5367431640625e-07,0.3,1
0.0032501220703125,0.0041961669921875,0.001535415649414,0.0016059875488281,0.000258445739746,0.3,1
0.0002317428588867,0.0002088546752929,8.58306884765625e-06,8.58306884765625e-06,0.0,0.002,2
0.00262451171875,0.00262451171875,0.0021553039550781,0.0022048950195312,7.43865966796875e-05,0.3,1
0.0052108764648437,0.0052108764648437,0.00115966796875,0.0011615753173828,0.0002899169921875,0.3,0
0.0,0.0013027191162109,0.01922607421875,0.0206298828125,0.0021095275878906,0.3,0
0.0036125183105468,0.0036125183105468,0.0006799697875976,0.000680923461914,3.0517578125e-05,0.3,0
0.0021171569824218,0.0063858032226562,0.0015010833740234,0.0018024444580078,4.76837158203125e-05,0.3,1
0.00262451171875,0.00262451171875,0.0011024475097656,0.001443862915039,5.7220458984375e-06,0.3,1
0.0104217529296875,0.0104217529296875,6.580352783203125e-05,6.961822509765625e-05,2.86102294921875e-06,0.003,2
0.006500244140625,0.0065078735351562,9.5367431640625e-07,9.5367431640625e-07,0.0,0.001,2
0.0019149780273437,0.0019149780273437,0.0015373229980468,0.0015621185302734,5.245208740234375e-05,0.3,1
0.0037422180175781,0.0037422180175781,0.002593994140625,0.002685546875,0.0004405975341796,0.3,1
0.0042343139648437,0.0042343139648437,0.0006589889526367,0.0006599426269531,0.0006418228149414,0.003,2
0.0148773193359375,0.0148773193359375,0.0006942749023437,0.0031471252441406,0.0004606246948242,0.3,0
0.0052108764648437,0.0052108764648437,0.0009660720825195,0.0009727478027343,0.0005407333374023,0.3,0
0.0051345825195312,0.0051345825195312,0.0024375915527343,0.00250244140625,0.0004568099975585,0.3,1
0.0032501220703125,0.0036849975585937,0.001535415649414,0.0016059875488281,0.000258445739746,0.3,1
0.0088653564453125,0.0088653564453125,0.0024986267089843,0.0025177001953125,0.0005617141723632,0.3,0
0.01116943359375,0.01116943359375,0.0074310302734375,0.01043701171875,0.0011425018310546,0.3,1
0.0069122314453125,0.0069122314453125,0.0015869140625,0.0019607543945312,0.0003385543823242,0.3,0
0.011016845703125,0.011016845703125,0.0008964538574218,0.000899314880371,7.62939453125e-06,0.3,0
0.078125,0.078125,0.0738525390625,0.0750732421875,0.0005884170532226,0.3,3
0.0026931762695312,0.0036430358886718,0.0023994445800781,0.0024337768554687,8.20159912109375e-05,0.3,1
0.0,0.0013027191162109,0.0,0.0,0.0,0.001,2
0.0014705657958984,0.00128173828125,0.00067138671875,0.0007076263427734,0.00048828125,0.077,1
0.009765625,0.009765625,0.0016994476318359,0.0017051696777343,0.0004358291625976,0.3,0
0.05535888671875,0.05535888671875,0.0535888671875,0.0535888671875,0.0001230239868164,0.3,1
0.000227928161621,0.0002222061157226,0.000152587890625,0.00018310546875,0.0,0.241,1
0.0001955032348632,0.0002002716064453,9.250640869140624e-05,0.0001029968261718,9.5367431640625e-07,0.3,1
0.0052108764648437,0.0052108764648437,0.0011177062988281,0.0011730194091796,0.0005998611450195,0.3,0
0.019989013671875,0.03326416015625,0.0072860717773437,0.0077438354492187,0.000563621520996,0.3,0
0.0032424926757812,0.0012874603271484,0.0006723403930664,0.0006742477416992,7.62939453125e-06,0.3,0
0.0106201171875,0.0106201171875,0.0072860717773437,0.00732421875,0.000533103942871,0.3,1
0.01116943359375,0.01116943359375,0.0072097778320312,0.0105438232421875,0.0009098052978515,0.3,1
0.0,0.0013027191162109,9.5367431640625e-07,9.5367431640625e-07,0.0,0.001,2
0.0,0.0013027191162109,0.010101318359375,0.010162353515625,0.0002784729003906,0.072,2
0.03460693359375,0.03460693359375,0.0179443359375,0.01800537109375,9.5367431640625e-07,0.206,1
0.0036125183105468,0.0036125183105468,0.0006799697875976,0.000680923461914,3.0517578125e-05,0.3,0
0.010894775390625,0.010894775390625,0.0097198486328125,0.009857177734375,0.0006847381591796,0.3,1
0.0004310607910156,0.0003652572631835,0.0002689361572265,0.0003032684326171,9.5367431640625e-07,0.3,1
0.0,0.0013027191162109,0.0055465698242187,0.0055694580078125,0.0014476776123046,0.3,0
0.005462646484375,0.005462646484375,0.0008802413940429,0.0008811950683593,0.0004558563232421,0.3,0
0.0002717971801757,0.0002593994140625,7.62939453125e-05,7.62939453125e-05,9.5367431640625e-06,0.002,2
0.0052108764648437,0.0052108764648437,0.001220703125,0.0012226104736328,0.0005769729614257,0.3,0
0.0130462646484375,0.0130615234375,0.0018558502197265,0.0018577575683593,0.0002288818359375,0.3,0
0.0052108764648437,0.0052108764648437,0.0010910034179687,0.0011062622070312,0.0003108978271484,0.3,0
0.0052108764648437,0.0052108764648437,0.0010910034179687,0.0011062622070312,0.0003108978271484,0.3,0
0.0,0.0013027191162109,0.014129638671875,0.014373779296875,0.0005865097045898,0.3,0
0.0,0.0003175735473632,0.00018310546875,0.0001859664916992,0.0,0.3,0
0.0036201477050781,0.0036239624023437,0.0025215148925781,0.0025291442871093,0.0005388259887695,0.3,1
0.0032424926757812,0.0011425018310546,0.000624656677246,0.0006256103515625,2.86102294921875e-06,0.3,0
0.0,0.00262451171875,0.0,0.0,0.0,0.002,2
0.0,0.0013027191162109,0.008880615234375,0.010040283203125,0.0012798309326171,0.3,0
0.000227928161621,0.0002193450927734,0.000152587890625,0.00018310546875,0.0,0.241,1
0.006683349609375,0.0036125183105468,0.0006771087646484,0.0006790161132812,9.5367431640625e-07,0.3,0
0.0130157470703125,0.0130157470703125,9.5367431640625e-07,9.5367431640625e-07,0.0,0.001,2
0.0,0.0013027191162109,0.0076751708984375,0.0087738037109375,0.0008134841918945,0.3,0
0.0,0.0013027191162109,0.0126495361328125,0.012786865234375,0.0005807876586914,0.3,0
0.000258445739746,0.0002117156982421,0.0001306533813476,0.0001373291015625,8.58306884765625e-06,0.027,2
0.0021896362304687,0.0015621185302734,0.001504898071289,0.0016078948974609,1.621246337890625e-05,0.3,1
0.0052108764648437,0.0052108764648437,0.0009660720825195,0.0009727478027343,0.0005407333374023,0.3,0
0.0015621185302734,0.0015621185302734,9.5367431640625e-07,9.5367431640625e-07,0.0,0.001,2
0.0015621185302734,0.001953125,9.5367431640625e-07,9.5367431640625e-07,0.0,0.001,2
0.0097503662109375,0.0097503662109375,0.009033203125,0.009033203125,1.811981201171875e-05,0.3,1
0.0001964569091796,0.0002088546752929,0.000152587890625,0.0001792907714843,0.0,0.3,1
0.0032424926757812,0.0032539367675781,0.0006084442138671,0.0006084442138671,0.0001344680786132,0.3,0
0.006683349609375,0.0036125183105468,0.0006961822509765,0.0006980895996093,1.1444091796875e-05,0.3,0
0.0052413940429687,0.0012855529785156,0.0015773773193359,0.0016231536865234,0.0005178451538085,0.3,0
0.0148773193359375,0.0148773193359375,0.0006942749023437,0.0031471252441406,0.0004606246948242,0.3,0
0.0,0.0013027191162109,0.009002685546875,0.0100555419921875,0.001138687133789,0.3,0
0.00262451171875,0.00262451171875,0.0003395080566406,0.0007743835449218,0.0002946853637695,0.004,2
0.0002317428588867,0.0002155303955078,8.58306884765625e-06,8.58306884765625e-06,0.0,0.002,2
0.0,0.0024452209472656,0.0002365112304687,0.0002651214599609,9.5367431640625e-07,0.3,0
0.006683349609375,0.0036125183105468,0.0006961822509765,0.0006980895996093,1.1444091796875e-05,0.3,0
0.004180908203125,0.04022216796875,0.0010643005371093,0.0010833740234375,0.0006141662597656,0.3,0
0.0,0.0013027191162109,0.0067062377929687,0.008026123046875,0.0008716583251953,0.3,0
0.0002717971801757,0.0002937316894531,7.62939453125e-05,7.62939453125e-05,9.5367431640625e-06,0.002,2
0.0050125122070312,0.0037307739257812,0.0026702880859375,0.0026702880859375,0.0005407333374023,0.3,1
0.0052108764648437,0.0052108764648437,0.0030517578125,0.0030632019042968,3.4332275390625e-05,0.3,1
0.00262451171875,0.00262451171875,0.0003395080566406,0.0007743835449218,0.0002946853637695,0.004,2
0.0027313232421875,0.0028572082519531,0.0010356903076171,0.0010509490966796,9.632110595703124e-05,0.3,1
0.0106201171875,0.0106201171875,0.0078277587890625,0.008544921875,4.76837158203125e-06,0.3,1
0.0002546310424804,0.0002546310424804,0.0001773834228515,0.0001850128173828,3.528594970703125e-05,0.3,1
0.0065078735351562,0.0065078735351562,0.0030097961425781,0.0037956237792968,0.0004444122314453,0.097,1
0.020355224609375,0.020355224609375,0.0077133178710937,0.0077133178710937,0.0005006790161132,0.165,0
0.0,0.0013027191162109,0.01922607421875,0.0206298828125,0.0021095275878906,0.3,0
0.0104217529296875,0.0104217529296875,6.580352783203125e-05,6.961822509765625e-05,2.86102294921875e-06,0.003,2
0.04559326171875,0.04559326171875,0.0111846923828125,0.011260986328125,0.0003175735473632,0.149,0
0.001016616821289,0.001016616821289,0.000655174255371,0.0006771087646484,1.9073486328125e-05,0.3,1
0.0096588134765625,0.006011962890625,0.0007972717285156,0.000868797302246,0.000274658203125,0.022,2
0.00726318359375,0.0072555541992187,0.005401611328125,0.0054092407226562,0.0004854202270507,0.3,1
0.00262451171875,0.00262451171875,0.0003862380981445,0.0009374618530273,0.0,0.004,2
0.1875,0.1041259765625,0.129638671875,0.129638671875,0.0017356872558593,0.3,3
0.0002317428588867,0.0002155303955078,8.58306884765625e-06,8.58306884765625e-06,0.0,0.002,2
0.0,0.0013027191162109,0.0126495361328125,0.012786865234375,0.0005807876586914,0.3,0
0.0003614425659179,0.0003433227539062,0.0002250671386718,0.0002603530883789,1.9073486328125e-06,0.3,1
0.0,0.0024452209472656,0.0002260208129882,0.0002326965332031,0.0,0.3,0
0.0,0.0013027191162109,9.5367431640625e-07,9.5367431640625e-07,0.0004138946533203,0.003,2
0.0017166137695312,0.0017166137695312,0.0005979537963867,0.0005979537963867,0.0005979537963867,0.002,2
0.01116943359375,0.01116943359375,0.0074310302734375,0.01043701171875,0.0011425018310546,0.3,1
0.0032501220703125,0.0036849975585937,0.001535415649414,0.0016059875488281,0.000258445739746,0.3,1
0.000227928161621,0.0002117156982421,0.000152587890625,0.00018310546875,0.0,0.241,1
0.0,0.0013027191162109,9.5367431640625e-07,9.5367431640625e-07,0.0004138946533203,0.003,2
0.0015621185302734,0.0015621185302734,0.0007257461547851,0.0007276535034179,0.0002546310424804,0.291,1
0.0052108764648437,0.0052108764648437,0.0030326843261718,0.0034713745117187,0.0001544952392578,0.3,1
0.0,0.0013027191162109,0.0113677978515625,0.019622802734375,0.0012626647949218,0.3,0
0.0,0.0013027191162109,0.009002685546875,0.019744873046875,0.0010223388671875,0.3,0
0.0,0.0013027191162109,0.0053253173828125,0.0087890625,0.0009937286376953,0.3,0
0.0128326416015625,0.014007568359375,0.006103515625,0.0061798095703125,0.0011844635009765,0.3,1
0.05859375,0.05859375,0.0391845703125,0.04083251953125,0.0003623962402343,0.3,1
0.011383056640625,0.0101776123046875,0.001138687133789,0.0011425018310546,0.000319480895996,0.3,0
0.022552490234375,0.022552490234375,0.0110626220703125,0.01129150390625,0.0006351470947265,0.3,1
0.0033683776855468,0.0033683776855468,0.002593994140625,0.0,0.0004024505615234,0.3,1
0.0012702941894531,0.0012702941894531,0.0009822845458984,0.0009841918945312,2.47955322265625e-05,0.295,1
0.001953125,0.001953125,0.0014076232910156,0.0015640258789062,0.0003318786621093,0.3,1
0.0032501220703125,0.0036849975585937,0.001535415649414,0.0016059875488281,0.000258445739746,0.3,1
0.04595947265625,0.03125,0.018157958984375,0.0181884765625,0.0002155303955078,0.3,0
0.006683349609375,0.0036125183105468,0.0006771087646484,0.0006790161132812,9.5367431640625e-07,0.3,0
0.0,0.0013027191162109,0.0065155029296875,0.0108184814453125,0.0008373260498046,0.3,0
0.0,0.0013027191162109,9.5367431640625e-07,9.5367431640625e-07,0.0,0.001,2
0.0052108764648437,0.0052108764648437,0.0016651153564453,0.001749038696289,5.91278076171875e-05,0.3,0
0.0,0.0013027191162109,0.0072402954101562,0.00933837890625,0.0001478195190429,0.3,0
0.0026588439941406,0.0015621185302734,0.0018959045410156,0.0020751953125,1.430511474609375e-05,0.3,1
0.0,0.0013027191162109,0.0,9.5367431640625e-07,0.0002727508544921,0.003,2
0.0065078735351562,0.0065078735351562,0.0004053115844726,0.0004053115844726,0.0003156661987304,0.001,2
0.0130157470703125,0.0130157470703125,9.5367431640625e-07,9.5367431640625e-07,0.0,0.001,2
0.016937255859375,0.016937255859375,0.0060195922851562,0.0060348510742187,0.0004844665527343,0.3,0
0.0,0.0013027191162109,0.0076751708984375,0.0087738037109375,0.0008134841918945,0.3,0
0.0,0.0013027191162109,0.008880615234375,0.010040283203125,0.0012798309326171,0.3,0
0.0134124755859375,0.0134124755859375,0.031036376953125,0.0,0.0005311965942382,0.3,1
0.0032501220703125,0.0036849975585937,0.001535415649414,0.0016059875488281,0.000258445739746,0.3,1
0.0036125183105468,0.0036125183105468,0.0006523132324218,0.0006532669067382,9.5367431640625e-06,0.013,2
0.0,0.0027351379394531,0.0001592636108398,0.0001630783081054,2.384185791015625e-05,0.3,0
0.0036125183105468,0.006622314453125,0.000680923461914,0.0006828308105468,0.0005035400390625,0.3,0
0.0026588439941406,0.0015621185302734,0.0018959045410156,0.0020751953125,1.430511474609375e-05,0.3,1
0.0104217529296875,0.0104217529296875,6.580352783203125e-05,6.961822509765625e-05,2.86102294921875e-06,0.003,2
0.019317626953125,0.0036125183105468,0.0022735595703125,0.0022735595703125,1.9073486328125e-06,0.3,0
0.0009651184082031,0.0009651184082031,0.0006608963012695,0.0006618499755859,0.0001230239868164,0.3,1
0.00262451171875,0.00262451171875,0.0017719268798828,0.0018730163574218,1.430511474609375e-05,0.3,1
0.0,0.0013027191162109,1.9073486328125e-06,2.86102294921875e-06,0.0002756118774414,0.003,2
0.0052108764648437,0.0052108764648437,0.0010910034179687,0.0011062622070312,0.0003108978271484,0.3,0
0.005096435546875,0.0052108764648437,0.0045013427734375,0.0,0.0003862380981445,0.3,1
0.0094757080078125,0.0094757080078125,0.0087127685546875,0.0087127685546875,9.5367431640625e-07,0.3,1
0.0,0.0013027191162109,1.9073486328125e-06,1.9073486328125e-06,0.0004234313964843,0.001,2
0.078125,0.078125,0.0738525390625,0.0750732421875,0.0005884170532226,0.3,3
0.0094757080078125,0.0094757080078125,0.0087127685546875,0.0087127685546875,9.5367431640625e-07,0.3,1
0.0036125183105468,0.0036125183105468,0.0006599426269531,0.0006608963012695,0.0,0.3,0
0.005859375,0.0073013305664062,0.003662109375,0.00408935546875,0.0005130767822265,0.3,1
0.0065078735351562,0.0065078735351562,0.0001173019409179,0.0001192092895507,1.9073486328125e-06,0.003,2
0.0065078735351562,0.0065078735351562,0.0018596649169921,0.0018863677978515,0.0003032684326171,0.3,0
0.0,0.04339599609375,0.0120391845703125,0.0144805908203125,0.0002307891845703,0.3,0
0.006683349609375,0.0036125183105468,0.0006961822509765,0.0006980895996093,1.1444091796875e-05,0.3,0
0.076171875,0.076171875,0.0631103515625,0.0631103515625,0.0015087127685546,0.039,3
0.019989013671875,0.0084075927734375,0.0072860717773437,0.0077438354492187,0.000563621520996,0.3,0
0.0,0.0013027191162109,0.0020561218261718,0.005462646484375,0.0007820129394531,0.08,2
0.0,0.0003175735473632,0.0002031326293945,0.0002269744873046,0.0,0.3,0
0.0,0.0390625,0.029327392578125,0.02960205078125,0.0002031326293945,0.3,0
0.0021896362304687,0.0015621185302734,0.001504898071289,0.0016078948974609,1.621246337890625e-05,0.3,1
0.0029716491699218,0.0015621185302734,0.0021476745605468,0.0023918151855468,5.91278076171875e-05,0.3,1
0.0,0.0013027191162109,0.016510009765625,0.017333984375,0.0003213882446289,0.3,0
0.0028762817382812,0.0014553070068359,0.0006027221679687,0.000624656677246,0.0002708435058593,0.3,0
0.0002317428588867,0.0002155303955078,8.58306884765625e-06,8.58306884765625e-06,0.0,0.002,2
0.00262451171875,0.00262451171875,0.0011024475097656,0.001443862915039,5.7220458984375e-06,0.3,1
0.0,0.0013027191162109,0.0008039474487304,0.0009002685546875,0.0005168914794921,0.006,2
0.006683349609375,0.0036125183105468,0.0006961822509765,0.0006980895996093,1.1444091796875e-05,0.3,0
0.00262451171875,0.00262451171875,0.0011024475097656,0.001443862915039,5.7220458984375e-06,0.3,1
0.0052108764648437,0.0052108764648437,0.0010910034179687,0.0011062622070312,0.0003108978271484,0.3,0
0.009765625,0.009765625,0.0017452239990234,0.0017452239990234,0.0005474090576171,0.3,0
0.0,0.0013027191162109,0.0010356903076171,0.008514404296875,0.0007505416870117,0.023,2
0.0104217529296875,0.0104217529296875,6.580352783203125e-05,6.961822509765625e-05,2.86102294921875e-06,0.003,2
0.0,0.026458740234375,0.0118408203125,0.0118408203125,9.632110595703124e-05,0.3,0
0.0032424926757812,0.0032539367675781,0.0006084442138671,0.0006084442138671,0.0001344680786132,0.3,0
0.0316162109375,0.02880859375,0.0109710693359375,0.0110321044921875,0.0003376007080078,0.3,0
0.0,0.0013008117675781,0.0002365112304687,0.0002651214599609,9.5367431640625e-07,0.3,0
0.00390625,0.00390625,0.0023269653320312,0.0023307800292968,4.57763671875e-05,0.3,1
0.1024169921875,0.1019287109375,0.04718017578125,0.04718017578125,0.0009737014770507,0.3,3
0.0062713623046875,0.0055694580078125,0.00311279296875,0.0031394958496093,0.0007829666137695,0.3,1
0.0076141357421875,0.0067825317382812,9.5367431640625e-07,9.5367431640625e-07,0.0,0.001,2
0.0018234252929687,0.0018234252929687,0.0010528564453125,0.0014724731445312,0.0005254745483398,0.261,1
0.0,0.00262451171875,0.0,0.0,0.0,0.002,2
0.00262451171875,0.00262451171875,0.000762939453125,0.0007638931274414,0.0005645751953125,0.023,2
0.0,0.0034103393554687,0.0126953125,0.0127410888671875,0.0001773834228515,0.3,0
0.0032501220703125,0.0036849975585937,0.001535415649414,0.0016059875488281,0.000258445739746,0.3,1
0.00262451171875,0.00262451171875,0.000762939453125,0.0007638931274414,0.0005645751953125,0.023,2
0.0002717971801757,0.0002660751342773,7.62939453125e-05,7.62939453125e-05,9.5367431640625e-06,0.002,2
0.00518798828125,0.0068130493164062,0.0010089874267578,0.0010261535644531,0.0005931854248046,0.3,0
0.0052108764648437,0.0052108764648437,0.0010910034179687,0.0011062622070312,0.0003108978271484,0.3,0
0.0018234252929687,0.0018234252929687,0.0007400512695312,0.0008964538574218,0.0004997253417968,0.133,1
0.0036201477050781,0.0036239624023437,0.0025215148925781,0.0025291442871093,0.0005388259887695,0.3,1
0.011016845703125,0.011016845703125,0.0008964538574218,0.000899314880371,7.62939453125e-06,0.3,0
0.0,0.0013027191162109,0.009002685546875,0.00958251953125,0.0013027191162109,0.3,0
0.0061111450195312,0.0061111450195312,0.0042572021484375,0.0043106079101562,0.0006742477416992,0.3,1
0.0022773742675781,0.001953125,0.0004482269287109,0.0004491806030273,9.5367431640625e-07,0.3,0
0.0018482208251953,0.0018482208251953,2.384185791015625e-05,2.47955322265625e-05,0.0003280639648437,0.004,2
0.04595947265625,0.01116943359375,0.018157958984375,0.0181884765625,0.0002155303955078,0.3,0
0.0,0.0013027191162109,0.0150909423828125,0.0174560546875,0.0001087188720703,0.3,0
0.0044326782226562,0.0044326782226562,0.0006971359252929,0.0006971359252929,0.0006732940673828,0.001,2
0.0052413940429687,0.0052413940429687,0.0023765563964843,0.0024032592773437,0.000279426574707,0.3,1
0.0,0.0013027191162109,0.0052871704101562,0.0052947998046875,0.0024795532226562,0.3,0
0.0002317428588867,0.0002088546752929,8.58306884765625e-06,8.58306884765625e-06,0.0,0.002,2
0.0101776123046875,0.0124053955078125,0.0011272430419921,0.0011520385742187,9.5367431640625e-07,0.3,0
0.0022773742675781,0.0022811889648437,0.0002574920654296,0.0002574920654296,0.0001354217529296,0.002,2
0.0127105712890625,0.0119171142578125,0.0038299560546875,0.0045852661132812,0.0001420974731445,0.067,2
0.0,0.0013027191162109,9.5367431640625e-07,9.5367431640625e-07,0.0015144348144531,0.001,2
0.0011463165283203,0.0011463165283203,0.000432014465332,0.0004339218139648,0.0001602172851562,0.3,1
0.0019397735595703,0.0014705657958984,0.0012321472167968,0.0014724731445312,2.09808349609375e-05,0.3,1
0.0,0.0013027191162109,0.0085906982421875,0.0100555419921875,0.0006122589111328,0.3,0
0.0008134841918945,0.0005674362182617,0.0005102157592773,0.0005121231079101,0.0001630783081054,0.3,1
0.0001955032348632,0.0001802444458007,9.250640869140624e-05,0.0001029968261718,9.5367431640625e-07,0.3,1
0.020782470703125,0.0186767578125,0.014404296875,0.0144195556640625,0.0002317428588867,0.3,1
0.0050125122070312,0.0033836364746093,0.0026702880859375,0.0026702880859375,0.0005407333374023,0.3,1
0.0052108764648437,0.0052108764648437,0.0010910034179687,0.0011062622070312,0.0003108978271484,0.3,0
0.0004034042358398,0.0003242492675781,0.0002346038818359,0.0002479553222656,0.0,0.3,1
0.0034446716308593,0.012115478515625,0.0008039474487304,0.0008087158203125,0.0002355575561523,0.3,0
0.0022773742675781,0.0028228759765625,0.0004482269287109,0.0004491806030273,9.5367431640625e-07,0.3,0
0.1024169921875,0.1019287109375,0.04718017578125,0.04718017578125,0.0009737014770507,0.3,3
0.006500244140625,0.0065078735351562,0.0006999969482421,0.0007591247558593,0.0003204345703125,0.017,2
0.0002546310424804,0.0002546310424804,0.0001649856567382,0.0001754760742187,3.528594970703125e-05,0.091,1
0.0065078735351562,0.0065078735351562,0.0030097961425781,0.0037956237792968,0.0004444122314453,0.097,1
0.0065078735351562,0.0065078735351562,0.0013866424560546,0.0025978088378906,1.9073486328125e-06,0.002,2
0.0104217529296875,0.0104217529296875,6.580352783203125e-05,6.961822509765625e-05,2.86102294921875e-06,0.003,2
0.0,0.0013027191162109,0.0,0.0,0.0,0.001,2
0.0027313232421875,0.0028572082519531,0.0010356903076171,0.0010509490966796,9.632110595703124e-05,0.3,1
0.0032501220703125,0.0036849975585937,0.001535415649414,0.0016059875488281,0.000258445739746,0.3,1
0.0078125,0.0078125,0.0012416839599609,0.0013236999511718,0.0003633499145507,0.016,2
0.0,0.0013027191162109,0.0052871704101562,0.0052947998046875,0.0024795532226562,0.3,0
0.0035858154296875,0.003509521484375,0.0012149810791015,0.0012474060058593,7.534027099609375e-05,0.3,0
0.00262451171875,0.00262451171875,0.0011310577392578,0.0014019012451171,0.0005702972412109,0.3,1
0.0,0.0013027191162109,0.01922607421875,0.0206298828125,0.0021095275878906,0.3,0
0.0,0.0013027191162109,0.0113677978515625,0.019622802734375,0.0012626647949218,0.3,0
0.0,0.0013027191162109,9.5367431640625e-07,9.5367431640625e-07,0.0,0.001,2
0.0002946853637695,0.0002374649047851,0.0001440048217773,0.0001592636108398,0.0,0.3,1
0.0033683776855468,0.0033683776855468,0.0022087097167968,0.0,0.0004081726074218,0.3,1
0.0106201171875,0.0106201171875,0.0078277587890625,0.008544921875,4.76837158203125e-06,0.3,1
0.01556396484375,0.01495361328125,0.003662109375,0.0039825439453125,2.86102294921875e-06,0.3,0
0.0,0.0013027191162109,0.008544921875,0.0128631591796875,0.0012035369873046,0.3,0
0.0,0.0013027191162109,0.019287109375,0.020599365234375,0.0011310577392578,0.3,0
0.0024757385253906,0.0024757385253906,0.001810073852539,0.0024757385253906,0.0001325607299804,0.115,1
0.0018234252929687,0.0018234252929687,0.0001764297485351,0.0003833770751953,0.000197410583496,0.003,2
0.0148773193359375,0.0148773193359375,0.0006942749023437,0.0031471252441406,0.0004606246948242,0.3,0
0.0,0.0013027191162109,9.5367431640625e-07,9.5367431640625e-07,0.0,0.001,2
0.0104217529296875,0.0104217529296875,6.580352783203125e-05,6.961822509765625e-05,2.86102294921875e-06,0.003,2
0.00390625,0.00390625,0.0015144348144531,0.0017890930175781,0.000411033630371,0.3,1
0.000227928161621,0.0002164840698242,0.000152587890625,0.00018310546875,0.0,0.241,1
0.0025749206542968,0.0026206970214843,0.0007123947143554,0.0007171630859375,0.0007448196411132,0.003,2
0.0,0.0038566589355468,0.001953125,0.0019645690917968,0.0008172988891601,0.3,0
0.0,0.0234375,0.009429931640625,0.0095062255859375,0.0001754760742187,0.3,0
0.0052108764648437,0.0052108764648437,0.0009660720825195,0.0009727478027343,0.0005407333374023,0.3,0
0.0,0.0126190185546875,0.009857177734375,0.010040283203125,0.0004653930664062,0.3,0
0.0,0.0013027191162109,0.0135955810546875,0.0142669677734375,0.0005931854248046,0.3,0
0.0002317428588867,0.0002088546752929,8.58306884765625e-06,8.58306884765625e-06,0.0,0.002,2
0.0025749206542968,0.0026206970214843,0.0007123947143554,0.0007171630859375,0.0007448196411132,0.003,2
0.000885009765625,0.0008974075317382,0.0005521774291992,0.000554084777832,0.0001535415649414,0.3,1
0.0043563842773437,0.003875732421875,0.0027618408203125,0.002777099609375,0.0002174377441406,0.3,1
0.0130157470703125,0.0130157470703125,9.5367431640625e-07,9.5367431640625e-07,0.0,0.001,2
0.0042343139648437,0.0042343139648437,0.0006589889526367,0.0006599426269531,0.0006418228149414,0.003,2
0.0030326843261718,0.0012798309326171,0.000838279724121,0.0008430480957031,0.0002660751342773,0.3,0
0.0,0.0014705657958984,0.0001678466796875,0.0001716613769531,4.100799560546875e-05,0.3,0
0.017242431640625,0.017242431640625,0.0047531127929687,0.0055007934570312,0.0007781982421875,0.3,0
0.0005083084106445,0.0005083084106445,0.0004177093505859,0.0004196166992187,3.24249267578125e-05,0.3,1
0.011383056640625,0.0101776123046875,0.001138687133789,0.0011425018310546,0.000319480895996,0.3,0
0.00262451171875,0.00262451171875,0.0003395080566406,0.0007743835449218,0.0002946853637695,0.004,2
0.0,0.0013027191162109,0.008880615234375,0.010040283203125,0.0012798309326171,0.3,0
0.0001955032348632,0.000213623046875,9.250640869140624e-05,0.0001029968261718,9.5367431640625e-07,0.3,1
0.03265380859375,0.02093505859375,0.01953125,0.0208740234375,0.0021553039550781,0.3,1
0.0030937194824218,0.00262451171875,0.002105712890625,0.0022773742675781,2.86102294921875e-05,0.3,1
0.0,0.0013027191162109,0.0053558349609375,0.006103515625,0.0006942749023437,0.3,0
0.00262451171875,0.00262451171875,0.0003395080566406,0.0007743835449218,0.0002946853637695,0.004,2
0.008819580078125,0.0065078735351562,0.0038261413574218,0.0038681030273437,0.0008192062377929,0.3,1
0.000227928161621,0.0002193450927734,0.000152587890625,0.00018310546875,0.0,0.241,1
0.0694580078125,0.022064208984375,0.010040283203125,0.0100860595703125,0.0010833740234375,0.3,0
0.0032501220703125,0.0041961669921875,0.001535415649414,0.0016059875488281,0.000258445739746,0.3,1
0.0127105712890625,0.0034599304199218,0.0104522705078125,0.01092529296875,0.001291275024414,0.3,1
0.0032501220703125,0.0041961669921875,0.001535415649414,0.0016059875488281,0.000258445739746,0.3,1
0.0001955032348632,0.0002002716064453,9.250640869140624e-05,0.0001029968261718,9.5367431640625e-07,0.3,1
0.0073623657226562,0.008270263671875,0.0026588439941406,0.004180908203125,0.0008888244628906,0.099,1
0.0001955032348632,0.000192642211914,9.250640869140624e-05,0.0001029968261718,9.5367431640625e-07,0.3,1
0.006500244140625,0.0065078735351562,9.5367431640625e-07,9.5367431640625e-07,0.0,0.001,2
0.006683349609375,0.0036125183105468,0.0006961822509765,0.0006980895996093,1.1444091796875e-05,0.3,0
0.0104217529296875,0.0104217529296875,6.580352783203125e-05,6.961822509765625e-05,2.86102294921875e-06,0.003,2
0.0052108764648437,0.0052108764648437,0.0030326843261718,0.0034713745117187,0.0001544952392578,0.3,1
0.0104217529296875,0.0104217529296875,6.580352783203125e-05,6.961822509765625e-05,2.86102294921875e-06,0.003,2
0.0005350112915039,0.0007858276367187,0.0004940032958984,0.0005407333374023,0.0002298355102539,0.127,1
0.0,0.0013027191162109,9.5367431640625e-07,9.5367431640625e-07,0.0004138946533203,0.003,2
0.011383056640625,0.0100250244140625,0.001138687133789,0.0011425018310546,0.000319480895996,0.3,0
0.000258445739746,0.0002117156982421,0.0001306533813476,0.0001373291015625,8.58306884765625e-06,0.027,2
0.0037345886230468,0.0037345886230468,0.002655029296875,0.0027885437011718,0.0005006790161132,0.3,1
0.0,0.0014705657958984,0.0001602172851562,0.0001640319824218,5.054473876953125e-05,0.3,0
0.0,0.0038566589355468,0.001953125,0.0019645690917968,0.0008172988891601,0.3,0
0.0,0.0013027191162109,9.5367431640625e-07,9.5367431640625e-07,0.0,0.001,2
0.0025367736816406,0.0017528533935546,0.0008258819580078,0.0012779235839843,1.9073486328125e-06,0.3,1
0.0002717971801757,0.0002546310424804,7.62939453125e-05,7.62939453125e-05,9.5367431640625e-06,0.002,2
0.0008134841918945,0.0005674362182617,0.0005102157592773,0.0005121231079101,0.0001630783081054,0.3,1
0.0012702941894531,0.0012454986572265,0.0009822845458984,0.0009841918945312,2.47955322265625e-05,0.295,1
0.0,0.0045700073242187,0.0041580200195312,0.0041580200195312,0.0002593994140625,0.3,0
0.0021896362304687,0.0015621185302734,0.0013160705566406,0.0016536712646484,5.7220458984375e-06,0.3,1
0.0,0.0013027191162109,0.0,0.0,0.0,0.001,2
0.0,0.00262451171875,0.0,0.0,0.0,0.002,2
0.0032424926757812,0.0059661865234375,0.0006446838378906,0.0006465911865234,9.822845458984376e-05,0.3,0
0.0052108764648437,0.0052108764648437,0.0018596649169921,0.0018882751464843,0.0001649856567382,0.3,0
0.006683349609375,0.0036125183105468,0.0006771087646484,0.0006790161132812,9.5367431640625e-07,0.3,0
0.0050125122070312,0.0037307739257812,0.0026702880859375,0.0026702880859375,0.0005407333374023,0.3,1
0.078125,0.078125,0.0738525390625,0.0750732421875,0.0005884170532226,0.3,3
0.0,0.0105133056640625,0.0046234130859375,0.004638671875,0.0012130737304687,0.3,0
0.0067901611328125,0.0067672729492187,0.004119873046875,0.004241943359375,0.0001583099365234,0.3,1
0.0,0.0013027191162109,0.0046768188476562,0.0055618286132812,0.0023994445800781,0.3,0
0.0020980834960937,0.0014705657958984,0.0014286041259765,0.0016155242919921,5.7220458984375e-06,0.3,1
0.009521484375,0.005706787109375,0.0023040771484375,0.0029640197753906,0.0001821517944335,0.3,0
0.0,0.0013027191162109,9.5367431640625e-07,9.5367431640625e-07,0.0,0.001,2
0.0,0.0013027191162109,0.0005998611450195,0.0008087158203125,0.0003271102905273,0.08,2
0.0,0.0013027191162109,0.012481689453125,0.02093505859375,0.0023918151855468,0.257,0
0.0,0.0013027191162109,1.9073486328125e-06,1.9073486328125e-06,9.822845458984376e-05,0.005,2
0.0016555786132812,0.0016555786132812,0.0014686584472656,0.0014686584472656,0.0005016326904296,0.003,1
0.0,0.0032539367675781,9.5367431640625e-05,0.0001039505004882,9.5367431640625e-07,0.3,0
0.00390625,0.00390625,0.0007448196411132,0.0007991790771484,0.0001535415649414,0.274,0
0.0,0.0013027191162109,9.5367431640625e-07,9.5367431640625e-07,0.0015296936035156,0.003,2
0.0052108764648437,0.0052108764648437,0.0030517578125,0.0030632019042968,3.4332275390625e-05,0.3,1
0.0044937133789062,0.00390625,0.0013599395751953,0.0032730102539062,0.000162124633789,0.3,1
0.0051422119140625,0.0051422119140625,0.0029983520507812,0.0030746459960937,0.0001277923583984,0.3,1
0.00799560546875,0.00799560546875,0.0028114318847656,0.0028152465820312,0.0002613067626953,0.3,0
0.0151824951171875,0.069091796875,0.0073318481445312,0.0073623657226562,0.0001773834228515,0.3,1
0.0061569213867187,0.0061569213867187,0.0033988952636718,0.0034599304199218,0.0001583099365234,0.3,1
0.0130157470703125,0.0130157470703125,9.5367431640625e-07,9.5367431640625e-07,0.0,0.001,2
0.0028572082519531,0.0028572082519531,0.0012397766113281,0.0012702941894531,0.0005664825439453,0.3,1
0.0,0.0013027191162109,0.0004510879516601,0.0006294250488281,7.05718994140625e-05,0.3,0
0.0104217529296875,0.0104217529296875,6.580352783203125e-05,6.961822509765625e-05,2.86102294921875e-06,0.003,2
0.0036125183105468,0.0036125183105468,0.000645637512207,0.0006847381591796,7.43865966796875e-05,0.285,0
0.0014915466308593,0.0013351440429687,0.0003528594970703,0.0007104873657226,4.673004150390625e-05,0.003,2
0.006500244140625,0.0065078735351562,9.5367431640625e-07,9.5367431640625e-07,0.0,0.001,2
0.006683349609375,0.0036125183105468,0.0006961822509765,0.0006980895996093,1.1444091796875e-05,0.3,0
0.0,0.0003175735473632,0.0002422332763671,0.0002593994140625,9.5367431640625e-07,0.3,0
0.0036125183105468,0.0036125183105468,0.0006523132324218,0.0006532669067382,9.5367431640625e-06,0.013,2
0.0516357421875,0.02069091796875,0.0013313293457031,0.0013313293457031,1.9073486328125e-06,0.3,0
0.0,0.0013027191162109,0.008544921875,0.0128631591796875,0.0012035369873046,0.3,0
0.0016555786132812,0.0016555786132812,0.0014686584472656,0.0014686584472656,0.0005016326904296,0.003,1
0.0032501220703125,0.0036849975585937,0.001535415649414,0.0016059875488281,0.000258445739746,0.3,1
0.0032539367675781,0.0032539367675781,0.0013999938964843,0.0013999938964843,0.0004243850708007,0.009,2
0.0008134841918945,0.0005445480346679,0.0005102157592773,0.0005121231079101,0.0001630783081054,0.3,1
0.0065078735351562,0.0065078735351562,0.0030097961425781,0.0037956237792968,0.0004444122314453,0.097,1
0.0097503662109375,0.0097503662109375,0.0027389526367187,0.0059814453125,0.0,0.3,1
0.0,0.0013027191162109,0.0007410049438476,0.0007410049438476,0.0005884170532226,0.3,0
0.0,0.0002546310424804,0.0023002624511718,0.0023040771484375,0.0005741119384765,0.3,0
0.0016326904296875,0.0016288757324218,0.0009393692016601,0.0009412765502929,0.0004692077636718,0.3,1
0.0028839111328125,0.0028839111328125,0.0015716552734375,0.0015983581542968,0.0002002716064453,0.3,1
0.0128326416015625,0.014007568359375,0.006103515625,0.0061798095703125,0.0011844635009765,0.3,1
0.0019397735595703,0.0014705657958984,0.0010509490966796,0.0014724731445312,1.33514404296875e-05,0.3,1
0.021270751953125,0.04339599609375,0.010345458984375,0.0104522705078125,0.0005064010620117,0.3,1
0.0001955032348632,0.0001955032348632,9.250640869140624e-05,0.0001029968261718,9.5367431640625e-07,0.3,1
0.0001955032348632,0.0001955032348632,9.250640869140624e-05,0.0001029968261718,9.5367431640625e-07,0.3,1
0.024200439453125,0.0015506744384765,0.0077438354492187,0.008087158203125,0.0028572082519531,0.3,0
0.0052108764648437,0.0052108764648437,0.0030326843261718,0.0034713745117187,0.0001544952392578,0.3,1
0.0,0.0048294067382812,0.0157470703125,0.015869140625,0.0002193450927734,0.3,0
0.0,0.0013027191162109,0.0073165893554687,0.0081634521484375,0.001291275024414,0.3,0
0.006011962890625,0.0057296752929687,0.0038948059082031,0.0039215087890625,0.000248908996582,0.3,1
0.0013942718505859,0.0013942718505859,0.0012035369873046,0.0012111663818359,0.0001335144042968,0.3,1
0.0003023147583007,0.000309944152832,0.0001964569091796,0.0002260208129882,0.0,0.053,1
0.0516357421875,0.015899658203125,0.0013313293457031,0.0013313293457031,1.9073486328125e-06,0.3,0
0.0,0.0013027191162109,0.0052871704101562,0.0052947998046875,0.0024795532226562,0.3,0
0.0044326782226562,0.0044326782226562,0.0006971359252929,0.0006971359252929,0.0006732940673828,0.001,2
0.0,0.0013027191162109,0.0063858032226562,0.017059326171875,0.0011215209960937,0.3,0
0.00262451171875,0.0014705657958984,0.0010833740234375,0.0011711120605468,0.0004692077636718,0.105,1
0.0025405883789062,0.0025405883789062,0.0003881454467773,0.0004396438598632,0.0003280639648437,0.003,2
0.0128936767578125,0.01171875,0.007965087890625,0.0095977783203125,0.0006599426269531,0.3,1
0.009765625,0.009765625,0.0016994476318359,0.0017051696777343,0.0004358291625976,0.3,0
0.0030632019042968,0.0118255615234375,0.0015583038330078,0.0016441345214843,0.0002450942993164,0.3,1
0.0,0.0003175735473632,0.0002365112304687,0.0002517700195312,0.0,0.3,0
0.0,0.0013027191162109,0.0107879638671875,0.0129241943359375,0.0005865097045898,0.3,0
0.0018482208251953,0.0020294189453125,2.384185791015625e-05,2.47955322265625e-05,0.0003280639648437,0.004,2
0.0,0.0013027191162109,0.0052871704101562,0.0052947998046875,0.0024795532226562,0.3,0
0.0019607543945312,0.0017166137695312,0.0014934539794921,0.0015754699707031,0.0005989074707031,0.045,1
0.0065078735351562,0.0065078735351562,0.0013866424560546,0.0025978088378906,1.9073486328125e-06,0.002,2
0.0025405883789062,0.0025405883789062,0.0003881454467773,0.0004396438598632,0.0003280639648437,0.003,2
0.006683349609375,0.0036125183105468,0.0006771087646484,0.0006790161132812,9.5367431640625e-07,0.3,0
0.0036201477050781,0.0036239624023437,0.0025215148925781,0.0025291442871093,0.0005388259887695,0.3,1
0.0,0.0038566589355468,0.001953125,0.0019645690917968,0.0008172988891601,0.3,0
0.000885009765625,0.0008974075317382,0.0005521774291992,0.000554084777832,0.0001535415649414,0.3,1
0.00390625,0.00390625,0.0010986328125,0.0011520385742187,0.0004701614379882,0.3,0
0.010894775390625,0.010894775390625,0.0057601928710937,0.0058441162109375,1.239776611328125e-05,0.3,1
0.0,0.0013027191162109,0.0072402954101562,0.00933837890625,0.0001478195190429,0.3,0
0.0094757080078125,0.0094757080078125,0.0087127685546875,0.0087127685546875,9.5367431640625e-07,0.3,1
0.0,0.0013027191162109,0.0052871704101562,0.0052947998046875,0.0024795532226562,0.3,0
0.0,0.0009346008300781,0.0010986328125,0.0011024475097656,0.0003385543823242,0.3,0
0.01727294921875,0.014404296875,0.01580810546875,0.015869140625,0.000166893005371,0.3,1
0.0028572082519531,0.0028572082519531,0.0012569427490234,0.0012588500976562,0.0002689361572265,0.3,1
0.0052108764648437,0.0052108764648437,0.0030326843261718,0.0034713745117187,0.0001544952392578,0.3,1
0.0052108764648437,0.0052108764648437,0.0016651153564453,0.001749038696289,5.91278076171875e-05,0.3,0
0.011016845703125,0.011016845703125,0.0008964538574218,0.000899314880371,7.62939453125e-06,0.3,0
0.0026054382324218,0.0026054382324218,0.0007457733154296,0.000746726989746,1.9073486328125e-05,0.032,2
0.0012168884277343,0.0012168884277343,1.049041748046875e-05,1.049041748046875e-05,0.0002021789550781,0.001,2
0.0060272216796875,0.0056915283203125,0.0018806457519531,0.001901626586914,0.0,0.3,0
0.0134124755859375,0.0134124755859375,0.031036376953125,0.0,0.0005311965942382,0.3,1
0.0,0.009674072265625,0.0001163482666015,0.0001201629638671,2.86102294921875e-06,0.3,0
0.0,0.0013027191162109,0.0071182250976562,0.00726318359375,0.000645637512207,0.3,0
0.0032501220703125,0.0036849975585937,0.001535415649414,0.0016059875488281,0.000258445739746,0.3,1
0.011016845703125,0.011016845703125,0.0008964538574218,0.000899314880371,7.62939453125e-06,0.3,0
0.06097412109375,0.0024871826171875,0.0031700134277343,0.0031776428222656,0.0007581710815429,0.075,2
0.0015773773193359,0.0015773773193359,0.0009336471557617,0.0009355545043945,0.0002775192260742,0.3,1
0.006500244140625,0.0065078735351562,9.5367431640625e-07,9.5367431640625e-07,0.0,0.001,2
0.03460693359375,0.03460693359375,0.0179443359375,0.01800537109375,9.5367431640625e-07,0.206,1
0.0,0.0718994140625,0.0005712509155273,0.0005741119384765,0.0001287460327148,0.3,0
0.0002546310424804,0.0002546310424804,0.0001649856567382,0.0001821517944335,5.14984130859375e-05,0.023,1
0.0316162109375,0.062255859375,0.0109710693359375,0.0110321044921875,0.0003376007080078,0.3,0
0.0036239624023437,0.0012493133544921,0.0003023147583007,0.0003023147583007,0.0002861022949218,0.001,2
0.0,0.0013027191162109,0.008544921875,0.0128631591796875,0.0012035369873046,0.3,0
0.0,0.0013027191162109,1.1444091796875e-05,7.43865966796875e-05,0.0003986358642578,0.007,2
0.00262451171875,0.00262451171875,0.0008888244628906,0.0010643005371093,0.0003223419189453,0.189,1
0.0,0.0013027191162109,0.0047760009765625,0.00994873046875,0.0012741088867187,0.3,0
0.0,0.0013027191162109,0.019287109375,0.02044677734375,0.0024795532226562,0.3,0
0.0,0.0013027191162109,1.1444091796875e-05,7.43865966796875e-05,0.0003986358642578,0.007,2
0.0015621185302734,0.0015621185302734,0.0011672973632812,0.001312255859375,0.0002250671386718,0.3,1
0.000227928161621,0.0002365112304687,0.000152587890625,0.00018310546875,0.0,0.241,1
0.00262451171875,0.00262451171875,0.000101089477539,0.000101089477539,0.0005369186401367,0.001,2
0.0,0.0013027191162109,1.9073486328125e-06,2.86102294921875e-06,0.0002756118774414,0.003,2
0.0,0.0013027191162109,0.0065765380859375,0.0105743408203125,0.0009918212890625,0.3,0
0.0029296875,0.0029296875,0.0009784698486328,0.0012874603271484,0.0005121231079101,0.3,1
0.00262451171875,0.00262451171875,0.00140380859375,0.0016593933105468,0.0,0.3,1
0.0,0.0013027191162109,0.0056991577148437,0.007965087890625,0.0005884170532226,0.262,0
0.0020980834960937,0.0014705657958984,0.0013103485107421,0.0014724731445312,3.814697265625e-06,0.3,1
0.0003023147583007,0.0002918243408203,0.0001964569091796,0.0002260208129882,0.0,0.053,1
0.0094757080078125,0.0094757080078125,0.0087127685546875,0.0087127685546875,9.5367431640625e-07,0.3,1
0.0002717971801757,0.0002717971801757,7.62939453125e-05,7.62939453125e-05,9.5367431640625e-06,0.002,2
0.0,0.0013027191162109,0.0052871704101562,0.0052947998046875,0.0024795532226562,0.3,0
0.000227928161621,0.000223159790039,0.000152587890625,0.00018310546875,0.0,0.241,1
0.006683349609375,0.0036125183105468,0.0006771087646484,0.0006790161132812,9.5367431640625e-07,0.3,0
0.00262451171875,0.00262451171875,0.0003395080566406,0.0007743835449218,0.0002946853637695,0.004,2
0.00390625,0.00390625,0.001190185546875,0.001199722290039,0.0001144409179687,0.3,0
0.0069580078125,0.006622314453125,0.0040283203125,0.0040283203125,0.0005702972412109,0.3,1
0.0065078735351562,0.0065078735351562,0.0013866424560546,0.0025978088378906,1.9073486328125e-06,0.002,2
0.0,0.04339599609375,0.04034423828125,0.0408935546875,0.0002374649047851,0.3,0
0.0,0.00262451171875,0.0,0.0,0.0,0.002,2
0.0034942626953125,0.0074996948242187,0.0003662109375,0.0003671646118164,7.724761962890625e-05,0.3,0
0.0079803466796875,0.0032539367675781,0.0049896240234375,0.005645751953125,5.340576171875e-05,0.3,1
0.00262451171875,0.00262451171875,0.001230239868164,0.0014152526855468,8.7738037109375e-05,0.3,1
0.0032501220703125,0.0041961669921875,0.001535415649414,0.0016059875488281,0.000258445739746,0.3,1
0.0084381103515625,0.0078277587890625,0.0037460327148437,0.0037460327148437,0.0002927780151367,0.3,1
0.0072250366210937,0.0064239501953125,0.0052261352539062,0.0052337646484375,0.0004892349243164,0.3,1
0.0032501220703125,0.0036849975585937,0.001535415649414,0.0016059875488281,0.000258445739746,0.3,1
0.0037422180175781,0.0037422180175781,0.002593994140625,0.002685546875,0.0004405975341796,0.3,1
0.0,0.0003175735473632,0.0002164840698242,0.000218391418457,9.5367431640625e-07,0.3,0
0.0032501220703125,0.0041961669921875,0.001535415649414,0.0016059875488281,0.000258445739746,0.3,1
0.016143798828125,0.016143798828125,0.01104736328125,0.0110626220703125,0.0010204315185546,0.3,1
0.0,0.019775390625,0.0001592636108398,0.0001630783081054,2.384185791015625e-05,0.3,0
0.006500244140625,0.0065078735351562,9.5367431640625e-07,9.5367431640625e-07,0.0,0.001,2
0.0018386840820312,0.0019569396972656,0.0006141662597656,0.0006141662597656,0.0005979537963867,0.001,2
0.0041885375976562,0.004638671875,9.72747802734375e-05,9.72747802734375e-05,0.0001630783081054,0.001,2
0.0017833709716796,0.0014705657958984,0.0010604858398437,0.0012435913085937,4.673004150390625e-05,0.3,1
0.011383056640625,0.0124053955078125,0.001138687133789,0.0011425018310546,0.000319480895996,0.3,0
0.0037765502929687,0.0008554458618164,0.0013027191162109,0.0013046264648437,4.100799560546875e-05,0.3,0
0.0,0.0038566589355468,0.001953125,0.0019645690917968,0.0008172988891601,0.3,0
0.0076141357421875,0.0076141357421875,9.5367431640625e-07,9.5367431640625e-07,0.0,0.001,2
0.0055313110351562,0.0055313110351562,0.0023384094238281,0.00250244140625,0.0002250671386718,0.3,1
0.011016845703125,0.011016845703125,0.0008964538574218,0.000899314880371,7.62939453125e-06,0.3,0
0.0014705657958984,0.0014705657958984,0.000655174255371,0.0006637573242187,3.4332275390625e-05,0.14,1
0.0052108764648437,0.0052108764648437,0.00115966796875,0.0011615753173828,0.0002899169921875,0.3,0
0.0052108764648437,0.0052108764648437,0.00115966796875,0.0011615753173828,0.0002899169921875,0.3,0
0.0,0.00262451171875,0.0,0.0,0.0,0.002,2
0.011016845703125,0.011016845703125,0.0008964538574218,0.000899314880371,7.62939453125e-06,0.3,0
0.0,0.0013027191162109,0.008544921875,0.0128631591796875,0.0012035369873046,0.3,0
0.0014705657958984,0.0014705657958984,9.918212890625e-05,9.918212890625e-05,3.0517578125e-05,0.001,2
0.0032501220703125,0.0041961669921875,0.001535415649414,0.0016059875488281,0.000258445739746,0.3,1
0.0127410888671875,0.016632080078125,0.0075759887695312,0.0076828002929687,0.0006341934204101,0.3,1
0.0,0.0018272399902343,0.0023002624511718,0.0023040771484375,0.0005741119384765,0.3,0
0.0054092407226562,0.0054092407226562,0.00323486328125,0.0040512084960937,0.0018444061279296,0.161,1
0.0018234252929687,0.0018234252929687,0.0007400512695312,0.0008964538574218,0.0004997253417968,0.133,1
0.0,0.0013027191162109,0.005096435546875,0.0102996826171875,0.001800537109375,0.3,0
0.0016288757324218,0.0012168884277343,0.0011482238769531,0.0011863708496093,6.771087646484375e-05,0.3,1
0.001953125,0.001953125,0.001953125,0.001953125,0.0001049041748046,0.3,1
0.009765625,0.009765625,0.0016994476318359,0.0017051696777343,0.0004358291625976,0.3,0
0.0,0.0013027191162109,0.01409912109375,0.017608642578125,0.0012741088867187,0.3,0
0.0,0.0013027191162109,0.0076751708984375,0.0087738037109375,0.0008134841918945,0.3,0
0.0,0.0013027191162109,0.01873779296875,0.01910400390625,0.002349853515625,0.3,0
0.00262451171875,0.0024452209472656,0.0010833740234375,0.0011711120605468,0.0004692077636718,0.105,1
0.008819580078125,0.0155487060546875,0.0065994262695312,0.0075759887695312,0.001138687133789,0.3,1
0.0036201477050781,0.0036239624023437,0.0025215148925781,0.0025291442871093,0.0005388259887695,0.3,1
0.011016845703125,0.011016845703125,0.0008964538574218,0.000899314880371,7.62939453125e-06,0.3,0
0.006500244140625,0.0065078735351562,9.5367431640625e-07,9.5367431640625e-07,0.0,0.001,2
0.00213623046875,0.0018234252929687,0.0014305114746093,0.0018234252929687,4.00543212890625e-05,0.3,1
0.1875,0.19970703125,0.14697265625,0.181640625,0.0001697540283203,0.3,3
0.0,0.0013027191162109,0.006500244140625,0.0095977783203125,0.001251220703125,0.3,0
0.00262451171875,0.00262451171875,0.000101089477539,0.000101089477539,0.0005369186401367,0.001,2
0.0030174255371093,0.0030174255371093,0.0012092590332031,0.0012187957763671,9.5367431640625e-07,0.3,1
0.0050125122070312,0.0037307739257812,0.0026702880859375,0.0026702880859375,0.0005407333374023,0.3,1
0.00262451171875,0.00262451171875,0.0021553039550781,0.0022048950195312,7.43865966796875e-05,0.3,1
0.0054702758789062,0.0054702758789062,0.00244140625,0.0026969909667968,0.0016555786132812,0.027,1
0.00262451171875,0.00262451171875,0.0003395080566406,0.0007743835449218,0.0002946853637695,0.004,2
0.009765625,0.009765625,0.0016994476318359,0.0017051696777343,0.0004358291625976,0.3,0
0.0024490356445312,0.0018234252929687,0.0016365051269531,0.0016403198242187,8.487701416015625e-05,0.3,1
0.0018386840820312,0.0019569396972656,0.0006141662597656,0.0006141662597656,0.0005979537963867,0.001,2
0.0123748779296875,0.0123748779296875,5.14984130859375e-05,5.14984130859375e-05,0.0002498626708984,0.001,2
0.0032119750976562,0.002044677734375,1.430511474609375e-05,1.430511474609375e-05,0.0004205703735351,0.003,2
0.0021896362304687,0.0015621185302734,0.0013160705566406,0.0016536712646484,5.7220458984375e-06,0.3,1
0.0001955032348632,0.0002002716064453,9.250640869140624e-05,0.0001029968261718,9.5367431640625e-07,0.3,1
0.00518798828125,0.05364990234375,0.0010089874267578,0.0010261535644531,0.0005931854248046,0.3,0
0.0025901794433593,0.0026054382324218,0.0013904571533203,0.0013942718505859,0.0002994537353515,0.3,1
0.000441551208496,0.0003385543823242,0.0002832412719726,0.0003013610839843,0.0,0.3,1
0.0017528533935546,0.0017528533935546,8.7738037109375e-05,8.7738037109375e-05,0.0003156661987304,0.003,2
0.0,0.0001649856567382,0.0001564025878906,0.0001592636108398,1.621246337890625e-05,0.3,0
0.0,0.0013027191162109,0.0072402954101562,0.00933837890625,0.0001478195190429,0.3,0
0.0038833618164062,0.0038833618164062,0.0024757385253906,0.0025177001953125,0.0008869171142578,0.3,1
0.018341064453125,0.01641845703125,0.0008401870727539,0.0008411407470703,0.0001153945922851,0.232,0
0.0,0.0013027191162109,9.5367431640625e-07,9.5367431640625e-07,0.0002069473266601,0.002,2
0.0022773742675781,0.0022811889648437,0.0002574920654296,0.0002574920654296,0.0001354217529296,0.002,2
0.0002269744873046,0.0002260208129882,0.0001735687255859,0.0001859664916992,0.0,0.3,1
0.0,0.00262451171875,0.0,0.0,0.0,0.002,2
0.0127410888671875,0.016632080078125,0.0075759887695312,0.0076828002929687,0.0006341934204101,0.3,1
0.0098876953125,0.0060653686523437,0.0025100708007812,0.0025253295898437,3.528594970703125e-05,0.3,0
0.05859375,0.05859375,0.0391845703125,0.04083251953125,0.0003623962402343,0.3,1
0.0002317428588867,0.0002069473266601,8.58306884765625e-06,8.58306884765625e-06,0.0,0.002,2
0.03875732421875,0.03875732421875,0.005767822265625,0.0061874389648437,0.0005617141723632,0.3,0
0.0026054382324218,0.0026054382324218,0.0017013549804687,0.0022430419921875,9.34600830078125e-05,0.3,1
0.0,0.0035820007324218,0.0017662048339843,0.001779556274414,0.0002622604370117,0.3,0
0.00262451171875,0.00262451171875,0.0011024475097656,0.001443862915039,5.7220458984375e-06,0.3,1
0.006683349609375,0.0036125183105468,0.0006771087646484,0.0006790161132812,9.5367431640625e-07,0.3,0
0.0,0.0013027191162109,0.008880615234375,0.010040283203125,0.0012798309326171,0.3,0
0.009765625,0.009765625,0.0016994476318359,0.0017051696777343,0.0004358291625976,0.3,0
0.027862548828125,0.025665283203125,0.002777099609375,0.0027847290039062,0.000554084777832,0.226,0
0.006500244140625,0.0065078735351562,9.5367431640625e-07,9.5367431640625e-07,0.0,0.001,2
0.0002946853637695,0.0002374649047851,0.0001440048217773,0.0001592636108398,0.0,0.3,1
0.0,0.0013027191162109,0.0065765380859375,0.0105743408203125,0.0009918212890625,0.3,0
0.01116943359375,0.01116943359375,0.0072097778320312,0.0105438232421875,0.0009098052978515,0.3,1
0.0036125183105468,0.010986328125,0.0019798278808593,0.001983642578125,0.0005054473876953,0.3,1
0.0009355545043945,0.0006361007690429,0.0006971359252929,0.0006990432739257,0.0002155303955078,0.3,1
0.015625,0.015625,0.0005617141723632,0.0007181167602539,0.0002012252807617,0.031,2
0.00390625,0.00390625,0.0008277893066406,0.0010852813720703,0.000406265258789,0.3,0
0.0036125183105468,0.0036125183105468,0.0006256103515625,0.0006256103515625,0.0005064010620117,0.035,2
0.0104217529296875,0.0061416625976562,0.003448486328125,0.0035591125488281,0.0002756118774414,0.3,0
0.0036125183105468,0.0036125183105468,0.0006799697875976,0.000680923461914,3.0517578125e-05,0.3,0
0.0032539367675781,0.0032539367675781,0.0013999938964843,0.0013999938964843,0.0004243850708007,0.009,2
0.0,0.00262451171875,0.0,0.0,0.0,0.002,2
0.006683349609375,0.0036125183105468,0.0006771087646484,0.0006790161132812,9.5367431640625e-07,0.3,0
0.0052108764648437,0.0052108764648437,0.0018596649169921,0.0018882751464843,0.0001649856567382,0.3,0
0.0,0.0013027191162109,0.008544921875,0.0128631591796875,0.0012035369873046,0.3,0
0.0004310607910156,0.0003652572631835,0.0002689361572265,0.0003032684326171,9.5367431640625e-07,0.3,1
0.1024169921875,0.1019287109375,0.04718017578125,0.04718017578125,0.0009737014770507,0.3,3
0.004364013671875,0.004364013671875,0.00225830078125,0.0023002624511718,0.0002937316894531,0.3,1
0.0130157470703125,0.0130157470703125,9.5367431640625e-07,9.5367431640625e-07,0.0,0.001,2
0.0048370361328125,0.0030326843261718,0.0016231536865234,0.0016422271728515,1.239776611328125e-05,0.3,0
0.0018234252929687,0.0018234252929687,0.0007400512695312,0.0008964538574218,0.0004997253417968,0.133,1
0.0058059692382812,0.0053253173828125,0.0041427612304687,0.00445556640625,0.0018157958984375,0.179,1
0.0,0.0022773742675781,0.0396728515625,0.03973388671875,0.000380516052246,0.3,0
0.0,0.0154876708984375,0.0039138793945312,0.0039138793945312,0.000288963317871,0.3,0
0.0,0.0013027191162109,0.0108795166015625,0.0126190185546875,0.0001916885375976,0.3,0
0.0052108764648437,0.0052108764648437,0.0023193359375,0.0023231506347656,0.0001792907714843,0.3,1
0.0,0.0019493103027343,0.000126838684082,0.0001306533813476,1.811981201171875e-05,0.3,0
0.0026054382324218,0.0026054382324218,0.0006675720214843,0.0006675720214843,0.0004243850708007,0.016,2
0.0029373168945312,0.00262451171875,0.0023956298828125,0.0027542114257812,1.9073486328125e-06,0.3,1
0.1024169921875,0.1019287109375,0.04718017578125,0.04718017578125,0.0009737014770507,0.3,3
0.006500244140625,0.0065078735351562,9.5367431640625e-07,9.5367431640625e-07,0.0,0.001,2
0.01080322265625,0.0102996826171875,0.00848388671875,0.00848388671875,0.0008001327514648,0.3,1
0.006683349609375,0.0036125183105468,0.0006771087646484,0.0006790161132812,9.5367431640625e-07,0.3,0
0.0,0.0013027191162109,0.0067062377929687,0.008026123046875,0.0008716583251953,0.3,0
0.0076141357421875,0.0076141357421875,9.5367431640625e-07,9.5367431640625e-07,0.0,0.001,2
0.0032539367675781,0.0032539367675781,0.0013999938964843,0.0013999938964843,0.0004243850708007,0.009,2
0.0,0.0013027191162109,9.5367431640625e-07,9.5367431640625e-07,0.0,0.001,2
0.0,0.0013027191162109,0.0005388259887695,0.000624656677246,0.0002803802490234,0.062,2
0.0002317428588867,0.0002212524414062,8.58306884765625e-06,8.58306884765625e-06,0.0,0.002,2
0.0,0.0013027191162109,0.0069580078125,0.0104522705078125,0.0002956390380859,0.3,0
0.0025405883789062,0.0025405883789062,0.0003881454467773,0.0004396438598632,0.0003280639648437,0.003,2
0.0054702758789062,0.0054702758789062,0.00244140625,0.0026969909667968,0.0016555786132812,0.027,1
0.0004310607910156,0.0003652572631835,0.0002689361572265,0.0003032684326171,9.5367431640625e-07,0.3,1
0.011016845703125,0.011016845703125,0.0008964538574218,0.000899314880371,7.62939453125e-06,0.3,0
0.012298583984375,0.0117645263671875,0.0068588256835937,0.0075836181640625,0.0013885498046875,0.3,1
0.010894775390625,0.010894775390625,0.0097198486328125,0.009857177734375,0.0006847381591796,0.3,1
0.0026054382324218,0.0026054382324218,0.0014896392822265,0.0014915466308593,0.0005569458007812,0.003,1
0.006011962890625,0.0057296752929687,0.0038490295410156,0.0038528442382812,6.008148193359375e-05,0.3,1
0.0058975219726562,0.0037956237792968,0.0016555786132812,0.0021553039550781,4.76837158203125e-06,0.3,0
0.0032501220703125,0.0036849975585937,0.001535415649414,0.0016059875488281,0.000258445739746,0.3,1
0.0,0.0013027191162109,0.0186767578125,0.019287109375,0.001230239868164,0.3,0
0.011016845703125,0.011016845703125,0.0008964538574218,0.000899314880371,7.62939453125e-06,0.3,0
0.0134124755859375,0.0134124755859375,0.031036376953125,0.0,0.0005311965942382,0.3,1
0.0001955032348632,0.0002002716064453,9.250640869140624e-05,0.0001029968261718,9.5367431640625e-07,0.3,1
0.0004348754882812,0.0003833770751953,0.0002698898315429,0.0002822875976562,4.76837158203125e-06,0.3,1
0.0,0.0013027191162109,0.0052871704101562,0.0052947998046875,0.0024795532226562,0.3,0
0.0,0.0013027191162109,0.012359619140625,0.01495361328125,0.0006074905395507,0.3,0
0.0036125183105468,0.0036125183105468,0.0006799697875976,0.000680923461914,3.0517578125e-05,0.3,0
0.0,0.0013027191162109,0.0031471252441406,0.008331298828125,0.0008134841918945,0.254,0
0.0,0.0013027191162109,0.0062255859375,0.0112152099609375,0.0014572143554687,0.3,0
0.0,0.0013027191162109,0.008544921875,0.0128631591796875,0.0012035369873046,0.3,0
0.0134124755859375,0.0134124755859375,0.031036376953125,0.0,0.0005311965942382,0.3,1
0.0,0.0013027191162109,0.0069580078125,0.0104522705078125,0.0002956390380859,0.3,0
0.0032691955566406,0.0012264251708984,0.0006446838378906,0.000676155090332,0.0001869201660156,0.058,2
0.0,0.0119781494140625,0.0045089721679687,0.0045242309570312,0.0010204315185546,0.3,0
0.0032119750976562,0.002044677734375,1.430511474609375e-05,1.430511474609375e-05,0.0004205703735351,0.003,2
0.00390625,0.00390625,0.0006828308105468,0.0010242462158203,0.0003614425659179,0.3,0
0.0020980834960937,0.0014705657958984,0.0014286041259765,0.0016155242919921,5.7220458984375e-06,0.3,1
0.005096435546875,0.005096435546875,0.0046157836914062,0.0,0.0002307891845703,0.3,1
0.0018234252929687,0.0018234252929687,0.0013198852539062,0.0016307830810546,0.0004987716674804,0.096,1
0.0,0.0001649856567382,0.00018310546875,0.0001850128173828,5.054473876953125e-05,0.3,0
0.0,0.0013027191162109,0.0001163482666015,0.0001201629638671,2.86102294921875e-06,0.3,0
0.0005350112915039,0.0007858276367187,0.0004940032958984,0.0005407333374023,0.0002298355102539,0.127,1
0.017242431640625,0.017242431640625,0.0047531127929687,0.0055007934570312,0.0007781982421875,0.3,0
0.000441551208496,0.000340461730957,0.0002832412719726,0.0003013610839843,0.0,0.3,1
0.00262451171875,0.00262451171875,0.0014495849609375,0.0015716552734375,6.008148193359375e-05,0.3,1
0.0036201477050781,0.0036239624023437,0.0025215148925781,0.0025291442871093,0.0005388259887695,0.3,1
0.1875,0.2587890625,0.22314453125,0.224365234375,0.0002908706665039,0.3,3
0.0,0.0013027191162109,0.0038719177246093,0.0074691772460937,0.0007905960083007,0.3,0
0.0,0.0022964477539062,9.5367431640625e-07,9.5367431640625e-07,0.0,0.3,0
0.00213623046875,0.0022315979003906,0.001291275024414,0.0014533996582031,0.0002756118774414,0.3,1
0.0025405883789062,0.0025405883789062,0.0003881454467773,0.0004396438598632,0.0003280639648437,0.003,2
0.0065078735351562,0.0065078735351562,0.0004053115844726,0.0004053115844726,0.0003156661987304,0.001,2
0.0,0.00262451171875,0.0,0.0,0.0,0.002,2
0.0,0.0013027191162109,9.5367431640625e-07,9.5367431640625e-07,0.0015296936035156,0.003,2
0.00726318359375,0.0072555541992187,0.005401611328125,0.0054092407226562,0.0004854202270507,0.3,1
0.0,0.0013027191162109,0.021514892578125,0.02197265625,0.002471923828125,0.3,0
0.0,0.0013027191162109,0.0069580078125,0.0104522705078125,0.0002956390380859,0.3,0
0.0002317428588867,0.0002393722534179,8.58306884765625e-06,8.58306884765625e-06,0.0,0.002,2
0.0018234252929687,0.0018234252929687,0.0001764297485351,0.0003833770751953,0.000197410583496,0.003,2
0.0032501220703125,0.0036849975585937,0.001535415649414,0.0016059875488281,0.000258445739746,0.3,1
0.00518798828125,0.008880615234375,0.0010089874267578,0.0010261535644531,0.0005931854248046,0.3,0
0.0,0.0234375,0.009429931640625,0.0095062255859375,0.0001754760742187,0.3,0
0.0134124755859375,0.0134124755859375,0.031158447265625,0.0,0.0006113052368164,0.3,1
0.0037422180175781,0.0037422180175781,0.002593994140625,0.002685546875,0.0004405975341796,0.3,1
0.00262451171875,0.00262451171875,0.0011024475097656,0.001443862915039,5.7220458984375e-06,0.3,1
0.0016555786132812,0.0016555786132812,0.0014686584472656,0.0014686584472656,0.0005016326904296,0.003,1
0.0065078735351562,0.0065078735351562,0.0001173019409179,0.0001192092895507,1.9073486328125e-06,0.003,2
0.0,0.0205078125,0.0040740966796875,0.0040817260742187,0.0003738403320312,0.3,0
0.0065460205078125,0.006195068359375,0.0030593872070312,0.0030746459960937,0.0013008117675781,0.3,1
0.0057296752929687,0.0026054382324218,0.0052261352539062,0.00555419921875,4.100799560546875e-05,0.3,1
0.006500244140625,0.0065078735351562,9.5367431640625e-07,9.5367431640625e-07,0.0,0.001,2
0.00390625,0.00390625,0.0004138946533203,0.0004138946533203,0.0001707077026367,0.3,0
0.00262451171875,0.00262451171875,0.0017719268798828,0.0018730163574218,1.430511474609375e-05,0.3,1
0.000227928161621,0.000227928161621,0.000152587890625,0.00018310546875,0.0,0.241,1
0.0,0.0013027191162109,0.0052871704101562,0.0052947998046875,0.0024795532226562,0.3,0
0.002471923828125,0.03265380859375,0.0011405944824218,0.0011444091796875,0.0001497268676757,0.3,1
0.0002107620239257,0.0001916885375976,9.5367431640625e-06,9.5367431640625e-06,0.0,0.001,2
0.041015625,0.0390625,0.0230712890625,0.02325439453125,0.000152587890625,0.3,1
0.0032539367675781,0.0032539367675781,0.0013999938964843,0.0013999938964843,0.0004243850708007,0.009,2
0.0,0.0013027191162109,0.0135955810546875,0.0142669677734375,0.0005931854248046,0.3,0
0.0004520416259765,0.0003738403320312,0.0002765655517578,0.0003156661987304,0.0,0.3,1
0.006500244140625,0.0065078735351562,9.5367431640625e-07,9.5367431640625e-07,0.0,0.001,2
0.0032501220703125,0.0041961669921875,0.001535415649414,0.0016059875488281,0.000258445739746,0.3,1
0.0065078735351562,0.0065078735351562,0.0017414093017578,0.0023078918457031,3.4332275390625e-05,0.016,2
0.030303955078125,0.017974853515625,0.0154571533203125,0.0155181884765625,0.0005397796630859,0.3,1
0.0054702758789062,0.0056610107421875,0.00244140625,0.0026969909667968,0.0016555786132812,0.027,1
0.0052108764648437,0.0052108764648437,0.0010910034179687,0.0011062622070312,0.0003108978271484,0.3,0
0.0052108764648437,0.0052108764648437,0.0016651153564453,0.001749038696289,5.91278076171875e-05,0.3,0
0.01116943359375,0.01116943359375,0.0074310302734375,0.01043701171875,0.0011425018310546,0.3,1
0.0106201171875,0.0106201171875,0.00921630859375,0.009246826171875,0.0001735687255859,0.3,1
0.0130157470703125,0.0130157470703125,9.5367431640625e-07,9.5367431640625e-07,0.0,0.001,2
0.00262451171875,0.00262451171875,0.000101089477539,0.000101089477539,0.0005369186401367,0.001,2
0.0,0.0030479431152343,0.0014476776123046,0.0014991760253906,0.00018310546875,0.3,0
0.0,0.0013027191162109,0.0063858032226562,0.017059326171875,0.0011215209960937,0.3,0
0.0,0.0013027191162109,9.5367431640625e-07,9.5367431640625e-07,0.0004005432128906,0.003,2
0.0002317428588867,0.0002155303955078,8.58306884765625e-06,8.58306884765625e-06,0.0,0.002,2
0.0032501220703125,0.0041961669921875,0.001535415649414,0.0016059875488281,0.000258445739746,0.3,1
0.0,0.0013027191162109,9.5367431640625e-07,9.5367431640625e-07,0.0004138946533203,0.003,2
0.0012702941894531,0.0012454986572265,0.0009822845458984,0.0009841918945312,2.47955322265625e-05,0.295,1
0.017242431640625,0.017242431640625,0.0047531127929687,0.0055007934570312,0.0007781982421875,0.3,0
0.0104217529296875,0.0104217529296875,6.580352783203125e-05,6.961822509765625e-05,2.86102294921875e-06,0.003,2
0.0094757080078125,0.0094757080078125,0.0014076232910156,0.0014095306396484,0.0,0.3,0
0.0052108764648437,0.0052108764648437,0.0030326843261718,0.0034713745117187,0.0001544952392578,0.3,1
0.0,0.0013027191162109,0.0069580078125,0.0104522705078125,0.0002956390380859,0.3,0
0.0002317428588867,0.0001764297485351,8.58306884765625e-06,8.58306884765625e-06,0.0,0.002,2
0.0,0.00262451171875,0.0,0.0,0.0,0.002,2
0.0032539367675781,0.0032539367675781,0.0013999938964843,0.0013999938964843,0.0004243850708007,0.009,2
0.0032539367675781,0.0032539367675781,0.0013999938964843,0.0013999938964843,0.0004243850708007,0.009,2
0.0,0.0013027191162109,9.5367431640625e-07,9.5367431640625e-07,0.0,0.001,2
0.0052108764648437,0.0052108764648437,0.0010910034179687,0.0011062622070312,0.0003108978271484,0.3,0
0.0002317428588867,0.0001850128173828,8.58306884765625e-06,8.58306884765625e-06,0.0,0.002,2
0.002960205078125,0.002960205078125,0.0018692016601562,0.0019054412841796,6.67572021484375e-06,0.3,1
0.011016845703125,0.011016845703125,0.0008964538574218,0.000899314880371,7.62939453125e-06,0.3,0
0.0063247680664062,0.0063247680664062,0.0052413940429687,0.0052566528320312,0.000518798828125,0.3,1
0.0011463165283203,0.0011463165283203,0.000432014465332,0.0004339218139648,0.0001602172851562,0.3,1
0.0052108764648437,0.0052108764648437,0.0018596649169921,0.0018882751464843,0.0001649856567382,0.3,0
0.0052108764648437,0.0052108764648437,0.0010910034179687,0.0011062622070312,0.0003108978271484,0.3,0
0.0731201171875,0.066650390625,0.00335693359375,0.0033798217773437,0.0007581710815429,0.3,0
0.0052108764648437,0.0052108764648437,0.0030517578125,0.0030632019042968,3.4332275390625e-05,0.3,1
0.00390625,0.00390625,0.0015144348144531,0.0017890930175781,0.000411033630371,0.3,1
0.0077972412109375,0.0087432861328125,0.0044174194335937,0.0044174194335937,1.71661376953125e-05,0.3,1
0.0,0.0013027191162109,0.0003538131713867,0.0005559921264648,0.0002985000610351,0.005,2
0.00262451171875,0.00262451171875,0.000762939453125,0.0007638931274414,0.0005645751953125,0.023,2
0.009765625,0.009765625,0.0016994476318359,0.0017051696777343,0.0004358291625976,0.3,0
0.0025520324707031,0.0025520324707031,9.5367431640625e-07,9.5367431640625e-07,0.0,0.001,2
0.076171875,0.076171875,0.0631103515625,0.0631103515625,0.0015087127685546,0.039,3
0.0038833618164062,0.0038833618164062,0.0024757385253906,0.0025177001953125,0.0008869171142578,0.3,1
0.0002317428588867,0.0002088546752929,8.58306884765625e-06,8.58306884765625e-06,0.0,0.002,2
0.0021896362304687,0.0015621185302734,0.001504898071289,0.0016078948974609,1.621246337890625e-05,0.3,1
0.00262451171875,0.00262451171875,0.0017719268798828,0.0018730163574218,1.430511474609375e-05,0.3,1
0.0,0.0013027191162109,0.0,0.0,0.0,0.001,2
0.0,0.0042953491210937,0.0040740966796875,0.0040817260742187,0.0003738403320312,0.3,0
0.0106201171875,0.0081329345703125,0.0078277587890625,0.008544921875,4.76837158203125e-06,0.3,1
0.0,0.0013027191162109,9.5367431640625e-07,9.5367431640625e-07,0.0,0.001,2
0.000227928161621,0.000227928161621,0.000152587890625,0.00018310546875,0.0,0.241,1
0.0028076171875,0.0017910003662109,0.0020179748535156,0.0020179748535156,9.059906005859376e-05,0.3,1
0.0123748779296875,0.0123748779296875,5.14984130859375e-05,5.14984130859375e-05,0.0002498626708984,0.001,2
0.011016845703125,0.011016845703125,0.0008964538574218,0.000899314880371,7.62939453125e-06,0.3,0
0.0106048583984375,0.0106048583984375,0.0066070556640625,0.0066375732421875,0.0017967224121093,0.3,1
0.0033683776855468,0.0033683776855468,0.0022087097167968,0.0,0.0004081726074218,0.3,1
0.011016845703125,0.011016845703125,0.0008964538574218,0.000899314880371,7.62939453125e-06,0.3,0
0.006500244140625,0.0065078735351562,9.5367431640625e-07,9.5367431640625e-07,0.0,0.001,2
0.0,0.0013027191162109,0.0076370239257812,0.00927734375,0.0005884170532226,0.3,0
0.0066146850585937,0.0066146850585937,0.0030632019042968,0.0030975341796875,0.0008506774902343,0.252,1
0.0,0.0013027191162109,0.02197265625,0.024078369140625,0.0005817413330078,0.3,0
0.0036201477050781,0.0036239624023437,0.0025215148925781,0.0025291442871093,0.0005388259887695,0.3,1
0.0,0.0016498565673828,0.000436782836914,0.0006666183471679,0.0003204345703125,0.3,0
0.00262451171875,0.00262451171875,0.0011024475097656,0.001443862915039,5.7220458984375e-06,0.3,1
0.0033683776855468,0.0033683776855468,0.0023460388183593,0.0,0.0004081726074218,0.3,1
0.0094757080078125,0.0094757080078125,0.0087127685546875,0.0087127685546875,9.5367431640625e-07,0.3,1
0.00390625,0.00390625,0.0023269653320312,0.0023307800292968,4.57763671875e-05,0.3,1
0.0032501220703125,0.0036849975585937,0.001535415649414,0.0016059875488281,0.000258445739746,0.3,1
0.0035820007324218,0.008880615234375,9.250640869140624e-05,9.250640869140624e-05,0.0002069473266601,0.001,2
0.006622314453125,0.006622314453125,0.0053329467773437,0.0058517456054687,0.0006055831909179,0.3,1
0.011016845703125,0.011016845703125,0.0008964538574218,0.000899314880371,7.62939453125e-06,0.3,0
0.0038681030273437,0.0133209228515625,0.0026512145996093,0.0026931762695312,0.0003309249877929,0.3,1
0.0078125,0.0078125,0.0001354217529296,0.0001354217529296,0.0003643035888671,0.001,2
0.0036201477050781,0.0036239624023437,0.0025215148925781,0.0025291442871093,0.0005388259887695,0.3,1
0.0032501220703125,0.0041961669921875,0.001535415649414,0.0016059875488281,0.000258445739746,0.3,1
0.011016845703125,0.011016845703125,0.0008964538574218,0.000899314880371,7.62939453125e-06,0.3,0
0.0,0.0003175735473632,0.0001964569091796,0.0001983642578125,0.0,0.3,0
0.0008707046508789,0.0013313293457031,0.0004386901855468,0.0004405975341796,7.915496826171875e-05,0.3,1
0.0031509399414062,0.0022125244140625,0.0012531280517578,0.0015678405761718,5.245208740234375e-05,0.3,1
0.0001955032348632,0.0002002716064453,9.250640869140624e-05,0.0001029968261718,9.5367431640625e-07,0.3,1
0.0106658935546875,0.0106658935546875,0.0090484619140625,0.0090484619140625,2.86102294921875e-06,0.3,1
0.0019149780273437,0.0019035339355468,0.0015373229980468,0.0015621185302734,5.245208740234375e-05,0.3,1
0.0002317428588867,0.0002088546752929,8.58306884765625e-06,8.58306884765625e-06,0.0,0.002,2
0.0052108764648437,0.0052108764648437,0.0018596649169921,0.0018882751464843,0.0001649856567382,0.3,0
0.0052108764648437,0.0052108764648437,0.0010910034179687,0.0011062622070312,0.0003108978271484,0.3,0
0.0034980773925781,0.0037384033203125,0.0023918151855468,0.0023918151855468,9.5367431640625e-07,0.3,1
0.0036201477050781,0.0036239624023437,0.0025215148925781,0.0025291442871093,0.0005388259887695,0.3,1
0.0,0.0013027191162109,0.0052871704101562,0.0052947998046875,0.0024795532226562,0.3,0
0.0013027191162109,0.0013027191162109,0.0007009506225585,0.000701904296875,0.0002737045288085,0.3,1
0.0028076171875,0.028656005859375,0.0020179748535156,0.0020179748535156,9.059906005859376e-05,0.3,1
0.0018463134765625,0.0016155242919921,0.0016365051269531,0.0016460418701171,0.0005378723144531,0.003,1
0.0,0.0013027191162109,0.0045089721679687,0.0046157836914062,0.0004634857177734,0.3,0
0.0102386474609375,0.007965087890625,0.0062408447265625,0.0062408447265625,9.5367431640625e-07,0.3,1
0.0,0.0013027191162109,0.0076751708984375,0.0087738037109375,0.0008134841918945,0.3,0
0.00390625,0.00390625,0.0023269653320312,0.0023307800292968,4.57763671875e-05,0.3,1
0.0,0.0013027191162109,0.0005998611450195,0.0008087158203125,0.0003271102905273,0.08,2
0.0015163421630859,0.0015163421630859,0.0006628036499023,0.0006694793701171,0.0002727508544921,0.3,1
0.0094757080078125,0.0094757080078125,0.0087127685546875,0.0087127685546875,9.5367431640625e-07,0.3,1
0.0,0.0013027191162109,0.0005998611450195,0.0008087158203125,0.0003271102905273,0.08,2
0.0052108764648437,0.0052108764648437,0.0018596649169921,0.0018882751464843,0.0001649856567382,0.3,0
0.00262451171875,0.00262451171875,0.0011024475097656,0.001443862915039,5.7220458984375e-06,0.3,1
0.0025520324707031,0.0025520324707031,9.5367431640625e-07,9.5367431640625e-07,0.0,0.001,2
0.0,0.0013027191162109,9.5367431640625e-07,9.5367431640625e-07,0.0,0.001,2
0.0017528533935546,0.0062026977539062,0.0011882781982421,0.0014533996582031,0.000101089477539,0.3,1
0.0,0.0013027191162109,0.0107879638671875,0.0129241943359375,0.0005865097045898,0.3,0
0.0015621185302734,0.0024452209472656,9.5367431640625e-07,9.5367431640625e-07,0.0,0.001,2
0.0,0.0013027191162109,0.019287109375,0.020599365234375,0.0011310577392578,0.3,0
0.0003023147583007,0.0002918243408203,0.0001964569091796,0.0002260208129882,0.0,0.053,1
0.00701904296875,0.0078125,0.0034980773925781,0.0040054321289062,0.0001459121704101,0.3,1
0.006683349609375,0.0036125183105468,0.0006961822509765,0.0006980895996093,1.1444091796875e-05,0.3,0
0.0002880096435546,0.0002956390380859,0.0001344680786132,0.0001411437988281,9.5367431640625e-07,0.3,1
0.0,0.0013027191162109,9.5367431640625e-07,9.5367431640625e-07,0.0,0.001,2
0.0,0.0013027191162109,0.004974365234375,0.010162353515625,0.0005722045898437,0.3,0
0.0,0.0036125183105468,0.0001163482666015,0.0001201629638671,2.86102294921875e-06,0.3,0
0.0123748779296875,0.0123748779296875,5.14984130859375e-05,5.14984130859375e-05,0.0002498626708984,0.001,2
0.0,0.00262451171875,0.0,0.0,0.0,0.002,2
0.0,0.0013027191162109,0.0055465698242187,0.0055694580078125,0.0014476776123046,0.3,0
0.0024070739746093,0.0024070739746093,0.0013256072998046,0.0019054412841796,0.000563621520996,0.048,1
0.0,0.0013027191162109,0.0052871704101562,0.0052947998046875,0.0024795532226562,0.3,0
0.05621337890625,0.056396484375,0.04498291015625,0.0455322265625,0.001861572265625,0.3,1
0.000258445739746,0.0002098083496093,0.0001306533813476,0.0001373291015625,8.58306884765625e-06,0.027,2
0.0,0.0013027191162109,0.0108795166015625,0.0126190185546875,0.0001916885375976,0.3,0
0.000370979309082,0.0002355575561523,9.5367431640625e-06,9.5367431640625e-06,9.5367431640625e-07,0.001,2
0.0,0.0013027191162109,0.009002685546875,0.00958251953125,0.0013027191162109,0.3,0
0.0,0.0013027191162109,0.008544921875,0.0128631591796875,0.0012035369873046,0.3,0
0.0,0.0013027191162109,0.0108795166015625,0.0126190185546875,0.0001916885375976,0.3,0
0.0038566589355468,0.0010967254638671,0.0028572082519531,0.0029335021972656,0.0001077651977539,0.3,1
0.0,0.0013027191162109,0.019287109375,0.020599365234375,0.0011310577392578,0.3,0
0.1009521484375,0.187744140625,0.0005731582641601,0.0005731582641601,0.0005617141723632,0.004,2
0.005035400390625,0.004119873046875,0.0035781860351562,0.0036888122558593,0.000309944152832,0.3,1
0.1009521484375,0.187744140625,0.0005731582641601,0.0005731582641601,0.0005617141723632,0.004,2
0.1875,0.19970703125,0.14697265625,0.181640625,0.0001697540283203,0.3,3
0.0025405883789062,0.0025405883789062,0.0003881454467773,0.0004396438598632,0.0003280639648437,0.003,2
0.0316162109375,0.020355224609375,0.0109710693359375,0.0110321044921875,0.0003376007080078,0.3,0
0.0044097900390625,0.0044174194335937,2.288818359375e-05,2.384185791015625e-05,0.000136375427246,0.004,2
0.0,0.0013027191162109,0.0047683715820312,0.006622314453125,0.0013637542724609,0.3,0
0.0,0.0013027191162109,0.01953125,0.023651123046875,0.0014381408691406,0.243,0
0.0065078735351562,0.0065078735351562,0.0030097961425781,0.0037956237792968,0.0004444122314453,0.097,1
0.0,0.0038566589355468,0.001953125,0.0019645690917968,0.0008172988891601,0.3,0
0.0,0.0013027191162109,9.5367431640625e-07,9.5367431640625e-07,1.1444091796875e-05,0.001,2
0.1875,0.1041259765625,0.129638671875,0.129638671875,0.0017356872558593,0.3,3
0.0032501220703125,0.0036849975585937,0.001535415649414,0.0016059875488281,0.000258445739746,0.3,1
0.0036201477050781,0.0036239624023437,0.0025215148925781,0.0025291442871093,0.0005388259887695,0.3,1
0.0,0.0013027191162109,0.0003175735473632,0.0005359649658203,0.000197410583496,0.018,2
0.0036125183105468,0.0036125183105468,0.0006799697875976,0.000680923461914,3.0517578125e-05,0.3,0
0.0416259765625,0.0416259765625,0.034423828125,0.03466796875,0.0002250671386718,0.3,1
0.0,0.0013027191162109,0.0052871704101562,0.0052947998046875,0.0024795532226562,0.3,0
0.0,0.0013027191162109,0.0018672943115234,0.0033226013183593,0.0017910003662109,0.3,0
0.0018234252929687,0.0018234252929687,0.0001764297485351,0.0003833770751953,0.000197410583496,0.003,2
0.000227928161621,0.0002164840698242,0.000152587890625,0.00018310546875,0.0,0.241,1
0.001953125,0.001953125,0.0011348724365234,0.0013694763183593,0.0005369186401367,0.3,1
0.0718994140625,0.012115478515625,0.04522705078125,0.04522705078125,9.822845458984376e-05,0.3,1
0.0130157470703125,0.0130157470703125,9.5367431640625e-07,9.5367431640625e-07,0.0,0.001,2
0.0,0.0001649856567382,0.0001430511474609,0.0001440048217773,2.09808349609375e-05,0.3,0
0.0032501220703125,0.0036849975585937,0.001535415649414,0.0016059875488281,0.000258445739746,0.3,1
0.01116943359375,0.01116943359375,0.0072097778320312,0.0105438232421875,0.0009098052978515,0.3,1
0.0012569427490234,0.0012569427490234,0.000833511352539,0.000859260559082,0.0002784729003906,0.3,1
0.0104217529296875,0.0104217529296875,6.580352783203125e-05,6.961822509765625e-05,2.86102294921875e-06,0.003,2
0.006500244140625,0.0065078735351562,9.5367431640625e-07,9.5367431640625e-07,0.0,0.001,2
0.0,0.0013027191162109,0.01922607421875,0.0206298828125,0.0021095275878906,0.3,0
0.0,0.0013027191162109,0.0069580078125,0.0104522705078125,0.0002956390380859,0.3,0
0.011016845703125,0.011016845703125,0.0008964538574218,0.000899314880371,7.62939453125e-06,0.3,0
0.0051422119140625,0.0051422119140625,0.0029983520507812,0.0030746459960937,0.0001277923583984,0.3,1
0.1875,0.1041259765625,0.129638671875,0.129638671875,0.0017356872558593,0.3,3
0.0003118515014648,0.0003261566162109,0.000187873840332,0.0002202987670898,0.0,0.3,1
0.0,0.0013027191162109,0.016387939453125,0.0194091796875,0.0010433197021484,0.3,0
0.0,0.0013027191162109,0.0071182250976562,0.00726318359375,0.000645637512207,0.3,0
0.03460693359375,0.03460693359375,0.0179443359375,0.01800537109375,9.5367431640625e-07,0.206,1
0.0004310607910156,0.0003652572631835,0.0002689361572265,0.0003032684326171,9.5367431640625e-07,0.3,1
0.0005350112915039,0.0007858276367187,0.0004940032958984,0.0005407333374023,0.0002298355102539,0.127,1
0.0,0.0013027191162109,0.017425537109375,0.0233154296875,0.0009765625,0.3,0
0.0149688720703125,0.016693115234375,0.00567626953125,0.00567626953125,0.0001983642578125,0.041,2
0.000227928161621,0.00018310546875,0.000152587890625,0.00018310546875,0.0,0.241,1
0.01116943359375,0.01116943359375,0.0074310302734375,0.01043701171875,0.0011425018310546,0.3,1
0.0,0.0025901794433593,0.02093505859375,0.021087646484375,0.000335693359375,0.3,0
0.0,0.0013027191162109,0.0048751831054687,0.009979248046875,0.0009031295776367,0.3,0
0.0052108764648437,0.0052108764648437,0.0009660720825195,0.0009727478027343,0.0005407333374023,0.3,0
0.0225830078125,0.019561767578125,0.0106201171875,0.0107421875,0.0006294250488281,0.3,1
0.0032501220703125,0.0036849975585937,0.001535415649414,0.0016059875488281,0.000258445739746,0.3,1
0.05621337890625,0.056396484375,0.0513916015625,0.0516357421875,0.0019645690917968,0.3,1
0.0037765502929687,0.0008554458618164,0.0013027191162109,0.0013046264648437,4.100799560546875e-05,0.3,0
0.03265380859375,0.02288818359375,0.01953125,0.0208740234375,0.0021553039550781,0.3,1
0.0002813339233398,0.0002813339233398,0.0001726150512695,0.000187873840332,9.5367431640625e-07,0.3,1
0.0004034042358398,0.0003242492675781,0.0002346038818359,0.0002479553222656,0.0,0.3,1
0.005035400390625,0.004119873046875,0.0035781860351562,0.0036888122558593,0.000309944152832,0.3,1
0.0148468017578125,0.017547607421875,0.009521484375,0.009552001953125,0.001047134399414,0.3,1
0.0020790100097656,0.0023689270019531,9.5367431640625e-07,9.5367431640625e-07,0.0,0.001,2
0.00262451171875,0.00262451171875,0.0006618499755859,0.0012855529785156,9.5367431640625e-07,0.007,2
0.0002927780151367,0.0002927780151367,0.0002021789550781,0.0002021789550781,3.719329833984375e-05,0.3,1
0.011383056640625,0.01556396484375,0.001138687133789,0.0011425018310546,0.000319480895996,0.3,0
0.019317626953125,0.0036125183105468,0.0022735595703125,0.0022735595703125,1.9073486328125e-06,0.3,0
0.0031623840332031,0.0031280517578125,1.9073486328125e-06,1.9073486328125e-06,0.0,0.001,2
0.0,0.0013027191162109,0.0005388259887695,0.000624656677246,0.0002803802490234,0.062,2
0.0021629333496093,0.0021629333496093,0.0016345977783203,0.0016727447509765,0.0002098083496093,0.3,1
0.0029373168945312,0.00262451171875,0.0023956298828125,0.0027542114257812,1.9073486328125e-06,0.3,1
0.1875,0.189697265625,0.11328125,0.1134033203125,0.0004892349243164,0.3,3
0.0,0.0011215209960937,0.0001640319824218,0.0001678466796875,3.0517578125e-05,0.3,0
0.0002565383911132,0.0002450942993164,0.000152587890625,0.0001649856567382,3.814697265625e-06,0.3,1
0.001953125,0.001953125,0.0014076232910156,0.0015640258789062,0.0003318786621093,0.3,1
0.0026588439941406,0.0015621185302734,0.0018959045410156,0.0020751953125,1.430511474609375e-05,0.3,1
0.0026321411132812,0.0024757385253906,0.0008420944213867,0.0025711059570312,0.0002574920654296,0.3,1
0.0225830078125,0.019561767578125,0.0106201171875,0.0107421875,0.0006294250488281,0.3,1
0.0004348754882812,0.0003366470336914,0.0002698898315429,0.0002822875976562,4.76837158203125e-06,0.3,1
0.0002803802490234,0.0002861022949218,0.0001478195190429,0.0001611709594726,8.58306884765625e-06,0.3,1
0.0040359497070312,0.0040359497070312,9.5367431640625e-06,9.5367431640625e-06,0.0005102157592773,0.004,2
0.0,0.0013027191162109,0.0,0.0,0.0,0.001,2
0.0001955032348632,0.0002002716064453,9.250640869140624e-05,0.0001029968261718,9.5367431640625e-07,0.3,1
0.0036125183105468,0.0036125183105468,9.5367431640625e-07,9.5367431640625e-07,0.0,0.001,2
0.0038070678710937,0.0038070678710937,0.0022430419921875,0.0022735595703125,2.86102294921875e-06,0.3,1
0.00262451171875,0.00262451171875,9.34600830078125e-05,9.34600830078125e-05,3.814697265625e-06,0.003,2
0.0,0.0013027191162109,0.0046768188476562,0.0055618286132812,0.0023994445800781,0.3,0
0.000227928161621,0.000223159790039,0.000152587890625,0.00018310546875,0.0,0.241,1
0.024200439453125,0.0038108825683593,0.0077438354492187,0.008087158203125,0.0028572082519531,0.3,0
0.01446533203125,0.022216796875,0.0011634826660156,0.0014610290527343,0.0004959106445312,0.084,2
0.005096435546875,0.0390625,0.0045013427734375,0.0,0.0003862380981445,0.3,1
0.0,0.0013027191162109,0.0061569213867187,0.018829345703125,0.0008535385131835,0.3,0
0.0001964569091796,0.0002269744873046,0.000152587890625,0.0001792907714843,0.0,0.3,1
0.00390625,0.00390625,9.441375732421876e-05,9.441375732421876e-05,0.0004043579101562,0.002,2
0.011016845703125,0.011016845703125,0.0008964538574218,0.000899314880371,7.62939453125e-06,0.3,0
0.0,0.0013027191162109,0.01971435546875,0.020050048828125,0.0012836456298828,0.3,0
0.0018482208251953,0.0018482208251953,2.384185791015625e-05,2.47955322265625e-05,0.0003280639648437,0.004,2
0.00262451171875,0.00262451171875,0.001077651977539,0.0012130737304687,0.0004787445068359,0.051,1
0.0047225952148437,0.0054473876953125,0.0027847290039062,0.0027923583984375,0.0001440048217773,0.007,1
0.00262451171875,0.00262451171875,0.0011024475097656,0.001443862915039,5.7220458984375e-06,0.3,1
0.0032501220703125,0.0041961669921875,0.001535415649414,0.0016059875488281,0.000258445739746,0.3,1
0.0092620849609375,0.008819580078125,0.0067596435546875,0.00775146484375,0.0011634826660156,0.3,1
0.0036201477050781,0.0036239624023437,0.0025215148925781,0.0025291442871093,0.0005388259887695,0.3,1
0.0,0.00262451171875,0.0,0.0,0.0,0.002,2
0.0,0.0013027191162109,0.0056991577148437,0.007965087890625,0.0005884170532226,0.262,0
0.0022773742675781,0.0022811889648437,0.0002574920654296,0.0002574920654296,0.0001354217529296,0.002,2
0.0036125183105468,0.0036125183105468,0.0006799697875976,0.000680923461914,3.0517578125e-05,0.3,0
0.005035400390625,0.004119873046875,0.0035781860351562,0.0036888122558593,0.000309944152832,0.3,1
0.0001955032348632,0.0001955032348632,9.250640869140624e-05,0.0001029968261718,9.5367431640625e-07,0.3,1
0.014068603515625,0.01171875,0.0086517333984375,0.0118408203125,0.0004587173461914,0.3,1
0.0,0.0003175735473632,0.0002365112304687,0.0002546310424804,9.5367431640625e-07,0.3,0
0.0,0.0013027191162109,0.01971435546875,0.020050048828125,0.0012836456298828,0.3,0
0.006011962890625,0.0057296752929687,0.004791259765625,0.0057296752929687,0.0002784729003906,0.3,1
0.0225830078125,0.019561767578125,0.0106201171875,0.0107421875,0.0006294250488281,0.3,1
0.0032539367675781,0.0032539367675781,0.0013999938964843,0.0013999938964843,0.0004243850708007,0.009,2
0.006500244140625,0.0065078735351562,0.0006999969482421,0.0007591247558593,0.0003204345703125,0.017,2
0.0001955032348632,0.0002002716064453,9.250640869140624e-05,0.0001029968261718,9.5367431640625e-07,0.3,1
0.0,0.0013027191162109,9.5367431640625e-07,9.5367431640625e-07,0.0,0.001,2
0.0094757080078125,0.0094757080078125,0.0087127685546875,0.0087127685546875,9.5367431640625e-07,0.3,1
0.006500244140625,0.0065078735351562,9.5367431640625e-07,9.5367431640625e-07,0.0,0.001,2
0.0052108764648437,0.0052108764648437,0.0028648376464843,0.00286865234375,6.67572021484375e-06,0.3,1
0.0104217529296875,0.0104217529296875,6.580352783203125e-05,6.961822509765625e-05,2.86102294921875e-06,0.003,2
0.0416259765625,0.0416259765625,0.03411865234375,0.034423828125,0.0002288818359375,0.3,1
0.0,0.0013027191162109,0.008544921875,0.0128631591796875,0.0012035369873046,0.3,0
0.0,0.0013027191162109,0.008544921875,0.0128631591796875,0.0012035369873046,0.3,0
0.0104217529296875,0.0104217529296875,6.580352783203125e-05,6.961822509765625e-05,2.86102294921875e-06,0.003,2
0.0032501220703125,0.0036849975585937,0.001535415649414,0.0016059875488281,0.000258445739746,0.3,1
0.0104217529296875,0.0053482055664062,0.0030670166015625,0.0030746459960937,0.0006284713745117,0.3,0
0.00390625,0.00390625,0.001190185546875,0.001199722290039,0.0001144409179687,0.3,0
0.0,0.0013027191162109,0.0063858032226562,0.017059326171875,0.0011215209960937,0.3,0
0.0,0.0013027191162109,9.5367431640625e-07,9.5367431640625e-07,0.0004138946533203,0.003,2
0.006500244140625,0.0065078735351562,9.5367431640625e-07,9.5367431640625e-07,0.0,0.001,2
0.0102996826171875,0.005096435546875,0.0014858245849609,0.0,0.0003490447998046,0.3,0
0.019287109375,0.019287109375,0.0061416625976562,0.01031494140625,0.0005817413330078,0.233,1
0.0028572082519531,0.0028572082519531,0.0012397766113281,0.0012702941894531,0.0005664825439453,0.3,1
0.006683349609375,0.0036125183105468,0.0006961822509765,0.0006980895996093,1.1444091796875e-05,0.3,0
0.0024490356445312,0.0018234252929687,0.0016365051269531,0.0016403198242187,8.487701416015625e-05,0.3,1
0.0029716491699218,0.0015621185302734,0.0021476745605468,0.0023918151855468,5.91278076171875e-05,0.3,1
0.0,0.0013027191162109,0.0076751708984375,0.0087738037109375,0.0008134841918945,0.3,0
0.006500244140625,0.0065078735351562,9.5367431640625e-07,9.5367431640625e-07,0.0,0.001,2
0.0,0.005859375,0.0049667358398437,0.00592041015625,9.5367431640625e-07,0.3,0
0.0106048583984375,0.0106048583984375,0.0062408447265625,0.0062484741210937,0.0002927780151367,0.3,1
0.0149688720703125,0.016693115234375,0.00567626953125,0.00567626953125,0.0001983642578125,0.041,2
0.028656005859375,0.028656005859375,0.02264404296875,0.02264404296875,3.814697265625e-06,0.3,1
0.0002317428588867,0.0002088546752929,8.58306884765625e-06,8.58306884765625e-06,0.0,0.002,2
0.0061264038085937,0.0061264038085937,0.004241943359375,0.0042572021484375,0.0008506774902343,0.3,1
0.0,0.0013027191162109,0.008544921875,0.0128631591796875,0.0012035369873046,0.3,0
0.1875,0.036865234375,0.11328125,0.1134033203125,0.0004892349243164,0.3,3
0.0015621185302734,0.0015621185302734,0.0002918243408203,0.0006608963012695,0.0005178451538085,0.004,2
0.078125,0.078125,0.0738525390625,0.0750732421875,0.0005884170532226,0.3,3
0.0002546310424804,0.0002546310424804,0.0001649856567382,0.0001754760742187,3.528594970703125e-05,0.091,1
0.0102996826171875,0.0038681030273437,0.0014858245849609,0.0,0.0003490447998046,0.3,0
0.0052108764648437,0.0052108764648437,0.001220703125,0.0012226104736328,0.0005769729614257,0.3,0
0.0,0.0013027191162109,0.010101318359375,0.010162353515625,0.0002784729003906,0.072,2
0.006683349609375,0.0036125183105468,0.0006961822509765,0.0006980895996093,1.1444091796875e-05,0.3,0
0.011016845703125,0.011016845703125,0.0008964538574218,0.000899314880371,7.62939453125e-06,0.3,0
0.0,0.0013027191162109,0.0056991577148437,0.007965087890625,0.0005884170532226,0.262,0
0.0052108764648437,0.0052108764648437,0.0030326843261718,0.0034713745117187,0.0001544952392578,0.3,1
0.0130462646484375,0.0130615234375,0.0018558502197265,0.0018577575683593,0.0002288818359375,0.3,0
0.0044403076171875,0.03912353515625,0.0014286041259765,0.0014495849609375,0.0001144409179687,0.3,0
0.0016727447509765,0.0016727447509765,0.0006132125854492,0.0006132125854492,0.0005931854248046,0.001,2
0.0058059692382812,0.0058059692382812,0.0041427612304687,0.00445556640625,0.0018157958984375,0.179,1
0.0033683776855468,0.0033683776855468,0.0023460388183593,0.0,0.0004081726074218,0.3,1
0.0027313232421875,0.0028572082519531,0.0010356903076171,0.0010509490966796,9.632110595703124e-05,0.3,1
0.0020751953125,0.0020751953125,0.0006313323974609,0.0006322860717773,0.0003299713134765,0.3,1
0.000227928161621,0.000227928161621,0.000152587890625,0.00018310546875,0.0,0.241,1
0.008819580078125,0.0013027191162109,0.0035324096679687,0.0035743713378906,0.000950813293457,0.3,1
0.0,0.00262451171875,0.0,0.0,0.0,0.002,2
0.0,0.0013027191162109,0.0082550048828125,0.0153350830078125,0.0012779235839843,0.3,0
0.0015163421630859,0.0015163421630859,0.0006628036499023,0.0006694793701171,0.0002727508544921,0.3,1
0.0024757385253906,0.0024757385253906,0.000436782836914,0.0005111694335937,0.0001688003540039,0.028,2
0.0128326416015625,0.0128326416015625,0.006103515625,0.0061798095703125,0.0011844635009765,0.3,1
0.1875,0.1041259765625,0.129638671875,0.129638671875,0.0017356872558593,0.3,3
0.00262451171875,0.00262451171875,0.001230239868164,0.0014114379882812,0.0005855560302734,0.3,1
0.004180908203125,0.0401611328125,0.0010643005371093,0.0010833740234375,0.0006141662597656,0.3,0
0.0002317428588867,0.0002088546752929,8.58306884765625e-06,8.58306884765625e-06,0.0,0.002,2
0.1875,0.1041259765625,0.168701171875,0.168701171875,0.0009174346923828,0.3,3
0.0001955032348632,0.0001945495605468,9.250640869140624e-05,0.0001029968261718,9.5367431640625e-07,0.3,1
0.0036201477050781,0.0036239624023437,0.0025215148925781,0.0025291442871093,0.0005388259887695,0.3,1
0.0003852844238281,0.0003738403320312,0.0001802444458007,0.0002040863037109,4.76837158203125e-06,0.3,1
0.0056076049804687,0.0011005401611328,0.0044479370117187,0.0044479370117187,0.0,0.014,1
0.030303955078125,0.017974853515625,0.0154571533203125,0.0155181884765625,0.0005397796630859,0.3,1
0.0104217529296875,0.0104217529296875,6.580352783203125e-05,6.961822509765625e-05,2.86102294921875e-06,0.003,2
0.002960205078125,0.002960205078125,0.0018825531005859,0.0019950866699218,9.1552734375e-05,0.3,1
0.00262451171875,0.00262451171875,0.0003395080566406,0.0007743835449218,0.0002946853637695,0.004,2
0.0003366470336914,0.0003833770751953,0.0002803802490234,0.0002985000610351,9.5367431640625e-06,0.3,1
0.0041885375976562,0.0024795532226562,9.72747802734375e-05,9.72747802734375e-05,0.0001630783081054,0.001,2
0.006683349609375,0.0036125183105468,0.0006771087646484,0.0006790161132812,9.5367431640625e-07,0.3,0
0.0052108764648437,0.0052108764648437,0.0016651153564453,0.001749038696289,5.91278076171875e-05,0.3,0
0.0073471069335937,0.00823974609375,0.0050811767578125,0.005218505859375,0.0001230239868164,0.3,1
0.0015602111816406,0.0015602111816406,0.0008363723754882,0.0008497238159179,7.534027099609375e-05,0.3,1
0.0052108764648437,0.0052108764648437,0.0010643005371093,0.0010662078857421,1.9073486328125e-06,0.3,0
0.00390625,0.0102996826171875,0.0031204223632812,0.0031280517578125,2.002716064453125e-05,0.3,1
0.0,0.0013027191162109,0.01922607421875,0.0206298828125,0.0021095275878906,0.3,0
0.0,0.0013027191162109,9.5367431640625e-07,9.5367431640625e-07,0.0006589889526367,0.005,2
0.0416259765625,0.0044631958007812,0.03436279296875,0.034423828125,0.0001535415649414,0.3,1
0.0032501220703125,0.0036849975585937,0.001535415649414,0.0016059875488281,0.000258445739746,0.3,1
0.016143798828125,0.017547607421875,0.01104736328125,0.0110626220703125,0.0010204315185546,0.3,1
0.019989013671875,0.03326416015625,0.0072860717773437,0.0077438354492187,0.000563621520996,0.3,0
0.00885009765625,0.009918212890625,0.0042037963867187,0.0042037963867187,0.0009269714355468,0.3,1
0.0050125122070312,0.0050125122070312,0.0026702880859375,0.0026702880859375,0.0005407333374023,0.3,1
0.0032424926757812,0.017608642578125,0.0006122589111328,0.0006132125854492,6.67572021484375e-06,0.3,0
0.0052108764648437,0.0052108764648437,0.0030326843261718,0.0034713745117187,0.0001544952392578,0.3,1
0.078125,0.078125,0.0738525390625,0.0750732421875,0.0005884170532226,0.3,3
0.0123748779296875,0.0123748779296875,5.14984130859375e-05,5.14984130859375e-05,0.0002498626708984,0.001,2
0.0,0.0013027191162109,0.0031471252441406,0.008331298828125,0.0008134841918945,0.254,0
0.001953125,0.001953125,0.0011348724365234,0.0013694763183593,0.0005369186401367,0.3,1
0.0,0.0013027191162109,0.000345230102539,0.0005617141723632,0.0002107620239257,0.019,2
0.019866943359375,0.019866943359375,0.0031394958496093,0.0031890869140625,0.0005416870117187,0.3,0
0.0,0.0045700073242187,0.0041580200195312,0.0041580200195312,0.0002593994140625,0.3,0
0.0134124755859375,0.0134124755859375,0.031036376953125,0.0,0.0005311965942382,0.3,1
0.0,0.0013027191162109,0.0063858032226562,0.017059326171875,0.0011215209960937,0.3,0
0.0094757080078125,0.0094757080078125,0.0087127685546875,0.0087127685546875,9.5367431640625e-07,0.3,1
0.006683349609375,0.0036125183105468,0.0006961822509765,0.0006980895996093,1.1444091796875e-05,0.3,0
0.0,0.00262451171875,0.0,0.0,0.0,0.002,2
0.0,0.005859375,0.0049362182617187,0.0058746337890625,1.52587890625e-05,0.3,0
0.0052108764648437,0.0052108764648437,0.0030326843261718,0.0034713745117187,0.0001544952392578,0.3,1
0.00390625,0.00390625,0.0013618469238281,0.0017433166503906,0.000253677368164,0.3,1
0.00262451171875,0.00262451171875,0.0003395080566406,0.0007743835449218,0.0002946853637695,0.004,2
0.00518798828125,0.015380859375,0.0010089874267578,0.0010261535644531,0.0005931854248046,0.3,0
0.0032501220703125,0.0036849975585937,0.001535415649414,0.0016059875488281,0.000258445739746,0.3,1
0.0030937194824218,0.0030937194824218,0.00140380859375,0.0014057159423828,0.0004558563232421,0.3,1
0.00262451171875,0.00262451171875,0.0003395080566406,0.0007743835449218,0.0002946853637695,0.004,2
0.0516357421875,0.0516357421875,0.0029754638671875,0.0029754638671875,0.0010242462158203,0.3,0
0.0709228515625,0.03253173828125,1.9073486328125e-06,1.9073486328125e-06,0.0,0.001,2
0.006500244140625,0.0065078735351562,9.5367431640625e-07,9.5367431640625e-07,0.0,0.001,2
0.0025901794433593,0.0026054382324218,0.0003671646118164,0.0007295608520507,0.000152587890625,0.016,2
0.0052108764648437,0.0052108764648437,0.0016651153564453,0.001749038696289,5.91278076171875e-05,0.3,0
0.011016845703125,0.011016845703125,0.0008964538574218,0.000899314880371,7.62939453125e-06,0.3,0
0.0052108764648437,0.0052108764648437,0.0010910034179687,0.0011062622070312,0.0003108978271484,0.3,0
0.006683349609375,0.0036125183105468,0.0006771087646484,0.0006790161132812,9.5367431640625e-07,0.3,0
0.0002946853637695,0.0002431869506835,0.0001440048217773,0.0001592636108398,0.0,0.3,1
0.0,0.0013027191162109,0.0062255859375,0.0112152099609375,0.0014572143554687,0.3,0
0.0,0.0033531188964843,0.0113372802734375,0.012786865234375,0.0017108917236328,0.3,0
0.0,0.0013027191162109,0.0063858032226562,0.017059326171875,0.0011215209960937,0.3,0
0.0,0.0013027191162109,0.000345230102539,0.0005617141723632,0.0002107620239257,0.019,2
0.006683349609375,0.0036125183105468,0.0006771087646484,0.0006790161132812,9.5367431640625e-07,0.3,0
0.0,0.0034904479980468,0.0044097900390625,0.0044174194335937,0.0003204345703125,0.3,0
0.0104217529296875,0.0104217529296875,0.0013809204101562,0.0024375915527343,0.0002145767211914,0.108,2
0.0002546310424804,0.0002546310424804,0.0001773834228515,0.0001850128173828,3.528594970703125e-05,0.3,1
0.0052108764648437,0.0052108764648437,0.0010910034179687,0.0011062622070312,0.0003108978271484,0.3,0
0.0054702758789062,0.0054702758789062,0.00244140625,0.0026969909667968,0.0016555786132812,0.027,1
0.0,0.0013027191162109,0.019622802734375,0.0205078125,0.0024604797363281,0.3,0
0.00262451171875,0.00262451171875,0.0011310577392578,0.0014019012451171,0.0005702972412109,0.3,1
0.0849609375,0.0849609375,9.5367431640625e-07,9.5367431640625e-07,0.0,0.001,2
0.0,0.041015625,0.03515625,0.03521728515625,0.0003728866577148,0.3,0
0.0002317428588867,0.0002088546752929,8.58306884765625e-06,8.58306884765625e-06,0.0,0.002,2
0.0,0.0013027191162109,0.01953125,0.023651123046875,0.0014381408691406,0.243,0
0.0316162109375,0.02880859375,0.0109710693359375,0.0110321044921875,0.0003376007080078,0.3,0
0.0,0.0013027191162109,0.005096435546875,0.0102996826171875,0.001800537109375,0.3,0
0.0052108764648437,0.0052108764648437,0.0011177062988281,0.0011730194091796,0.0005998611450195,0.3,0
0.0061264038085937,0.0061264038085937,0.004241943359375,0.0042572021484375,0.0008506774902343,0.3,1
0.0018234252929687,0.0018234252929687,0.0007400512695312,0.0008964538574218,0.0004997253417968,0.133,1
0.0018234252929687,0.0018234252929687,5.7220458984375e-06,5.7220458984375e-06,0.0,0.001,2
0.0002317428588867,0.0002403259277343,8.58306884765625e-06,8.58306884765625e-06,0.0,0.002,2
0.0052108764648437,0.0052108764648437,0.0009660720825195,0.0009727478027343,0.0005407333374023,0.3,0
0.0,0.0006361007690429,0.03668212890625,0.036865234375,0.0002985000610351,0.3,0
0.006683349609375,0.0036125183105468,0.0006771087646484,0.0006790161132812,9.5367431640625e-07,0.3,0
0.0,0.0013027191162109,9.5367431640625e-07,9.5367431640625e-07,0.0004138946533203,0.003,2
0.0008134841918945,0.0005674362182617,0.0005102157592773,0.0005121231079101,0.0001630783081054,0.3,1
0.0,0.0001649856567382,0.0001430511474609,0.0001440048217773,2.09808349609375e-05,0.3,0
0.0,0.0013027191162109,0.0155792236328125,0.015594482421875,0.0009975433349609,0.3,0
0.000227928161621,0.000223159790039,0.000152587890625,0.00018310546875,0.0,0.241,1
0.0123748779296875,0.0123748779296875,5.14984130859375e-05,5.14984130859375e-05,0.0002498626708984,0.001,2
0.0001955032348632,0.0001802444458007,9.250640869140624e-05,0.0001029968261718,9.5367431640625e-07,0.3,1
0.0,0.0013027191162109,0.0126495361328125,0.012786865234375,0.0005807876586914,0.3,0
0.019866943359375,0.019866943359375,0.0031394958496093,0.0031890869140625,0.0005416870117187,0.3,0
0.0012569427490234,0.0012569427490234,0.000833511352539,0.000859260559082,0.0002784729003906,0.3,1
0.0033683776855468,0.0033683776855468,0.0023460388183593,0.0,0.0004081726074218,0.3,1
0.0032424926757812,0.0012664794921875,0.0006723403930664,0.0006742477416992,7.62939453125e-06,0.3,0
0.010162353515625,0.010162353515625,0.0068359375,0.0069122314453125,0.0009841918945312,0.3,1
0.0073623657226562,0.0066375732421875,0.0026588439941406,0.004180908203125,0.0008888244628906,0.099,1
0.0078125,0.00567626953125,0.003875732421875,0.0050201416015625,0.0001335144042968,0.3,1
0.001718521118164,0.0015621185302734,0.0016040802001953,0.0016059875488281,5.054473876953125e-05,0.3,1
0.0021171569824218,0.00262451171875,0.0015010833740234,0.0018024444580078,4.76837158203125e-05,0.3,1
0.0,0.0013027191162109,0.00946044921875,0.0124664306640625,0.0006113052368164,0.233,0
0.000227928161621,0.0002126693725585,0.000152587890625,0.00018310546875,0.0,0.241,1
0.0001955032348632,0.0002002716064453,9.250640869140624e-05,0.0001029968261718,9.5367431640625e-07,0.3,1
0.0,0.04339599609375,0.0404052734375,0.04095458984375,0.0002317428588867,0.3,0
0.0,0.00262451171875,0.0,0.0,0.0,0.002,2
0.0078125,0.0053863525390625,0.003875732421875,0.0050201416015625,0.0001335144042968,0.3,1
0.0083770751953125,0.0066986083984375,0.001077651977539,0.0012893676757812,0.0004167556762695,0.3,0
0.0,0.0013027191162109,0.010101318359375,0.010162353515625,0.0002784729003906,0.072,2
0.0,0.0003175735473632,0.0002164840698242,0.000218391418457,9.5367431640625e-07,0.3,0
0.0104217529296875,0.0104217529296875,6.580352783203125e-05,6.961822509765625e-05,2.86102294921875e-06,0.003,2
0.01470947265625,0.01470947265625,0.0057601928710937,0.0059967041015625,0.00103759765625,0.3,0
0.0,0.0013027191162109,0.0056991577148437,0.007965087890625,0.0005884170532226,0.262,0
0.0032539367675781,0.0032539367675781,0.0013999938964843,0.0013999938964843,0.0004243850708007,0.009,2
0.0,0.0013027191162109,0.0062255859375,0.0112152099609375,0.0014572143554687,0.3,0
0.0,0.0013027191162109,0.0024795532226562,0.0030517578125,7.534027099609375e-05,0.079,2
0.0059890747070312,0.0126190185546875,0.0001602172851562,0.0001611709594726,0.0001497268676757,0.003,2
0.006500244140625,0.0065078735351562,0.0006999969482421,0.0007591247558593,0.0003204345703125,0.017,2
0.0372314453125,0.0372314453125,0.0078277587890625,0.0079193115234375,0.0005655288696289,0.3,0
0.0,0.00262451171875,0.0,0.0,0.0,0.002,2
0.0015621185302734,0.0015621185302734,0.0009822845458984,0.0013809204101562,0.0002288818359375,0.3,1
0.0,0.0013027191162109,0.010101318359375,0.010162353515625,0.0002784729003906,0.072,2
0.0002317428588867,0.0001993179321289,8.58306884765625e-06,8.58306884765625e-06,0.0,0.002,2
0.0008134841918945,0.0005674362182617,0.0005102157592773,0.0005121231079101,0.0001630783081054,0.3,1
0.0,0.0013027191162109,0.0069580078125,0.0104522705078125,0.0002956390380859,0.3,0
0.0,0.0013027191162109,0.010101318359375,0.010162353515625,0.0002784729003906,0.072,2
0.0069351196289062,0.0069351196289062,0.0041580200195312,0.0043182373046875,0.0001287460327148,0.3,1
0.1875,0.1041259765625,0.129638671875,0.129638671875,0.0017356872558593,0.3,3
0.0104217529296875,0.0104217529296875,6.580352783203125e-05,6.961822509765625e-05,2.86102294921875e-06,0.003,2
0.0,0.0013027191162109,0.010101318359375,0.010162353515625,0.0002784729003906,0.072,2
0.0,0.0718994140625,0.0005397796630859,0.0005464553833007,0.000101089477539,0.3,0
0.0052108764648437,0.0052108764648437,0.001220703125,0.0012226104736328,0.0005769729614257,0.3,0
0.0052108764648437,0.0052108764648437,0.0010910034179687,0.0011062622070312,0.0003108978271484,0.3,0
0.0052108764648437,0.0052108764648437,0.0018596649169921,0.0018882751464843,0.0001649856567382,0.3,0
0.0,0.0234375,0.009429931640625,0.0095062255859375,0.0001754760742187,0.3,0
0.000889778137207,0.000889778137207,0.0005083084106445,0.0005083084106445,8.392333984375e-05,0.3,1
0.024200439453125,0.0010337829589843,0.0077438354492187,0.008087158203125,0.0028572082519531,0.3,0
0.0,0.0013027191162109,0.01922607421875,0.0206298828125,0.0021095275878906,0.3,0
0.011016845703125,0.011016845703125,0.0008964538574218,0.000899314880371,7.62939453125e-06,0.3,0
0.00390625,0.00390625,0.0023269653320312,0.0023307800292968,4.57763671875e-05,0.3,1
0.0015621185302734,0.0015621185302734,0.0014305114746093,0.0015621185302734,0.0001125335693359,0.3,1
0.0,0.0013027191162109,9.5367431640625e-07,9.5367431640625e-07,0.0003557205200195,0.001,2
0.0,0.026458740234375,0.0001716613769531,0.0001735687255859,1.9073486328125e-05,0.3,0
0.0072250366210937,0.0072250366210937,0.0052261352539062,0.0052337646484375,0.0004892349243164,0.3,1
0.0022773742675781,0.0022811889648437,0.0002574920654296,0.0002574920654296,0.0001354217529296,0.002,2
0.0004310607910156,0.0003652572631835,0.0002689361572265,0.0003032684326171,9.5367431640625e-07,0.3,1
0.0,0.00262451171875,0.0,0.0,0.0,0.002,2
0.0130157470703125,0.0130157470703125,9.5367431640625e-07,9.5367431640625e-07,0.0,0.001,2
0.0,0.0013027191162109,0.0113677978515625,0.019622802734375,0.0012626647949218,0.3,0
0.0,0.0013027191162109,0.01971435546875,0.020172119140625,0.0014305114746093,0.3,0
0.00262451171875,0.00262451171875,0.001077651977539,0.0012130737304687,0.0004787445068359,0.051,1
0.1875,0.1041259765625,0.129638671875,0.129638671875,0.0017356872558593,0.3,3
0.00726318359375,0.0072555541992187,0.005401611328125,0.0054092407226562,0.0004854202270507,0.3,1
0.0,0.00262451171875,0.0,0.0,0.0,0.002,2
0.00390625,0.00390625,0.0010147094726562,0.001068115234375,0.0002336502075195,0.3,0
0.00262451171875,0.00262451171875,0.000101089477539,0.000101089477539,0.0005369186401367,0.001,2
0.009765625,0.009765625,0.0016994476318359,0.0017051696777343,0.0004358291625976,0.3,0
0.0,0.0013027191162109,0.006500244140625,0.0095977783203125,0.001251220703125,0.3,0
0.006683349609375,0.0036125183105468,0.0006771087646484,0.0006790161132812,9.5367431640625e-07,0.3,0
0.0018234252929687,0.0018234252929687,0.0010528564453125,0.0014724731445312,0.0005254745483398,0.261,1
0.0,0.0013027191162109,0.0038719177246093,0.0074691772460937,0.0007905960083007,0.3,0
0.00262451171875,0.00262451171875,9.441375732421876e-05,9.441375732421876e-05,6.67572021484375e-06,0.001,2
0.006500244140625,0.0065078735351562,9.5367431640625e-07,9.5367431640625e-07,0.0,0.001,2
0.0032501220703125,0.0036849975585937,0.001535415649414,0.0016059875488281,0.000258445739746,0.3,1
0.00390625,0.00390625,0.00164794921875,0.00262451171875,0.0014572143554687,0.3,1
0.0015201568603515,0.0015201568603515,0.0006847381591796,0.0008163452148437,9.5367431640625e-07,0.083,2
0.0002546310424804,0.0002546310424804,0.0001649856567382,0.0001821517944335,5.14984130859375e-05,0.023,1
0.00726318359375,0.0072555541992187,0.005401611328125,0.0054092407226562,0.0004854202270507,0.3,1
0.0127105712890625,0.0703125,0.0104522705078125,0.01092529296875,0.001291275024414,0.3,1
0.0,0.0013027191162109,9.5367431640625e-07,9.5367431640625e-07,0.0002069473266601,0.002,2
0.0027313232421875,0.0028572082519531,0.0010356903076171,0.0010509490966796,9.632110595703124e-05,0.3,1
0.00885009765625,0.009918212890625,0.0042037963867187,0.0042037963867187,0.0009269714355468,0.3,1
0.00262451171875,0.00262451171875,0.0011024475097656,0.001443862915039,5.7220458984375e-06,0.3,1
0.005096435546875,0.0006418228149414,0.0047378540039062,0.0,0.0002737045288085,0.3,1
0.0036125183105468,0.0036125183105468,0.0006799697875976,0.000680923461914,3.0517578125e-05,0.3,0
0.0,0.0059738159179687,0.0037307739257812,0.0037612915039062,0.0009212493896484,0.3,0
0.0,0.00262451171875,0.0,0.0,0.0,0.002,2
0.0026054382324218,0.0026054382324218,0.0001459121704101,0.0001468658447265,0.0005073547363281,0.003,2
0.0,0.00262451171875,0.0,0.0,0.0,0.002,2
0.0130157470703125,0.0130157470703125,9.5367431640625e-07,9.5367431640625e-07,0.0,0.001,2
0.0,0.0041656494140625,0.02093505859375,0.021087646484375,0.000335693359375,0.3,0
0.0022163391113281,0.0023117065429687,0.001373291015625,0.0013751983642578,0.0001096725463867,0.3,1
0.0,0.0038566589355468,0.002197265625,0.0022048950195312,0.0004329681396484,0.3,0
0.0032119750976562,0.002044677734375,1.430511474609375e-05,1.430511474609375e-05,0.0004205703735351,0.003,2
0.0035820007324218,0.00494384765625,9.250640869140624e-05,9.250640869140624e-05,0.0002069473266601,0.001,2
0.006500244140625,0.0065078735351562,9.5367431640625e-07,9.5367431640625e-07,0.0,0.001,2
0.0015621185302734,0.0015621185302734,0.0003166198730468,0.0006313323974609,3.910064697265625e-05,0.003,2
0.0123748779296875,0.0123748779296875,5.14984130859375e-05,5.14984130859375e-05,0.0002498626708984,0.001,2
0.0037765502929687,0.0022125244140625,0.0018901824951171,0.0019416809082031,3.910064697265625e-05,0.3,1
0.0050735473632812,0.01312255859375,0.0031089782714843,0.0031166076660156,0.000737190246582,0.3,1
0.0,0.0013027191162109,0.01953125,0.023651123046875,0.0014381408691406,0.243,0
0.0,0.0013027191162109,0.0067062377929687,0.008026123046875,0.0008716583251953,0.3,0
0.0104217529296875,0.0104217529296875,6.580352783203125e-05,6.961822509765625e-05,2.86102294921875e-06,0.003,2
0.0072250366210937,0.0072250366210937,0.0052261352539062,0.0052337646484375,0.0004892349243164,0.3,1
0.0026588439941406,0.0015621185302734,0.0018959045410156,0.0020751953125,1.430511474609375e-05,0.3,1
0.0015201568603515,0.0015201568603515,0.0006847381591796,0.0008163452148437,9.5367431640625e-07,0.083,2
0.0002355575561523,0.0002355575561523,7.62939453125e-06,7.62939453125e-06,9.5367431640625e-07,0.002,2
0.078125,0.078125,0.0738525390625,0.0750732421875,0.0005884170532226,0.3,3
0.0104217529296875,0.0104217529296875,6.580352783203125e-05,6.961822509765625e-05,2.86102294921875e-06,0.003,2
0.00262451171875,0.00262451171875,0.0017719268798828,0.0018730163574218,1.430511474609375e-05,0.3,1
0.0,0.0038566589355468,0.0026206970214843,0.002685546875,0.0006122589111328,0.3,0
0.0001955032348632,0.0001955032348632,9.250640869140624e-05,0.0001029968261718,9.5367431640625e-07,0.3,1
0.0065078735351562,0.0065078735351562,0.0036239624023437,0.00372314453125,0.0017871856689453,0.3,1
0.013092041015625,0.013092041015625,0.0112152099609375,0.01123046875,0.0001773834228515,0.3,1
0.0032501220703125,0.0036849975585937,0.001535415649414,0.0016059875488281,0.000258445739746,0.3,1
0.005859375,0.0056686401367187,0.003662109375,0.00408935546875,0.0005130767822265,0.3,1
0.0,0.0013027191162109,0.008544921875,0.0128631591796875,0.0012035369873046,0.3,0
0.0,0.0068359375,0.0010738372802734,0.0010910034179687,0.0001735687255859,0.3,0
0.0023269653320312,0.0023269653320312,0.0020904541015625,0.0,0.0003671646118164,0.3,1
0.0,0.04339599609375,0.04034423828125,0.0408935546875,0.0002374649047851,0.3,0
0.0025405883789062,0.0025405883789062,0.0003881454467773,0.0004396438598632,0.0003280639648437,0.003,2
0.1024169921875,0.1019287109375,0.04718017578125,0.04718017578125,0.0009737014770507,0.3,3
0.0,0.0111846923828125,0.0001592636108398,0.0001630783081054,2.384185791015625e-05,0.3,0
0.0065078735351562,0.0065078735351562,0.0030097961425781,0.0037956237792968,0.0004444122314453,0.097,1
0.0014705657958984,0.00128173828125,0.00067138671875,0.0007076263427734,0.00048828125,0.077,1
0.0036125183105468,0.0036125183105468,9.5367431640625e-07,9.5367431640625e-07,0.0,0.001,2
0.00262451171875,0.00262451171875,0.000762939453125,0.0007638931274414,0.0005645751953125,0.023,2
0.019500732421875,0.0036125183105468,0.0010566711425781,0.0011539459228515,1.9073486328125e-06,0.3,0
0.1875,0.1041259765625,0.129638671875,0.129638671875,0.0017356872558593,0.3,3
0.00390625,0.00390625,0.001190185546875,0.001199722290039,0.0001144409179687,0.3,0
0.0012569427490234,0.001260757446289,0.000833511352539,0.000859260559082,0.0002784729003906,0.3,1
0.0,0.0013027191162109,0.0024795532226562,0.0030517578125,7.534027099609375e-05,0.079,2
0.0,0.0013027191162109,0.010101318359375,0.010162353515625,0.0002784729003906,0.072,2
0.0,0.0013027191162109,0.0048751831054687,0.009979248046875,0.0009031295776367,0.3,0
0.0076828002929687,0.0076828002929687,0.0039825439453125,0.0039901733398437,0.0005130767822265,0.3,1
0.0,0.0013027191162109,0.0003290176391601,0.0007448196411132,0.0005788803100585,0.022,2
0.0032501220703125,0.0041961669921875,0.001535415649414,0.0016059875488281,0.000258445739746,0.3,1
0.0,0.0003175735473632,0.0002365112304687,0.0002546310424804,9.5367431640625e-07,0.3,0
0.0065078735351562,0.0065078735351562,0.0017414093017578,0.0023078918457031,3.4332275390625e-05,0.016,2
0.0002927780151367,0.0002336502075195,0.0001649856567382,0.0002050399780273,7.62939453125e-06,0.3,1
0.04150390625,0.0230712890625,0.0006923675537109,0.0010948181152343,0.0002422332763671,0.028,2
0.00262451171875,0.00262451171875,0.0003395080566406,0.0007743835449218,0.0002946853637695,0.004,2
0.0,0.0013027191162109,1.1444091796875e-05,7.43865966796875e-05,0.0003986358642578,0.007,2
0.0026054382324218,0.0009546279907226,9.632110595703124e-05,9.72747802734375e-05,0.0002813339233398,0.003,2
0.006500244140625,0.0065078735351562,9.5367431640625e-07,9.5367431640625e-07,0.0,0.001,2
0.0,0.0013027191162109,0.0107879638671875,0.0129241943359375,0.0005865097045898,0.3,0
0.0,0.0013027191162109,0.01953125,0.023651123046875,0.0014381408691406,0.243,0
0.0,0.0013027191162109,0.008544921875,0.0128631591796875,0.0012035369873046,0.3,0
0.0101776123046875,0.0101776123046875,0.0011272430419921,0.0011520385742187,9.5367431640625e-07,0.3,0
0.0001955032348632,0.0002002716064453,9.250640869140624e-05,0.0001029968261718,9.5367431640625e-07,0.3,1
0.0106201171875,0.0106201171875,0.0072860717773437,0.00732421875,0.000533103942871,0.3,1
0.0,0.00262451171875,0.0,0.0,0.0,0.002,2
0.04296875,0.0390625,0.027008056640625,0.02728271484375,2.86102294921875e-06,0.3,1
0.016937255859375,0.016937255859375,0.0069503784179687,0.0071945190429687,0.0005006790161132,0.3,0
0.0052108764648437,0.0052108764648437,0.0010910034179687,0.0011062622070312,0.0003108978271484,0.3,0
0.0975341796875,0.0024642944335937,0.04852294921875,0.04888916015625,0.000187873840332,0.3,1
0.0,0.00262451171875,0.0,0.0,0.0,0.002,2
0.0052108764648437,0.0052108764648437,0.0016651153564453,0.001749038696289,5.91278076171875e-05,0.3,0
0.006500244140625,0.0065078735351562,0.002838134765625,0.0028495788574218,1.9073486328125e-06,0.3,1
0.00262451171875,0.0060043334960937,0.0003547668457031,0.0007562637329101,9.5367431640625e-07,0.007,2
0.009765625,0.009765625,0.001535415649414,0.0015411376953125,0.0005664825439453,0.3,0
0.00262451171875,0.00262451171875,0.0003395080566406,0.0007743835449218,0.0002946853637695,0.004,2
0.0019397735595703,0.0014705657958984,0.0010986328125,0.001230239868164,9.5367431640625e-07,0.3,1
0.00262451171875,0.00262451171875,0.0006523132324218,0.0006723403930664,0.0,0.1,2
0.0,0.0013027191162109,0.008544921875,0.0128631591796875,0.0012035369873046,0.3,0
0.02081298828125,0.02081298828125,0.013275146484375,0.013336181640625,0.0002250671386718,0.3,1
0.0065078735351562,0.0065078735351562,0.0030097961425781,0.0037956237792968,0.0004444122314453,0.097,1
0.0,0.0013027191162109,0.0076751708984375,0.0087738037109375,0.0008134841918945,0.3,0
0.0100860595703125,0.0038681030273437,0.0026168823242187,0.0026206970214843,0.000432014465332,0.3,0
0.0065078735351562,0.0065078735351562,0.0030097961425781,0.0037956237792968,0.0004444122314453,0.097,1
0.0003118515014648,0.0003204345703125,0.000187873840332,0.0002202987670898,0.0,0.3,1
0.0005712509155273,0.0003652572631835,0.0003566741943359,0.000396728515625,0.0,0.3,1
0.0,0.0013027191162109,0.0069580078125,0.0104522705078125,0.0002956390380859,0.3,0
0.011016845703125,0.011016845703125,0.0008964538574218,0.000899314880371,7.62939453125e-06,0.3,0
0.0,0.0013027191162109,0.021514892578125,0.022430419921875,0.0005769729614257,0.3,0
0.0004310607910156,0.0003652572631835,0.0002689361572265,0.0003032684326171,9.5367431640625e-07,0.3,1
0.000227928161621,0.000223159790039,0.000152587890625,0.00018310546875,0.0,0.241,1
0.02874755859375,0.0118255615234375,0.0037879943847656,0.0049057006835937,0.0011310577392578,0.137,0
0.0018234252929687,0.0018234252929687,0.0006961822509765,0.0006961822509765,0.0004987716674804,0.3,1
0.0052108764648437,0.0052108764648437,0.0018596649169921,0.0018882751464843,0.0001649856567382,0.3,0
0.0,0.0013027191162109,0.0113677978515625,0.019622802734375,0.0012626647949218,0.3,0
0.0095367431640625,0.0095367431640625,0.0072784423828125,0.0,0.0006542205810546,0.3,0
0.006500244140625,0.0065078735351562,9.5367431640625e-07,9.5367431640625e-07,0.0,0.001,2
0.0,0.0013027191162109,0.01922607421875,0.0206298828125,0.0021095275878906,0.3,0
0.0018234252929687,0.0018234252929687,8.58306884765625e-06,8.58306884765625e-06,2.47955322265625e-05,0.001,2
0.0101776123046875,0.0101776123046875,0.0011272430419921,0.0011520385742187,9.5367431640625e-07,0.3,0
0.009765625,0.009765625,0.0016994476318359,0.0017051696777343,0.0004358291625976,0.3,0
0.0028457641601562,0.0028533935546875,0.0025138854980468,0.0025405883789062,0.000309944152832,0.041,1
0.0134124755859375,0.0134124755859375,0.031036376953125,0.0,0.0005311965942382,0.3,1
0.0075302124023437,0.0066986083984375,0.0001983642578125,0.0002012252807617,3.719329833984375e-05,0.3,0
0.006500244140625,0.0065078735351562,9.5367431640625e-07,9.5367431640625e-07,0.0,0.001,2
0.0134124755859375,0.0134124755859375,0.031036376953125,0.0,0.0005311965942382,0.3,1
0.00262451171875,0.00262451171875,0.0014572143554687,0.0017719268798828,9.5367431640625e-07,0.3,1
0.00262451171875,0.00262451171875,0.0011310577392578,0.0014019012451171,0.0005702972412109,0.3,1
0.0002317428588867,0.0002088546752929,8.58306884765625e-06,8.58306884765625e-06,0.0,0.002,2
0.0,0.0013027191162109,9.5367431640625e-07,9.5367431640625e-07,0.0003080368041992,0.001,2
0.0064773559570312,0.0069427490234375,0.0039825439453125,0.0062713623046875,0.0037193298339843,0.3,1
0.000227928161621,0.0001955032348632,0.000152587890625,0.00018310546875,0.0,0.241,1
0.0018463134765625,0.0016155242919921,0.0016365051269531,0.0016460418701171,0.0005378723144531,0.003,1
0.0065078735351562,0.0065078735351562,0.0030097961425781,0.0037956237792968,0.0004444122314453,0.097,1
0.0128936767578125,0.01171875,0.007965087890625,0.0095977783203125,0.0006599426269531,0.3,1
0.0,0.0013027191162109,0.0069580078125,0.0104522705078125,0.0002956390380859,0.3,0
0.000227928161621,0.000223159790039,0.000152587890625,0.00018310546875,0.0,0.241,1
0.0002317428588867,0.0002155303955078,8.58306884765625e-06,8.58306884765625e-06,0.0,0.002,2
0.00762939453125,0.00762939453125,0.0011978149414062,0.0011978149414062,0.0013999938964843,0.001,2
0.0,0.0013027191162109,9.5367431640625e-07,9.5367431640625e-07,0.0,0.001,2
0.00390625,0.00390625,0.0008277893066406,0.0010852813720703,0.000406265258789,0.3,0
0.0,0.0013027191162109,0.0005292892456054,0.0007362365722656,0.0003919601440429,0.066,2
0.0036125183105468,0.0036125183105468,9.5367431640625e-07,9.5367431640625e-07,0.0,0.001,2
0.0056076049804687,0.0011005401611328,0.0044479370117187,0.0044479370117187,0.0,0.014,1
0.006500244140625,0.0065078735351562,9.5367431640625e-07,9.5367431640625e-07,0.0,0.001,2
0.078125,0.078125,0.0135650634765625,0.0138702392578125,0.0010700225830078,0.3,0
0.021942138671875,0.021942138671875,0.0019359588623046,0.0019512176513671,2.47955322265625e-05,0.3,0
0.0037651062011718,0.0037727355957031,0.0017032623291015,0.0025711059570312,0.0005111694335937,0.295,1
0.0065078735351562,0.0065078735351562,0.0004053115844726,0.0004053115844726,0.0003156661987304,0.001,2
0.030303955078125,0.017974853515625,0.0154571533203125,0.0155181884765625,0.0005397796630859,0.3,1
0.0001955032348632,0.0002002716064453,9.250640869140624e-05,0.0001029968261718,9.5367431640625e-07,0.3,1
0.006683349609375,0.0036125183105468,0.0006771087646484,0.0006790161132812,9.5367431640625e-07,0.3,0
0.00262451171875,0.00262451171875,0.0017719268798828,0.0018730163574218,1.430511474609375e-05,0.3,1
0.009368896484375,0.154052734375,1.9073486328125e-05,2.09808349609375e-05,0.0,0.01,2
0.0052108764648437,0.0052108764648437,0.0010910034179687,0.0011062622070312,0.0003108978271484,0.3,0
0.0,0.0013027191162109,0.0052871704101562,0.0052947998046875,0.0024795532226562,0.3,0
0.006683349609375,0.0036125183105468,0.0006771087646484,0.0006790161132812,9.5367431640625e-07,0.3,0
0.0104217529296875,0.0104217529296875,6.580352783203125e-05,6.961822509765625e-05,2.86102294921875e-06,0.003,2
0.0078125,0.0052871704101562,0.003875732421875,0.0050201416015625,0.0001335144042968,0.3,1
0.005096435546875,0.0390625,0.0045013427734375,0.0,0.0003862380981445,0.3,1
0.0,0.0013027191162109,0.010101318359375,0.010162353515625,0.0002784729003906,0.072,2
0.1875,0.2587890625,0.22314453125,0.224365234375,0.0002908706665039,0.3,3
0.0046463012695312,0.004364013671875,0.0041351318359375,0.0046463012695312,0.0001173019409179,0.3,1
0.0015621185302734,0.0053482055664062,0.0010967254638671,0.0013504028320312,9.5367431640625e-06,0.3,1
0.0078125,0.0056915283203125,0.003875732421875,0.0050201416015625,0.0001335144042968,0.3,1
0.006683349609375,0.0036125183105468,0.0006961822509765,0.0006980895996093,1.1444091796875e-05,0.3,0
0.0001955032348632,0.000213623046875,9.250640869140624e-05,0.0001029968261718,9.5367431640625e-07,0.3,1
0.0065078735351562,0.0065078735351562,0.0013866424560546,0.0025978088378906,1.9073486328125e-06,0.002,2
0.0017528533935546,0.0117340087890625,8.869171142578125e-05,8.96453857421875e-05,0.0003995895385742,0.004,2
0.017608642578125,0.017608642578125,0.0108184814453125,0.011383056640625,0.0008506774902343,0.3,1
0.0001955032348632,0.0001945495605468,9.250640869140624e-05,0.0001029968261718,9.5367431640625e-07,0.3,1
0.00262451171875,0.026031494140625,0.0006589889526367,0.00067138671875,0.0,0.282,0
0.0025520324707031,0.0025520324707031,9.5367431640625e-07,9.5367431640625e-07,0.0,0.001,2
0.0012569427490234,0.0012569427490234,0.000833511352539,0.000859260559082,0.0002784729003906,0.3,1
0.0002546310424804,0.0002546310424804,0.0001649856567382,0.0001821517944335,5.14984130859375e-05,0.023,1
0.0004310607910156,0.0003652572631835,0.0002689361572265,0.0003032684326171,9.5367431640625e-07,0.3,1
0.0002927780151367,0.0002574920654296,0.0001649856567382,0.0002050399780273,7.62939453125e-06,0.3,1
0.009368896484375,0.154052734375,1.9073486328125e-05,2.09808349609375e-05,0.0,0.01,2
0.00262451171875,0.00262451171875,0.0003204345703125,0.0009174346923828,0.0001077651977539,0.009,2
0.006683349609375,0.0036125183105468,0.0006771087646484,0.0006790161132812,9.5367431640625e-07,0.3,0
0.0065078735351562,0.0065078735351562,0.0030097961425781,0.0037956237792968,0.0004444122314453,0.097,1
0.0,0.0013027191162109,0.01953125,0.023651123046875,0.0014381408691406,0.243,0
0.078125,0.078125,0.0738525390625,0.0750732421875,0.0005884170532226,0.3,3
0.078125,0.078125,0.0738525390625,0.0750732421875,0.0005884170532226,0.3,3
0.00262451171875,0.00262451171875,0.0011024475097656,0.001443862915039,5.7220458984375e-06,0.3,1
0.0002317428588867,0.0001945495605468,8.58306884765625e-06,8.58306884765625e-06,0.0,0.002,2
0.0015621185302734,0.0015621185302734,0.0010833740234375,0.0011844635009765,0.000472068786621,0.089,1
0.011016845703125,0.011016845703125,0.0008964538574218,0.000899314880371,7.62939453125e-06,0.3,0
0.0,0.0038566589355468,0.002197265625,0.0022048950195312,0.0004329681396484,0.3,0
0.0002069473266601,0.0002107620239257,0.0001258850097656,0.0001459121704101,8.58306884765625e-06,0.265,1
0.0002546310424804,0.0002546310424804,0.0001773834228515,0.0001850128173828,3.528594970703125e-05,0.3,1
0.023284912109375,0.020965576171875,0.01824951171875,0.018798828125,0.0006866455078125,0.3,1
0.0,0.0013027191162109,0.008880615234375,0.010040283203125,0.0012798309326171,0.3,0
0.0028762817382812,0.0014553070068359,0.0006027221679687,0.000624656677246,0.0002708435058593,0.3,0
0.0046157836914062,0.0049514770507812,0.0023765563964843,0.00238037109375,0.0005140304565429,0.3,1
0.0148468017578125,0.0052108764648437,0.0111083984375,0.0111541748046875,4.76837158203125e-06,0.3,1
0.0,0.0013027191162109,0.0066299438476562,0.0099639892578125,0.0009479522705078,0.3,0
0.011016845703125,0.011016845703125,0.0008964538574218,0.000899314880371,7.62939453125e-06,0.3,0
0.011016845703125,0.011016845703125,0.0008964538574218,0.000899314880371,7.62939453125e-06,0.3,0
0.0,0.0013027191162109,0.0186767578125,0.019287109375,0.001230239868164,0.3,0
0.01080322265625,0.0102996826171875,0.00848388671875,0.00848388671875,0.0008001327514648,0.3,1
0.0001955032348632,0.0001955032348632,9.250640869140624e-05,0.0001029968261718,9.5367431640625e-07,0.3,1
0.0050125122070312,0.0033836364746093,0.0026702880859375,0.0026702880859375,0.0005407333374023,0.3,1
0.0,0.0013027191162109,0.0225830078125,0.02325439453125,0.000579833984375,0.3,0
0.0019054412841796,0.0016670227050781,7.2479248046875e-05,0.0001735687255859,6.866455078125e-05,0.004,2
0.0002670288085937,0.000279426574707,1.049041748046875e-05,1.049041748046875e-05,1.9073486328125e-06,0.004,2
0.0002317428588867,0.0002155303955078,8.58306884765625e-06,8.58306884765625e-06,0.0,0.002,2
0.0,0.0013027191162109,0.020660400390625,0.022064208984375,0.000533103942871,0.3,0
0.0025405883789062,0.0025405883789062,0.0003881454467773,0.0004396438598632,0.0003280639648437,0.003,2
0.006683349609375,0.0036125183105468,0.0006961822509765,0.0006980895996093,1.1444091796875e-05,0.3,0
0.0,0.0038566589355468,0.002197265625,0.0022048950195312,0.0004329681396484,0.3,0
0.0030174255371093,0.0030174255371093,0.0012092590332031,0.0012187957763671,9.5367431640625e-07,0.3,1
0.0,0.00262451171875,0.0,0.0,0.0,0.002,2
0.006500244140625,0.0065078735351562,9.5367431640625e-07,9.5367431640625e-07,0.0,0.001,2
0.0065078735351562,0.0065078735351562,0.0001173019409179,0.0001192092895507,1.9073486328125e-06,0.003,2
0.0104217529296875,0.0104217529296875,0.0013809204101562,0.0024375915527343,0.0002145767211914,0.108,2
0.0123748779296875,0.0123748779296875,5.14984130859375e-05,5.14984130859375e-05,0.0002498626708984,0.001,2
0.00262451171875,0.00262451171875,0.0011024475097656,0.001443862915039,5.7220458984375e-06,0.3,1
0.0,0.0013027191162109,0.0066299438476562,0.0099639892578125,0.0009479522705078,0.3,0
0.0416259765625,0.0416259765625,0.03466796875,0.03521728515625,0.0002107620239257,0.3,1
0.0104217529296875,0.0104217529296875,0.0013809204101562,0.0024375915527343,0.0002145767211914,0.108,2
0.0,0.0032539367675781,9.5367431640625e-05,0.0001039505004882,9.5367431640625e-07,0.3,0
0.0030174255371093,0.0030174255371093,0.0012092590332031,0.0012187957763671,9.5367431640625e-07,0.3,1
0.0106201171875,0.015625,0.0078277587890625,0.008544921875,4.76837158203125e-06,0.3,1
0.078125,0.078125,0.0738525390625,0.0750732421875,0.0005884170532226,0.3,3
0.0021629333496093,0.0021629333496093,0.0016345977783203,0.0016727447509765,0.0002098083496093,0.3,1
0.0024528503417968,0.0021553039550781,0.0013504028320312,0.0019435882568359,0.0005855560302734,0.041,1
0.0,0.0013027191162109,0.0052871704101562,0.0052947998046875,0.0024795532226562,0.3,0
0.0130462646484375,0.0130462646484375,0.0018558502197265,0.0018577575683593,0.0002288818359375,0.3,0
0.0008134841918945,0.0005674362182617,0.0005102157592773,0.0005121231079101,0.0001630783081054,0.3,1
0.047607421875,0.16357421875,0.0008745193481445,0.0012989044189453,0.0002031326293945,0.3,0
0.000370979309082,0.0002756118774414,9.5367431640625e-06,9.5367431640625e-06,9.5367431640625e-07,0.001,2
0.000274658203125,0.000274658203125,0.000157356262207,0.000157356262207,6.580352783203125e-05,0.003,1
0.0076141357421875,0.0039215087890625,9.5367431640625e-07,9.5367431640625e-07,0.0,0.001,2
0.017242431640625,0.0142822265625,0.0047531127929687,0.0055007934570312,0.0007781982421875,0.3,0
0.083251953125,0.007843017578125,0.077392578125,0.0,0.0006027221679687,0.3,1
0.0731201171875,0.0369873046875,0.00335693359375,0.0033798217773437,0.0007581710815429,0.3,0
0.0031509399414062,0.0031509399414062,0.0006675720214843,0.0007123947143554,0.0002717971801757,0.262,0
0.0,0.0013027191162109,0.0066299438476562,0.0099639892578125,0.0009479522705078,0.3,0
0.0001955032348632,0.000192642211914,9.250640869140624e-05,0.0001029968261718,9.5367431640625e-07,0.3,1
0.0,0.0013027191162109,0.0097503662109375,0.0098114013671875,7.05718994140625e-05,0.104,2
0.006500244140625,0.0065078735351562,9.5367431640625e-07,9.5367431640625e-07,0.0,0.001,2
0.0,0.00262451171875,0.0,0.0,0.0,0.002,2
0.0095367431640625,0.0095367431640625,0.0072784423828125,0.0,0.0006542205810546,0.3,0
0.0,0.0013027191162109,0.0069580078125,0.0104522705078125,0.0002956390380859,0.3,0
0.000889778137207,0.0063247680664062,0.0004739761352539,0.0004749298095703,2.86102294921875e-05,0.3,1
0.0002946853637695,0.0002403259277343,0.0001440048217773,0.0001592636108398,0.0,0.3,1
0.0104217529296875,0.0104217529296875,6.580352783203125e-05,6.961822509765625e-05,2.86102294921875e-06,0.003,2
0.0065078735351562,0.0065078735351562,0.0030097961425781,0.0037956237792968,0.0004444122314453,0.097,1
0.0034980773925781,0.0034980773925781,0.0023918151855468,0.0023918151855468,9.5367431640625e-07,0.3,1
0.004364013671875,0.004364013671875,0.00225830078125,0.0023002624511718,0.0002937316894531,0.3,1
0.0019397735595703,0.0014705657958984,0.0012321472167968,0.0014724731445312,2.09808349609375e-05,0.3,1
0.0057296752929687,0.0026054382324218,0.0052261352539062,0.00555419921875,4.100799560546875e-05,0.3,1
0.0,0.0013027191162109,0.0150909423828125,0.0174560546875,0.0001087188720703,0.3,0
0.00262451171875,0.00262451171875,0.0011024475097656,0.001443862915039,5.7220458984375e-06,0.3,1
0.0052108764648437,0.0052108764648437,0.0011177062988281,0.0011730194091796,0.0005998611450195,0.3,0
0.0130157470703125,0.0130157470703125,9.5367431640625e-07,9.5367431640625e-07,0.0,0.001,2
0.011016845703125,0.011016845703125,0.0008964538574218,0.000899314880371,7.62939453125e-06,0.3,0
0.0106201171875,0.0106201171875,0.0045242309570312,0.004608154296875,0.0001535415649414,0.3,1
0.017425537109375,0.017425537109375,0.004974365234375,0.00506591796875,9.822845458984376e-05,0.3,0
0.0052108764648437,0.0052108764648437,0.001220703125,0.0012226104736328,0.0005769729614257,0.3,0
0.0015621185302734,0.0015621185302734,0.0006628036499023,0.0006647109985351,0.0005083084106445,0.126,1
0.0056076049804687,0.0011005401611328,0.0044479370117187,0.0044479370117187,0.0,0.014,1
0.0104217529296875,0.0104217529296875,6.580352783203125e-05,6.961822509765625e-05,2.86102294921875e-06,0.003,2
0.0018234252929687,0.0018234252929687,0.0001764297485351,0.0003833770751953,0.000197410583496,0.003,2
0.0032539367675781,0.0032539367675781,0.0013999938964843,0.0013999938964843,0.0004243850708007,0.009,2
0.0,0.0013027191162109,0.0063858032226562,0.017059326171875,0.0011215209960937,0.3,0
0.0,0.0013027191162109,0.01953125,0.023651123046875,0.0014381408691406,0.243,0
0.0016155242919921,0.01220703125,3.337860107421875e-05,3.337860107421875e-05,8.58306884765625e-06,0.002,2
0.0046157836914062,0.00341796875,0.0023765563964843,0.00238037109375,0.0005140304565429,0.3,1
0.0008134841918945,0.0005674362182617,0.0005102157592773,0.0005121231079101,0.0001630783081054,0.3,1
0.006500244140625,0.0065078735351562,9.5367431640625e-07,9.5367431640625e-07,0.0,0.001,2
0.0149688720703125,0.016693115234375,0.00567626953125,0.00567626953125,0.0001983642578125,0.041,2
0.0035858154296875,0.003509521484375,0.0012149810791015,0.0012474060058593,7.534027099609375e-05,0.3,0
0.0,0.0013027191162109,0.0007905960083007,0.0041275024414062,0.0006055831909179,0.3,0
0.0,0.0013027191162109,0.0097808837890625,0.0100555419921875,0.0006208419799804,0.3,0
0.0,0.0013027191162109,0.0062255859375,0.0112152099609375,0.0014572143554687,0.3,0
0.0022125244140625,0.0022125244140625,0.001251220703125,0.0013389587402343,0.000472068786621,0.3,1
0.0123748779296875,0.0123748779296875,5.14984130859375e-05,5.14984130859375e-05,0.0002498626708984,0.001,2
0.0075302124023437,0.0066986083984375,0.0001983642578125,0.0002012252807617,3.719329833984375e-05,0.3,0
0.020416259765625,0.021514892578125,0.004669189453125,0.0047760009765625,9.632110595703124e-05,0.199,0
0.0026054382324218,0.0026054382324218,0.0006675720214843,0.0006675720214843,0.0004243850708007,0.016,2
0.0,0.0013027191162109,0.0109100341796875,0.0151824951171875,0.0021286010742187,0.3,0
0.00262451171875,0.00262451171875,0.000101089477539,0.000101089477539,0.0005369186401367,0.001,2
0.0032539367675781,0.0032539367675781,0.0013999938964843,0.0013999938964843,0.0004243850708007,0.009,2
0.0,0.0038566589355468,0.001953125,0.0019645690917968,0.0008172988891601,0.3,0
0.000227928161621,0.000227928161621,0.000152587890625,0.00018310546875,0.0,0.241,1
0.017425537109375,0.017425537109375,0.004974365234375,0.00506591796875,9.822845458984376e-05,0.3,0
0.0052108764648437,0.0052108764648437,0.0030326843261718,0.0034713745117187,0.0001544952392578,0.3,1
0.0,0.0013027191162109,0.0005531311035156,0.0007600784301757,0.0008010864257812,0.019,2
0.0038070678710937,0.002960205078125,0.0022430419921875,0.0022735595703125,2.86102294921875e-06,0.3,1
0.00262451171875,0.00262451171875,0.001230239868164,0.0014152526855468,8.7738037109375e-05,0.3,1
0.0,0.0013027191162109,0.0135955810546875,0.0142669677734375,0.0005931854248046,0.3,0
0.1875,0.1041259765625,0.129638671875,0.129638671875,0.0017356872558593,0.3,3
0.0021896362304687,0.0015621185302734,0.0014991760253906,0.0017280578613281,4.76837158203125e-05,0.3,1
0.00262451171875,0.00262451171875,0.0003395080566406,0.0007743835449218,0.0002946853637695,0.004,2
0.006500244140625,0.0065078735351562,9.5367431640625e-07,9.5367431640625e-07,0.0,0.001,2
0.0036125183105468,0.0036125183105468,0.0006799697875976,0.000680923461914,3.0517578125e-05,0.3,0
0.0001955032348632,0.0002002716064453,9.250640869140624e-05,0.0001029968261718,9.5367431640625e-07,0.3,1
0.0128936767578125,0.01171875,0.007965087890625,0.0095977783203125,0.0006599426269531,0.3,1
0.0032501220703125,0.0041961669921875,0.001535415649414,0.0016059875488281,0.000258445739746,0.3,1
0.0,0.0013027191162109,0.0050888061523437,0.005096435546875,0.0024757385253906,0.3,0
0.0002317428588867,0.0002088546752929,8.58306884765625e-06,8.58306884765625e-06,0.0,0.002,2
0.0020980834960937,0.0014705657958984,0.0013103485107421,0.0014724731445312,3.814697265625e-06,0.3,1
0.0,0.0013027191162109,0.0085906982421875,0.0100555419921875,0.0006122589111328,0.3,0
0.0027809143066406,0.00262451171875,0.0020866394042968,0.0023345947265625,0.0,0.3,1
0.0123748779296875,0.0123748779296875,5.14984130859375e-05,5.14984130859375e-05,0.0002498626708984,0.001,2
0.0,0.0013027191162109,0.0058822631835937,0.0095367431640625,0.0002937316894531,0.3,0
0.0027313232421875,0.0028572082519531,0.0010356903076171,0.0010509490966796,9.632110595703124e-05,0.3,1
0.0,0.0013027191162109,0.0047683715820312,0.006622314453125,0.0013637542724609,0.3,0
0.006500244140625,0.0065078735351562,9.5367431640625e-07,9.5367431640625e-07,0.0,0.001,2
0.0025405883789062,0.0025405883789062,0.0003881454467773,0.0004396438598632,0.0003280639648437,0.003,2
0.0,0.0038566589355468,0.002197265625,0.0022048950195312,0.0004329681396484,0.3,0
0.0001955032348632,0.0001955032348632,9.250640869140624e-05,0.0001029968261718,9.5367431640625e-07,0.3,1
0.0028572082519531,0.0028572082519531,0.0012569427490234,0.0012588500976562,0.0002689361572265,0.3,1
0.0072250366210937,0.0072250366210937,0.0052261352539062,0.0052337646484375,0.0004892349243164,0.3,1
0.0,0.00390625,0.0012264251708984,0.0012283325195312,0.000340461730957,0.3,0
0.00848388671875,0.00830078125,0.0007686614990234,0.0010299682617187,0.000432014465332,0.004,2
0.0,0.0013027191162109,0.0,0.0,0.0,0.001,2
0.0,0.0013027191162109,0.012481689453125,0.02093505859375,0.0023918151855468,0.257,0
0.0037574768066406,0.0037574768066406,0.0002126693725585,0.000213623046875,0.0002307891845703,0.003,2
0.0,0.0013370513916015,0.0001163482666015,0.0001201629638671,2.86102294921875e-06,0.3,0
0.0,0.0013027191162109,0.0047760009765625,0.00994873046875,0.0012741088867187,0.3,0
0.0,0.0013027191162109,0.0,0.0,0.0,0.001,2
0.0234375,0.0234375,0.01318359375,0.0139312744140625,0.0004472732543945,0.3,1
0.020416259765625,0.020416259765625,0.004669189453125,0.0047760009765625,9.632110595703124e-05,0.199,0
0.0018234252929687,0.0018234252929687,0.0004348754882812,0.0004348754882812,0.0004253387451171,0.001,2
0.0017528533935546,0.0041656494140625,8.7738037109375e-05,8.7738037109375e-05,0.0002031326293945,0.001,2
0.0024795532226562,0.0024795532226562,0.0005168914794921,0.0007514953613281,2.765655517578125e-05,0.003,2
0.0,0.0013027191162109,0.0022811889648437,0.0057296752929687,0.0011711120605468,0.135,0
0.0021629333496093,0.0021629333496093,0.0016345977783203,0.0016727447509765,0.0002098083496093,0.3,1
0.000227928161621,0.000227928161621,0.000152587890625,0.00018310546875,0.0,0.241,1
0.011016845703125,0.011016845703125,0.0008964538574218,0.000899314880371,7.62939453125e-06,0.3,0
0.0,0.0013027191162109,0.005096435546875,0.0100250244140625,0.0010814666748046,0.3,0
0.011016845703125,0.011016845703125,0.0008964538574218,0.000899314880371,7.62939453125e-06,0.3,0
0.000227928161621,0.0002365112304687,0.000152587890625,0.00018310546875,0.0,0.241,1
0.0052108764648437,0.0052108764648437,0.0030517578125,0.0030632019042968,3.4332275390625e-05,0.3,1
0.0001955032348632,0.0002002716064453,9.250640869140624e-05,0.0001029968261718,9.5367431640625e-07,0.3,1
0.00262451171875,0.00262451171875,0.0011024475097656,0.001443862915039,5.7220458984375e-06,0.3,1
0.030303955078125,0.017974853515625,0.0154571533203125,0.0155181884765625,0.0005397796630859,0.3,1
0.0012569427490234,0.0012569427490234,0.000833511352539,0.000859260559082,0.0002784729003906,0.3,1
0.0032424926757812,0.0032539367675781,0.0006084442138671,0.0006084442138671,0.0001344680786132,0.3,0
0.0065078735351562,0.0065078735351562,0.0013866424560546,0.0025978088378906,1.9073486328125e-06,0.002,2
0.0032424926757812,0.006103515625,0.0006122589111328,0.0006132125854492,6.67572021484375e-06,0.3,0
0.0,0.0013027191162109,0.0024795532226562,0.0030517578125,7.534027099609375e-05,0.079,2
0.0,0.0001649856567382,0.0001659393310546,0.0001697540283203,9.5367431640625e-06,0.3,0
0.000227928161621,0.0002164840698242,0.000152587890625,0.00018310546875,0.0,0.241,1
0.0015621185302734,0.0015621185302734,0.0010833740234375,0.0011844635009765,0.000472068786621,0.089,1
0.05828857421875,0.0078582763671875,0.000375747680664,0.000375747680664,0.0003633499145507,0.004,2
0.00262451171875,0.0012340545654296,0.0010833740234375,0.0011711120605468,0.0004692077636718,0.105,1
0.0037765502929687,0.0011329650878906,0.0013027191162109,0.0013046264648437,4.100799560546875e-05,0.3,0
0.006683349609375,0.0036125183105468,0.0006961822509765,0.0006980895996093,1.1444091796875e-05,0.3,0
0.000227928161621,0.0002250671386718,0.000152587890625,0.00018310546875,0.0,0.241,1
0.0,0.00262451171875,0.0,0.0,0.0,0.002,2
0.018341064453125,0.01641845703125,0.0008401870727539,0.0008411407470703,0.0001153945922851,0.232,0
0.01116943359375,0.01116943359375,0.0074310302734375,0.01043701171875,0.0011425018310546,0.3,1
0.00390625,0.00390625,0.00164794921875,0.00262451171875,0.0014572143554687,0.3,1
0.0130157470703125,0.0130157470703125,9.5367431640625e-07,9.5367431640625e-07,0.0,0.001,2
0.0032501220703125,0.0041961669921875,0.001535415649414,0.0016059875488281,0.000258445739746,0.3,1
0.000227928161621,0.0002126693725585,0.000152587890625,0.00018310546875,0.0,0.241,1
0.0035858154296875,0.003509521484375,0.0012149810791015,0.0012474060058593,7.534027099609375e-05,0.3,0
0.011016845703125,0.011016845703125,0.0008964538574218,0.000899314880371,7.62939453125e-06,0.3,0
0.0016155242919921,0.0016155242919921,3.337860107421875e-05,3.337860107421875e-05,8.58306884765625e-06,0.002,2
0.0022087097167968,0.0022087097167968,0.0008802413940429,0.0008802413940429,0.0008668899536132,0.001,1
0.0025367736816406,0.0017528533935546,0.0008258819580078,0.0012779235839843,1.9073486328125e-06,0.3,1
0.0032501220703125,0.0036849975585937,0.001535415649414,0.0016059875488281,0.000258445739746,0.3,1
0.0018482208251953,0.0018482208251953,2.384185791015625e-05,2.47955322265625e-05,0.0003280639648437,0.004,2
0.006500244140625,0.0065078735351562,0.0006999969482421,0.0007591247558593,0.0003204345703125,0.017,2
0.0035820007324218,0.0035820007324218,0.0010795593261718,0.0017051696777343,0.0003633499145507,0.3,1
0.00390625,0.00390625,0.0015144348144531,0.0017890930175781,0.000411033630371,0.3,1
0.0032501220703125,0.0041961669921875,0.001535415649414,0.0016059875488281,0.000258445739746,0.3,1
0.0,0.0013027191162109,0.0052871704101562,0.0052947998046875,0.0024795532226562,0.3,0
0.00262451171875,0.00262451171875,0.000101089477539,0.000101089477539,0.0005369186401367,0.001,2
0.0,0.0059738159179687,0.0037307739257812,0.0037612915039062,0.0009212493896484,0.3,0
0.1875,0.1041259765625,0.129638671875,0.129638671875,0.0017356872558593,0.3,3
0.0018234252929687,0.0018234252929687,0.0007400512695312,0.0008964538574218,0.0004997253417968,0.133,1
0.0,0.0013027191162109,0.015289306640625,0.02252197265625,0.0023040771484375,0.3,0
0.0018234252929687,0.0018234252929687,0.0001764297485351,0.0003833770751953,0.000197410583496,0.003,2
0.0,0.0003175735473632,0.0002365112304687,0.0002546310424804,9.5367431640625e-07,0.3,0
0.1009521484375,0.187744140625,0.0005731582641601,0.0005731582641601,0.0005617141723632,0.004,2
0.0032501220703125,0.0041961669921875,0.001535415649414,0.0016059875488281,0.000258445739746,0.3,1
0.006500244140625,0.0065078735351562,9.5367431640625e-07,9.5367431640625e-07,0.0,0.001,2
0.04144287109375,0.04156494140625,0.03729248046875,0.0374755859375,0.0004339218139648,0.3,1
0.0123748779296875,0.0123748779296875,5.14984130859375e-05,5.14984130859375e-05,0.0002498626708984,0.001,2
0.019927978515625,0.020111083984375,0.016021728515625,0.01605224609375,0.0009164810180664,0.3,1
0.0,0.0001649856567382,0.000126838684082,0.0001306533813476,1.33514404296875e-05,0.3,0
0.0015792846679687,0.0015792846679687,0.0003423690795898,0.0003442764282226,0.0003890991210937,0.004,2
0.0,0.0013027191162109,0.0052871704101562,0.0052947998046875,0.0024795532226562,0.3,0
0.0018463134765625,0.0016155242919921,0.0016365051269531,0.0016460418701171,0.0005378723144531,0.003,1
0.0104217529296875,0.0104217529296875,6.580352783203125e-05,6.961822509765625e-05,2.86102294921875e-06,0.003,2
0.0026321411132812,0.0024757385253906,0.0008420944213867,0.0025711059570312,0.0002574920654296,0.3,1
0.011016845703125,0.011016845703125,0.0008964538574218,0.000899314880371,7.62939453125e-06,0.3,0
0.0,0.0017528533935546,0.0001430511474609,0.0001468658447265,2.288818359375e-05,0.3,0
0.006683349609375,0.0036125183105468,0.0006771087646484,0.0006790161132812,9.5367431640625e-07,0.3,0
0.0019149780273437,0.0019035339355468,0.0015373229980468,0.0015621185302734,5.245208740234375e-05,0.3,1
0.0,0.00054931640625,0.0006799697875976,0.0006828308105468,0.0002603530883789,0.3,0
0.1009521484375,0.187744140625,0.0005731582641601,0.0005731582641601,0.0005617141723632,0.004,2
0.0052108764648437,0.0052108764648437,0.0016651153564453,0.001749038696289,5.91278076171875e-05,0.3,0
0.000227928161621,0.0002260208129882,0.000152587890625,0.00018310546875,0.0,0.241,1
0.0,0.0013027191162109,0.005767822265625,0.0131988525390625,0.0014190673828125,0.3,0
0.0008134841918945,0.0005674362182617,0.0005102157592773,0.0005121231079101,0.0001630783081054,0.3,1
0.0065078735351562,0.0065078735351562,0.0030097961425781,0.0037956237792968,0.0004444122314453,0.097,1
0.011016845703125,0.011016845703125,0.0008964538574218,0.000899314880371,7.62939453125e-06,0.3,0
0.00262451171875,0.00262451171875,0.0003395080566406,0.0007743835449218,0.0002946853637695,0.004,2
0.0015277862548828,0.0015277862548828,0.0007219314575195,0.0007553100585937,0.0001001358032226,0.091,1
0.0234375,0.0234375,0.0121307373046875,0.0122833251953125,0.0005435943603515,0.3,1
0.000227928161621,0.000248908996582,0.000152587890625,0.00018310546875,0.0,0.241,1
0.0035858154296875,0.003509521484375,0.0012149810791015,0.0012474060058593,7.534027099609375e-05,0.3,0
0.05621337890625,0.056396484375,0.0513916015625,0.0516357421875,0.0019645690917968,0.3,1
0.006011962890625,0.0057296752929687,0.0038948059082031,0.0039215087890625,0.000248908996582,0.3,1
0.006683349609375,0.0036125183105468,0.0006961822509765,0.0006980895996093,1.1444091796875e-05,0.3,0
0.0037765502929687,0.0022125244140625,0.0018901824951171,0.0019416809082031,3.910064697265625e-05,0.3,1
0.011016845703125,0.011016845703125,0.0008964538574218,0.000899314880371,7.62939453125e-06,0.3,0
0.0,0.0013027191162109,0.0010356903076171,0.008514404296875,0.0007505416870117,0.023,2
0.0004348754882812,0.0003843307495117,0.0002698898315429,0.0002822875976562,4.76837158203125e-06,0.3,1
0.0002107620239257,0.0001916885375976,9.5367431640625e-06,9.5367431640625e-06,0.0,0.001,2
0.0094757080078125,0.0094757080078125,0.0087127685546875,0.0087127685546875,9.5367431640625e-07,0.3,1
0.03265380859375,0.03070068359375,0.01953125,0.0208740234375,0.0021553039550781,0.3,1
0.000889778137207,0.000889778137207,0.0005083084106445,0.0005083084106445,8.392333984375e-05,0.3,1
0.01470947265625,0.01470947265625,0.0057601928710937,0.0059967041015625,0.00103759765625,0.3,0
0.0028572082519531,0.0028572082519531,0.0012397766113281,0.0012702941894531,0.0005664825439453,0.3,1
0.0037765502929687,0.0008554458618164,0.0013027191162109,0.0013046264648437,4.100799560546875e-05,0.3,0
0.0,0.0013027191162109,0.010101318359375,0.010162353515625,0.0002784729003906,0.072,2
0.0,0.0013027191162109,0.0,0.0,0.0,0.001,2
0.000436782836914,0.0017299652099609,0.0003032684326171,0.0003108978271484,0.0,0.3,1
0.00390625,0.00390625,0.0023269653320312,0.0023307800292968,4.57763671875e-05,0.3,1
0.009765625,0.009765625,0.0017452239990234,0.0017452239990234,0.0005474090576171,0.3,0
0.0022773742675781,0.0018596649169921,0.0004482269287109,0.0004491806030273,9.5367431640625e-07,0.3,0
0.0030937194824218,0.0030937194824218,0.0011463165283203,0.0011482238769531,0.0002346038818359,0.3,1
0.0,0.0013027191162109,0.004974365234375,0.010162353515625,0.0005722045898437,0.3,0
0.0025253295898437,0.000894546508789,0.0016155242919921,0.00164794921875,0.0001020431518554,0.3,1
0.0106201171875,0.0036048889160156,0.0078277587890625,0.008544921875,4.76837158203125e-06,0.3,1
0.0149688720703125,0.016693115234375,0.00567626953125,0.00567626953125,0.0001983642578125,0.041,2
0.0,0.0013027191162109,0.02197265625,0.024078369140625,0.0005817413330078,0.3,0
0.00262451171875,0.00262451171875,0.00140380859375,0.0016593933105468,0.0,0.3,1
0.0032501220703125,0.0041961669921875,0.001535415649414,0.0016059875488281,0.000258445739746,0.3,1
0.0,0.0013027191162109,1.9073486328125e-06,1.9073486328125e-06,9.918212890625e-05,0.005,2
0.0,0.0013027191162109,0.0069580078125,0.0104522705078125,0.0002956390380859,0.3,0
0.0,0.0038566589355468,0.001953125,0.0019645690917968,0.0008172988891601,0.3,0
0.0002317428588867,0.0002088546752929,8.58306884765625e-06,8.58306884765625e-06,0.0,0.002,2
0.0,0.0013027191162109,0.009033203125,0.025146484375,0.0013942718505859,0.3,0
0.0,0.0013027191162109,0.02197265625,0.024078369140625,0.0005817413330078,0.3,0
0.0004310607910156,0.0003652572631835,0.0002689361572265,0.0003032684326171,9.5367431640625e-07,0.3,1
0.0022773742675781,0.002288818359375,0.0005483627319335,0.0005502700805664,0.0,0.3,0
0.006500244140625,0.0065078735351562,9.5367431640625e-07,9.5367431640625e-07,0.0,0.001,2
0.0,0.0001649856567382,0.0001506805419921,0.000152587890625,9.5367431640625e-06,0.3,0
0.0032501220703125,0.0036849975585937,0.001535415649414,0.0016059875488281,0.000258445739746,0.3,1
0.011016845703125,0.011016845703125,0.0008964538574218,0.000899314880371,7.62939453125e-06,0.3,0
0.0027313232421875,0.0028572082519531,0.0010356903076171,0.0010509490966796,9.632110595703124e-05,0.3,1
0.00726318359375,0.0072555541992187,0.005401611328125,0.0054092407226562,0.0004854202270507,0.3,1
0.0104217529296875,0.0104217529296875,6.580352783203125e-05,6.961822509765625e-05,2.86102294921875e-06,0.003,2
0.0032501220703125,0.0036849975585937,0.001535415649414,0.0016059875488281,0.000258445739746,0.3,1
0.0001955032348632,0.0002317428588867,9.250640869140624e-05,0.0001029968261718,9.5367431640625e-07,0.3,1
0.0,0.0057220458984375,0.0039443969726562,0.0039596557617187,0.0003786087036132,0.3,0
0.0,0.0013027191162109,0.01922607421875,0.0206298828125,0.0021095275878906,0.3,0
0.0002107620239257,0.0001916885375976,9.5367431640625e-06,9.5367431640625e-06,0.0,0.001,2
0.0002317428588867,0.0002126693725585,8.58306884765625e-06,8.58306884765625e-06,0.0,0.002,2
0.0001955032348632,0.0001955032348632,9.250640869140624e-05,0.0001029968261718,9.5367431640625e-07,0.3,1
0.0003023147583007,0.0002937316894531,0.0001964569091796,0.0002260208129882,0.0,0.053,1
0.0,0.0001649856567382,0.000126838684082,0.0001306533813476,1.33514404296875e-05,0.3,0
0.00213623046875,0.0018234252929687,0.0014019012451171,0.0014057159423828,8.678436279296875e-05,0.3,1
0.0001955032348632,0.0001945495605468,9.250640869140624e-05,0.0001029968261718,9.5367431640625e-07,0.3,1
0.0,0.0013027191162109,0.0008811950683593,0.0009822845458984,0.0003376007080078,0.015,2
0.0058135986328125,0.0058135986328125,0.0032463073730468,0.0041122436523437,0.0018157958984375,0.248,1
0.0029792785644531,0.0029792785644531,0.0006160736083984,0.0006170272827148,9.5367431640625e-07,0.3,0
0.0064468383789062,0.005859375,0.00347900390625,0.0040817260742187,0.0003137588500976,0.3,1
0.0024528503417968,0.0024528503417968,0.0013504028320312,0.0019435882568359,0.0005855560302734,0.041,1
0.0002317428588867,0.0002088546752929,8.58306884765625e-06,8.58306884765625e-06,0.0,0.002,2
0.0,0.0013027191162109,0.0006227493286132,0.0007762908935546,0.0005273818969726,0.01,2
0.0130157470703125,0.0130157470703125,9.5367431640625e-07,9.5367431640625e-07,0.0,0.001,2
0.00262451171875,0.00262451171875,0.0003395080566406,0.0007743835449218,0.0002946853637695,0.004,2
0.0032539367675781,0.0032539367675781,0.0013999938964843,0.0013999938964843,0.0004243850708007,0.009,2
0.0052108764648437,0.0052108764648437,0.0010643005371093,0.0010662078857421,1.9073486328125e-06,0.3,0
0.00262451171875,0.00262451171875,0.0017719268798828,0.0018730163574218,1.430511474609375e-05,0.3,1
0.0,0.00262451171875,0.0,0.0,0.0,0.002,2
0.02532958984375,0.03289794921875,0.0050506591796875,0.0050582885742187,6.67572021484375e-06,0.3,0
0.0,0.0017509460449218,0.0010108947753906,0.0010356903076171,0.0001096725463867,0.3,0
0.0018234252929687,0.0018234252929687,0.0001764297485351,0.0003833770751953,0.000197410583496,0.003,2
0.0036125183105468,0.0036125183105468,9.5367431640625e-07,9.5367431640625e-07,0.0,0.001,2
0.0104217529296875,0.0104217529296875,6.580352783203125e-05,6.961822509765625e-05,2.86102294921875e-06,0.003,2
0.0106201171875,0.024932861328125,0.0078277587890625,0.008544921875,4.76837158203125e-06,0.3,1
0.024200439453125,0.018218994140625,0.0077438354492187,0.008087158203125,0.0028572082519531,0.3,0
0.009368896484375,0.154052734375,1.9073486328125e-05,2.09808349609375e-05,0.0,0.01,2
0.0032501220703125,0.0036849975585937,0.001535415649414,0.0016059875488281,0.000258445739746,0.3,1
0.0052108764648437,0.0052108764648437,0.0016651153564453,0.001749038696289,5.91278076171875e-05,0.3,0
0.0032539367675781,0.0052871704101562,0.0008821487426757,0.000885009765625,3.814697265625e-06,0.3,0
0.00262451171875,0.00262451171875,0.0011024475097656,0.001443862915039,5.7220458984375e-06,0.3,1
0.000227928161621,0.0002155303955078,0.000152587890625,0.00018310546875,0.0,0.241,1
0.006500244140625,0.0065078735351562,9.5367431640625e-07,9.5367431640625e-07,0.0,0.001,2
0.00726318359375,0.0072555541992187,0.005401611328125,0.0054092407226562,0.0004854202270507,0.3,1
0.011016845703125,0.011016845703125,0.0008964538574218,0.000899314880371,7.62939453125e-06,0.3,0
0.0,0.0013027191162109,0.010101318359375,0.010162353515625,0.0002784729003906,0.072,2
0.0027313232421875,0.0028572082519531,0.0010356903076171,0.0010509490966796,9.632110595703124e-05,0.3,1
0.018951416015625,0.02105712890625,0.0048141479492187,0.0048141479492187,2.86102294921875e-06,0.3,0
0.00262451171875,0.00262451171875,0.000101089477539,0.000101089477539,0.0005369186401367,0.001,2
0.0002717971801757,0.0002660751342773,7.62939453125e-05,7.62939453125e-05,9.5367431640625e-06,0.002,2
0.0,0.0013027191162109,0.0058364868164062,0.006072998046875,0.0024604797363281,0.3,0
0.0052108764648437,0.0052108764648437,0.0018596649169921,0.0018882751464843,0.0001649856567382,0.3,0
0.1009521484375,0.187744140625,0.0005731582641601,0.0005731582641601,0.0005617141723632,0.004,2
0.000889778137207,0.0022506713867187,0.0004739761352539,0.0004749298095703,2.86102294921875e-05,0.3,1
0.0050201416015625,0.006744384765625,0.0011634826660156,0.0016193389892578,6.389617919921875e-05,0.3,0
0.0076141357421875,0.0076141357421875,9.5367431640625e-07,9.5367431640625e-07,0.0,0.001,2
0.0024490356445312,0.0018234252929687,0.0011157989501953,0.0011501312255859,0.0001344680786132,0.3,1
0.0036125183105468,0.0036125183105468,0.0006523132324218,0.0006532669067382,9.5367431640625e-06,0.013,2
0.0024070739746093,0.0024070739746093,0.0013256072998046,0.0019054412841796,0.000563621520996,0.048,1
0.0095367431640625,0.0095367431640625,0.0072784423828125,0.0,0.0006542205810546,0.3,0
0.0,0.0013027191162109,0.0145263671875,0.016815185546875,0.0012760162353515,0.3,0
0.0416259765625,0.0416259765625,0.033935546875,0.03411865234375,0.0002374649047851,0.3,1
0.0022087097167968,0.0022087097167968,0.0008802413940429,0.0008802413940429,0.0008668899536132,0.001,1
0.0037765502929687,0.0022125244140625,0.0018901824951171,0.0019416809082031,3.910064697265625e-05,0.3,1
0.0002698898315429,0.0036964416503906,0.0001497268676757,0.0001564025878906,8.58306884765625e-06,0.3,1
0.00262451171875,0.00262451171875,0.0008888244628906,0.0010643005371093,0.0003223419189453,0.189,1
0.00262451171875,0.00262451171875,0.0003395080566406,0.0007743835449218,0.0002946853637695,0.004,2
0.01116943359375,0.01312255859375,0.0074310302734375,0.01043701171875,0.0011425018310546,0.3,1
0.0097503662109375,0.0097503662109375,0.0027389526367187,0.0059814453125,0.0,0.3,1
0.0,0.00262451171875,0.0,0.0,0.0,0.002,2
0.00390625,0.0051803588867187,0.00274658203125,0.0027503967285156,0.0001487731933593,0.3,1
0.0,0.0013027191162109,0.02197265625,0.024078369140625,0.0005817413330078,0.3,0
0.0,0.0013027191162109,9.5367431640625e-07,9.5367431640625e-07,6.961822509765625e-05,0.003,2
0.00262451171875,0.00262451171875,0.0010738372802734,0.0013160705566406,9.5367431640625e-07,0.3,1
0.0127410888671875,0.016632080078125,0.0075759887695312,0.0076828002929687,0.0006341934204101,0.3,1
0.0001955032348632,0.0001945495605468,9.250640869140624e-05,0.0001029968261718,9.5367431640625e-07,0.3,1
0.000889778137207,0.0022811889648437,0.0004739761352539,0.0004749298095703,2.86102294921875e-05,0.3,1
0.000227928161621,0.0002250671386718,0.000152587890625,0.00018310546875,0.0,0.241,1
0.0106201171875,0.0075759887695312,0.0078277587890625,0.008544921875,4.76837158203125e-06,0.3,1
0.0003118515014648,0.0003204345703125,0.000187873840332,0.0002202987670898,0.0,0.3,1
0.0018234252929687,0.0018234252929687,0.0007400512695312,0.0008964538574218,0.0004997253417968,0.133,1
0.0104217529296875,0.0104217529296875,6.580352783203125e-05,6.961822509765625e-05,2.86102294921875e-06,0.003,2
0.016937255859375,0.016937255859375,0.0058746337890625,0.0060348510742187,0.000533103942871,0.3,0
0.0036125183105468,0.0036125183105468,0.0006523132324218,0.0006532669067382,9.5367431640625e-06,0.013,2
0.0015468597412109,0.0015468597412109,0.0007658004760742,0.0007696151733398,0.0002956390380859,0.3,1
0.0,0.0013027191162109,0.0225830078125,0.02325439453125,0.000579833984375,0.3,0
0.002471923828125,0.01116943359375,0.0011405944824218,0.0011444091796875,0.0001497268676757,0.3,1
0.000227928161621,0.000213623046875,0.000152587890625,0.00018310546875,0.0,0.241,1
0.006683349609375,0.0036125183105468,0.0006771087646484,0.0006790161132812,9.5367431640625e-07,0.3,0
0.0024070739746093,0.0024070739746093,0.0013256072998046,0.0019054412841796,0.000563621520996,0.048,1
0.011016845703125,0.011016845703125,0.0008964538574218,0.000899314880371,7.62939453125e-06,0.3,0
0.0,0.0013027191162109,0.01922607421875,0.0206298828125,0.0021095275878906,0.3,0
0.0,0.0013027191162109,0.0097503662109375,0.0098114013671875,7.05718994140625e-05,0.104,2
0.0073623657226562,0.0066375732421875,0.0026588439941406,0.004180908203125,0.0008888244628906,0.099,1
0.0032501220703125,0.0036849975585937,0.001535415649414,0.0016059875488281,0.000258445739746,0.3,1
0.0016555786132812,0.0016555786132812,0.0014686584472656,0.0014686584472656,0.0005016326904296,0.003,1
0.0,0.0013027191162109,9.5367431640625e-07,9.5367431640625e-07,0.0004138946533203,0.003,2
0.05621337890625,0.056396484375,0.0513916015625,0.0516357421875,0.0019645690917968,0.3,1
0.000441551208496,0.0003433227539062,0.0002832412719726,0.0003013610839843,0.0,0.3,1
0.0025901794433593,0.0026054382324218,0.0013904571533203,0.0013942718505859,0.0002994537353515,0.3,1
0.0,0.0013027191162109,0.020477294921875,0.021209716796875,0.0014228820800781,0.277,0
0.0,0.0010089874267578,0.0001592636108398,0.0001630783081054,2.384185791015625e-05,0.3,0
0.0,0.0013027191162109,0.01824951171875,0.021575927734375,0.0004568099975585,0.165,0
0.0014705657958984,0.0014705657958984,0.0007209777832031,0.0007238388061523,0.0005073547363281,0.3,1
0.011016845703125,0.011016845703125,0.0008964538574218,0.000899314880371,7.62939453125e-06,0.3,0
0.0022125244140625,0.0022125244140625,0.00146484375,0.00146484375,0.0006265640258789,0.015,1
0.0021896362304687,0.0015621185302734,0.0013160705566406,0.0016536712646484,5.7220458984375e-06,0.3,1
0.0052108764648437,0.0052108764648437,0.0018596649169921,0.0018882751464843,0.0001649856567382,0.3,0
0.0,0.0013027191162109,9.5367431640625e-07,9.5367431640625e-07,0.0,0.001,2
0.0052108764648437,0.0052108764648437,0.0010910034179687,0.0011062622070312,0.0003108978271484,0.3,0
0.0106201171875,0.0106201171875,0.0045242309570312,0.004608154296875,0.0001535415649414,0.3,1
0.0106201171875,0.0106201171875,0.0045242309570312,0.004608154296875,0.0001535415649414,0.3,1
0.006683349609375,0.0036125183105468,0.0006771087646484,0.0006790161132812,9.5367431640625e-07,0.3,0
0.006500244140625,0.0065078735351562,9.5367431640625e-07,9.5367431640625e-07,0.0,0.001,2
0.000258445739746,0.0002059936523437,0.0001306533813476,0.0001373291015625,8.58306884765625e-06,0.027,2
0.0104217529296875,0.0104217529296875,0.0013809204101562,0.0024375915527343,0.0002145767211914,0.108,2
0.0,0.0013027191162109,0.02178955078125,0.023406982421875,0.0014266967773437,0.077,0
0.0050125122070312,0.0037307739257812,0.0026702880859375,0.0026702880859375,0.0005407333374023,0.3,1
0.0,0.0013027191162109,0.0020713806152343,0.0020713806152343,0.0001392364501953,0.3,0
0.0,0.00262451171875,0.0,0.0,0.0,0.002,2
0.0052108764648437,0.0052108764648437,0.0010910034179687,0.0011062622070312,0.0003108978271484,0.3,0
0.0026054382324218,0.0026054382324218,0.0013160705566406,0.0017719268798828,0.0001506805419921,0.3,1
0.0106201171875,0.0063629150390625,0.0078277587890625,0.008544921875,4.76837158203125e-06,0.3,1
0.0036125183105468,0.0011405944824218,0.0006980895996093,0.0006999969482421,0.0001230239868164,0.3,0
0.0,0.0032539367675781,9.5367431640625e-05,0.0001039505004882,9.5367431640625e-07,0.3,0
0.0001955032348632,0.000213623046875,9.250640869140624e-05,0.0001029968261718,9.5367431640625e-07,0.3,1
0.041015625,0.0390625,0.0230712890625,0.02325439453125,0.000152587890625,0.3,1
0.0106658935546875,0.0106658935546875,0.0088958740234375,0.0089111328125,1.621246337890625e-05,0.3,1
0.020416259765625,0.018341064453125,0.004669189453125,0.0047760009765625,9.632110595703124e-05,0.199,0
0.0,0.00262451171875,0.0,0.0,0.0,0.002,2
0.0065078735351562,0.0065078735351562,0.0001173019409179,0.0001192092895507,1.9073486328125e-06,0.003,2
0.0,0.0013027191162109,0.0056991577148437,0.007965087890625,0.0005884170532226,0.262,0
0.0078125,0.0057220458984375,0.003875732421875,0.0050201416015625,0.0001335144042968,0.3,1
0.0,0.00262451171875,0.0,0.0,0.0,0.002,2
0.0,0.0003175735473632,0.0002365112304687,0.0002546310424804,9.5367431640625e-07,0.3,0
0.0024757385253906,0.0024757385253906,0.000436782836914,0.0005111694335937,0.0001688003540039,0.028,2
0.0072250366210937,0.0064239501953125,0.0052261352539062,0.0052337646484375,0.0004892349243164,0.3,1
0.0,0.0013027191162109,1.9073486328125e-06,1.9073486328125e-06,0.0004234313964843,0.001,2
0.0014362335205078,0.0041961669921875,0.0011558532714843,0.0011653900146484,8.296966552734375e-05,0.3,1
0.0,0.0045700073242187,0.0041046142578125,0.0041046142578125,0.0003175735473632,0.3,0
0.0416259765625,0.0416259765625,0.0345458984375,0.03466796875,0.0001449584960937,0.3,1
0.009765625,0.009765625,0.001535415649414,0.0015411376953125,0.0005664825439453,0.3,0
0.0,0.0013027191162109,1.9073486328125e-06,2.86102294921875e-06,0.0002756118774414,0.003,2
0.023284912109375,0.023284912109375,0.01824951171875,0.018798828125,0.0006866455078125,0.3,1
0.0,0.0013027191162109,0.000584602355957,0.0007963180541992,0.0004186630249023,0.012,2
0.0002317428588867,0.0001773834228515,8.58306884765625e-06,8.58306884765625e-06,0.0,0.002,2
0.0016555786132812,0.0020866394042968,0.0014686584472656,0.0014686584472656,0.0005016326904296,0.003,1
0.0012702941894531,0.0012702941894531,0.0009822845458984,0.0009841918945312,2.47955322265625e-05,0.295,1
0.0032424926757812,0.0130157470703125,0.0006723403930664,0.0006742477416992,7.62939453125e-06,0.3,0
0.0027313232421875,0.0028572082519531,0.0010356903076171,0.0010509490966796,9.632110595703124e-05,0.3,1
0.0128326416015625,0.014007568359375,0.006103515625,0.0061798095703125,0.0011844635009765,0.3,1
0.00885009765625,0.0055389404296875,0.0042037963867187,0.0042037963867187,0.0009269714355468,0.3,1
0.0019607543945312,0.0055389404296875,0.0012550354003906,0.0015182495117187,4.863739013671875e-05,0.3,1
0.0065078735351562,0.0065078735351562,0.0030097961425781,0.0037956237792968,0.0004444122314453,0.097,1
0.006683349609375,0.0036125183105468,0.0006961822509765,0.0006980895996093,1.1444091796875e-05,0.3,0
0.0027542114257812,0.0027580261230468,0.0004138946533203,0.0004158020019531,0.0002212524414062,0.3,0
0.0002317428588867,0.0002088546752929,8.58306884765625e-06,8.58306884765625e-06,0.0,0.002,2
0.0002317428588867,0.000166893005371,8.58306884765625e-06,8.58306884765625e-06,0.0,0.002,2
0.1024169921875,0.1019287109375,0.04718017578125,0.04718017578125,0.0009737014770507,0.3,3
0.0,0.0013027191162109,0.0069580078125,0.0104522705078125,0.0002956390380859,0.3,0
0.0,0.0015468597412109,0.0010986328125,0.0011024475097656,0.0003385543823242,0.3,0
0.0,0.04583740234375,0.0001163482666015,0.0001201629638671,2.86102294921875e-06,0.3,0
0.0023689270019531,0.0023689270019531,2.6702880859375e-05,2.86102294921875e-05,0.0005807876586914,0.003,2
0.01055908203125,0.01055908203125,0.0047836303710937,0.0055313110351562,0.000162124633789,0.3,1
0.0,0.0013027191162109,0.009002685546875,0.0100555419921875,0.001138687133789,0.3,0
0.0,0.0047225952148437,0.0042495727539062,0.0042572021484375,0.0001964569091796,0.3,0
0.0030937194824218,0.00262451171875,0.002105712890625,0.0022773742675781,2.86102294921875e-05,0.3,1
0.03460693359375,0.03460693359375,0.0179443359375,0.01800537109375,9.5367431640625e-07,0.206,1
0.013397216796875,0.013397216796875,4.38690185546875e-05,4.38690185546875e-05,0.001382827758789,0.001,2
0.0012702941894531,0.0012702941894531,0.0009822845458984,0.0009841918945312,2.47955322265625e-05,0.295,1
0.000227928161621,0.000223159790039,0.000152587890625,0.00018310546875,0.0,0.241,1
0.0016155242919921,0.0016155242919921,3.337860107421875e-05,3.337860107421875e-05,8.58306884765625e-06,0.002,2
0.0002717971801757,0.0002717971801757,7.62939453125e-05,7.62939453125e-05,9.5367431640625e-06,0.002,2
0.04888916015625,0.0123748779296875,0.04376220703125,0.0443115234375,0.0005741119384765,0.3,1
0.0052108764648437,0.0052108764648437,0.0030326843261718,0.0034713745117187,0.0001544952392578,0.3,1
0.0052108764648437,0.0052108764648437,0.0010910034179687,0.0011062622070312,0.0003108978271484,0.3,0
0.000227928161621,0.0002260208129882,0.000152587890625,0.00018310546875,0.0,0.241,1
0.0019149780273437,0.0019035339355468,0.0015373229980468,0.0015621185302734,5.245208740234375e-05,0.3,1
0.0052108764648437,0.0052108764648437,0.0010910034179687,0.0011062622070312,0.0003108978271484,0.3,0
0.016265869140625,0.01458740234375,0.0035629272460937,0.0036544799804687,0.0003004074096679,0.3,0
0.0019607543945312,0.0017166137695312,0.0014934539794921,0.0015754699707031,0.0005989074707031,0.045,1
0.006683349609375,0.0036125183105468,0.0006771087646484,0.0006790161132812,9.5367431640625e-07,0.3,0
0.0001955032348632,0.0002002716064453,9.250640869140624e-05,0.0001029968261718,9.5367431640625e-07,0.3,1
0.0,0.0013027191162109,9.5367431640625e-07,9.5367431640625e-07,0.0004491806030273,0.003,2
0.0,0.0013027191162109,0.020233154296875,0.02099609375,0.0012550354003906,0.3,0
0.00262451171875,0.00262451171875,0.0009384155273437,0.0015068054199218,0.0005674362182617,0.3,1
0.0029792785644531,0.0029792785644531,0.0006160736083984,0.0006170272827148,9.5367431640625e-07,0.3,0
0.0,0.0001649856567382,0.0001659393310546,0.0001697540283203,9.5367431640625e-06,0.3,0
0.00262451171875,0.00262451171875,0.0012969970703125,0.0013771057128906,1.1444091796875e-05,0.043,2
0.0023918151855468,0.0021018981933593,9.5367431640625e-07,9.5367431640625e-07,0.0,0.001,2
0.0047225952148437,0.00946044921875,0.0027847290039062,0.0027923583984375,0.0001440048217773,0.007,1
0.0,0.18798828125,0.0029258728027343,0.0029335021972656,0.0005111694335937,0.3,0
0.0,0.0013027191162109,0.021514892578125,0.02197265625,0.002471923828125,0.3,0
0.0123748779296875,0.0123748779296875,5.14984130859375e-05,5.14984130859375e-05,0.0002498626708984,0.001,2
0.008819580078125,0.0007619857788085,0.0035324096679687,0.0035743713378906,0.000950813293457,0.3,1
0.0,0.0017528533935546,0.0001430511474609,0.0001468658447265,2.288818359375e-05,0.3,0
0.0032539367675781,0.0032539367675781,0.0008363723754882,0.0008401870727539,0.0003166198730468,0.3,0
0.0061264038085937,0.0061264038085937,0.0012779235839843,0.0012779235839843,0.0001411437988281,0.3,0
0.0,0.0013027191162109,0.0069580078125,0.0104522705078125,0.0002956390380859,0.3,0
0.009765625,0.009765625,0.001535415649414,0.0015411376953125,0.0005664825439453,0.3,0
0.0,0.0001649856567382,0.00018310546875,0.0001850128173828,5.054473876953125e-05,0.3,0
0.0104217529296875,0.0104217529296875,6.580352783203125e-05,6.961822509765625e-05,2.86102294921875e-06,0.003,2
0.0,0.0062637329101562,0.0009031295776367,0.0009183883666992,0.0002346038818359,0.3,0
0.0032501220703125,0.0036849975585937,0.001535415649414,0.0016059875488281,0.000258445739746,0.3,1
0.011383056640625,0.020263671875,0.001138687133789,0.0011425018310546,0.000319480895996,0.3,0
0.0058135986328125,0.0058135986328125,0.0032463073730468,0.0041122436523437,0.0018157958984375,0.248,1
0.01116943359375,0.01116943359375,0.0072097778320312,0.0105438232421875,0.0009098052978515,0.3,1
0.0023880004882812,0.0023880004882812,0.0017070770263671,0.0021171569824218,0.0003881454467773,0.159,1
0.0001964569091796,0.0002088546752929,9.34600830078125e-05,0.000101089477539,0.0,0.3,1
0.0052108764648437,0.0052108764648437,0.0010910034179687,0.0011062622070312,0.0003108978271484,0.3,0
0.0,0.05078125,0.000885009765625,0.0009031295776367,0.000227928161621,0.3,0
0.0015621185302734,0.0015621185302734,0.0009822845458984,0.0013809204101562,0.0002288818359375,0.3,1
0.00262451171875,0.00262451171875,9.441375732421876e-05,9.441375732421876e-05,6.67572021484375e-06,0.001,2
0.0,0.0013027191162109,0.01922607421875,0.0206298828125,0.0021095275878906,0.3,0
0.0043563842773437,0.003875732421875,0.0027618408203125,0.002777099609375,0.0002174377441406,0.3,1
0.0028572082519531,0.0028572082519531,0.0012397766113281,0.0012702941894531,0.0005664825439453,0.3,1
0.0106201171875,0.003814697265625,0.0078277587890625,0.008544921875,4.76837158203125e-06,0.3,1
0.0,0.0013027191162109,0.0097503662109375,0.0098114013671875,7.05718994140625e-05,0.104,2
0.0052108764648437,0.0052108764648437,0.0018596649169921,0.0018882751464843,0.0001649856567382,0.3,0
0.006500244140625,0.0065078735351562,9.5367431640625e-07,9.5367431640625e-07,0.0,0.001,2
0.0050125122070312,0.0045166015625,0.0026702880859375,0.0026702880859375,0.0005407333374023,0.3,1
0.0052108764648437,0.0052108764648437,0.0016651153564453,0.001749038696289,5.91278076171875e-05,0.3,0
0.009765625,0.009765625,0.0017452239990234,0.0017452239990234,0.0005474090576171,0.3,0
0.078125,0.078125,0.0738525390625,0.0750732421875,0.0005884170532226,0.3,3
0.00726318359375,0.0072555541992187,0.005401611328125,0.0054092407226562,0.0004854202270507,0.3,1
0.1024169921875,0.1019287109375,0.04718017578125,0.04718017578125,0.0009737014770507,0.3,3
0.00262451171875,0.00262451171875,0.000762939453125,0.0007638931274414,0.0005645751953125,0.023,2
0.0030326843261718,0.0012798309326171,0.000838279724121,0.0008430480957031,0.0002660751342773,0.3,0
0.0002317428588867,0.0001993179321289,8.58306884765625e-06,8.58306884765625e-06,0.0,0.002,2
0.005859375,0.005859375,0.003662109375,0.00408935546875,0.0005130767822265,0.3,1
0.0052871704101562,0.0055084228515625,7.62939453125e-05,7.62939453125e-05,0.0018939971923828,0.002,2
0.0,0.00262451171875,0.0,0.0,0.0,0.002,2
0.0036125183105468,0.0036125183105468,0.0006799697875976,0.000680923461914,3.0517578125e-05,0.3,0
0.006500244140625,0.0065078735351562,9.5367431640625e-07,9.5367431640625e-07,0.0,0.001,2
0.0,0.0013027191162109,0.0056991577148437,0.007965087890625,0.0005884170532226,0.262,0
0.1875,0.189697265625,0.11328125,0.1134033203125,0.0004892349243164,0.3,3
0.0,0.0013027191162109,0.0052871704101562,0.0052947998046875,0.0024795532226562,0.3,0
0.0052108764648437,0.00341796875,0.0030326843261718,0.0034713745117187,0.0001544952392578,0.3,1
0.0,0.0013027191162109,9.5367431640625e-07,9.5367431640625e-07,0.0004177093505859,0.004,2
0.0076828002929687,0.0076828002929687,0.0040664672851562,0.0040817260742187,0.0001688003540039,0.3,1
0.0052108764648437,0.0052108764648437,0.0018596649169921,0.0018882751464843,0.0001649856567382,0.3,0
0.006683349609375,0.0036125183105468,0.0006961822509765,0.0006980895996093,1.1444091796875e-05,0.3,0
0.006011962890625,0.0057296752929687,0.0038948059082031,0.0039215087890625,0.000248908996582,0.3,1
0.00213623046875,0.0018234252929687,0.0014305114746093,0.0018234252929687,4.00543212890625e-05,0.3,1
0.0106201171875,0.0106201171875,0.0078277587890625,0.008544921875,4.76837158203125e-06,0.3,1
0.0076141357421875,0.0060195922851562,9.5367431640625e-07,9.5367431640625e-07,0.0,0.001,2
0.00262451171875,0.00262451171875,9.441375732421876e-05,9.441375732421876e-05,6.67572021484375e-06,0.001,2
0.0032501220703125,0.0036849975585937,0.001535415649414,0.0016059875488281,0.000258445739746,0.3,1
0.00262451171875,0.00262451171875,0.001230239868164,0.0014152526855468,8.7738037109375e-05,0.3,1
0.0002317428588867,0.0002155303955078,8.58306884765625e-06,8.58306884765625e-06,0.0,0.002,2
0.0106201171875,0.01519775390625,0.0078277587890625,0.008544921875,4.76837158203125e-06,0.3,1
0.0,0.0013027191162109,0.01922607421875,0.0206298828125,0.0021095275878906,0.3,0
0.006500244140625,0.0065078735351562,9.5367431640625e-07,9.5367431640625e-07,0.0,0.001,2
0.006500244140625,0.0065078735351562,9.5367431640625e-07,9.5367431640625e-07,0.0,0.001,2
0.0052108764648437,0.0052108764648437,0.00115966796875,0.0011615753173828,0.0002899169921875,0.3,0
0.0069580078125,0.006622314453125,0.0039024353027343,0.00390625,0.0001173019409179,0.3,1
0.0416259765625,0.0416259765625,0.033935546875,0.03411865234375,0.0002374649047851,0.3,1
0.0097503662109375,0.0097503662109375,0.008697509765625,0.008697509765625,1.049041748046875e-05,0.3,1
0.006683349609375,0.0036125183105468,0.0006961822509765,0.0006980895996093,1.1444091796875e-05,0.3,0
0.0016555786132812,0.0016555786132812,0.0014686584472656,0.0014686584472656,0.0005016326904296,0.003,1
0.00885009765625,0.009918212890625,0.0042037963867187,0.0042037963867187,0.0009269714355468,0.3,1
0.0032691955566406,0.00335693359375,0.0006446838378906,0.000676155090332,0.0001869201660156,0.058,2
0.005096435546875,0.19970703125,0.0046539306640625,0.0,0.0003347396850585,0.3,1
0.0,0.0013027191162109,9.5367431640625e-07,9.5367431640625e-07,1.1444091796875e-05,0.001,2
0.0052108764648437,0.0052108764648437,0.0009660720825195,0.0009727478027343,0.0005407333374023,0.3,0
0.030303955078125,0.016143798828125,0.0154571533203125,0.0155181884765625,0.0005397796630859,0.3,1
0.027862548828125,0.025665283203125,0.002777099609375,0.0027847290039062,0.000554084777832,0.226,0
0.011016845703125,0.011016845703125,0.0008964538574218,0.000899314880371,7.62939453125e-06,0.3,0
0.0,0.00262451171875,0.0,0.0,0.0,0.002,2
0.0,0.0013027191162109,0.0076751708984375,0.0087738037109375,0.0008134841918945,0.3,0
0.0,0.0013027191162109,0.0084991455078125,0.0092010498046875,0.0005226135253906,0.3,0
0.01116943359375,0.01116943359375,0.0072097778320312,0.0105438232421875,0.0009098052978515,0.3,1
0.006500244140625,0.0065078735351562,0.0006999969482421,0.0007591247558593,0.0003204345703125,0.017,2
0.1875,0.1041259765625,0.129638671875,0.129638671875,0.0017356872558593,0.3,3
0.0,0.0013027191162109,0.0018444061279296,0.0019989013671875,0.0014114379882812,0.3,0
0.028656005859375,0.028656005859375,0.02264404296875,0.02264404296875,3.814697265625e-06,0.3,1
0.0107879638671875,0.008575439453125,0.0074691772460937,0.0074920654296875,0.000314712524414,0.3,1
0.0001955032348632,0.000213623046875,9.250640869140624e-05,0.0001029968261718,9.5367431640625e-07,0.3,1
0.009765625,0.009765625,0.0017452239990234,0.0017452239990234,0.0005474090576171,0.3,0
0.0052108764648437,0.0052108764648437,0.0018596649169921,0.0018882751464843,0.0001649856567382,0.3,0
0.006500244140625,0.0065078735351562,9.5367431640625e-07,9.5367431640625e-07,0.0,0.001,2
0.0032501220703125,0.0036849975585937,0.001535415649414,0.0016059875488281,0.000258445739746,0.3,1
0.0,0.0013027191162109,0.0006227493286132,0.0007762908935546,0.0005273818969726,0.01,2
0.0025901794433593,0.0026054382324218,0.0013904571533203,0.0013942718505859,0.0002994537353515,0.3,1
0.006500244140625,0.0065078735351562,9.5367431640625e-07,9.5367431640625e-07,0.0,0.001,2
0.0,0.0013027191162109,0.0047683715820312,0.006622314453125,0.0013637542724609,0.3,0
0.021331787109375,0.05023193359375,0.0020523071289062,0.0020637512207031,0.0006341934204101,0.3,0
0.0,0.0059738159179687,0.0037307739257812,0.0037612915039062,0.0009212493896484,0.3,0
0.0065078735351562,0.0065078735351562,0.0013866424560546,0.0025978088378906,1.9073486328125e-06,0.002,2
0.008819580078125,0.001718521118164,0.0038261413574218,0.0038681030273437,0.0008192062377929,0.3,1
0.0052108764648437,0.0052108764648437,0.0010910034179687,0.0011062622070312,0.0003108978271484,0.3,0
0.0001955032348632,0.000192642211914,9.250640869140624e-05,0.0001029968261718,9.5367431640625e-07,0.3,1
0.0052108764648437,0.0052108764648437,0.0018596649169921,0.0018882751464843,0.0001649856567382,0.3,0
0.0001955032348632,0.000197410583496,9.250640869140624e-05,0.0001029968261718,9.5367431640625e-07,0.3,1
0.0,0.0001649856567382,0.000126838684082,0.0001659393310546,1.430511474609375e-05,0.3,0
0.0003595352172851,0.000375747680664,0.0002012252807617,0.0002307891845703,0.0,0.3,1
0.0,0.0013027191162109,0.0,0.0,0.0,0.001,2
0.001718521118164,0.0015621185302734,0.0014057159423828,0.0015621185302734,1.239776611328125e-05,0.3,1
0.006500244140625,0.0065078735351562,0.0006999969482421,0.0007591247558593,0.0003204345703125,0.017,2
0.011016845703125,0.011016845703125,0.0008964538574218,0.000899314880371,7.62939453125e-06,0.3,0
0.0,0.0013027191162109,0.0126495361328125,0.012786865234375,0.0005807876586914,0.3,0
0.010894775390625,0.010894775390625,0.0097198486328125,0.009857177734375,0.0006847381591796,0.3,1
0.0052108764648437,0.0052108764648437,0.0016651153564453,0.001749038696289,5.91278076171875e-05,0.3,0
0.011016845703125,0.011016845703125,0.0008964538574218,0.000899314880371,7.62939453125e-06,0.3,0
0.0,0.00262451171875,0.0,0.0,0.0,0.002,2
0.00262451171875,0.00262451171875,0.0011024475097656,0.001443862915039,5.7220458984375e-06,0.3,1
0.0052871704101562,0.0052871704101562,7.62939453125e-05,7.62939453125e-05,0.0018939971923828,0.002,2
0.0,0.0013027191162109,0.0052871704101562,0.0052947998046875,0.0024795532226562,0.3,0
0.0,0.0013027191162109,1.9073486328125e-06,1.9073486328125e-06,0.0004234313964843,0.001,2
0.0026054382324218,0.0026054382324218,0.0013160705566406,0.0017719268798828,0.0001506805419921,0.3,1
0.006683349609375,0.0036125183105468,0.0006771087646484,0.0006790161132812,9.5367431640625e-07,0.3,0
0.0,0.00262451171875,0.0,0.0,0.0,0.002,2
0.0002317428588867,0.0002155303955078,8.58306884765625e-06,8.58306884765625e-06,0.0,0.002,2
0.0002717971801757,0.0002956390380859,7.62939453125e-05,7.62939453125e-05,9.5367431640625e-06,0.002,2
0.0009822845458984,0.0009584426879882,0.0005512237548828,0.0005521774291992,4.38690185546875e-05,0.3,1
0.0,0.005859375,0.0049514770507812,0.0059280395507812,0.0,0.3,0
0.000227928161621,0.000223159790039,0.000152587890625,0.00018310546875,0.0,0.241,1
0.0,0.00262451171875,0.0,0.0,0.0,0.002,2
0.0,0.0038795471191406,0.0012741088867187,0.0012741088867187,0.0010452270507812,0.019,2
0.0024490356445312,0.0018234252929687,0.0016365051269531,0.0016403198242187,8.487701416015625e-05,0.3,1
0.00262451171875,0.00262451171875,0.0009384155273437,0.0015068054199218,0.0005674362182617,0.3,1
0.0,0.0013027191162109,0.0005998611450195,0.0008087158203125,0.0003271102905273,0.08,2
0.008819580078125,0.0017051696777343,0.0035324096679687,0.0035743713378906,0.000950813293457,0.3,1
0.013092041015625,0.013092041015625,0.0101776123046875,0.01019287109375,0.0012454986572265,0.3,1
0.0025558471679687,0.0025558471679687,1.9073486328125e-06,1.9073486328125e-06,0.0,0.001,2
0.006683349609375,0.0036125183105468,0.0006771087646484,0.0006790161132812,9.5367431640625e-07,0.3,0
0.041015625,0.0390625,0.0230712890625,0.02325439453125,0.000152587890625,0.3,1
0.00262451171875,0.00262451171875,0.0012931823730468,0.0014820098876953,0.000558853149414,0.3,1
0.0022010803222656,0.0044174194335937,0.0003013610839843,0.0003623962402343,0.0,0.004,2
0.009368896484375,0.154052734375,1.9073486328125e-05,2.09808349609375e-05,0.0,0.01,2
0.0,0.0013027191162109,1.9073486328125e-06,1.9073486328125e-06,0.0014858245849609,0.001,2
0.01116943359375,0.01116943359375,0.0072097778320312,0.0105438232421875,0.0009098052978515,0.3,1
0.024200439453125,0.0091094970703125,0.0077438354492187,0.008087158203125,0.0028572082519531,0.3,0
0.027862548828125,0.025665283203125,0.002777099609375,0.0027847290039062,0.000554084777832,0.226,0
0.0225830078125,0.019561767578125,0.0106201171875,0.0107421875,0.0006294250488281,0.3,1
0.024200439453125,0.0022239685058593,0.0077438354492187,0.008087158203125,0.0028572082519531,0.3,0
0.000227928161621,0.0002164840698242,0.000152587890625,0.00018310546875,0.0,0.241,1
0.006622314453125,0.006622314453125,0.0053329467773437,0.0058517456054687,0.0006055831909179,0.3,1
0.0052108764648437,0.0052108764648437,0.0010910034179687,0.0011062622070312,0.0003108978271484,0.3,0
0.0849609375,0.0849609375,9.5367431640625e-07,9.5367431640625e-07,0.0,0.001,2
0.00390625,0.00390625,0.001190185546875,0.001199722290039,0.0001144409179687,0.3,0
0.0,0.0013027191162109,0.000244140625,0.0007143020629882,0.0004196166992187,0.004,2
0.0,0.0013027191162109,0.0052871704101562,0.0052947998046875,0.0024795532226562,0.3,0
0.0,0.0013027191162109,1.9073486328125e-06,1.9073486328125e-06,9.822845458984376e-05,0.005,2
0.0,0.0026054382324218,0.0040740966796875,0.0040817260742187,0.0003738403320312,0.3,0
0.0024070739746093,0.0024070739746093,0.0013256072998046,0.0019054412841796,0.000563621520996,0.048,1
0.0002098083496093,0.0002098083496093,1.049041748046875e-05,1.1444091796875e-05,9.5367431640625e-06,0.004,2
0.0047073364257812,0.0047073364257812,0.0023193359375,0.004180908203125,0.0009622573852539,0.107,1
0.00390625,0.00390625,0.0013618469238281,0.0017433166503906,0.000253677368164,0.3,1
0.0036201477050781,0.0036239624023437,0.0025215148925781,0.0025291442871093,0.0005388259887695,0.3,1
0.0002355575561523,0.0002355575561523,7.62939453125e-06,7.62939453125e-06,9.5367431640625e-07,0.002,2
0.1875,0.1041259765625,0.129638671875,0.129638671875,0.0017356872558593,0.3,3
0.0002546310424804,0.0002546310424804,0.0001649856567382,0.0001821517944335,5.14984130859375e-05,0.023,1
0.0018882751464843,0.0018882751464843,9.5367431640625e-05,9.5367431640625e-05,0.0005245208740234,0.004,2
0.0056076049804687,0.0011005401611328,0.0044479370117187,0.0044479370117187,0.0,0.014,1
0.0001955032348632,0.0001945495605468,9.250640869140624e-05,0.0001029968261718,9.5367431640625e-07,0.3,1
0.0,0.0013027191162109,0.0004510879516601,0.0006294250488281,7.05718994140625e-05,0.3,0
0.0025405883789062,0.0075225830078125,0.0003881454467773,0.0004396438598632,0.0003280639648437,0.003,2
0.0,0.0013027191162109,0.021514892578125,0.02197265625,0.002471923828125,0.3,0
0.078125,0.078125,0.0738525390625,0.0750732421875,0.0005884170532226,0.3,3
0.0,0.0013027191162109,0.0066070556640625,0.0111846923828125,0.0007076263427734,0.3,0
0.011016845703125,0.011016845703125,0.0008964538574218,0.000899314880371,7.62939453125e-06,0.3,0
0.0032539367675781,0.0032539367675781,0.0013999938964843,0.0013999938964843,0.0004243850708007,0.009,2
0.0,0.0053253173828125,0.0019092559814453,0.0019187927246093,0.0002670288085937,0.3,0
0.0,0.0013027191162109,0.0046768188476562,0.0055618286132812,0.0023994445800781,0.3,0
0.027435302734375,0.0118255615234375,0.008941650390625,0.009735107421875,0.0015487670898437,0.3,0
0.010894775390625,0.010894775390625,0.0097198486328125,0.009857177734375,0.0006847381591796,0.3,1
0.000227928161621,0.000227928161621,0.000152587890625,0.00018310546875,0.0,0.241,1
0.0002965927124023,0.0002937316894531,0.00018310546875,0.0001907348632812,0.0,0.3,1
0.0,0.0013027191162109,0.0066299438476562,0.0099639892578125,0.0009479522705078,0.3,0
0.0,0.0044479370117187,0.0041580200195312,0.0041580200195312,0.0002593994140625,0.3,0
0.0021171569824218,0.016937255859375,0.0015010833740234,0.0018024444580078,4.76837158203125e-05,0.3,1
0.0052108764648437,0.0073318481445312,0.0009660720825195,0.0009727478027343,0.0005407333374023,0.3,0
0.0032501220703125,0.0036849975585937,0.001535415649414,0.0016059875488281,0.000258445739746,0.3,1
0.002960205078125,0.002960205078125,0.0018692016601562,0.0019054412841796,6.67572021484375e-06,0.3,1
0.0015621185302734,0.0015621185302734,0.0010204315185546,0.0013542175292968,0.0002079010009765,0.145,1
0.0065078735351562,0.0065078735351562,0.0013866424560546,0.0025978088378906,1.9073486328125e-06,0.002,2
0.0052871704101562,0.0052871704101562,7.62939453125e-05,7.62939453125e-05,0.0018939971923828,0.002,2
0.0021896362304687,0.0015621185302734,0.0013236999511718,0.0016326904296875,4.9591064453125e-05,0.3,1
0.0131072998046875,0.0073699951171875,0.0042190551757812,0.0042495727539062,0.0001821517944335,0.3,0
0.0104217529296875,0.0104217529296875,6.580352783203125e-05,6.961822509765625e-05,2.86102294921875e-06,0.003,2
0.0,0.0038566589355468,0.001953125,0.0019645690917968,0.0008172988891601,0.3,0
0.00390625,0.00390625,0.00164794921875,0.00262451171875,0.0014572143554687,0.3,1
0.019500732421875,0.0036125183105468,0.0010566711425781,0.0011539459228515,1.9073486328125e-06,0.3,0
0.0083770751953125,0.0066986083984375,0.001077651977539,0.0012893676757812,0.0004167556762695,0.3,0
0.0032501220703125,0.0036849975585937,0.001535415649414,0.0016059875488281,0.000258445739746,0.3,1
0.0,0.0013027191162109,1.9073486328125e-06,1.9073486328125e-06,0.0004234313964843,0.001,2
0.005096435546875,0.005096435546875,0.0046157836914062,0.0,0.0002307891845703,0.3,1
0.0031509399414062,0.0031509399414062,1.239776611328125e-05,1.239776611328125e-05,0.0002708435058593,0.002,2
0.0022125244140625,0.0022125244140625,0.001617431640625,0.001657485961914,0.0003566741943359,0.3,1
0.011016845703125,0.011016845703125,0.0008964538574218,0.000899314880371,7.62939453125e-06,0.3,0
0.0018463134765625,0.0016155242919921,0.0016365051269531,0.0016460418701171,0.0005378723144531,0.003,1
0.0052108764648437,0.0052108764648437,0.0010910034179687,0.0011062622070312,0.0003108978271484,0.3,0
0.0,0.0040359497070312,0.000126838684082,0.0001306533813476,1.811981201171875e-05,0.3,0
0.017242431640625,0.0142822265625,0.0047531127929687,0.0055007934570312,0.0007781982421875,0.3,0
0.0,0.00262451171875,0.0,0.0,0.0,0.002,2
0.006683349609375,0.0036125183105468,0.0006961822509765,0.0006980895996093,1.1444091796875e-05,0.3,0
0.0104217529296875,0.0104217529296875,6.580352783203125e-05,6.961822509765625e-05,2.86102294921875e-06,0.003,2
0.011016845703125,0.011016845703125,0.0008964538574218,0.000899314880371,7.62939453125e-06,0.3,0
0.0,0.0013027191162109,0.0052871704101562,0.0052947998046875,0.0024795532226562,0.3,0
0.0001955032348632,0.000192642211914,9.250640869140624e-05,0.0001029968261718,9.5367431640625e-07,0.3,1
0.078125,0.078125,0.0738525390625,0.0750732421875,0.0005884170532226,0.3,3
0.0,0.0013027191162109,0.0052871704101562,0.0052947998046875,0.0024795532226562,0.3,0
0.0026054382324218,0.015350341796875,9.632110595703124e-05,9.72747802734375e-05,0.0002813339233398,0.003,2
0.011016845703125,0.011016845703125,0.0008964538574218,0.000899314880371,7.62939453125e-06,0.3,0
0.006500244140625,0.0065078735351562,9.5367431640625e-07,9.5367431640625e-07,0.0,0.001,2
0.0017166137695312,0.0017166137695312,0.0005979537963867,0.0005979537963867,0.0005979537963867,0.002,2
0.0,0.0013027191162109,0.0052871704101562,0.0052947998046875,0.0024795532226562,0.3,0
0.0004310607910156,0.0003652572631835,0.0002689361572265,0.0003032684326171,9.5367431640625e-07,0.3,1
0.006683349609375,0.0036125183105468,0.0006771087646484,0.0006790161132812,9.5367431640625e-07,0.3,0
0.0002050399780273,0.0003252029418945,0.0001354217529296,0.0001382827758789,4.1961669921875e-05,0.3,1
0.0035858154296875,0.003509521484375,0.0012149810791015,0.0012474060058593,7.534027099609375e-05,0.3,0
0.0052108764648437,0.0052108764648437,0.0010910034179687,0.0011062622070312,0.0003108978271484,0.3,0
0.0032501220703125,0.0036849975585937,0.001535415649414,0.0016059875488281,0.000258445739746,0.3,1
0.0006361007690429,0.0006361007690429,0.0005207061767578,0.000579833984375,0.0001449584960937,0.081,1
0.0,0.0044174194335937,0.0001802444458007,0.0002002716064453,1.33514404296875e-05,0.3,0
0.0,0.0013027191162109,0.0155792236328125,0.015594482421875,0.0009975433349609,0.3,0
0.0052108764648437,0.0052108764648437,0.0016651153564453,0.001749038696289,5.91278076171875e-05,0.3,0
0.0034217834472656,0.0065078735351562,0.0019359588623046,0.001983642578125,0.000162124633789,0.3,1
0.0032539367675781,0.0032539367675781,0.0013999938964843,0.0013999938964843,0.0004243850708007,0.009,2
0.0019607543945312,0.0017166137695312,0.0014934539794921,0.0015754699707031,0.0005989074707031,0.045,1
0.0001955032348632,0.0001945495605468,9.250640869140624e-05,0.0001029968261718,9.5367431640625e-07,0.3,1
0.0,0.005859375,0.0049362182617187,0.0058746337890625,1.52587890625e-05,0.3,0
0.0106201171875,0.0029869079589843,0.0078277587890625,0.008544921875,4.76837158203125e-06,0.3,1
0.0,0.0013027191162109,0.0076751708984375,0.0087738037109375,0.0008134841918945,0.3,0
0.0052871704101562,0.0052871704101562,7.62939453125e-05,7.62939453125e-05,0.0018939971923828,0.002,2
0.0017509460449218,0.0017509460449218,0.0012092590332031,0.0015220642089843,8.20159912109375e-05,0.3,1
0.0025901794433593,0.0026054382324218,0.0013904571533203,0.0013942718505859,0.0002994537353515,0.3,1
0.0026054382324218,0.0026054382324218,0.0007457733154296,0.000746726989746,1.9073486328125e-05,0.032,2
0.0,0.0013027191162109,0.0007295608520507,0.0007305145263671,0.0004568099975585,0.3,0
0.00390625,0.0118255615234375,0.0031204223632812,0.0031280517578125,2.002716064453125e-05,0.3,1
0.0051422119140625,0.0051422119140625,0.0029983520507812,0.0030746459960937,0.0001277923583984,0.3,1
0.0002927780151367,0.0003347396850585,0.0001649856567382,0.0002050399780273,7.62939453125e-06,0.3,1
0.0052108764648437,0.0052108764648437,0.0009660720825195,0.0009727478027343,0.0005407333374023,0.3,0
0.0017833709716796,0.0014705657958984,0.0010604858398437,0.0012435913085937,4.673004150390625e-05,0.3,1
0.0016155242919921,0.0016155242919921,3.337860107421875e-05,3.337860107421875e-05,8.58306884765625e-06,0.002,2
0.00262451171875,0.00262451171875,0.001230239868164,0.0014152526855468,8.7738037109375e-05,0.3,1
0.0849609375,0.0849609375,9.5367431640625e-07,9.5367431640625e-07,0.0,0.001,2
0.0032501220703125,0.0036849975585937,0.001535415649414,0.0016059875488281,0.000258445739746,0.3,1
0.0,0.0013027191162109,0.014862060546875,0.01495361328125,0.0007925033569335,0.3,0
0.0,0.0013027191162109,0.0069580078125,0.0104522705078125,0.0002956390380859,0.3,0
0.0032539367675781,0.0032539367675781,0.0013999938964843,0.0013999938964843,0.0004243850708007,0.009,2
0.0,0.0013027191162109,0.0063858032226562,0.017059326171875,0.0011215209960937,0.3,0
0.0002098083496093,0.000213623046875,1.049041748046875e-05,1.1444091796875e-05,9.5367431640625e-06,0.004,2
0.0,0.0013027191162109,0.0126495361328125,0.012786865234375,0.0005807876586914,0.3,0
0.006683349609375,0.0036125183105468,0.0006771087646484,0.0006790161132812,9.5367431640625e-07,0.3,0
0.1875,0.1041259765625,0.129638671875,0.129638671875,0.0017356872558593,0.3,3
0.0094757080078125,0.0094757080078125,0.0014076232910156,0.0014095306396484,0.0,0.3,0
0.017242431640625,0.0142822265625,0.0047531127929687,0.0055007934570312,0.0007781982421875,0.3,0
0.0024490356445312,0.0018234252929687,0.0011157989501953,0.0011501312255859,0.0001344680786132,0.3,1
0.0106201171875,0.0106201171875,0.0045242309570312,0.004608154296875,0.0001535415649414,0.3,1
0.00262451171875,0.00262451171875,0.0011024475097656,0.001443862915039,5.7220458984375e-06,0.3,1
0.0094451904296875,0.0073699951171875,0.0023117065429687,0.0024642944335937,0.0002059936523437,0.3,0
0.0016536712646484,0.0016536712646484,0.0009641647338867,0.0009651184082031,0.0001258850097656,0.3,1
0.011383056640625,0.011383056640625,0.001138687133789,0.0011425018310546,0.000319480895996,0.3,0
0.0029716491699218,0.0015621185302734,0.0021476745605468,0.0023918151855468,5.91278076171875e-05,0.3,1
0.0061264038085937,0.00482177734375,0.0012779235839843,0.0012779235839843,0.0001411437988281,0.3,0
0.027435302734375,0.0118255615234375,0.008941650390625,0.009735107421875,0.0015487670898437,0.3,0
0.0,0.0013027191162109,0.006134033203125,0.0084228515625,0.0014801025390625,0.3,0
0.0041885375976562,0.0024795532226562,9.72747802734375e-05,9.72747802734375e-05,0.0001630783081054,0.001,2
0.0002317428588867,0.0002088546752929,8.58306884765625e-06,8.58306884765625e-06,0.0,0.002,2
0.0,0.0013027191162109,0.0070266723632812,0.0145416259765625,0.0015735626220703,0.3,0
0.0017166137695312,0.0017166137695312,0.0005979537963867,0.0005979537963867,0.0005979537963867,0.002,2
0.0002546310424804,0.0002546310424804,0.0001649856567382,0.0001754760742187,3.528594970703125e-05,0.091,1
0.006683349609375,0.0036125183105468,0.0006961822509765,0.0006980895996093,1.1444091796875e-05,0.3,0
0.00390625,0.00390625,0.00164794921875,0.00262451171875,0.0014572143554687,0.3,1
0.0,0.0013027191162109,0.0031471252441406,0.008331298828125,0.0008134841918945,0.254,0
0.0,0.0013027191162109,0.0047683715820312,0.006622314453125,0.0013637542724609,0.3,0
0.05462646484375,0.040771484375,0.0069808959960937,0.006988525390625,0.0006074905395507,0.251,0
0.0025749206542968,0.0026206970214843,0.0007123947143554,0.0007171630859375,0.0007448196411132,0.003,2
0.011016845703125,0.011016845703125,0.0008964538574218,0.000899314880371,7.62939453125e-06,0.3,0
0.0001955032348632,0.000192642211914,9.250640869140624e-05,0.0001029968261718,9.5367431640625e-07,0.3,1
0.0052108764648437,0.0052108764648437,0.0009660720825195,0.0009727478027343,0.0005407333374023,0.3,0
0.0,0.0013027191162109,0.0005388259887695,0.000624656677246,0.0002803802490234,0.062,2
0.0003852844238281,0.0003738403320312,0.0001802444458007,0.0002040863037109,4.76837158203125e-06,0.3,1
0.000227928161621,0.0002164840698242,0.000152587890625,0.00018310546875,0.0,0.241,1
0.0010242462158203,0.0010242462158203,0.000436782836914,0.0004386901855468,0.0001230239868164,0.3,1
0.0,0.0003175735473632,0.0002155303955078,0.0002222061157226,0.0,0.3,0
0.1009521484375,0.187744140625,0.0005731582641601,0.0005731582641601,0.0005617141723632,0.004,2
0.0037765502929687,0.0022125244140625,0.0018901824951171,0.0019416809082031,3.910064697265625e-05,0.3,1
0.0,0.0013027191162109,0.0072402954101562,0.00933837890625,0.0001478195190429,0.3,0
0.006011962890625,0.0057296752929687,0.00433349609375,0.0044097900390625,0.0002613067626953,0.3,1
0.0095367431640625,0.0095367431640625,0.0007038116455078,0.001077651977539,0.0002565383911132,0.023,2
0.0,0.0013027191162109,9.5367431640625e-07,9.5367431640625e-07,0.0004177093505859,0.004,2
0.0026054382324218,0.0026054382324218,0.0013160705566406,0.0017719268798828,0.0001506805419921,0.3,1
0.0052108764648437,0.0052108764648437,0.0010299682617187,0.0010318756103515,0.0003166198730468,0.3,0
0.0025558471679687,0.0025558471679687,1.9073486328125e-06,1.9073486328125e-06,0.0,0.001,2
0.0040130615234375,0.0013961791992187,0.0028343200683593,0.0028572082519531,0.0011539459228515,0.3,1
0.0,0.0009584426879882,0.0001802444458007,0.0002002716064453,1.33514404296875e-05,0.3,0
0.006683349609375,0.0036125183105468,0.0006961822509765,0.0006980895996093,1.1444091796875e-05,0.3,0
0.071044921875,0.04443359375,0.0033416748046875,0.0033454895019531,0.0007534027099609,0.3,0
0.022430419921875,0.022430419921875,0.0014495849609375,0.0024986267089843,9.441375732421876e-05,0.085,2
0.0104217529296875,0.0104217529296875,6.580352783203125e-05,6.961822509765625e-05,2.86102294921875e-06,0.003,2
0.0,0.0013027191162109,0.005096435546875,0.0102996826171875,0.001800537109375,0.3,0
0.0104217529296875,0.0053482055664062,0.0030670166015625,0.0030746459960937,0.0006284713745117,0.3,0
0.0052108764648437,0.0052108764648437,0.0018596649169921,0.0018882751464843,0.0001649856567382,0.3,0
0.0001955032348632,0.000166893005371,9.250640869140624e-05,0.0001029968261718,9.5367431640625e-07,0.3,1
0.0018234252929687,0.0018234252929687,0.0011062622070312,0.0011672973632812,0.00048828125,0.147,1
0.006500244140625,0.0065078735351562,9.5367431640625e-07,9.5367431640625e-07,0.0,0.001,2
0.004364013671875,0.004364013671875,0.00225830078125,0.0023002624511718,0.0002937316894531,0.3,1
0.00390625,0.012115478515625,0.0031204223632812,0.0031280517578125,2.002716064453125e-05,0.3,1
0.00390625,0.00390625,0.0006885528564453,0.0007953643798828,0.0002946853637695,0.262,0
0.130615234375,0.130615234375,0.0008258819580078,0.0012702941894531,0.0003185272216796,0.035,2
0.0,0.007904052734375,0.0001564025878906,0.0001592636108398,2.384185791015625e-05,0.3,0
0.000227928161621,0.0001916885375976,0.000152587890625,0.00018310546875,0.0,0.241,1
0.006683349609375,0.0036125183105468,0.0006961822509765,0.0006980895996093,1.1444091796875e-05,0.3,0
0.0052108764648437,0.0052108764648437,0.0018596649169921,0.0018882751464843,0.0001649856567382,0.3,0
0.0,0.0013027191162109,2.47955322265625e-05,7.2479248046875e-05,0.0003986358642578,0.003,2
0.0002269744873046,0.0002508163452148,0.0001735687255859,0.0001859664916992,0.0,0.3,1
0.0046463012695312,0.004364013671875,0.0041351318359375,0.0046463012695312,0.0001173019409179,0.3,1
0.0035820007324218,0.0038986206054687,9.250640869140624e-05,9.250640869140624e-05,0.0002069473266601,0.001,2
0.0,0.0228271484375,0.0006799697875976,0.0006828308105468,0.0002603530883789,0.3,0
0.0,0.0013027191162109,0.021514892578125,0.02197265625,0.002471923828125,0.3,0
0.0008134841918945,0.0005674362182617,0.0005102157592773,0.0005121231079101,0.0001630783081054,0.3,1
0.0,0.0013027191162109,0.020233154296875,0.02099609375,0.0012550354003906,0.3,0
0.0731201171875,0.0369873046875,0.00335693359375,0.0033798217773437,0.0007581710815429,0.3,0
0.0065078735351562,0.0065078735351562,0.0030097961425781,0.0037956237792968,0.0004444122314453,0.097,1
0.000213623046875,0.0001735687255859,7.82012939453125e-05,7.915496826171875e-05,6.198883056640625e-05,0.009,2
0.0001955032348632,0.0002021789550781,9.250640869140624e-05,0.0001029968261718,9.5367431640625e-07,0.3,1
0.0068588256835937,0.0036125183105468,0.0006790161132812,0.0006799697875976,1.9073486328125e-06,0.3,0
0.005035400390625,0.0066757202148437,0.0035781860351562,0.0036888122558593,0.000309944152832,0.3,1
0.0,0.0001649856567382,0.0001640319824218,0.0001678466796875,3.0517578125e-05,0.3,0
0.0029258728027343,0.0029258728027343,0.0020790100097656,0.0020828247070312,0.0003900527954101,0.3,1
0.0012702941894531,0.0012454986572265,0.0009822845458984,0.0009841918945312,2.47955322265625e-05,0.295,1
0.010162353515625,0.010162353515625,0.0064315795898437,0.0064849853515625,0.0009117126464843,0.3,1
0.0625,0.0047073364257812,0.0041046142578125,0.0041122436523437,0.0002269744873046,0.3,0
0.1875,0.189453125,0.04058837890625,0.04058837890625,4.1961669921875e-05,0.3,3
0.0,0.0013027191162109,0.0150909423828125,0.0174560546875,0.0001087188720703,0.3,0
0.0148468017578125,0.0052108764648437,0.0111083984375,0.0111541748046875,4.76837158203125e-06,0.3,1
0.0,0.0013027191162109,0.0067062377929687,0.008026123046875,0.0008716583251953,0.3,0
0.0,0.0013027191162109,9.5367431640625e-07,9.5367431640625e-07,0.0004005432128906,0.003,2
0.0052108764648437,0.0052108764648437,0.0022659301757812,0.0036468505859375,0.0007648468017578,0.184,1
0.0052108764648437,0.0052108764648437,0.0010910034179687,0.0011062622070312,0.0003108978271484,0.3,0
0.014434814453125,0.014434814453125,0.00592041015625,0.0059356689453125,0.0004148483276367,0.3,0
0.0054092407226562,0.005706787109375,0.00323486328125,0.0040512084960937,0.0018444061279296,0.161,1
0.020416259765625,0.01995849609375,0.004669189453125,0.0047760009765625,9.632110595703124e-05,0.199,0
0.0,0.0013027191162109,0.0073165893554687,0.0081634521484375,0.001291275024414,0.3,0
0.00262451171875,0.00262451171875,0.001230239868164,0.0014114379882812,0.0005855560302734,0.3,1
0.0029678344726562,0.0029678344726562,0.0014266967773437,0.0014286041259765,1.9073486328125e-06,0.3,1
0.0,0.0013027191162109,0.008544921875,0.0128631591796875,0.0012035369873046,0.3,0
0.0035858154296875,0.003509521484375,0.0012149810791015,0.0012474060058593,7.534027099609375e-05,0.3,0
0.0054092407226562,0.0054092407226562,0.00323486328125,0.0040512084960937,0.0018444061279296,0.161,1
0.0015621185302734,0.0015621185302734,0.0002918243408203,0.0006608963012695,0.0005178451538085,0.004,2
0.006500244140625,0.0065078735351562,0.0006999969482421,0.0007591247558593,0.0003204345703125,0.017,2
0.0032424926757812,0.0024452209472656,0.0006122589111328,0.0006132125854492,6.67572021484375e-06,0.3,0
0.0,0.0003175735473632,0.0002365112304687,0.0002651214599609,9.5367431640625e-07,0.3,0
0.0,0.01953125,0.017425537109375,0.01751708984375,0.0003070831298828,0.3,0
0.0104217529296875,0.0104217529296875,6.580352783203125e-05,6.961822509765625e-05,2.86102294921875e-06,0.003,2
0.00262451171875,0.00262451171875,0.000101089477539,0.000101089477539,0.0005369186401367,0.001,2
0.03125,0.020843505859375,0.0257568359375,0.025909423828125,0.0002260208129882,0.3,1
0.0002698898315429,0.0002965927124023,0.0001592636108398,0.0001678466796875,9.5367431640625e-06,0.3,1
0.0,0.0013027191162109,9.5367431640625e-07,9.5367431640625e-07,0.0,0.001,2
0.0,0.0013027191162109,0.0076751708984375,0.0087738037109375,0.0008134841918945,0.3,0
0.0052413940429687,0.0052413940429687,0.0023765563964843,0.0024032592773437,0.000279426574707,0.3,1
0.0123748779296875,0.0123748779296875,5.14984130859375e-05,5.14984130859375e-05,0.0002498626708984,0.001,2
0.0032501220703125,0.0041961669921875,0.001535415649414,0.0016059875488281,0.000258445739746,0.3,1
0.006500244140625,0.0065078735351562,9.5367431640625e-07,9.5367431640625e-07,0.0,0.001,2
0.0416259765625,0.0013198852539062,0.03448486328125,0.03485107421875,0.000197410583496,0.3,1
0.0104217529296875,0.0104217529296875,6.580352783203125e-05,6.961822509765625e-05,2.86102294921875e-06,0.003,2
0.0018463134765625,0.0016155242919921,0.0016365051269531,0.0016460418701171,0.0005378723144531,0.003,1
0.003997802734375,0.003997802734375,0.0006303787231445,0.0006322860717773,0.0001907348632812,0.3,0
0.0012569427490234,0.0012569427490234,0.000833511352539,0.000859260559082,0.0002784729003906,0.3,1
0.0,0.0013027191162109,0.0067062377929687,0.008026123046875,0.0008716583251953,0.3,0
0.0004348754882812,0.0003366470336914,0.0002698898315429,0.0002822875976562,4.76837158203125e-06,0.3,1
0.0,0.0062637329101562,0.0001602172851562,0.0001640319824218,1.621246337890625e-05,0.3,0
0.00262451171875,0.00262451171875,0.0009412765502929,0.0011100769042968,0.0001144409179687,0.3,1
0.0052871704101562,0.0052871704101562,7.62939453125e-05,7.62939453125e-05,0.0018939971923828,0.002,2
0.0002546310424804,0.0002546310424804,0.0001649856567382,0.0001754760742187,3.528594970703125e-05,0.091,1
0.0,0.0013027191162109,1.9073486328125e-06,2.86102294921875e-06,0.0002756118774414,0.003,2
0.011932373046875,0.0022773742675781,0.0017967224121093,0.0018157958984375,0.0002775192260742,0.3,0
0.0052108764648437,0.0052108764648437,0.0009660720825195,0.0009727478027343,0.0005407333374023,0.3,0
0.0016155242919921,0.0016155242919921,3.337860107421875e-05,3.337860107421875e-05,8.58306884765625e-06,0.002,2
0.0027809143066406,0.00262451171875,0.0023269653320312,0.0023307800292968,0.0,0.3,1
0.00262451171875,0.00262451171875,0.0003395080566406,0.0007743835449218,0.0002946853637695,0.004,2
0.0012702941894531,0.0012702941894531,0.0009822845458984,0.0009841918945312,2.47955322265625e-05,0.295,1
0.0,0.001779556274414,0.0001659393310546,0.0001697540283203,2.956390380859375e-05,0.3,0
0.0001955032348632,0.0002002716064453,9.250640869140624e-05,0.0001029968261718,9.5367431640625e-07,0.3,1
0.006500244140625,0.0065078735351562,9.5367431640625e-07,9.5367431640625e-07,0.0,0.001,2
0.01116943359375,0.01116943359375,0.0074310302734375,0.01043701171875,0.0011425018310546,0.3,1
0.0104217529296875,0.0041656494140625,0.0027885437011718,0.0028457641601562,0.0002346038818359,0.3,0
0.0008068084716796,0.0008068084716796,0.0006971359252929,0.0006971359252929,6.771087646484375e-05,0.3,1
0.000227928161621,0.0002164840698242,0.000152587890625,0.00018310546875,0.0,0.241,1
0.0019149780273437,0.0019149780273437,0.0015373229980468,0.0015621185302734,5.245208740234375e-05,0.3,1
0.0,0.0013027191162109,0.01922607421875,0.0206298828125,0.0021095275878906,0.3,0
0.009521484375,0.005706787109375,0.0023040771484375,0.0029640197753906,0.0001821517944335,0.3,0
0.0096588134765625,0.006866455078125,0.0007972717285156,0.000868797302246,0.000274658203125,0.022,2
0.0,0.0026054382324218,0.0012264251708984,0.0012283325195312,0.000340461730957,0.3,0
0.004486083984375,0.0021743774414062,0.0020027160644531,0.0020065307617187,0.001504898071289,0.3,1
0.0041885375976562,0.0041885375976562,9.72747802734375e-05,9.72747802734375e-05,0.0001630783081054,0.001,2
0.000227928161621,0.0002365112304687,0.000152587890625,0.00018310546875,0.0,0.241,1
0.0017929077148437,0.0017929077148437,0.0007600784301757,0.0007600784301757,0.0007410049438476,0.001,1
0.0027313232421875,0.0028572082519531,0.0010356903076171,0.0010509490966796,9.632110595703124e-05,0.3,1
0.0,0.0013027191162109,0.0048751831054687,0.009979248046875,0.0009031295776367,0.3,0
0.0,0.0013027191162109,0.005096435546875,0.0102996826171875,0.001800537109375,0.3,0
0.0,0.0013027191162109,0.0047760009765625,0.00994873046875,0.0012741088867187,0.3,0
0.0,0.0002546310424804,0.0039443969726562,0.0039596557617187,0.0003786087036132,0.3,0
0.0416259765625,0.0416259765625,0.034423828125,0.0345458984375,0.0002050399780273,0.3,1
0.011383056640625,0.020263671875,0.001138687133789,0.0011425018310546,0.000319480895996,0.3,0
0.0,0.0001649856567382,0.0001430511474609,0.0001440048217773,2.09808349609375e-05,0.3,0
0.0041885375976562,0.004638671875,9.72747802734375e-05,9.72747802734375e-05,0.0001630783081054,0.001,2
0.0002317428588867,0.0002069473266601,8.58306884765625e-06,8.58306884765625e-06,0.0,0.002,2
0.0,0.0014247894287109,0.0012264251708984,0.0012283325195312,0.000340461730957,0.3,0
0.0,0.0013027191162109,0.0005998611450195,0.0008087158203125,0.0003271102905273,0.08,2
0.00262451171875,0.00262451171875,0.0016365051269531,0.001800537109375,3.814697265625e-06,0.3,1
0.0016155242919921,0.0016155242919921,3.337860107421875e-05,3.337860107421875e-05,8.58306884765625e-06,0.002,2
0.0,0.0013027191162109,0.0065765380859375,0.0105743408203125,0.0009918212890625,0.3,0
0.0015621185302734,0.0015621185302734,0.0002918243408203,0.0006608963012695,0.0005178451538085,0.004,2
0.0002717971801757,0.0002803802490234,7.62939453125e-05,7.62939453125e-05,9.5367431640625e-06,0.002,2
0.006500244140625,0.0037841796875,9.5367431640625e-07,9.5367431640625e-07,0.0,0.001,2
0.0002355575561523,0.0002355575561523,7.62939453125e-06,7.62939453125e-06,9.5367431640625e-07,0.002,2
0.000227928161621,0.000227928161621,0.000152587890625,0.00018310546875,0.0,0.241,1
0.00262451171875,0.00262451171875,0.0009384155273437,0.0015068054199218,0.0005674362182617,0.3,1
0.0052108764648437,0.0052108764648437,1.9073486328125e-06,1.9073486328125e-06,0.0,0.003,2
0.0134124755859375,0.0134124755859375,0.03131103515625,0.0,0.0006065368652343,0.3,1
0.0002050399780273,0.0003252029418945,0.0001354217529296,0.0001382827758789,4.1961669921875e-05,0.3,1
0.0002317428588867,0.0002403259277343,8.58306884765625e-06,8.58306884765625e-06,0.0,0.002,2
0.005340576171875,0.0063323974609375,0.001108169555664,0.0011253356933593,0.0005912780761718,0.3,0
0.0021896362304687,0.0015621185302734,0.0013160705566406,0.0016536712646484,5.7220458984375e-06,0.3,1
0.0,0.00262451171875,0.0,0.0,0.0,0.002,2
0.0128326416015625,0.014007568359375,0.006103515625,0.0061798095703125,0.0011844635009765,0.3,1
0.006500244140625,0.0065078735351562,9.5367431640625e-07,9.5367431640625e-07,0.0,0.001,2
0.001657485961914,0.001657485961914,0.00128173828125,0.00128173828125,0.0001420974731445,0.002,1
0.0,0.0013027191162109,0.0005083084106445,0.0005578994750976,0.0002861022949218,0.134,2
0.0008134841918945,0.0005674362182617,0.0005102157592773,0.0005121231079101,0.0001630783081054,0.3,1
0.017608642578125,0.017608642578125,0.0108184814453125,0.011383056640625,0.0008506774902343,0.3,1
0.0177001953125,0.0019607543945312,0.0059890747070312,0.0069808959960937,9.5367431640625e-07,0.3,1
0.0024757385253906,0.0024757385253906,0.001810073852539,0.0024757385253906,0.0001325607299804,0.115,1
0.0,0.0013027191162109,0.0010356903076171,0.008514404296875,0.0007505416870117,0.023,2
0.0,0.0013027191162109,0.02105712890625,0.023101806640625,0.0012664794921875,0.3,0
0.0,0.0013027191162109,0.0027084350585937,0.0064163208007812,0.0013427734375,0.3,0
0.0104217529296875,0.0053482055664062,0.0030670166015625,0.0030746459960937,0.0006284713745117,0.3,0
0.0002965927124023,0.0002937316894531,0.0001850128173828,0.0002088546752929,0.0,0.3,1
0.00262451171875,0.00262451171875,0.0014495849609375,0.0015716552734375,6.008148193359375e-05,0.3,1
0.00390625,0.00390625,0.0011177062988281,0.0014286041259765,2.6702880859375e-05,0.3,0
0.0,0.0013027191162109,0.010101318359375,0.010162353515625,0.0002784729003906,0.072,2
0.0316162109375,0.02880859375,0.0109710693359375,0.0110321044921875,0.0003376007080078,0.3,0
0.0134124755859375,0.0134124755859375,0.031158447265625,0.0,0.0006113052368164,0.3,1
0.03070068359375,0.02093505859375,0.019378662109375,0.020965576171875,0.0023765563964843,0.117,1
0.0063247680664062,0.0063247680664062,0.0048370361328125,0.0048446655273437,0.0003700256347656,0.3,1
0.0065078735351562,0.0065078735351562,0.0030097961425781,0.0037956237792968,0.0004444122314453,0.097,1
0.00262451171875,0.00262451171875,0.0011310577392578,0.0014019012451171,0.0005702972412109,0.3,1
0.0,0.0013027191162109,0.010101318359375,0.010162353515625,0.0002784729003906,0.072,2
0.03948974609375,0.03948974609375,0.0014076232910156,0.0014095306396484,0.000645637512207,0.3,0
0.0064773559570312,0.0072708129882812,0.0039825439453125,0.0062713623046875,0.0037193298339843,0.3,1
0.0,0.0013027191162109,0.0005912780761718,0.0005922317504882,0.0002975463867187,0.031,2
0.0017528533935546,0.0011177062988281,8.869171142578125e-05,8.96453857421875e-05,0.0003995895385742,0.004,2
0.004180908203125,0.008514404296875,0.0010643005371093,0.0010833740234375,0.0006141662597656,0.3,0
0.006500244140625,0.0065078735351562,9.5367431640625e-07,9.5367431640625e-07,0.0,0.001,2
0.00762939453125,0.00762939453125,0.0011978149414062,0.0011978149414062,0.0013999938964843,0.001,2
0.0065078735351562,0.0065078735351562,0.0030097961425781,0.0037956237792968,0.0004444122314453,0.097,1
0.0,0.0013027191162109,0.009002685546875,0.00958251953125,0.0013027191162109,0.3,0
0.01446533203125,0.022216796875,0.0011634826660156,0.0014610290527343,0.0004959106445312,0.084,2
0.0019760131835937,0.0019760131835937,0.0014839172363281,0.0015296936035156,0.0003681182861328,0.016,1
0.01556396484375,0.01495361328125,0.003662109375,0.0039825439453125,2.86102294921875e-06,0.3,0
0.00262451171875,0.00262451171875,0.000101089477539,0.000101089477539,0.0005369186401367,0.001,2
0.000227928161621,0.0002164840698242,0.000152587890625,0.00018310546875,0.0,0.241,1
0.0057296752929687,0.0057296752929687,0.0038871765136718,0.0040740966796875,0.0001764297485351,0.3,1
0.0,0.00262451171875,0.0,0.0,0.0,0.002,2
0.016265869140625,0.01458740234375,0.0035629272460937,0.0036544799804687,0.0003004074096679,0.3,0
0.0002317428588867,0.0002088546752929,8.58306884765625e-06,8.58306884765625e-06,0.0,0.002,2
0.0,0.0013027191162109,9.5367431640625e-07,9.5367431640625e-07,0.0,0.001,2
0.00262451171875,0.00262451171875,0.001230239868164,0.0014152526855468,8.7738037109375e-05,0.3,1
0.0026054382324218,0.000889778137207,0.0006647109985351,0.0006685256958007,2.86102294921875e-06,0.129,2
0.0032539367675781,0.0032539367675781,0.0007190704345703,0.001129150390625,0.0003261566162109,0.022,2
0.0052108764648437,0.0052108764648437,0.00115966796875,0.0011615753173828,0.0002899169921875,0.3,0
0.0024490356445312,0.0018234252929687,0.0011157989501953,0.0011501312255859,0.0001344680786132,0.3,1
0.0014705657958984,0.0014705657958984,0.000655174255371,0.0006637573242187,3.4332275390625e-05,0.14,1
0.0004034042358398,0.0013294219970703,0.0002346038818359,0.0002479553222656,0.0,0.3,1
0.0033683776855468,0.0033683776855468,0.0010623931884765,0.0010700225830078,0.0005674362182617,0.3,1
0.0052108764648437,0.0052108764648437,0.0018596649169921,0.0018882751464843,0.0001649856567382,0.3,0
0.019989013671875,0.03326416015625,0.0072860717773437,0.0077438354492187,0.000563621520996,0.3,0
0.0,0.0013027191162109,0.008544921875,0.0128631591796875,0.0012035369873046,0.3,0
0.000227928161621,0.0002250671386718,0.000152587890625,0.00018310546875,0.0,0.241,1
0.00262451171875,0.00262451171875,0.000762939453125,0.0007638931274414,0.0005645751953125,0.023,2
0.0052108764648437,0.0052108764648437,0.0018596649169921,0.0018882751464843,0.0001649856567382,0.3,0
0.0029716491699218,0.0015621185302734,0.0021476745605468,0.0023918151855468,5.91278076171875e-05,0.3,1
0.0005350112915039,0.0005598068237304,0.0004940032958984,0.0005407333374023,0.0002298355102539,0.127,1
0.0,0.0013027191162109,0.0031280517578125,0.0102081298828125,0.0013847351074218,0.23,0
0.0,0.0013027191162109,9.5367431640625e-07,9.5367431640625e-07,1.1444091796875e-05,0.001,2
0.01080322265625,0.01080322265625,0.00848388671875,0.00848388671875,0.0008001327514648,0.3,1
0.0,0.0013027191162109,0.019287109375,0.020599365234375,0.0011310577392578,0.3,0
0.0009822845458984,0.0009584426879882,0.0005512237548828,0.0005521774291992,4.38690185546875e-05,0.3,1
0.0024070739746093,0.0024070739746093,0.0013256072998046,0.0019054412841796,0.000563621520996,0.048,1
0.0,0.0013027191162109,0.000411033630371,0.0006084442138671,0.0003061294555664,0.011,2
0.0052871704101562,0.0059661865234375,0.0022125244140625,0.00457763671875,0.0009040832519531,0.068,1
0.0025520324707031,0.0025520324707031,9.5367431640625e-07,9.5367431640625e-07,0.0,0.001,2
0.0,0.0013999938964843,0.011993408203125,0.011993408203125,0.0001087188720703,0.3,0
0.019989013671875,0.03326416015625,0.0072860717773437,0.0077438354492187,0.000563621520996,0.3,0
0.0052108764648437,0.0052108764648437,0.0010910034179687,0.0011062622070312,0.0003108978271484,0.3,0
0.0029258728027343,0.0029258728027343,0.0008268356323242,0.0008268356323242,2.86102294921875e-06,0.3,0
0.1009521484375,0.187744140625,0.0005731582641601,0.0005731582641601,0.0005617141723632,0.004,2
0.0025558471679687,0.0025558471679687,1.9073486328125e-06,1.9073486328125e-06,0.0,0.001,2
0.0,0.00262451171875,0.0,0.0,0.0,0.002,2
0.0017166137695312,0.0018424987792968,0.0005979537963867,0.0005979537963867,0.0005979537963867,0.002,2
0.0,0.00262451171875,0.0001716613769531,0.0001735687255859,1.9073486328125e-05,0.3,0
0.00390625,0.00390625,0.0015144348144531,0.0017890930175781,0.000411033630371,0.3,1
0.006683349609375,0.0036125183105468,0.0006961822509765,0.0006980895996093,1.1444091796875e-05,0.3,0
0.0,0.0009632110595703,0.0019092559814453,0.0019187927246093,0.0002670288085937,0.3,0
0.00262451171875,0.00262451171875,0.0003395080566406,0.0007743835449218,0.0002946853637695,0.004,2
0.0,0.0013027191162109,0.0135955810546875,0.0142669677734375,0.0005931854248046,0.3,0
0.01556396484375,0.01495361328125,0.003662109375,0.0039825439453125,2.86102294921875e-06,0.3,0
0.00262451171875,0.00262451171875,0.0011024475097656,0.001443862915039,5.7220458984375e-06,0.3,1
0.0018234252929687,0.0018234252929687,0.0001764297485351,0.0003833770751953,0.000197410583496,0.003,2
0.0,0.00262451171875,9.72747802734375e-05,0.0001077651977539,9.5367431640625e-07,0.3,0
0.0104217529296875,0.0104217529296875,6.580352783203125e-05,6.961822509765625e-05,2.86102294921875e-06,0.003,2
0.0390625,0.0390625,0.02191162109375,0.02203369140625,0.000157356262207,0.3,1
0.006500244140625,0.0065078735351562,9.5367431640625e-07,9.5367431640625e-07,0.0,0.001,2
0.0,0.0059738159179687,0.0037307739257812,0.0037612915039062,0.0009212493896484,0.3,0
0.005035400390625,0.0032196044921875,0.0035781860351562,0.0036888122558593,0.000309944152832,0.3,1
0.0018234252929687,0.0018234252929687,0.0013198852539062,0.0016307830810546,0.0004987716674804,0.096,1
0.0,0.0013027191162109,0.010101318359375,0.010162353515625,0.0002784729003906,0.072,2
0.0008134841918945,0.0005674362182617,0.0005102157592773,0.0005121231079101,0.0001630783081054,0.3,1
0.0052108764648437,0.0052108764648437,0.0018596649169921,0.0018882751464843,0.0001649856567382,0.3,0
0.0,0.0013027191162109,0.0024795532226562,0.0030517578125,7.534027099609375e-05,0.079,2
0.00262451171875,0.00262451171875,0.000762939453125,0.0007638931274414,0.0005645751953125,0.023,2
0.0,0.0013027191162109,0.0072402954101562,0.00933837890625,0.0001478195190429,0.3,0
0.006683349609375,0.0036125183105468,0.0006771087646484,0.0006790161132812,9.5367431640625e-07,0.3,0
0.0694580078125,0.0709228515625,0.010040283203125,0.0100860595703125,0.0010833740234375,0.3,0
0.0008134841918945,0.0005674362182617,0.0005102157592773,0.0005121231079101,0.0001630783081054,0.3,1
0.0052108764648437,0.0052108764648437,0.0010910034179687,0.0011062622070312,0.0003108978271484,0.3,0
0.008819580078125,0.008819580078125,0.0038261413574218,0.0038681030273437,0.0008192062377929,0.3,1
0.0,0.0013027191162109,0.0072402954101562,0.00933837890625,0.0001478195190429,0.3,0
0.0,0.0013027191162109,0.008544921875,0.0128631591796875,0.0012035369873046,0.3,0
0.009765625,0.009765625,0.0016994476318359,0.0017051696777343,0.0004358291625976,0.3,0
0.00726318359375,0.0072555541992187,0.005401611328125,0.0054092407226562,0.0004854202270507,0.3,1
0.0094757080078125,0.0094757080078125,0.0087127685546875,0.0087127685546875,9.5367431640625e-07,0.3,1
0.1875,0.1041259765625,0.129638671875,0.129638671875,0.0017356872558593,0.3,3
0.0052108764648437,0.0052108764648437,0.0010910034179687,0.0011062622070312,0.0003108978271484,0.3,0
0.0030174255371093,0.0030174255371093,0.0012092590332031,0.0012187957763671,9.5367431640625e-07,0.3,1
0.0026054382324218,0.0026054382324218,0.0013160705566406,0.0017719268798828,0.0001506805419921,0.3,1
0.0,0.00262451171875,0.0,0.0,0.0,0.002,2
0.04296875,0.0390625,0.027008056640625,0.02728271484375,2.86102294921875e-06,0.3,1
0.0018463134765625,0.0016155242919921,0.0016365051269531,0.0016460418701171,0.0005378723144531,0.003,1
0.0052108764648437,0.0052108764648437,0.0030326843261718,0.0034713745117187,0.0001544952392578,0.3,1
0.0001955032348632,0.0001955032348632,9.250640869140624e-05,0.0001029968261718,9.5367431640625e-07,0.3,1
0.00262451171875,0.00262451171875,0.0017719268798828,0.0018730163574218,1.430511474609375e-05,0.3,1
0.0037765502929687,0.0008554458618164,0.0013027191162109,0.0013046264648437,4.100799560546875e-05,0.3,0
0.001953125,0.001953125,0.0011348724365234,0.0013694763183593,0.0005369186401367,0.3,1
0.0075302124023437,0.0066986083984375,0.0001983642578125,0.0002012252807617,3.719329833984375e-05,0.3,0
0.0002317428588867,0.0002088546752929,8.58306884765625e-06,8.58306884765625e-06,0.0,0.002,2
0.00390625,0.00390625,0.001190185546875,0.001199722290039,0.0001144409179687,0.3,0
0.0,0.0013027191162109,0.0052871704101562,0.0052947998046875,0.0024795532226562,0.3,0
0.0024490356445312,0.0018234252929687,0.0016365051269531,0.0016403198242187,8.487701416015625e-05,0.3,1
0.0,0.0013027191162109,9.5367431640625e-07,9.5367431640625e-07,1.1444091796875e-05,0.001,2
0.0051803588867187,0.0051803588867187,0.0028076171875,0.0028190612792968,0.0001888275146484,0.3,1
0.0052108764648437,0.0052108764648437,0.0016651153564453,0.001749038696289,5.91278076171875e-05,0.3,0
0.019866943359375,0.019866943359375,0.0031394958496093,0.0031890869140625,0.0005416870117187,0.3,0
0.0022773742675781,0.0022811889648437,0.0002574920654296,0.0002574920654296,0.0001354217529296,0.002,2
0.0052108764648437,0.0052108764648437,0.0018596649169921,0.0018882751464843,0.0001649856567382,0.3,0
0.010162353515625,0.010162353515625,0.0064697265625,0.006500244140625,0.0010185241699218,0.3,1
0.00799560546875,0.00799560546875,0.0028114318847656,0.0028152465820312,0.0002613067626953,0.3,0
0.0,0.0039825439453125,0.0010509490966796,0.0010662078857421,0.000244140625,0.3,0
0.0083770751953125,0.0102081298828125,0.001077651977539,0.0012893676757812,0.0004167556762695,0.3,0
0.0065078735351562,0.0065078735351562,0.0017414093017578,0.0023078918457031,3.4332275390625e-05,0.016,2
0.0731201171875,0.0731201171875,0.00335693359375,0.0033798217773437,0.0007581710815429,0.3,0
0.0036125183105468,0.0036125183105468,9.5367431640625e-07,9.5367431640625e-07,0.0,0.001,2
0.0026054382324218,0.0026054382324218,0.0001459121704101,0.0001468658447265,0.0005073547363281,0.003,2
0.006683349609375,0.0036125183105468,0.0006771087646484,0.0006790161132812,9.5367431640625e-07,0.3,0
0.0,0.0013027191162109,0.01922607421875,0.0206298828125,0.0021095275878906,0.3,0
0.06097412109375,0.0421142578125,0.0031700134277343,0.0031776428222656,0.0007581710815429,0.075,2
0.0,0.0013027191162109,0.010101318359375,0.010162353515625,0.0002784729003906,0.072,2
0.0,0.0013027191162109,9.5367431640625e-07,9.5367431640625e-07,0.0,0.001,2
0.0025520324707031,0.0025520324707031,9.5367431640625e-07,9.5367431640625e-07,0.0,0.001,2
0.0,0.0013027191162109,0.01971435546875,0.020050048828125,0.0012836456298828,0.3,0
0.0128936767578125,0.01171875,0.007965087890625,0.0095977783203125,0.0006599426269531,0.3,1
0.0063247680664062,0.0063247680664062,0.0048370361328125,0.0048446655273437,0.0003700256347656,0.3,1
0.1875,0.1041259765625,0.129638671875,0.129638671875,0.0017356872558593,0.3,3
0.0134124755859375,0.0134124755859375,0.03131103515625,0.0,0.0006065368652343,0.3,1
0.0052108764648437,0.0052108764648437,0.0023002624511718,0.0023765563964843,0.000615119934082,0.3,1
0.0,0.0013027191162109,0.0052871704101562,0.0052947998046875,0.0024795532226562,0.3,0
0.000227928161621,0.0002117156982421,0.000152587890625,0.00018310546875,0.0,0.241,1
0.0052108764648437,0.0052108764648437,0.0018596649169921,0.0018882751464843,0.0001649856567382,0.3,0
0.0,0.0013027191162109,9.5367431640625e-07,9.5367431640625e-07,0.0004005432128906,0.003,2
0.000227928161621,0.0002117156982421,0.000152587890625,0.00018310546875,0.0,0.241,1
0.0052108764648437,0.0052108764648437,0.0010643005371093,0.0010662078857421,1.9073486328125e-06,0.3,0
0.0,0.0013027191162109,0.0126495361328125,0.012786865234375,0.0005807876586914,0.3,0
0.0,0.0013027191162109,0.008880615234375,0.010040283203125,0.0012798309326171,0.3,0
0.00262451171875,0.00262451171875,0.0011024475097656,0.001443862915039,5.7220458984375e-06,0.3,1
0.0,0.00262451171875,0.0,0.0,0.0,0.002,2
0.0104217529296875,0.0104217529296875,6.580352783203125e-05,6.961822509765625e-05,2.86102294921875e-06,0.003,2
0.006683349609375,0.0036125183105468,0.0006961822509765,0.0006980895996093,1.1444091796875e-05,0.3,0
0.0,0.0013027191162109,0.0005912780761718,0.0005922317504882,0.0002975463867187,0.031,2
0.0016555786132812,0.0016555786132812,0.0014686584472656,0.0014686584472656,0.0005016326904296,0.003,1
0.0065078735351562,0.0065078735351562,0.0013866424560546,0.0025978088378906,1.9073486328125e-06,0.002,2
0.00262451171875,0.00262451171875,0.0011024475097656,0.001443862915039,5.7220458984375e-06,0.3,1
0.0,0.0013027191162109,9.5367431640625e-07,9.5367431640625e-07,0.0,0.001,2
0.0,0.0013027191162109,0.0062255859375,0.0112152099609375,0.0014572143554687,0.3,0
0.027435302734375,0.022247314453125,0.008941650390625,0.009735107421875,0.0015487670898437,0.3,0
0.00262451171875,0.00262451171875,0.0017719268798828,0.0018730163574218,1.430511474609375e-05,0.3,1
0.0076828002929687,0.0076828002929687,0.0039825439453125,0.0039901733398437,0.0005130767822265,0.3,1
0.0106201171875,0.0106201171875,0.0038795471191406,0.0040435791015625,0.0001611709594726,0.3,1
0.0,0.0013027191162109,9.5367431640625e-07,9.5367431640625e-07,0.0,0.001,2
0.0104217529296875,0.0104217529296875,6.580352783203125e-05,6.961822509765625e-05,2.86102294921875e-06,0.003,2
0.1024169921875,0.1019287109375,0.04718017578125,0.04718017578125,0.0009737014770507,0.3,3
0.0,0.0013027191162109,0.0052871704101562,0.0052947998046875,0.0024795532226562,0.3,0
0.005218505859375,0.0052261352539062,0.0005292892456054,0.000533103942871,0.0002012252807617,0.3,0
0.006500244140625,0.0065078735351562,9.5367431640625e-07,9.5367431640625e-07,0.0,0.001,2
0.012298583984375,0.0101470947265625,0.0068588256835937,0.0075836181640625,0.0013885498046875,0.3,1
0.006011962890625,0.0057296752929687,0.0038490295410156,0.0038528442382812,6.008148193359375e-05,0.3,1
0.006500244140625,0.0065078735351562,9.5367431640625e-07,9.5367431640625e-07,0.0,0.001,2
0.0025520324707031,0.0025520324707031,9.5367431640625e-07,9.5367431640625e-07,0.0,0.001,2
0.0040359497070312,0.0040359497070312,9.5367431640625e-06,9.5367431640625e-06,0.0005102157592773,0.004,2
0.0021247863769531,0.0024223327636718,0.0001020431518554,0.000197410583496,5.91278076171875e-05,0.004,2
0.0,0.0,0.00677490234375,0.0067825317382812,3.814697265625e-06,0.3,0
0.0036201477050781,0.0036239624023437,0.0025215148925781,0.0025291442871093,0.0005388259887695,0.3,1
0.00262451171875,0.00262451171875,0.0017719268798828,0.0018730163574218,1.430511474609375e-05,0.3,1
0.0,0.0013027191162109,0.0225830078125,0.02325439453125,0.000579833984375,0.3,0
0.0078125,0.0078125,0.0002326965332031,0.0002326965332031,0.0002222061157226,0.003,2
0.0001955032348632,0.0001955032348632,9.250640869140624e-05,0.0001029968261718,9.5367431640625e-07,0.3,1
0.0036239624023437,0.0012493133544921,0.0003023147583007,0.0003023147583007,0.0002861022949218,0.001,2
0.0,0.0013027191162109,0.01922607421875,0.0206298828125,0.0021095275878906,0.3,0
0.0018463134765625,0.0016155242919921,0.0016365051269531,0.0016460418701171,0.0005378723144531,0.003,1
0.0002317428588867,0.0002088546752929,8.58306884765625e-06,8.58306884765625e-06,0.0,0.002,2
0.0316162109375,0.03497314453125,0.0109710693359375,0.0110321044921875,0.0003376007080078,0.3,0
0.0130157470703125,0.0130157470703125,9.5367431640625e-07,9.5367431640625e-07,0.0,0.001,2
0.0029258728027343,0.0029258728027343,0.0008268356323242,0.0008268356323242,2.86102294921875e-06,0.3,0
0.0,0.0013027191162109,0.0126495361328125,0.012786865234375,0.0005807876586914,0.3,0
0.000227928161621,0.0002193450927734,0.000152587890625,0.00018310546875,0.0,0.241,1
0.0,0.0001649856567382,0.0001640319824218,0.0001678466796875,3.0517578125e-05,0.3,0
0.0032424926757812,0.0032539367675781,0.0005455017089843,0.0005455017089843,7.152557373046875e-05,0.3,0
0.0024070739746093,0.0024070739746093,0.0013256072998046,0.0019054412841796,0.000563621520996,0.048,1
0.001718521118164,0.0015621185302734,0.0016040802001953,0.0016059875488281,5.054473876953125e-05,0.3,1
0.0052108764648437,0.0052108764648437,0.0018596649169921,0.0018882751464843,0.0001649856567382,0.3,0
0.0516357421875,0.012176513671875,0.0013313293457031,0.0013313293457031,1.9073486328125e-06,0.3,0
0.0005350112915039,0.0005598068237304,0.0004940032958984,0.0005407333374023,0.0002298355102539,0.127,1
0.00262451171875,0.00262451171875,9.34600830078125e-05,9.34600830078125e-05,3.814697265625e-06,0.003,2
0.0052108764648437,0.0052108764648437,0.0018596649169921,0.0018882751464843,0.0001649856567382,0.3,0
0.0032424926757812,0.0061264038085937,0.0006723403930664,0.0006742477416992,7.62939453125e-06,0.3,0
0.0032501220703125,0.0036849975585937,0.001535415649414,0.0016059875488281,0.000258445739746,0.3,1
0.0002355575561523,0.000279426574707,7.62939453125e-06,7.62939453125e-06,9.5367431640625e-07,0.002,2
0.024200439453125,0.0106658935546875,0.0077438354492187,0.008087158203125,0.0028572082519531,0.3,0
0.0130157470703125,0.0130157470703125,9.5367431640625e-07,9.5367431640625e-07,0.0,0.001,2
0.0075302124023437,0.0066986083984375,0.0001983642578125,0.0002012252807617,3.719329833984375e-05,0.3,0
0.0,0.0013027191162109,0.0052871704101562,0.0052947998046875,0.0024795532226562,0.3,0
0.0001955032348632,0.0002002716064453,9.250640869140624e-05,0.0001029968261718,9.5367431640625e-07,0.3,1
0.000227928161621,0.000223159790039,0.000152587890625,0.00018310546875,0.0,0.241,1
0.0004034042358398,0.0004034042358398,0.0002346038818359,0.0002479553222656,0.0,0.3,1
0.0062179565429687,0.006439208984375,7.05718994140625e-05,7.343292236328125e-05,0.0020179748535156,0.002,2
0.0149688720703125,0.016693115234375,0.00567626953125,0.00567626953125,0.0001983642578125,0.041,2
0.0,0.0718994140625,0.0005712509155273,0.0005741119384765,0.0001287460327148,0.3,0
0.0123748779296875,0.0123748779296875,5.14984130859375e-05,5.14984130859375e-05,0.0002498626708984,0.001,2
0.0106201171875,0.0049591064453125,0.0078277587890625,0.008544921875,4.76837158203125e-06,0.3,1
0.00885009765625,0.0055313110351562,0.0042037963867187,0.0042037963867187,0.0009269714355468,0.3,1
0.009765625,0.009765625,0.0016994476318359,0.0017051696777343,0.0004358291625976,0.3,0
0.0,0.0053329467773437,0.0001373291015625,0.0001411437988281,2.288818359375e-05,0.3,0
0.0002803802490234,0.0002861022949218,0.0001478195190429,0.0001611709594726,8.58306884765625e-06,0.3,1
0.0003366470336914,0.0003366470336914,0.0002803802490234,0.0002985000610351,9.5367431640625e-06,0.3,1
0.006072998046875,0.006072998046875,0.0044784545898437,0.005035400390625,0.0018424987792968,0.097,1
0.0032501220703125,0.0036849975585937,0.001535415649414,0.0016059875488281,0.000258445739746,0.3,1
0.0037765502929687,0.0008554458618164,0.0013027191162109,0.0013046264648437,4.100799560546875e-05,0.3,0
0.0,0.0013027191162109,0.005096435546875,0.0100250244140625,0.0010814666748046,0.3,0
0.006500244140625,0.0065078735351562,9.5367431640625e-07,9.5367431640625e-07,0.0,0.001,2
0.00262451171875,0.00262451171875,0.000101089477539,0.000101089477539,0.0005369186401367,0.001,2
0.0225830078125,0.019561767578125,0.0106201171875,0.0107421875,0.0006294250488281,0.3,1
0.0,0.00262451171875,0.0,0.0,0.0,0.002,2
0.006500244140625,0.0065078735351562,9.5367431640625e-07,9.5367431640625e-07,0.0,0.001,2
0.0051651000976562,0.0046539306640625,7.43865966796875e-05,7.62939453125e-05,0.0006351470947265,0.004,2
0.0,0.0013027191162109,9.5367431640625e-07,9.5367431640625e-07,0.0,0.001,2
0.00262451171875,0.00262451171875,0.0021553039550781,0.0022048950195312,7.43865966796875e-05,0.3,1
0.0024528503417968,0.0024528503417968,0.0013504028320312,0.0019435882568359,0.0005855560302734,0.041,1
0.1875,0.2587890625,0.22314453125,0.224365234375,0.0002908706665039,0.3,3
0.0,0.0149688720703125,0.000157356262207,0.0001611709594726,3.24249267578125e-05,0.3,0
0.00726318359375,0.0072555541992187,0.005401611328125,0.0054092407226562,0.0004854202270507,0.3,1
0.03460693359375,0.03460693359375,0.0179443359375,0.01800537109375,9.5367431640625e-07,0.206,1
0.0104217529296875,0.0104217529296875,6.580352783203125e-05,6.961822509765625e-05,2.86102294921875e-06,0.003,2
0.0032501220703125,0.0036849975585937,0.001535415649414,0.0016059875488281,0.000258445739746,0.3,1
0.03179931640625,0.02069091796875,0.0110321044921875,0.0111541748046875,0.0006237030029296,0.3,0
0.0032501220703125,0.0036849975585937,0.001535415649414,0.0016059875488281,0.000258445739746,0.3,1
0.00262451171875,0.00262451171875,0.000762939453125,0.0007638931274414,0.0005645751953125,0.023,2
0.0,0.0013027191162109,0.009002685546875,0.019744873046875,0.0010223388671875,0.3,0
0.00262451171875,0.00262451171875,0.0018978118896484,0.0022315979003906,5.626678466796875e-05,0.3,1
0.0,0.0009660720825195,0.0001802444458007,0.0002002716064453,1.33514404296875e-05,0.3,0
0.0026054382324218,0.0026054382324218,0.0006675720214843,0.0006675720214843,0.0004243850708007,0.016,2
0.00262451171875,0.00262451171875,0.0011024475097656,0.001443862915039,5.7220458984375e-06,0.3,1
0.0021896362304687,0.0015621185302734,0.0013160705566406,0.0016536712646484,5.7220458984375e-06,0.3,1
0.0032424926757812,0.0032539367675781,0.0010299682617187,0.0010643005371093,0.0002355575561523,0.3,0
0.0088348388671875,0.0088348388671875,0.0042037963867187,0.0054779052734375,0.002197265625,0.3,1
0.0,0.0013027191162109,0.008544921875,0.0128631591796875,0.0012035369873046,0.3,0
0.0,0.0013027191162109,9.5367431640625e-07,9.5367431640625e-07,0.0004138946533203,0.003,2
0.0,0.0013027191162109,0.0071868896484375,0.019622802734375,0.0013236999511718,0.3,0
0.0,0.0078125,0.0039138793945312,0.0039138793945312,0.000288963317871,0.3,0
0.006683349609375,0.0036125183105468,0.0006961822509765,0.0006980895996093,1.1444091796875e-05,0.3,0
0.0,0.0013027191162109,0.014862060546875,0.01495361328125,0.0007925033569335,0.3,0
0.014434814453125,0.014434814453125,0.00592041015625,0.0059356689453125,0.0004148483276367,0.3,0
0.0052108764648437,0.0052108764648437,0.0018596649169921,0.0018882751464843,0.0001649856567382,0.3,0
0.0052108764648437,0.0052108764648437,0.0018596649169921,0.0018882751464843,0.0001649856567382,0.3,0
0.0104217529296875,0.0053482055664062,0.0030670166015625,0.0030746459960937,0.0006284713745117,0.3,0
0.0,0.00262451171875,0.0,0.0,0.0,0.002,2
0.0104217529296875,0.0041656494140625,0.0027885437011718,0.0028457641601562,0.0002346038818359,0.3,0
0.019073486328125,0.0137786865234375,0.006622314453125,0.006622314453125,0.0007352828979492,0.3,0
0.019927978515625,0.020111083984375,0.016021728515625,0.01605224609375,0.0009164810180664,0.3,1
0.0018482208251953,0.0018482208251953,2.384185791015625e-05,2.47955322265625e-05,0.0003280639648437,0.004,2
0.0052108764648437,0.0052108764648437,0.00115966796875,0.0011615753173828,0.0002899169921875,0.3,0
0.019256591796875,0.019256591796875,0.0045623779296875,0.0045928955078125,0.0003986358642578,0.3,0
0.000227928161621,0.000227928161621,0.000152587890625,0.00018310546875,0.0,0.241,1
0.005035400390625,0.0066757202148437,0.0035781860351562,0.0036888122558593,0.000309944152832,0.3,1
0.0,0.0013027191162109,0.0052871704101562,0.0052947998046875,0.0024795532226562,0.3,0
0.006500244140625,0.0065078735351562,9.5367431640625e-07,9.5367431640625e-07,0.0,0.001,2
0.0,0.0019149780273437,0.0042572021484375,0.0042800903320312,0.0002241134643554,0.3,0
0.0,0.0003175735473632,0.0002365112304687,0.0002546310424804,9.5367431640625e-07,0.3,0
0.0002717971801757,0.0002775192260742,7.62939453125e-05,7.62939453125e-05,9.5367431640625e-06,0.002,2
0.0,0.0013027191162109,0.0073165893554687,0.0081634521484375,0.001291275024414,0.3,0
0.006683349609375,0.0036125183105468,0.0006771087646484,0.0006790161132812,9.5367431640625e-07,0.3,0
0.0016555786132812,0.0016555786132812,0.0014686584472656,0.0014686584472656,0.0005016326904296,0.003,1
0.0001955032348632,0.0001955032348632,9.250640869140624e-05,0.0001029968261718,9.5367431640625e-07,0.3,1
0.0032539367675781,0.0032539367675781,0.0013999938964843,0.0013999938964843,0.0004243850708007,0.009,2
0.0052108764648437,0.0052108764648437,0.0010910034179687,0.0011062622070312,0.0003108978271484,0.3,0
0.0,0.0013027191162109,9.5367431640625e-07,9.5367431640625e-07,0.0005979537963867,0.004,2
0.0016155242919921,0.0016155242919921,3.337860107421875e-05,3.337860107421875e-05,8.58306884765625e-06,0.002,2
0.0018234252929687,0.0018234252929687,5.7220458984375e-06,5.7220458984375e-06,0.0,0.001,2
0.0130157470703125,0.0130157470703125,9.5367431640625e-07,9.5367431640625e-07,0.0,0.001,2
0.0,0.0013027191162109,0.0076751708984375,0.0087738037109375,0.0008134841918945,0.3,0
0.0119781494140625,0.0052108764648437,0.0054092407226562,0.0054092407226562,1.1444091796875e-05,0.3,1
0.0130157470703125,0.0130157470703125,9.5367431640625e-07,9.5367431640625e-07,0.0,0.001,2
0.000441551208496,0.0003385543823242,0.0002832412719726,0.0003013610839843,0.0,0.3,1
0.0002355575561523,0.000279426574707,7.62939453125e-06,7.62939453125e-06,9.5367431640625e-07,0.002,2
0.0001955032348632,0.0002002716064453,9.250640869140624e-05,0.0001029968261718,9.5367431640625e-07,0.3,1
0.0,0.019775390625,0.0001592636108398,0.0001630783081054,2.384185791015625e-05,0.3,0
0.0,0.0013027191162109,9.5367431640625e-07,9.5367431640625e-07,0.0015296936035156,0.003,2
0.00390625,0.00390625,0.0013027191162109,0.0013484954833984,0.0001296997070312,0.3,0
0.0,0.0024452209472656,0.0040740966796875,0.0040817260742187,0.0003738403320312,0.3,0
0.0065078735351562,0.0065078735351562,0.0001173019409179,0.0001192092895507,1.9073486328125e-06,0.003,2
0.0067901611328125,0.0067672729492187,0.004119873046875,0.004241943359375,0.0001583099365234,0.3,1
0.0052108764648437,0.0052108764648437,0.00115966796875,0.0011615753173828,0.0002899169921875,0.3,0
0.0,0.0038566589355468,0.001953125,0.0019645690917968,0.0008172988891601,0.3,0
0.0018386840820312,0.0019569396972656,0.0006141662597656,0.0006141662597656,0.0005979537963867,0.001,2
0.00262451171875,0.00262451171875,9.34600830078125e-05,9.34600830078125e-05,3.814697265625e-06,0.003,2
0.1024169921875,0.1019287109375,0.04718017578125,0.04718017578125,0.0009737014770507,0.3,3
0.0078125,0.0078125,0.0008468627929687,0.0039291381835937,0.00042724609375,0.015,2
0.023284912109375,0.023284912109375,0.01824951171875,0.018798828125,0.0006866455078125,0.3,1
0.0,0.0013027191162109,0.0052871704101562,0.0052947998046875,0.0024795532226562,0.3,0
0.01080322265625,0.01080322265625,0.00848388671875,0.00848388671875,0.0008001327514648,0.3,1
0.001953125,0.001953125,0.0011348724365234,0.0013694763183593,0.0005369186401367,0.3,1
0.0052108764648437,0.0052108764648437,0.0018596649169921,0.0018882751464843,0.0001649856567382,0.3,0
0.0,0.0013027191162109,9.5367431640625e-07,9.5367431640625e-07,0.0004138946533203,0.003,2
0.0076141357421875,0.0039215087890625,9.5367431640625e-07,9.5367431640625e-07,0.0,0.001,2
0.006500244140625,0.0065078735351562,9.5367431640625e-07,9.5367431640625e-07,0.0,0.001,2
0.0,0.0013027191162109,0.010101318359375,0.010162353515625,0.0002784729003906,0.072,2
0.0048370361328125,0.0030326843261718,0.0016231536865234,0.0016422271728515,1.239776611328125e-05,0.3,0
0.0123748779296875,0.0123748779296875,5.14984130859375e-05,5.14984130859375e-05,0.0002498626708984,0.001,2
0.01116943359375,0.01116943359375,0.0074310302734375,0.01043701171875,0.0011425018310546,0.3,1
0.0,0.005889892578125,0.0001392364501953,0.0001430511474609,1.621246337890625e-05,0.3,0
0.0106201171875,0.0106201171875,0.0045242309570312,0.004608154296875,0.0001535415649414,0.3,1
0.0,0.0013027191162109,0.0022010803222656,0.004364013671875,0.0014324188232421,0.172,0
0.009368896484375,0.154052734375,1.9073486328125e-05,2.09808349609375e-05,0.0,0.01,2
0.0012702941894531,0.0012454986572265,0.0009822845458984,0.0009841918945312,2.47955322265625e-05,0.295,1
0.0065078735351562,0.0065078735351562,0.0030097961425781,0.0037956237792968,0.0004444122314453,0.097,1
0.0042343139648437,0.0042343139648437,0.0006589889526367,0.0006599426269531,0.0006418228149414,0.003,2
0.0052108764648437,0.0052108764648437,0.0016651153564453,0.001749038696289,5.91278076171875e-05,0.3,0
0.0032501220703125,0.0036849975585937,0.001535415649414,0.0016059875488281,0.000258445739746,0.3,1
0.00262451171875,0.00262451171875,0.0008888244628906,0.0010643005371093,0.0003223419189453,0.189,1
0.0134124755859375,0.0134124755859375,0.03131103515625,0.0,0.0006065368652343,0.3,1
0.04168701171875,0.04168701171875,0.03021240234375,0.0302734375,0.0001907348632812,0.3,1
0.0,0.00262451171875,0.0,0.0,0.0,0.002,2
0.0,0.0013027191162109,0.0005531311035156,0.0007600784301757,0.0008010864257812,0.019,2
0.023284912109375,0.023284912109375,0.01824951171875,0.018798828125,0.0006866455078125,0.3,1
0.001718521118164,0.0015621185302734,0.0014057159423828,0.0015621185302734,1.239776611328125e-05,0.3,1
0.0,0.0013027191162109,0.0135955810546875,0.0142669677734375,0.0005931854248046,0.3,0
0.0,0.0013027191162109,0.0,0.0,0.0,0.001,2
0.010162353515625,0.010162353515625,0.0068359375,0.0069122314453125,0.0009841918945312,0.3,1
0.0032501220703125,0.0041961669921875,0.001535415649414,0.0016059875488281,0.000258445739746,0.3,1
0.0,0.0013027191162109,9.5367431640625e-07,9.5367431640625e-07,1.1444091796875e-05,0.001,2
0.006683349609375,0.0036125183105468,0.0006961822509765,0.0006980895996093,1.1444091796875e-05,0.3,0
0.0,0.0013027191162109,1.1444091796875e-05,7.43865966796875e-05,0.0003986358642578,0.007,2
0.0094757080078125,0.0094757080078125,0.0087127685546875,0.0087127685546875,9.5367431640625e-07,0.3,1
0.006683349609375,0.0036125183105468,0.0006771087646484,0.0006790161132812,9.5367431640625e-07,0.3,0
0.0002317428588867,0.0002155303955078,8.58306884765625e-06,8.58306884765625e-06,0.0,0.002,2
0.0052108764648437,0.0052108764648437,0.0030326843261718,0.0034713745117187,0.0001544952392578,0.3,1
0.0048446655273437,0.0048446655273437,0.0018348693847656,0.0029373168945312,0.0008630752563476,0.075,1
0.0104217529296875,0.0104217529296875,6.580352783203125e-05,6.961822509765625e-05,2.86102294921875e-06,0.003,2
0.0061264038085937,0.0061264038085937,0.004241943359375,0.0042572021484375,0.0008506774902343,0.3,1
0.0,0.0042343139648437,0.0005826950073242,0.0007705688476562,0.0009632110595703,0.3,0
0.011016845703125,0.011016845703125,0.0008964538574218,0.000899314880371,7.62939453125e-06,0.3,0
0.0,0.0003175735473632,0.0002288818359375,0.0002326965332031,9.5367431640625e-07,0.3,0
0.0095367431640625,0.0095367431640625,0.0072784423828125,0.0,0.0006542205810546,0.3,0
0.0020980834960937,0.0014705657958984,0.0011062622070312,0.0014724731445312,1.9073486328125e-06,0.3,1
0.0,0.0013027191162109,0.0052871704101562,0.0052947998046875,0.0024795532226562,0.3,0
0.0097503662109375,0.0097503662109375,0.0027389526367187,0.0059814453125,0.0,0.3,1
0.0008134841918945,0.0005674362182617,0.0005102157592773,0.0005121231079101,0.0001630783081054,0.3,1
0.0027313232421875,0.0028572082519531,0.0010356903076171,0.0010509490966796,9.632110595703124e-05,0.3,1
0.0051498413085937,0.0051498413085937,0.0026702880859375,0.0035514831542968,0.0018177032470703,0.117,1
0.006500244140625,0.0065078735351562,9.5367431640625e-07,9.5367431640625e-07,0.0,0.001,2
0.0036125183105468,0.0009145736694335,0.0019798278808593,0.001983642578125,0.0005054473876953,0.3,1
0.0,0.0065078735351562,0.0126953125,0.0127410888671875,0.0001773834228515,0.3,0
0.1875,0.1041259765625,0.129638671875,0.129638671875,0.0017356872558593,0.3,3
0.00262451171875,0.00262451171875,0.0003395080566406,0.0007743835449218,0.0002946853637695,0.004,2
0.00262451171875,0.00262451171875,9.441375732421876e-05,9.441375732421876e-05,6.67572021484375e-06,0.001,2
0.0051345825195312,0.0048446655273437,0.0024375915527343,0.00250244140625,0.0004568099975585,0.3,1
0.0015621185302734,0.0015621185302734,0.0014171600341796,0.0015621185302734,9.918212890625e-05,0.3,1
0.0,0.0013027191162109,0.01971435546875,0.020050048828125,0.0012836456298828,0.3,0
0.009368896484375,0.154052734375,1.9073486328125e-05,2.09808349609375e-05,0.0,0.01,2
0.006500244140625,0.0065078735351562,9.5367431640625e-07,9.5367431640625e-07,0.0,0.001,2
0.0,0.0038566589355468,0.0026206970214843,0.002685546875,0.0006122589111328,0.3,0
0.0037422180175781,0.0037422180175781,0.0015163421630859,0.0015373229980468,0.0001983642578125,0.3,1
0.000227928161621,0.0001821517944335,0.000152587890625,0.00018310546875,0.0,0.241,1
0.0052108764648437,0.0052108764648437,0.0010910034179687,0.0011062622070312,0.0003108978271484,0.3,0
0.0001955032348632,0.0001640319824218,9.250640869140624e-05,0.0001029968261718,9.5367431640625e-07,0.3,1
0.00262451171875,0.00262451171875,0.0003395080566406,0.0007743835449218,0.0002946853637695,0.004,2
0.0032501220703125,0.0036849975585937,0.001535415649414,0.0016059875488281,0.000258445739746,0.3,1
0.0033683776855468,0.0033683776855468,0.0022087097167968,0.0,0.0004081726074218,0.3,1
0.0104217529296875,0.0104217529296875,6.580352783203125e-05,6.961822509765625e-05,2.86102294921875e-06,0.003,2
0.0,0.0001649856567382,0.0001506805419921,0.000152587890625,9.5367431640625e-06,0.3,0
0.027862548828125,0.025665283203125,0.002777099609375,0.0027847290039062,0.000554084777832,0.226,0
0.000227928161621,0.0001850128173828,0.000152587890625,0.00018310546875,0.0,0.241,1
0.0026054382324218,0.0026054382324218,0.0014667510986328,0.001800537109375,8.96453857421875e-05,0.3,1
0.006500244140625,0.0065078735351562,9.5367431640625e-07,9.5367431640625e-07,0.0,0.001,2
0.004364013671875,0.0038566589355468,0.00225830078125,0.0023002624511718,0.0002937316894531,0.3,1
0.0,0.0013027191162109,0.01824951171875,0.021575927734375,0.0004568099975585,0.165,0
0.0019149780273437,0.0019035339355468,0.0015373229980468,0.0015621185302734,5.245208740234375e-05,0.3,1
0.04168701171875,0.04168701171875,0.0003681182861328,0.0003700256347656,0.0001630783081054,0.3,0
0.0,0.0013027191162109,9.5367431640625e-07,9.5367431640625e-07,0.0,0.001,2
0.0,0.0013027191162109,0.0031471252441406,0.008331298828125,0.0008134841918945,0.254,0
0.0,0.0001649856567382,0.0001497268676757,0.000152587890625,1.811981201171875e-05,0.3,0
0.0,0.0013027191162109,0.0004510879516601,0.0006294250488281,7.05718994140625e-05,0.3,0
0.011016845703125,0.011016845703125,0.0008964538574218,0.000899314880371,7.62939453125e-06,0.3,0
0.0030326843261718,0.0012798309326171,0.000838279724121,0.0008430480957031,0.0002660751342773,0.3,0
0.0,0.001922607421875,0.0043411254882812,0.0043487548828125,0.0002269744873046,0.3,0
0.006683349609375,0.0036125183105468,0.0006771087646484,0.0006790161132812,9.5367431640625e-07,0.3,0
0.006683349609375,0.0036125183105468,0.0006961822509765,0.0006980895996093,1.1444091796875e-05,0.3,0
0.0032501220703125,0.0036849975585937,0.001535415649414,0.0016059875488281,0.000258445739746,0.3,1
0.0,0.0005083084106445,0.0001478195190429,0.0001478195190429,9.5367431640625e-07,0.3,0
0.0047225952148437,0.0054473876953125,0.0027847290039062,0.0027923583984375,0.0001440048217773,0.007,1
0.006500244140625,0.0065078735351562,9.5367431640625e-07,9.5367431640625e-07,0.0,0.001,2
0.0002717971801757,0.0002593994140625,7.62939453125e-05,7.62939453125e-05,9.5367431640625e-06,0.002,2
0.011016845703125,0.011016845703125,0.0008964538574218,0.000899314880371,7.62939453125e-06,0.3,0
0.0,0.0013027191162109,0.0126495361328125,0.012786865234375,0.0005807876586914,0.3,0
0.00262451171875,0.00262451171875,0.000101089477539,0.000101089477539,0.0005369186401367,0.001,2
0.0024490356445312,0.0018234252929687,0.0011157989501953,0.0011501312255859,0.0001344680786132,0.3,1
0.0026054382324218,0.0026054382324218,0.0006675720214843,0.0006675720214843,0.0004243850708007,0.016,2
0.006500244140625,0.0065078735351562,9.5367431640625e-07,9.5367431640625e-07,0.0,0.001,2
0.011383056640625,0.0101776123046875,0.001138687133789,0.0011425018310546,0.000319480895996,0.3,0
0.0062713623046875,0.0062789916992187,0.0049819946289062,0.0050735473632812,0.0002565383911132,0.3,1
0.04296875,0.0390625,0.027008056640625,0.02728271484375,2.86102294921875e-06,0.3,1
0.0024070739746093,0.0062103271484375,0.0013256072998046,0.0019054412841796,0.000563621520996,0.048,1
0.0005350112915039,0.0007858276367187,0.0004940032958984,0.0005407333374023,0.0002298355102539,0.127,1
0.001718521118164,0.0015621185302734,0.0016040802001953,0.0016059875488281,5.054473876953125e-05,0.3,1
0.00390625,0.00390625,0.0011177062988281,0.0014286041259765,2.6702880859375e-05,0.3,0
0.0036125183105468,0.0036125183105468,0.0033645629882812,0.0036125183105468,0.0,0.3,1
0.0,0.0013027191162109,0.0005912780761718,0.0005922317504882,0.0002975463867187,0.031,2
0.0015735626220703,0.0015735626220703,0.000746726989746,0.0010929107666015,0.000319480895996,0.039,1
0.0,0.0013027191162109,0.0079498291015625,0.0082855224609375,0.0012054443359375,0.3,0
0.0104217529296875,0.0061416625976562,0.003448486328125,0.0035591125488281,0.0002756118774414,0.3,0
0.006683349609375,0.0036125183105468,0.0006961822509765,0.0006980895996093,1.1444091796875e-05,0.3,0
0.0106201171875,0.0009002685546875,0.0078277587890625,0.008544921875,4.76837158203125e-06,0.3,1
0.003936767578125,0.003936767578125,0.0029792785644531,0.0032691955566406,0.0001726150512695,0.3,1
0.0104217529296875,0.0104217529296875,6.580352783203125e-05,6.961822509765625e-05,2.86102294921875e-06,0.003,2
0.0036125183105468,0.0036125183105468,0.0033645629882812,0.0036125183105468,0.0,0.3,1
0.0076141357421875,0.0076141357421875,9.5367431640625e-07,9.5367431640625e-07,0.0,0.001,2
0.0,0.0013027191162109,0.010101318359375,0.010162353515625,0.0002784729003906,0.072,2
0.011016845703125,0.011016845703125,0.0008964538574218,0.000899314880371,7.62939453125e-06,0.3,0
0.00262451171875,0.00262451171875,0.0011310577392578,0.0014019012451171,0.0005702972412109,0.3,1
0.0069122314453125,0.0069122314453125,0.0015869140625,0.0019607543945312,0.0003385543823242,0.3,0
0.0,0.0718994140625,0.0005712509155273,0.0005741119384765,0.0001287460327148,0.3,0
0.0032501220703125,0.0041961669921875,0.001535415649414,0.0016059875488281,0.000258445739746,0.3,1
0.0,0.0013027191162109,0.010101318359375,0.010162353515625,0.0002784729003906,0.072,2
0.0,0.0013027191162109,0.0,0.0,0.0004129409790039,0.001,2
0.00262451171875,0.00262451171875,9.441375732421876e-05,9.441375732421876e-05,6.67572021484375e-06,0.001,2
0.0,0.0013027191162109,1.9073486328125e-06,1.9073486328125e-06,0.0014858245849609,0.001,2
0.0149688720703125,0.016693115234375,0.00567626953125,0.00567626953125,0.0001983642578125,0.041,2
0.011016845703125,0.011016845703125,0.0008964538574218,0.000899314880371,7.62939453125e-06,0.3,0
0.0052108764648437,0.0052108764648437,0.0030326843261718,0.0034713745117187,0.0001544952392578,0.3,1
0.0,0.0013027191162109,1.9073486328125e-06,1.9073486328125e-06,0.0004234313964843,0.001,2
0.0050125122070312,0.0037307739257812,0.0026702880859375,0.0026702880859375,0.0005407333374023,0.3,1
0.0052108764648437,0.0052108764648437,0.0023002624511718,0.0023765563964843,0.000615119934082,0.3,1
0.0025901794433593,0.0026054382324218,0.0013904571533203,0.0013942718505859,0.0002994537353515,0.3,1
0.0052108764648437,0.0052108764648437,0.0008525848388671,0.0015411376953125,0.0003948211669921,0.024,2
0.0,0.04339599609375,0.0404052734375,0.04095458984375,0.0002317428588867,0.3,0
0.00262451171875,0.00262451171875,0.000101089477539,0.000101089477539,0.0005369186401367,0.001,2
0.0001955032348632,0.0002002716064453,9.250640869140624e-05,0.0001029968261718,9.5367431640625e-07,0.3,1
0.0037345886230468,0.0037345886230468,0.002655029296875,0.0027885437011718,0.0005006790161132,0.3,1
0.0002107620239257,0.0002107620239257,9.5367431640625e-06,9.5367431640625e-06,0.0,0.001,2
0.0095367431640625,0.0095367431640625,0.0072784423828125,0.0,0.0006542205810546,0.3,0
0.003814697265625,0.003814697265625,0.0010833740234375,0.0010833740234375,5.53131103515625e-05,0.3,0
0.0094757080078125,0.0094757080078125,0.0087127685546875,0.0087127685546875,9.5367431640625e-07,0.3,1
0.0001955032348632,0.0001945495605468,9.250640869140624e-05,0.0001029968261718,9.5367431640625e-07,0.3,1
0.0002317428588867,0.0002088546752929,8.58306884765625e-06,8.58306884765625e-06,0.0,0.002,2
0.004180908203125,0.004669189453125,0.0010643005371093,0.0010833740234375,0.0006141662597656,0.3,0
0.0104217529296875,0.0104217529296875,6.580352783203125e-05,6.961822509765625e-05,2.86102294921875e-06,0.003,2
0.011016845703125,0.011016845703125,0.0008964538574218,0.000899314880371,7.62939453125e-06,0.3,0
0.0044326782226562,0.0044326782226562,0.0006971359252929,0.0006971359252929,0.0006732940673828,0.001,2
0.0029182434082031,0.0026054382324218,0.0021514892578125,0.0026054382324218,2.6702880859375e-05,0.3,1
0.0012702941894531,0.0012454986572265,0.0009822845458984,0.0009841918945312,2.47955322265625e-05,0.295,1
0.0032539367675781,0.0032539367675781,0.0013999938964843,0.0013999938964843,0.0004243850708007,0.009,2
0.05078125,0.0440673828125,0.0469970703125,0.0469970703125,0.000136375427246,0.3,1
0.005035400390625,0.004119873046875,0.0035781860351562,0.0036888122558593,0.000309944152832,0.3,1
0.006683349609375,0.0036125183105468,0.0006961822509765,0.0006980895996093,1.1444091796875e-05,0.3,0
0.00262451171875,0.00262451171875,0.0003395080566406,0.0007743835449218,0.0002946853637695,0.004,2
0.0052108764648437,0.0052108764648437,0.001220703125,0.0012226104736328,0.0005769729614257,0.3,0
0.0,0.0013027191162109,0.0155792236328125,0.015594482421875,0.0009975433349609,0.3,0
0.0104217529296875,0.0104217529296875,6.580352783203125e-05,6.961822509765625e-05,2.86102294921875e-06,0.003,2
0.0001955032348632,0.0001955032348632,9.250640869140624e-05,0.0001029968261718,9.5367431640625e-07,0.3,1
0.02081298828125,0.02081298828125,0.016845703125,0.016998291015625,0.0002250671386718,0.3,1
0.0064773559570312,0.0079193115234375,0.0039825439453125,0.0062713623046875,0.0037193298339843,0.3,1
0.0123748779296875,0.0123748779296875,5.14984130859375e-05,5.14984130859375e-05,0.0002498626708984,0.001,2
0.0036125183105468,0.0036125183105468,0.0006799697875976,0.000680923461914,3.0517578125e-05,0.3,0
0.0,0.0013027191162109,0.014862060546875,0.01495361328125,0.0007925033569335,0.3,0
0.0079803466796875,0.0032539367675781,0.0049896240234375,0.005645751953125,5.340576171875e-05,0.3,1
0.0016059875488281,0.0016059875488281,0.0008096694946289,0.00140380859375,0.0003366470336914,0.033,1
0.006805419921875,0.00604248046875,0.005126953125,0.0051345825195312,0.0005264282226562,0.3,1
0.0,0.0013027191162109,0.0061569213867187,0.018829345703125,0.0008535385131835,0.3,0
0.0,0.00262451171875,0.0,0.0,0.0,0.002,2
0.00726318359375,0.0072555541992187,0.005401611328125,0.0054092407226562,0.0004854202270507,0.3,1
0.0020751953125,0.00390625,0.0005559921264648,0.0005578994750976,2.288818359375e-05,0.3,0
0.1875,0.1041259765625,0.129638671875,0.129638671875,0.0017356872558593,0.3,3
0.00213623046875,0.0018234252929687,0.0014305114746093,0.0018234252929687,4.00543212890625e-05,0.3,1
0.0049285888671875,0.0079803466796875,0.0044174194335937,0.0044174194335937,0.0001592636108398,0.3,1
0.0,0.0013027191162109,0.0018672943115234,0.0033226013183593,0.0017910003662109,0.3,0
0.0018234252929687,0.0018234252929687,0.0001764297485351,0.0003833770751953,0.000197410583496,0.003,2
0.01116943359375,0.01116943359375,0.0074310302734375,0.01043701171875,0.0011425018310546,0.3,1
0.0,0.0038566589355468,0.001953125,0.0019645690917968,0.0008172988891601,0.3,0
0.0095367431640625,0.0095367431640625,0.0072784423828125,0.0,0.0006542205810546,0.3,0
0.00390625,0.00390625,0.001016616821289,0.0012474060058593,3.814697265625e-06,0.3,0
0.0002698898315429,0.0037956237792968,0.0001497268676757,0.0001564025878906,8.58306884765625e-06,0.3,1
0.0,0.0038566589355468,0.001953125,0.0019645690917968,0.0008172988891601,0.3,0
0.006500244140625,0.0065078735351562,9.5367431640625e-07,9.5367431640625e-07,0.0,0.001,2
0.0104217529296875,0.0104217529296875,6.580352783203125e-05,6.961822509765625e-05,2.86102294921875e-06,0.003,2
0.000227928161621,0.0001811981201171,0.000152587890625,0.00018310546875,0.0,0.241,1
0.0,0.0003175735473632,0.0002069473266601,0.0002088546752929,0.0,0.109,2
0.0052108764648437,0.0052108764648437,0.0030517578125,0.0030632019042968,3.4332275390625e-05,0.3,1
0.0001955032348632,0.0001802444458007,9.250640869140624e-05,0.0001029968261718,9.5367431640625e-07,0.3,1
0.0032539367675781,0.0032539367675781,0.0013999938964843,0.0013999938964843,0.0004243850708007,0.009,2
0.006683349609375,0.0036125183105468,0.0006771087646484,0.0006790161132812,9.5367431640625e-07,0.3,0
0.006500244140625,0.0065078735351562,9.5367431640625e-07,9.5367431640625e-07,0.0,0.001,2
0.0002269744873046,0.0002365112304687,0.0001735687255859,0.0001859664916992,0.0,0.3,1
0.00262451171875,0.00262451171875,0.0006523132324218,0.0006723403930664,0.0,0.1,2
0.03460693359375,0.03460693359375,0.0179443359375,0.01800537109375,9.5367431640625e-07,0.206,1
0.0026054382324218,0.0026054382324218,0.0012664794921875,0.0017929077148437,0.0005578994750976,0.3,1
0.0,0.00262451171875,0.0,0.0,0.0,0.002,2
0.0052108764648437,0.0052108764648437,0.0010910034179687,0.0011062622070312,0.0003108978271484,0.3,0
0.00262451171875,0.00262451171875,9.441375732421876e-05,9.441375732421876e-05,6.67572021484375e-06,0.001,2
0.0,0.00262451171875,0.0,0.0,0.0,0.002,2
0.011016845703125,0.011016845703125,0.0008964538574218,0.000899314880371,7.62939453125e-06,0.3,0
0.0020751953125,0.0020751953125,0.0006313323974609,0.0006322860717773,0.0003299713134765,0.3,1
0.0030937194824218,0.00262451171875,0.002105712890625,0.0022773742675781,2.86102294921875e-05,0.3,1
0.0,0.0013027191162109,0.0135955810546875,0.0142669677734375,0.0005931854248046,0.3,0
0.0032501220703125,0.0036849975585937,0.001535415649414,0.0016059875488281,0.000258445739746,0.3,1
0.0032501220703125,0.0036849975585937,0.001535415649414,0.0016059875488281,0.000258445739746,0.3,1
0.05621337890625,0.056396484375,0.0513916015625,0.0516357421875,0.0019645690917968,0.3,1
0.0,0.0013027191162109,0.0113677978515625,0.019622802734375,0.0012626647949218,0.3,0
0.0037422180175781,0.0037422180175781,0.002593994140625,0.002685546875,0.0004405975341796,0.3,1
0.0022087097167968,0.0022087097167968,0.0008802413940429,0.0008802413940429,0.0008668899536132,0.001,1
0.0036201477050781,0.0036239624023437,0.0025215148925781,0.0025291442871093,0.0005388259887695,0.3,1
0.027862548828125,0.025665283203125,0.002777099609375,0.0027847290039062,0.000554084777832,0.226,0
0.0017528533935546,0.0017528533935546,0.0010852813720703,0.0013656616210937,5.340576171875e-05,0.3,1
0.0065078735351562,0.0065078735351562,0.0030097961425781,0.0037956237792968,0.0004444122314453,0.097,1
0.0,0.0013027191162109,0.0072402954101562,0.00933837890625,0.0001478195190429,0.3,0
0.0097503662109375,0.0097503662109375,0.0091094970703125,0.0091094970703125,2.002716064453125e-05,0.3,1
0.0,0.0045700073242187,0.0041580200195312,0.0041580200195312,0.0002593994140625,0.3,0
0.0,0.0013027191162109,0.0076751708984375,0.0087738037109375,0.0008134841918945,0.3,0
0.000441551208496,0.0003433227539062,0.0002832412719726,0.0003013610839843,0.0,0.3,1
0.0,0.0013027191162109,0.012481689453125,0.02093505859375,0.0023918151855468,0.257,0
0.0,0.0013027191162109,1.1444091796875e-05,7.43865966796875e-05,0.0003986358642578,0.007,2
0.0018234252929687,0.0018234252929687,0.0004348754882812,0.0004348754882812,0.0004253387451171,0.001,2
0.0,0.00262451171875,0.0,0.0,0.0,0.002,2
0.00262451171875,0.00262451171875,0.0012130737304687,0.0014762878417968,0.0,0.3,1
0.0015621185302734,0.0011463165283203,9.5367431640625e-07,9.5367431640625e-07,0.0,0.001,2
0.0,0.0013027191162109,9.5367431640625e-07,9.5367431640625e-07,0.0004167556762695,0.004,2
0.0072250366210937,0.0072250366210937,0.0052261352539062,0.0052337646484375,0.0004892349243164,0.3,1
0.00262451171875,0.00262451171875,0.00140380859375,0.0016593933105468,0.0,0.3,1
0.0,0.0013027191162109,9.5367431640625e-07,9.5367431640625e-07,0.0,0.001,2
0.0104217529296875,0.0053482055664062,0.0030670166015625,0.0030746459960937,0.0006284713745117,0.3,0
0.0052108764648437,0.0052108764648437,0.0018596649169921,0.0018882751464843,0.0001649856567382,0.3,0
0.0,0.0013027191162109,0.009033203125,0.025146484375,0.0013942718505859,0.3,0
0.0,0.00262451171875,0.0,0.0,0.0,0.002,2
0.1875,0.1041259765625,0.129638671875,0.129638671875,0.0017356872558593,0.3,3
0.0072250366210937,0.0072250366210937,0.0052261352539062,0.0052337646484375,0.0004892349243164,0.3,1
0.00701904296875,0.0078125,0.0034980773925781,0.0040054321289062,0.0001459121704101,0.3,1
0.0026321411132812,0.0024757385253906,0.0008420944213867,0.0025711059570312,0.0002574920654296,0.3,1
0.006683349609375,0.0036125183105468,0.0006961822509765,0.0006980895996093,1.1444091796875e-05,0.3,0
0.0052108764648437,0.0052108764648437,0.0016651153564453,0.001749038696289,5.91278076171875e-05,0.3,0
0.00262451171875,0.00262451171875,0.00140380859375,0.0016593933105468,0.0,0.3,1
0.0731201171875,0.0369873046875,0.00335693359375,0.0033798217773437,0.0007581710815429,0.3,0
0.0010719299316406,0.0010738372802734,0.0006828308105468,0.0007753372192382,0.0001296997070312,0.3,1
0.0,0.0013027191162109,0.009002685546875,0.0100555419921875,0.001138687133789,0.3,0
0.0,0.0013027191162109,0.016387939453125,0.0194091796875,0.0010433197021484,0.3,0
0.0036125183105468,0.0036125183105468,0.0006523132324218,0.0006532669067382,9.5367431640625e-06,0.013,2
0.0003852844238281,0.0003738403320312,0.0001802444458007,0.0002040863037109,4.76837158203125e-06,0.3,1
0.0073623657226562,0.0066375732421875,0.0026588439941406,0.004180908203125,0.0008888244628906,0.099,1
0.00262451171875,0.00262451171875,9.441375732421876e-05,9.441375732421876e-05,6.67572021484375e-06,0.001,2
0.0002927780151367,0.0002317428588867,0.0001649856567382,0.0002050399780273,7.62939453125e-06,0.3,1
0.0052108764648437,0.0052108764648437,0.0030326843261718,0.0034713745117187,0.0001544952392578,0.3,1
0.0,0.0013027191162109,9.5367431640625e-07,9.5367431640625e-07,0.0,0.001,2
0.0044326782226562,0.0044326782226562,0.0006971359252929,0.0006971359252929,0.0006732940673828,0.001,2
0.0036125183105468,0.0036125183105468,0.000284194946289,0.0006608963012695,0.0005006790161132,0.004,2
0.00262451171875,0.00262451171875,0.0013542175292968,0.0015068054199218,0.0005197525024414,0.3,1
0.01116943359375,0.01116943359375,0.0072097778320312,0.0105438232421875,0.0009098052978515,0.3,1
0.00262451171875,0.00262451171875,0.0021553039550781,0.0022048950195312,7.43865966796875e-05,0.3,1
0.00390625,0.0009899139404296,0.0020179748535156,0.0028305053710937,0.0003728866577148,0.063,1
0.0,0.0013027191162109,0.014862060546875,0.01495361328125,0.0007925033569335,0.3,0
0.0148773193359375,0.0148773193359375,0.0006942749023437,0.0031471252441406,0.0004606246948242,0.3,0
0.0032539367675781,0.0032539367675781,0.0013999938964843,0.0013999938964843,0.0004243850708007,0.009,2
0.0014705657958984,0.0014705657958984,8.678436279296875e-05,8.678436279296875e-05,0.0,0.003,2
0.010406494140625,0.010406494140625,0.0020599365234375,0.0020637512207031,0.001230239868164,0.3,0
0.006500244140625,0.0065078735351562,0.0006999969482421,0.0007591247558593,0.0003204345703125,0.017,2
0.00262451171875,0.00262451171875,0.00140380859375,0.0016593933105468,0.0,0.3,1
0.0,0.0013027191162109,0.02178955078125,0.023406982421875,0.0014266967773437,0.077,0
0.0,0.00506591796875,0.0024948120117187,0.0025062561035156,0.0007553100585937,0.3,0
0.027862548828125,0.025665283203125,0.002777099609375,0.0027847290039062,0.000554084777832,0.226,0
0.0,0.0013027191162109,0.0031280517578125,0.0102081298828125,0.0013847351074218,0.23,0
0.0017299652099609,0.0017299652099609,0.0012149810791015,0.0012664794921875,0.000105857849121,0.3,1
0.1009521484375,0.187744140625,0.0005731582641601,0.0005731582641601,0.0005617141723632,0.004,2
0.0,0.0013027191162109,0.000584602355957,0.0007963180541992,0.0004186630249023,0.012,2
0.016143798828125,0.016143798828125,0.01104736328125,0.0110626220703125,0.0010204315185546,0.3,1
0.0094757080078125,0.0094757080078125,0.0087127685546875,0.0087127685546875,9.5367431640625e-07,0.3,1
0.011016845703125,0.011016845703125,0.0008964538574218,0.000899314880371,7.62939453125e-06,0.3,0
0.0052108764648437,0.0052108764648437,0.0016651153564453,0.001749038696289,5.91278076171875e-05,0.3,0
0.0022010803222656,0.00347900390625,0.0003013610839843,0.0003623962402343,0.0,0.004,2
0.011016845703125,0.011016845703125,0.0008964538574218,0.000899314880371,7.62939453125e-06,0.3,0
0.0064773559570312,0.0093841552734375,0.0039825439453125,0.0062713623046875,0.0037193298339843,0.3,1
0.0,0.0390625,0.02191162109375,0.02215576171875,0.0001497268676757,0.3,0
0.0052108764648437,0.0052108764648437,0.0016651153564453,0.001749038696289,5.91278076171875e-05,0.3,0
0.0,0.0045700073242187,0.0041046142578125,0.0041046142578125,0.0003175735473632,0.3,0
0.0046844482421875,0.00390625,0.0008983612060546,0.0015850067138671,0.000162124633789,0.3,0
0.0002355575561523,0.0002355575561523,7.62939453125e-06,7.62939453125e-06,9.5367431640625e-07,0.002,2
0.0057296752929687,0.0026054382324218,0.0052261352539062,0.00555419921875,4.100799560546875e-05,0.3,1
0.04559326171875,0.04559326171875,0.0111846923828125,0.011260986328125,0.0003175735473632,0.149,0
0.0,0.0059738159179687,0.0037307739257812,0.0037612915039062,0.0009212493896484,0.3,0
0.0050125122070312,0.0048370361328125,0.0026702880859375,0.0026702880859375,0.0005407333374023,0.3,1
0.00262451171875,0.00262451171875,0.0003395080566406,0.0007743835449218,0.0002946853637695,0.004,2
0.0,0.0013027191162109,0.010101318359375,0.010162353515625,0.0002784729003906,0.072,2
0.00262451171875,0.00262451171875,0.0009384155273437,0.0015068054199218,0.0005674362182617,0.3,1
0.0,0.0013027191162109,0.0005998611450195,0.0008087158203125,0.0003271102905273,0.08,2
0.0,0.0013027191162109,0.0069580078125,0.0104522705078125,0.0002956390380859,0.3,0
0.0002317428588867,0.0002088546752929,8.58306884765625e-06,8.58306884765625e-06,0.0,0.002,2
0.0052108764648437,0.0052108764648437,0.0030326843261718,0.0034713745117187,0.0001544952392578,0.3,1
0.0078125,0.0078125,0.0001554489135742,0.0001554489135742,0.0003576278686523,0.003,2
0.0002317428588867,0.0002155303955078,8.58306884765625e-06,8.58306884765625e-06,0.0,0.002,2
0.0,0.0013027191162109,0.0022010803222656,0.004364013671875,0.0014324188232421,0.172,0
0.0033683776855468,0.0033683776855468,0.0022125244140625,0.0,0.0001649856567382,0.3,1
0.0,0.0013027191162109,0.013336181640625,0.013458251953125,0.0005912780761718,0.129,0
0.0002698898315429,0.000288963317871,0.0001592636108398,0.0001678466796875,9.5367431640625e-06,0.3,1
0.0032424926757812,0.0027580261230468,0.0006122589111328,0.0006132125854492,6.67572021484375e-06,0.3,0
0.0,0.00262451171875,0.0,0.0,0.0,0.002,2
0.0,0.0013027191162109,0.0053176879882812,0.009735107421875,0.0009412765502929,0.3,0
0.0,0.0013027191162109,0.0073165893554687,0.0081634521484375,0.001291275024414,0.3,0
0.016143798828125,0.015472412109375,0.009735107421875,0.009857177734375,0.0003538131713867,0.3,1
0.0148773193359375,0.0148773193359375,0.0006942749023437,0.0031471252441406,0.0004606246948242,0.3,0
0.0,0.0013027191162109,1.9073486328125e-06,1.9073486328125e-06,0.0014858245849609,0.001,2
0.0,0.0013027191162109,0.0004510879516601,0.0006294250488281,7.05718994140625e-05,0.3,0
0.0104217529296875,0.0104217529296875,6.580352783203125e-05,6.961822509765625e-05,2.86102294921875e-06,0.003,2
0.0,0.0013027191162109,0.01409912109375,0.017608642578125,0.0012741088867187,0.3,0
0.0001955032348632,0.0001955032348632,9.250640869140624e-05,0.0001029968261718,9.5367431640625e-07,0.3,1
0.0036125183105468,0.0036125183105468,0.0004196166992187,0.000676155090332,0.0005035400390625,0.002,2
0.00390625,0.00390625,0.0005378723144531,0.0019092559814453,0.0004825592041015,0.034,2
0.0002803802490234,0.0003252029418945,0.0001478195190429,0.0001611709594726,8.58306884765625e-06,0.3,1
0.00390625,0.00390625,0.0019264221191406,0.0022010803222656,0.0003957748413085,0.3,1
0.0034942626953125,0.0034599304199218,0.0003662109375,0.0003671646118164,7.724761962890625e-05,0.3,0
0.006500244140625,0.0065078735351562,9.5367431640625e-07,9.5367431640625e-07,0.0,0.001,2
0.0036201477050781,0.0036239624023437,0.0025215148925781,0.0025291442871093,0.0005388259887695,0.3,1
0.010894775390625,0.010894775390625,0.0097198486328125,0.009857177734375,0.0006847381591796,0.3,1
0.00518798828125,0.00518798828125,0.0029869079589843,0.0030479431152343,0.0006513595581054,0.3,1
0.00390625,0.008544921875,0.0020179748535156,0.0028305053710937,0.0003728866577148,0.063,1
0.0054702758789062,0.0056610107421875,0.00244140625,0.0026969909667968,0.0016555786132812,0.027,1
0.0033683776855468,0.0033683776855468,0.0023460388183593,0.0,0.0004081726074218,0.3,1
0.0033683776855468,0.0033683776855468,0.0023460388183593,0.0,0.0004081726074218,0.3,1
0.0032424926757812,0.0024452209472656,0.0006122589111328,0.0006132125854492,6.67572021484375e-06,0.3,0
0.0012702941894531,0.0012454986572265,0.0009822845458984,0.0009841918945312,2.47955322265625e-05,0.295,1
0.0,0.0013027191162109,0.0052871704101562,0.0052947998046875,0.0024795532226562,0.3,0
0.0037765502929687,0.0011329650878906,0.0013027191162109,0.0013046264648437,4.100799560546875e-05,0.3,0
0.0002317428588867,0.0002088546752929,8.58306884765625e-06,8.58306884765625e-06,0.0,0.002,2
0.0018234252929687,0.0018234252929687,0.0007400512695312,0.0008964538574218,0.0004997253417968,0.133,1
0.0032501220703125,0.0041961669921875,0.001535415649414,0.0016059875488281,0.000258445739746,0.3,1
0.0052108764648437,0.0052108764648437,0.0030326843261718,0.0034713745117187,0.0001544952392578,0.3,1
0.041015625,0.0390625,0.0230712890625,0.02325439453125,0.000152587890625,0.3,1
0.0104217529296875,0.0104217529296875,0.0013809204101562,0.0024375915527343,0.0002145767211914,0.108,2
0.0416259765625,0.0416259765625,0.034423828125,0.03466796875,0.0002269744873046,0.3,1
0.00390625,0.00390625,0.0005378723144531,0.0019092559814453,0.0004825592041015,0.034,2
0.024200439453125,0.005859375,0.0077438354492187,0.008087158203125,0.0028572082519531,0.3,0
0.0095367431640625,0.0095367431640625,0.0072784423828125,0.0,0.0006542205810546,0.3,0
0.006500244140625,0.0065078735351562,0.0006999969482421,0.0007591247558593,0.0003204345703125,0.017,2
0.1875,0.1041259765625,0.129638671875,0.129638671875,0.0017356872558593,0.3,3
0.0029792785644531,0.0029792785644531,0.0006189346313476,0.0006208419799804,4.9591064453125e-05,0.3,0
0.0052108764648437,0.0052108764648437,0.00115966796875,0.0011615753173828,0.0002899169921875,0.3,0
0.0036125183105468,0.0036125183105468,0.0006580352783203,0.0006580352783203,0.0,0.3,0
0.00262451171875,0.00262451171875,0.0003395080566406,0.0007743835449218,0.0002946853637695,0.004,2
0.0,0.0024452209472656,0.0001716613769531,0.0001735687255859,1.9073486328125e-05,0.3,0
0.00213623046875,0.0018234252929687,0.0014305114746093,0.0018234252929687,4.00543212890625e-05,0.3,1
0.0516357421875,0.015899658203125,0.0013313293457031,0.0013313293457031,1.9073486328125e-06,0.3,0
0.0044403076171875,0.056396484375,0.0015506744384765,0.001565933227539,0.0001640319824218,0.3,0
0.01116943359375,0.01116943359375,0.0072097778320312,0.0105438232421875,0.0009098052978515,0.3,1
0.0095367431640625,0.0095367431640625,0.0072784423828125,0.0,0.0006542205810546,0.3,0
0.0003061294555664,0.0003061294555664,0.0001678466796875,0.0001821517944335,0.0,0.3,1
0.083251953125,0.0091094970703125,0.077392578125,0.0,0.0006027221679687,0.3,1
0.0052108764648437,0.0052108764648437,0.0010910034179687,0.0011062622070312,0.0003108978271484,0.3,0
0.0,0.0718994140625,0.0005712509155273,0.0005741119384765,0.0001287460327148,0.3,0
0.0018234252929687,0.0018234252929687,0.0011806488037109,0.0012741088867187,0.000223159790039,0.3,1
0.030303955078125,0.017974853515625,0.0154571533203125,0.0155181884765625,0.0005397796630859,0.3,1
0.0128936767578125,0.01171875,0.007965087890625,0.0095977783203125,0.0006599426269531,0.3,1
0.006500244140625,0.0037841796875,9.5367431640625e-07,9.5367431640625e-07,0.0,0.001,2
0.0003061294555664,0.0002956390380859,0.0001678466796875,0.0001821517944335,0.0,0.3,1
0.013092041015625,0.013092041015625,0.0101776123046875,0.01019287109375,0.0012454986572265,0.3,1
0.0,0.00262451171875,0.0,0.0,0.0,0.002,2
0.0032424926757812,0.0032539367675781,0.0006084442138671,0.0006084442138671,0.0001344680786132,0.3,0
0.023284912109375,0.023284912109375,0.01824951171875,0.018798828125,0.0006866455078125,0.3,1
0.0077972412109375,0.0026054382324218,0.0044174194335937,0.0044174194335937,1.71661376953125e-05,0.3,1
0.0,0.00262451171875,0.0,0.0,0.0,0.002,2
0.0,0.0013027191162109,0.006500244140625,0.0095977783203125,0.001251220703125,0.3,0
0.0033683776855468,0.0033683776855468,0.0023460388183593,0.0,0.0004081726074218,0.3,1
0.00390625,0.00390625,0.0021324157714843,0.0022544860839843,0.0001163482666015,0.3,1
0.0,0.0003175735473632,0.0002031326293945,0.0002050399780273,1.9073486328125e-06,0.3,0
0.0106201171875,0.0106201171875,0.0045242309570312,0.004608154296875,0.0001535415649414,0.3,1
0.041015625,0.0390625,0.0230712890625,0.02325439453125,0.000152587890625,0.3,1
0.0065078735351562,0.0065078735351562,0.0030097961425781,0.0037956237792968,0.0004444122314453,0.097,1
0.0035858154296875,0.003509521484375,0.0012149810791015,0.0012474060058593,7.534027099609375e-05,0.3,0
0.1875,0.1041259765625,0.129638671875,0.129638671875,0.0017356872558593,0.3,3
0.0004158020019531,0.0054397583007812,0.0002079010009765,0.000223159790039,0.0,0.3,1
0.0018234252929687,0.0018234252929687,0.0001764297485351,0.0003833770751953,0.000197410583496,0.003,2
0.0,0.0013027191162109,0.0072402954101562,0.00933837890625,0.0001478195190429,0.3,0
0.0,0.0013027191162109,0.0069580078125,0.0104522705078125,0.0002956390380859,0.3,0
0.021453857421875,0.01556396484375,0.0053634643554687,0.0053939819335937,0.0,0.3,0
0.0,0.0013027191162109,0.0052871704101562,0.0052947998046875,0.0024795532226562,0.3,0
0.0,0.0013027191162109,0.0027084350585937,0.0064163208007812,0.0013427734375,0.3,0
0.0,0.0013027191162109,0.0052871704101562,0.0052947998046875,0.0024795532226562,0.3,0
0.0012416839599609,0.0012416839599609,0.0006446838378906,0.0006475448608398,0.0003566741943359,0.3,1
0.0,0.0013027191162109,0.0052871704101562,0.0052947998046875,0.0024795532226562,0.3,0
0.0011005401611328,0.0009565353393554,0.000279426574707,0.000279426574707,0.0002651214599609,0.001,2
0.0,0.0013027191162109,0.0150909423828125,0.0174560546875,0.0001087188720703,0.3,0
0.0029258728027343,0.0029258728027343,0.0020790100097656,0.0020828247070312,0.0003900527954101,0.3,1
0.006500244140625,0.0065078735351562,9.5367431640625e-07,9.5367431640625e-07,0.0,0.001,2
0.0028457641601562,0.0028533935546875,0.0025138854980468,0.0025405883789062,0.000309944152832,0.041,1
0.0032539367675781,0.0024452209472656,0.0008821487426757,0.000885009765625,3.814697265625e-06,0.3,0
0.0032539367675781,0.0032539367675781,0.0013999938964843,0.0013999938964843,0.0004243850708007,0.009,2
0.0032501220703125,0.0036849975585937,0.001535415649414,0.0016059875488281,0.000258445739746,0.3,1
0.0,0.0038566589355468,0.002197265625,0.0022048950195312,0.0004329681396484,0.3,0
0.0025749206542968,0.0026206970214843,0.0007123947143554,0.0007171630859375,0.0007448196411132,0.003,2
0.0056915283203125,0.0056915283203125,0.0008726119995117,0.0008745193481445,0.0001125335693359,0.3,0
0.0139312744140625,0.0139312744140625,0.006622314453125,0.0067520141601562,0.0040435791015625,0.3,0
0.0024757385253906,0.0024757385253906,0.000436782836914,0.0005111694335937,0.0001688003540039,0.028,2
0.0036201477050781,0.0036239624023437,0.0025215148925781,0.0025291442871093,0.0005388259887695,0.3,1
0.009765625,0.009765625,0.001535415649414,0.0015411376953125,0.0005664825439453,0.3,0
0.0052108764648437,0.0052108764648437,0.0030326843261718,0.0034713745117187,0.0001544952392578,0.3,1
0.0,0.000885009765625,0.0019092559814453,0.0019187927246093,0.0002670288085937,0.3,0
0.0001955032348632,0.0002002716064453,9.250640869140624e-05,0.0001029968261718,9.5367431640625e-07,0.3,1
0.0,0.0013027191162109,0.019287109375,0.020599365234375,0.0011310577392578,0.3,0
0.0106201171875,0.02581787109375,0.0078277587890625,0.008544921875,4.76837158203125e-06,0.3,1
0.0,0.0013027191162109,0.0021209716796875,0.0021209716796875,0.0011558532714843,0.3,0
0.0,0.0013027191162109,0.008544921875,0.0128631591796875,0.0012035369873046,0.3,0
0.00262451171875,0.00262451171875,0.0003395080566406,0.0007743835449218,0.0002946853637695,0.004,2
0.0036125183105468,0.0036125183105468,0.0016098022460937,0.0016136169433593,5.7220458984375e-06,0.3,1
0.03460693359375,0.03460693359375,0.0179443359375,0.01800537109375,9.5367431640625e-07,0.206,1
0.020416259765625,0.018341064453125,0.004669189453125,0.0047760009765625,9.632110595703124e-05,0.199,0
0.0001955032348632,0.000213623046875,9.250640869140624e-05,0.0001029968261718,9.5367431640625e-07,0.3,1
0.00262451171875,0.00262451171875,0.0003395080566406,0.0007743835449218,0.0002946853637695,0.004,2
0.0003652572631835,0.0003652572631835,0.000244140625,0.0003128051757812,9.5367431640625e-07,0.3,1
0.0032501220703125,0.0036849975585937,0.001535415649414,0.0016059875488281,0.000258445739746,0.3,1
0.00390625,0.0102996826171875,0.0031204223632812,0.0031280517578125,2.002716064453125e-05,0.3,1
0.0003852844238281,0.0003852844238281,0.0001802444458007,0.0002040863037109,4.76837158203125e-06,0.3,1
0.006500244140625,0.0065078735351562,9.5367431640625e-07,9.5367431640625e-07,0.0,0.001,2
0.009368896484375,0.154052734375,1.9073486328125e-05,2.09808349609375e-05,0.0,0.01,2
0.006683349609375,0.0036125183105468,0.0006771087646484,0.0006790161132812,9.5367431640625e-07,0.3,0
0.0052108764648437,0.0052108764648437,0.0016651153564453,0.001749038696289,5.91278076171875e-05,0.3,0
0.0,0.0038566589355468,0.0026206970214843,0.002685546875,0.0006122589111328,0.3,0
0.0,0.00262451171875,0.0,0.0,0.0,0.002,2
0.006683349609375,0.0036125183105468,0.0006771087646484,0.0006790161132812,9.5367431640625e-07,0.3,0
0.0001955032348632,0.0001955032348632,9.250640869140624e-05,0.0001029968261718,9.5367431640625e-07,0.3,1
0.0106201171875,0.0106201171875,0.0078277587890625,0.008544921875,4.76837158203125e-06,0.3,1
0.0104217529296875,0.0041656494140625,0.0027885437011718,0.0028457641601562,0.0002346038818359,0.3,0
0.0015621185302734,0.0015621185302734,0.0009822845458984,0.0013809204101562,0.0002288818359375,0.3,1
0.005096435546875,0.0102996826171875,0.0045013427734375,0.0,0.0003862380981445,0.3,1
0.0072250366210937,0.0064239501953125,0.0052261352539062,0.0052337646484375,0.0004892349243164,0.3,1
0.0033683776855468,0.0033683776855468,0.0023460388183593,0.0,0.0004081726074218,0.3,1
0.0052108764648437,0.0052108764648437,0.0016651153564453,0.001749038696289,5.91278076171875e-05,0.3,0
0.005035400390625,0.0032196044921875,0.0035781860351562,0.0036888122558593,0.000309944152832,0.3,1
0.0001955032348632,0.0001955032348632,9.250640869140624e-05,0.0001029968261718,9.5367431640625e-07,0.3,1
0.0032501220703125,0.0036849975585937,0.001535415649414,0.0016059875488281,0.000258445739746,0.3,1
0.0014228820800781,0.0014228820800781,0.0003061294555664,0.0003061294555664,0.0002870559692382,0.004,2
0.0057830810546875,0.0067596435546875,0.0025291442871093,0.002593994140625,0.0011501312255859,0.3,1
0.0123748779296875,0.0123748779296875,5.14984130859375e-05,5.14984130859375e-05,0.0002498626708984,0.001,2
0.0029792785644531,0.0029792785644531,0.0006160736083984,0.0006170272827148,9.5367431640625e-07,0.3,0
0.027862548828125,0.025665283203125,0.002777099609375,0.0027847290039062,0.000554084777832,0.226,0
0.0,0.0036201477050781,0.0001420974731445,0.0001449584960937,1.621246337890625e-05,0.3,0
0.0,0.0013027191162109,1.1444091796875e-05,7.43865966796875e-05,0.0003986358642578,0.007,2
0.0008134841918945,0.0005674362182617,0.0005102157592773,0.0005121231079101,0.0001630783081054,0.3,1
0.0035858154296875,0.003509521484375,0.0012149810791015,0.0012474060058593,7.534027099609375e-05,0.3,0
0.0002937316894531,0.0002756118774414,0.0002288818359375,0.0002422332763671,0.0,0.256,1
0.0,0.011810302734375,0.00433349609375,0.0043716430664062,0.0005998611450195,0.3,0
0.0058059692382812,0.0053253173828125,0.0041427612304687,0.00445556640625,0.0018157958984375,0.179,1
0.01116943359375,0.01116943359375,0.0072097778320312,0.0105438232421875,0.0009098052978515,0.3,1
0.0130157470703125,0.0130157470703125,9.5367431640625e-07,9.5367431640625e-07,0.0,0.001,2
0.0,0.0013027191162109,0.008880615234375,0.010040283203125,0.0012798309326171,0.3,0
0.0012702941894531,0.0012454986572265,0.0009822845458984,0.0009841918945312,2.47955322265625e-05,0.295,1
0.0035820007324218,0.0035820007324218,0.0010795593261718,0.0017051696777343,0.0003633499145507,0.3,1
0.006683349609375,0.0036125183105468,0.0006961822509765,0.0006980895996093,1.1444091796875e-05,0.3,0
0.0022773742675781,0.0022811889648437,0.0002574920654296,0.0002574920654296,0.0001354217529296,0.002,2
0.0,0.0013027191162109,0.0067062377929687,0.008026123046875,0.0008716583251953,0.3,0
0.0088653564453125,0.0088653564453125,0.0024986267089843,0.0025177001953125,0.0005617141723632,0.3,0
0.0018234252929687,0.0018234252929687,0.0001764297485351,0.0003833770751953,0.000197410583496,0.003,2
0.008819580078125,0.0022125244140625,0.0065994262695312,0.0075759887695312,0.001138687133789,0.3,1
0.0011005401611328,0.0009565353393554,0.000279426574707,0.000279426574707,0.0002651214599609,0.001,2
0.0316162109375,0.062255859375,0.0109710693359375,0.0110321044921875,0.0003376007080078,0.3,0
0.0052108764648437,0.0052108764648437,0.0028915405273437,0.0029335021972656,0.0001201629638671,0.3,1
0.000227928161621,0.000227928161621,0.000152587890625,0.00018310546875,0.0,0.241,1
0.0052108764648437,0.0052108764648437,0.0016651153564453,0.001749038696289,5.91278076171875e-05,0.3,0
0.0104217529296875,0.0104217529296875,6.580352783203125e-05,6.961822509765625e-05,2.86102294921875e-06,0.003,2
0.0036125183105468,0.0036125183105468,9.5367431640625e-07,9.5367431640625e-07,0.0,0.001,2
0.0052108764648437,0.0052108764648437,0.0030326843261718,0.0034713745117187,0.0001544952392578,0.3,1
0.00262451171875,0.00262451171875,0.0003395080566406,0.0007743835449218,0.0002946853637695,0.004,2
0.1009521484375,0.187744140625,0.0005731582641601,0.0005731582641601,0.0005617141723632,0.004,2
0.0016307830810546,0.0020713806152343,0.0002737045288085,0.0005855560302734,0.0001373291015625,0.011,2
0.009521484375,0.005706787109375,0.0023040771484375,0.0029640197753906,0.0001821517944335,0.3,0
0.0027313232421875,0.0028572082519531,0.0010356903076171,0.0010509490966796,9.632110595703124e-05,0.3,1
0.0065078735351562,0.0065078735351562,0.0001173019409179,0.0001192092895507,1.9073486328125e-06,0.003,2
0.0052108764648437,0.0052108764648437,0.0018596649169921,0.0018882751464843,0.0001649856567382,0.3,0
0.0118255615234375,0.02093505859375,0.0093231201171875,0.0105438232421875,0.0014286041259765,0.3,1
0.0076828002929687,0.0076828002929687,0.0040664672851562,0.0040817260742187,0.0001688003540039,0.3,1
0.0040359497070312,0.0040359497070312,9.5367431640625e-06,9.5367431640625e-06,0.0005102157592773,0.004,2
0.0004520416259765,0.0003738403320312,0.0002765655517578,0.0003156661987304,0.0,0.3,1
0.0,0.0013027191162109,0.0069580078125,0.0104522705078125,0.0002956390380859,0.3,0
0.0128326416015625,0.01123046875,0.006103515625,0.0061798095703125,0.0011844635009765,0.3,1
0.0014705657958984,0.00177001953125,0.00067138671875,0.0007076263427734,0.00048828125,0.077,1
0.0004034042358398,0.0009365081787109,0.0002346038818359,0.0002479553222656,0.0,0.3,1
0.0083770751953125,0.0066986083984375,0.001077651977539,0.0012893676757812,0.0004167556762695,0.3,0
0.009765625,0.009765625,0.0016994476318359,0.0017051696777343,0.0004358291625976,0.3,0
0.041015625,0.0390625,0.0230712890625,0.02325439453125,0.000152587890625,0.3,1
0.0084381103515625,0.0078277587890625,0.0037460327148437,0.0037460327148437,0.0002927780151367,0.3,1
0.009765625,0.009765625,0.0016994476318359,0.0017051696777343,0.0004358291625976,0.3,0
0.0001955032348632,0.0001945495605468,9.250640869140624e-05,0.0001029968261718,9.5367431640625e-07,0.3,1
0.0028572082519531,0.0028572082519531,0.0012397766113281,0.0012702941894531,0.0005664825439453,0.3,1
0.0036125183105468,0.0036125183105468,9.5367431640625e-07,9.5367431640625e-07,0.0,0.001,2
0.0,0.0013027191162109,0.0052871704101562,0.0052947998046875,0.0024795532226562,0.3,0
0.00262451171875,0.00262451171875,0.0011024475097656,0.001443862915039,5.7220458984375e-06,0.3,1
0.0032424926757812,0.016998291015625,0.0006723403930664,0.0006742477416992,7.62939453125e-06,0.3,0
0.0018234252929687,0.0018234252929687,0.0007400512695312,0.0008964538574218,0.0004997253417968,0.133,1
0.0,0.0013027191162109,9.5367431640625e-07,9.5367431640625e-07,0.0,0.001,2
0.0625,0.0032310485839843,0.050048828125,0.05023193359375,0.0002336502075195,0.3,1
0.0,0.0013027191162109,0.0005388259887695,0.000624656677246,0.0002803802490234,0.062,2
0.0076141357421875,0.0076141357421875,9.5367431640625e-07,9.5367431640625e-07,0.0,0.001,2
0.006500244140625,0.0065078735351562,9.5367431640625e-07,9.5367431640625e-07,0.0,0.001,2
0.0,0.0013027191162109,0.0050888061523437,0.005096435546875,0.0024757385253906,0.3,0
0.0037422180175781,0.01171875,0.0018444061279296,0.0020332336425781,0.0005702972412109,0.3,1
0.0102996826171875,0.007354736328125,0.0088348388671875,0.0088348388671875,0.0004386901855468,0.3,1
0.0052108764648437,0.0052108764648437,0.0018596649169921,0.0018882751464843,0.0001649856567382,0.3,0
0.0,0.0013027191162109,0.008544921875,0.0128631591796875,0.0012035369873046,0.3,0
0.0,0.0013027191162109,0.0126495361328125,0.012786865234375,0.0005807876586914,0.3,0
0.0,0.0013027191162109,0.0072479248046875,0.01580810546875,0.0011405944824218,0.3,0
0.019989013671875,0.03326416015625,0.0072860717773437,0.0077438354492187,0.000563621520996,0.3,0
0.0065078735351562,0.0065078735351562,0.0030097961425781,0.0037956237792968,0.0004444122314453,0.097,1
0.0097503662109375,0.0097503662109375,0.0027389526367187,0.0059814453125,0.0,0.3,1
0.0,0.0013027191162109,0.008880615234375,0.010040283203125,0.0012798309326171,0.3,0
0.0002317428588867,0.0002088546752929,8.58306884765625e-06,8.58306884765625e-06,0.0,0.002,2
0.020721435546875,0.020721435546875,0.0198974609375,0.0,0.0002899169921875,0.3,1
0.00848388671875,0.00848388671875,0.0007686614990234,0.0010299682617187,0.000432014465332,0.004,2
0.019989013671875,0.03326416015625,0.0072860717773437,0.0077438354492187,0.000563621520996,0.3,0
0.0032501220703125,0.0036849975585937,0.001535415649414,0.0016059875488281,0.000258445739746,0.3,1
0.006500244140625,0.0065078735351562,9.5367431640625e-07,9.5367431640625e-07,0.0,0.001,2
0.0,0.0013027191162109,0.0052871704101562,0.0052947998046875,0.0024795532226562,0.3,0
0.0052108764648437,0.0052108764648437,0.0018596649169921,0.0018882751464843,0.0001649856567382,0.3,0
0.016937255859375,0.016937255859375,0.0058746337890625,0.0060348510742187,0.000533103942871,0.3,0
0.0015087127685546,0.0015087127685546,0.0006418228149414,0.0008630752563476,4.57763671875e-05,0.046,2
0.03125,0.0052108764648437,0.025482177734375,0.0257568359375,0.0001792907714843,0.3,1
0.0,0.00616455078125,0.0017623901367187,0.0017662048339843,0.0003213882446289,0.3,0
0.000436782836914,0.0003290176391601,0.0003032684326171,0.0003108978271484,0.0,0.3,1
0.0,0.0013027191162109,0.008880615234375,0.010040283203125,0.0012798309326171,0.3,0
0.0014705657958984,0.0014705657958984,8.7738037109375e-05,8.7738037109375e-05,0.0005130767822265,0.002,2
0.0104217529296875,0.0104217529296875,6.580352783203125e-05,6.961822509765625e-05,2.86102294921875e-06,0.003,2
0.003082275390625,0.0090179443359375,0.0014934539794921,0.0014934539794921,0.0002079010009765,0.3,1
0.0052108764648437,0.0052108764648437,0.0010910034179687,0.0011062622070312,0.0003108978271484,0.3,0
0.0026054382324218,0.0026054382324218,8.7738037109375e-05,8.7738037109375e-05,1.9073486328125e-06,0.001,2
0.0,0.0013027191162109,0.0052871704101562,0.0052947998046875,0.0024795532226562,0.3,0
0.006683349609375,0.0036125183105468,0.0006771087646484,0.0006790161132812,9.5367431640625e-07,0.3,0
0.0065078735351562,0.0065078735351562,0.0030097961425781,0.0037956237792968,0.0004444122314453,0.097,1
0.0,0.00262451171875,0.0,0.0,0.0,0.002,2
0.0035820007324218,0.0035820007324218,0.0010242462158203,0.0010700225830078,0.0003681182861328,0.3,0
0.0001955032348632,0.0002002716064453,9.250640869140624e-05,0.0001029968261718,9.5367431640625e-07,0.3,1
0.0003366470336914,0.0003366470336914,0.0002803802490234,0.0002985000610351,9.5367431640625e-06,0.3,1
0.0032501220703125,0.0036849975585937,0.001535415649414,0.0016059875488281,0.000258445739746,0.3,1
0.0,0.0028228759765625,0.0001163482666015,0.0001201629638671,2.86102294921875e-06,0.3,0
0.0,0.0013027191162109,0.0082550048828125,0.0153350830078125,0.0012779235839843,0.3,0
0.0,0.011474609375,0.003814697265625,0.0038185119628906,0.0003366470336914,0.3,0
0.0052108764648437,0.0052108764648437,0.0016651153564453,0.001749038696289,5.91278076171875e-05,0.3,0
0.0002717971801757,0.0002546310424804,7.62939453125e-05,7.62939453125e-05,9.5367431640625e-06,0.002,2
0.01116943359375,0.00921630859375,0.0072097778320312,0.0105438232421875,0.0009098052978515,0.3,1
0.0015163421630859,0.0015163421630859,0.0006628036499023,0.0006694793701171,0.0002727508544921,0.3,1
0.0,0.0013027191162109,0.02197265625,0.024078369140625,0.0005817413330078,0.3,0
0.0,0.0013027191162109,0.0186767578125,0.019287109375,0.001230239868164,0.3,0
0.0056076049804687,0.0011005401611328,0.0044479370117187,0.0044479370117187,0.0,0.014,1
0.0,0.0013027191162109,0.02105712890625,0.023101806640625,0.0012664794921875,0.3,0
0.0012702941894531,0.0012454986572265,0.0009822845458984,0.0009841918945312,2.47955322265625e-05,0.295,1
0.0040359497070312,0.0040359497070312,9.5367431640625e-06,9.5367431640625e-06,0.0005102157592773,0.004,2
0.0,0.0013027191162109,0.0071182250976562,0.00726318359375,0.000645637512207,0.3,0
0.00390625,0.00390625,0.001190185546875,0.001199722290039,0.0001144409179687,0.3,0
0.0022773742675781,0.0098876953125,0.0005645751953125,0.0005655288696289,7.62939453125e-06,0.3,0
0.0050125122070312,0.0050125122070312,0.0026702880859375,0.0026702880859375,0.0005407333374023,0.3,1
0.0065078735351562,0.0065078735351562,0.0013866424560546,0.0025978088378906,1.9073486328125e-06,0.002,2
0.0002317428588867,0.0002088546752929,8.58306884765625e-06,8.58306884765625e-06,0.0,0.002,2
0.0104217529296875,0.0104217529296875,0.0013809204101562,0.0024375915527343,0.0002145767211914,0.108,2
0.0,0.0013027191162109,0.0052871704101562,0.0052947998046875,0.0024795532226562,0.3,0
0.0,0.00262451171875,0.0,0.0,0.0,0.002,2
0.1875,0.057861328125,0.0003871917724609,0.0008811950683593,0.0001907348632812,0.018,2
0.0,0.0013027191162109,0.0066299438476562,0.0099639892578125,0.0009479522705078,0.3,0
0.0,0.0117950439453125,0.009521484375,0.009552001953125,0.001291275024414,0.3,0
0.0083770751953125,0.0066986083984375,0.001077651977539,0.0012893676757812,0.0004167556762695,0.3,0
0.0032539367675781,0.0032539367675781,0.0013999938964843,0.0013999938964843,0.0004243850708007,0.009,2
0.0104217529296875,0.0041656494140625,0.0027885437011718,0.0028457641601562,0.0002346038818359,0.3,0
0.00701904296875,0.0078125,0.0034980773925781,0.0040054321289062,0.0001459121704101,0.3,1
0.0,0.0013027191162109,0.0056991577148437,0.007965087890625,0.0005884170532226,0.262,0
0.0078125,0.0062713623046875,0.003875732421875,0.0050201416015625,0.0001335144042968,0.3,1
0.0,0.0013027191162109,9.5367431640625e-07,9.5367431640625e-07,0.0015296936035156,0.003,2
0.005859375,0.005859375,0.0025634765625,0.0025634765625,0.0006237030029296,0.098,1
0.0004034042358398,0.0036544799804687,0.0002346038818359,0.0002479553222656,0.0,0.3,1
0.00262451171875,0.00262451171875,0.0003833770751953,0.0006160736083984,1.9073486328125e-06,0.004,2
0.000227928161621,0.0002260208129882,0.000152587890625,0.00018310546875,0.0,0.241,1
0.0030174255371093,0.0030174255371093,0.0012092590332031,0.0012187957763671,9.5367431640625e-07,0.3,1
0.0123748779296875,0.0123748779296875,5.14984130859375e-05,5.14984130859375e-05,0.0002498626708984,0.001,2
0.00262451171875,0.00262451171875,0.001230239868164,0.0014114379882812,0.0005855560302734,0.3,1
0.01080322265625,0.0102996826171875,0.00848388671875,0.00848388671875,0.0008001327514648,0.3,1
0.0052108764648437,0.0052108764648437,0.00115966796875,0.0011615753173828,0.0002899169921875,0.3,0
0.00262451171875,0.00262451171875,0.0003395080566406,0.0007743835449218,0.0002946853637695,0.004,2
0.030303955078125,0.016143798828125,0.0154571533203125,0.0155181884765625,0.0005397796630859,0.3,1
0.0052108764648437,0.0052108764648437,0.001220703125,0.0012226104736328,0.0005769729614257,0.3,0
0.0050125122070312,0.0037651062011718,0.0026702880859375,0.0026702880859375,0.0005407333374023,0.3,1
0.0070343017578125,0.005340576171875,0.0031585693359375,0.0034713745117187,0.000248908996582,0.3,1
0.0072250366210937,0.0064239501953125,0.0052261352539062,0.0052337646484375,0.0004892349243164,0.3,1
0.0,0.0013027191162109,0.008544921875,0.0128631591796875,0.0012035369873046,0.3,0
0.0,0.0013027191162109,0.009002685546875,0.00958251953125,0.0013027191162109,0.3,0
0.0,0.0013027191162109,0.005096435546875,0.0100250244140625,0.0010814666748046,0.3,0
0.0051422119140625,0.0051422119140625,0.0029983520507812,0.0030746459960937,0.0001277923583984,0.3,1
0.03265380859375,0.03265380859375,0.0052642822265625,0.0115509033203125,0.001047134399414,0.147,0
0.0032119750976562,0.002044677734375,1.430511474609375e-05,1.430511474609375e-05,0.0004205703735351,0.003,2
0.00262451171875,0.00262451171875,0.0003395080566406,0.0007743835449218,0.0002946853637695,0.004,2
0.0004034042358398,0.0009346008300781,0.0002346038818359,0.0002479553222656,0.0,0.3,1
0.0052108764648437,0.0052108764648437,0.0016651153564453,0.001749038696289,5.91278076171875e-05,0.3,0
0.1875,0.1041259765625,0.129638671875,0.129638671875,0.0017356872558593,0.3,3
0.0002717971801757,0.0002775192260742,7.62939453125e-05,7.62939453125e-05,9.5367431640625e-06,0.002,2
0.006500244140625,0.0065078735351562,9.5367431640625e-07,9.5367431640625e-07,0.0,0.001,2
0.00262451171875,0.00262451171875,9.441375732421876e-05,9.441375732421876e-05,6.67572021484375e-06,0.001,2
0.0036201477050781,0.0036239624023437,0.0025215148925781,0.0025291442871093,0.0005388259887695,0.3,1
0.000227928161621,0.000227928161621,0.000152587890625,0.00018310546875,0.0,0.241,1
0.0056076049804687,0.0011005401611328,0.0044479370117187,0.0044479370117187,0.0,0.014,1
0.0,0.0013027191162109,9.5367431640625e-07,9.5367431640625e-07,0.0005979537963867,0.004,2
0.0088653564453125,0.0088653564453125,0.0024986267089843,0.0025177001953125,0.0005617141723632,0.3,0
0.0148773193359375,0.0148773193359375,0.0006942749023437,0.0031471252441406,0.0004606246948242,0.3,0
0.0001955032348632,0.0002002716064453,9.250640869140624e-05,0.0001029968261718,9.5367431640625e-07,0.3,1
0.006683349609375,0.0036125183105468,0.0006771087646484,0.0006790161132812,9.5367431640625e-07,0.3,0
0.0002317428588867,0.0002088546752929,8.58306884765625e-06,8.58306884765625e-06,0.0,0.002,2
0.0128326416015625,0.014007568359375,0.006103515625,0.0061798095703125,0.0011844635009765,0.3,1
0.006500244140625,0.0065078735351562,0.0006999969482421,0.0007591247558593,0.0003204345703125,0.017,2
0.0,0.0013027191162109,0.0155792236328125,0.015594482421875,0.0009975433349609,0.3,0
0.000227928161621,0.000227928161621,0.000152587890625,0.00018310546875,0.0,0.241,1
0.006500244140625,0.0065078735351562,9.5367431640625e-07,9.5367431640625e-07,0.0,0.001,2
0.00262451171875,0.00262451171875,0.0009384155273437,0.0015068054199218,0.0005674362182617,0.3,1
0.0,0.00262451171875,0.0,0.0,0.0,0.002,2
0.000227928161621,0.0002365112304687,0.000152587890625,0.00018310546875,0.0,0.241,1
0.0033683776855468,0.0033683776855468,0.0022087097167968,0.0,0.0004081726074218,0.3,1
0.0033683776855468,0.0033683776855468,0.0022087097167968,0.0,0.0004081726074218,0.3,1
0.001474380493164,0.0015010833740234,0.0007581710815429,0.0007820129394531,5.91278076171875e-05,0.3,1
0.0003852844238281,0.0003852844238281,0.0001802444458007,0.0002040863037109,4.76837158203125e-06,0.3,1
0.0095367431640625,0.0095367431640625,0.0072784423828125,0.0,0.0006542205810546,0.3,0
0.0052108764648437,0.0052108764648437,0.0018596649169921,0.0018882751464843,0.0001649856567382,0.3,0
0.0,0.0038795471191406,0.0012741088867187,0.0012741088867187,0.0010452270507812,0.019,2
0.0036125183105468,0.0036125183105468,0.0006523132324218,0.0006532669067382,9.5367431640625e-06,0.013,2
0.0052108764648437,0.0052108764648437,0.0030326843261718,0.0034713745117187,0.0001544952392578,0.3,1
0.0,0.0013027191162109,9.5367431640625e-07,9.5367431640625e-07,6.961822509765625e-05,0.003,2
0.0032539367675781,0.0032539367675781,0.0013999938964843,0.0013999938964843,0.0004243850708007,0.009,2
0.0,0.00506591796875,0.0028724670410156,0.0028839111328125,0.000741958618164,0.3,0
0.0015468597412109,0.0015468597412109,0.000706672668457,0.0007143020629882,0.0003004074096679,0.3,1
0.0,0.00262451171875,0.0,0.0,0.0,0.002,2
0.0002717971801757,0.0002384185791015,7.62939453125e-05,7.62939453125e-05,9.5367431640625e-06,0.002,2
0.05621337890625,0.056396484375,0.0513916015625,0.0516357421875,0.0019645690917968,0.3,1
0.0,0.0013027191162109,0.010101318359375,0.010162353515625,0.0002784729003906,0.072,2
0.0032424926757812,0.0044403076171875,0.0006122589111328,0.0006132125854492,6.67572021484375e-06,0.3,0
0.0149688720703125,0.016693115234375,0.00567626953125,0.00567626953125,0.0001983642578125,0.041,2
0.1875,0.1041259765625,0.129638671875,0.129638671875,0.0017356872558593,0.3,3
0.0,0.0059738159179687,0.0037307739257812,0.0037612915039062,0.0009212493896484,0.3,0
0.019073486328125,0.0123443603515625,0.0087738037109375,0.0087738037109375,0.0005216598510742,0.3,1
0.0063247680664062,0.0063247680664062,0.0052413940429687,0.0052566528320312,0.000518798828125,0.3,1
0.0054702758789062,0.0054702758789062,0.00244140625,0.0026969909667968,0.0016555786132812,0.027,1
0.000227928161621,0.000223159790039,0.000152587890625,0.00018310546875,0.0,0.241,1
0.0225830078125,0.019561767578125,0.0106201171875,0.0107421875,0.0006294250488281,0.3,1
0.0104217529296875,0.0104217529296875,6.580352783203125e-05,6.961822509765625e-05,2.86102294921875e-06,0.003,2
0.0,0.0009546279907226,0.000157356262207,0.0001611709594726,3.24249267578125e-05,0.3,0
0.0087890625,0.0087890625,0.0061798095703125,0.0063858032226562,0.0002832412719726,0.017,1
0.0015239715576171,0.0015239715576171,0.000594139099121,0.0005960464477539,0.0003204345703125,0.3,1
0.010162353515625,0.010162353515625,0.0064697265625,0.006500244140625,0.0010185241699218,0.3,1
0.0032501220703125,0.0041961669921875,0.001535415649414,0.0016059875488281,0.000258445739746,0.3,1
0.010894775390625,0.010894775390625,0.0097198486328125,0.009857177734375,0.0006847381591796,0.3,1
0.0001955032348632,0.0001945495605468,9.250640869140624e-05,0.0001029968261718,9.5367431640625e-07,0.3,1
0.0,0.0013027191162109,0.009002685546875,0.00958251953125,0.0013027191162109,0.3,0
0.0019149780273437,0.0019035339355468,0.0015373229980468,0.0015621185302734,5.245208740234375e-05,0.3,1
0.0065078735351562,0.0065078735351562,0.0004053115844726,0.0004053115844726,0.0003156661987304,0.001,2
0.00262451171875,0.00262451171875,0.0017719268798828,0.0018730163574218,1.430511474609375e-05,0.3,1
0.0069046020507812,0.0054702758789062,0.0018291473388671,0.0025253295898437,0.0001792907714843,0.3,0
0.0,0.0013027191162109,1.9073486328125e-06,1.9073486328125e-06,0.0004234313964843,0.001,2
0.0040130615234375,0.0045547485351562,0.0028343200683593,0.0028572082519531,0.0011539459228515,0.3,1
0.078125,0.078125,0.0738525390625,0.0750732421875,0.0005884170532226,0.3,3
0.0,0.0013027191162109,0.0225830078125,0.02325439453125,0.000579833984375,0.3,0
0.0018234252929687,0.0018234252929687,0.0010528564453125,0.0014724731445312,0.0005254745483398,0.261,1
0.0,0.0013027191162109,0.0024795532226562,0.0030517578125,7.534027099609375e-05,0.079,2
0.0036201477050781,0.0036239624023437,0.0025215148925781,0.0025291442871093,0.0005388259887695,0.3,1
0.0002317428588867,0.0002155303955078,8.58306884765625e-06,8.58306884765625e-06,0.0,0.002,2
0.0054702758789062,0.0054702758789062,0.00244140625,0.0026969909667968,0.0016555786132812,0.027,1
0.0,0.0013027191162109,0.009002685546875,0.00958251953125,0.0013027191162109,0.3,0
0.0,0.0013027191162109,0.007904052734375,0.0154266357421875,0.0011463165283203,0.3,0
0.0032424926757812,0.0032539367675781,0.0006084442138671,0.0006084442138671,0.0001344680786132,0.3,0
0.0004348754882812,0.0003833770751953,0.0002698898315429,0.0002822875976562,4.76837158203125e-06,0.3,1
0.0002069473266601,0.0002012252807617,0.0001258850097656,0.0001459121704101,8.58306884765625e-06,0.265,1
0.03179931640625,0.02069091796875,0.0110321044921875,0.0111541748046875,0.0006237030029296,0.3,0
0.0033683776855468,0.0033683776855468,0.0022087097167968,0.0,0.0004081726074218,0.3,1
0.0,0.0013027191162109,0.006500244140625,0.0095977783203125,0.001251220703125,0.3,0
0.1875,0.1041259765625,0.129638671875,0.129638671875,0.0017356872558593,0.3,3
0.0,0.00262451171875,0.0,0.0,0.0,0.002,2
0.00885009765625,0.0055313110351562,0.0042037963867187,0.0042037963867187,0.0009269714355468,0.3,1
0.01116943359375,0.01116943359375,0.0074310302734375,0.01043701171875,0.0011425018310546,0.3,1
0.0,0.0013027191162109,1.9073486328125e-06,1.9073486328125e-06,9.918212890625e-05,0.005,2
0.0013904571533203,0.0012111663818359,0.0008668899536132,0.000868797302246,4.9591064453125e-05,0.083,1
0.0083770751953125,0.0083770751953125,0.001077651977539,0.0012893676757812,0.0004167556762695,0.3,0
0.000441551208496,0.0003385543823242,0.0002832412719726,0.0003013610839843,0.0,0.3,1
0.0,0.0013027191162109,1.1444091796875e-05,7.43865966796875e-05,0.0003986358642578,0.007,2
0.0,0.0011482238769531,0.0040740966796875,0.0040969848632812,0.0002565383911132,0.3,0
0.0,0.0013027191162109,0.01922607421875,0.0206298828125,0.0021095275878906,0.3,0
0.0036125183105468,0.0143280029296875,0.0006790161132812,0.0006799697875976,0.0005073547363281,0.3,0
0.0,0.0038566589355468,0.001953125,0.0019645690917968,0.0008172988891601,0.3,0
0.00262451171875,0.00262451171875,0.0021553039550781,0.0022048950195312,7.43865966796875e-05,0.3,1
0.00262451171875,0.00262451171875,0.0003833770751953,0.0006160736083984,1.9073486328125e-06,0.004,2
0.006683349609375,0.0036125183105468,0.0006771087646484,0.0006790161132812,9.5367431640625e-07,0.3,0
0.01080322265625,0.01080322265625,0.00848388671875,0.00848388671875,0.0008001327514648,0.3,1
0.0,0.0142822265625,0.0001602172851562,0.0001640319824218,5.054473876953125e-05,0.3,0
0.009765625,0.009765625,0.0016994476318359,0.0017051696777343,0.0004358291625976,0.3,0
0.017608642578125,0.020843505859375,0.0108184814453125,0.011383056640625,0.0008506774902343,0.3,1
0.0019149780273437,0.0019035339355468,0.0015373229980468,0.0015621185302734,5.245208740234375e-05,0.3,1
0.0035820007324218,0.0012626647949218,9.250640869140624e-05,9.250640869140624e-05,0.0002069473266601,0.001,2
0.0001955032348632,0.0001802444458007,9.250640869140624e-05,0.0001029968261718,9.5367431640625e-07,0.3,1
0.0148773193359375,0.0148773193359375,0.0006942749023437,0.0031471252441406,0.0004606246948242,0.3,0
0.0,0.011810302734375,0.00433349609375,0.0043716430664062,0.0005998611450195,0.3,0
0.030303955078125,0.016143798828125,0.0154571533203125,0.0155181884765625,0.0005397796630859,0.3,1
0.0033683776855468,0.0033683776855468,0.0010147094726562,0.0010204315185546,0.0005455017089843,0.3,1
0.0052108764648437,0.0052108764648437,0.0030326843261718,0.0034713745117187,0.0001544952392578,0.3,1
0.0,0.0013027191162109,9.5367431640625e-07,9.5367431640625e-07,0.0,0.001,2
0.0032501220703125,0.0041961669921875,0.001535415649414,0.0016059875488281,0.000258445739746,0.3,1
0.00726318359375,0.0072555541992187,0.005401611328125,0.0054092407226562,0.0004854202270507,0.3,1
0.006500244140625,0.0065078735351562,0.0006999969482421,0.0007591247558593,0.0003204345703125,0.017,2
0.02874755859375,0.0118255615234375,0.017547607421875,0.021240234375,0.001443862915039,0.3,1
0.0104217529296875,0.0104217529296875,6.580352783203125e-05,6.961822509765625e-05,2.86102294921875e-06,0.003,2
0.0064468383789062,0.0032081604003906,0.00347900390625,0.0040817260742187,0.0003137588500976,0.3,1
0.0,0.0013027191162109,9.5367431640625e-07,9.5367431640625e-07,0.0006589889526367,0.005,2
0.0,0.0051193237304687,0.0002250671386718,0.000227928161621,4.9591064453125e-05,0.3,0
0.0,0.0031890869140625,0.0007553100585937,0.0007638931274414,0.0002479553222656,0.3,0
0.023406982421875,0.01702880859375,9.34600830078125e-05,0.0001907348632812,5.340576171875e-05,0.005,2
0.0052108764648437,0.0052108764648437,0.0018596649169921,0.0018882751464843,0.0001649856567382,0.3,0
0.006683349609375,0.0036125183105468,0.0006771087646484,0.0006790161132812,9.5367431640625e-07,0.3,0
0.0002546310424804,0.0002546310424804,0.0001649856567382,0.0001821517944335,5.14984130859375e-05,0.023,1
0.0076141357421875,0.0076141357421875,9.5367431640625e-07,9.5367431640625e-07,0.0,0.001,2
0.0,0.0013027191162109,0.019287109375,0.020599365234375,0.0011310577392578,0.3,0
0.0065078735351562,0.0065078735351562,0.0013866424560546,0.0025978088378906,1.9073486328125e-06,0.002,2
0.0024757385253906,0.0024757385253906,0.000436782836914,0.0005111694335937,0.0001688003540039,0.028,2
0.0032501220703125,0.0036849975585937,0.001535415649414,0.0016059875488281,0.000258445739746,0.3,1
0.0106201171875,0.0106201171875,0.0045242309570312,0.004608154296875,0.0001535415649414,0.3,1
0.0,0.0038566589355468,0.001953125,0.0019645690917968,0.0008172988891601,0.3,0
0.0,0.0013027191162109,0.0098419189453125,0.010223388671875,0.0012245178222656,0.3,0
0.006683349609375,0.0036125183105468,0.0006771087646484,0.0006790161132812,9.5367431640625e-07,0.3,0
0.076171875,0.076171875,0.0631103515625,0.0631103515625,0.0015087127685546,0.039,3
0.0009822845458984,0.0009584426879882,0.0005512237548828,0.0005521774291992,4.38690185546875e-05,0.3,1
0.0016155242919921,0.01220703125,3.337860107421875e-05,3.337860107421875e-05,8.58306884765625e-06,0.002,2
0.0077972412109375,0.0087432861328125,0.0044174194335937,0.0044174194335937,1.71661376953125e-05,0.3,1
0.006500244140625,0.0065078735351562,9.5367431640625e-07,9.5367431640625e-07,0.0,0.001,2
0.0065078735351562,0.0065078735351562,0.0017414093017578,0.0023078918457031,3.4332275390625e-05,0.016,2
0.0,0.0013027191162109,0.0056076049804687,0.009307861328125,0.0017318725585937,0.3,0
0.028656005859375,0.028656005859375,0.0023918151855468,0.0025100708007812,0.0005483627319335,0.175,0
0.0,0.0013027191162109,0.005096435546875,0.0102996826171875,0.001800537109375,0.3,0
0.0,0.04302978515625,0.0012264251708984,0.0012283325195312,0.000340461730957,0.3,0
0.0012702941894531,0.0012454986572265,0.0009822845458984,0.0009841918945312,2.47955322265625e-05,0.295,1
0.0,0.0068359375,0.0010738372802734,0.0010910034179687,0.0001735687255859,0.3,0
0.011016845703125,0.011016845703125,0.0008964538574218,0.000899314880371,7.62939453125e-06,0.3,0
0.0017929077148437,0.0017929077148437,0.0007600784301757,0.0007600784301757,0.0007410049438476,0.001,1
0.0,0.0013027191162109,0.0098419189453125,0.010223388671875,0.0012245178222656,0.3,0
0.0050125122070312,0.0037651062011718,0.0026702880859375,0.0026702880859375,0.0005407333374023,0.3,1
0.0,0.0013027191162109,0.0126495361328125,0.012786865234375,0.0005807876586914,0.3,0
0.0022773742675781,0.0022811889648437,0.0002574920654296,0.0002574920654296,0.0001354217529296,0.002,2
0.0135955810546875,0.022979736328125,0.0053024291992187,0.0058364868164062,0.000615119934082,0.3,0
0.0,0.0013027191162109,9.5367431640625e-07,9.5367431640625e-07,0.0,0.001,2
0.0002317428588867,0.0002088546752929,8.58306884765625e-06,8.58306884765625e-06,0.0,0.002,2
0.0,0.0065078735351562,0.0002145767211914,0.0002155303955078,9.5367431640625e-07,0.3,0
0.006683349609375,0.0036125183105468,0.0006961822509765,0.0006980895996093,1.1444091796875e-05,0.3,0
0.0018234252929687,0.0018234252929687,0.0001764297485351,0.0003833770751953,0.000197410583496,0.003,2
0.0,0.0013027191162109,0.01922607421875,0.0206298828125,0.0021095275878906,0.3,0
0.0058059692382812,0.0058059692382812,0.0041427612304687,0.00445556640625,0.0018157958984375,0.179,1
0.0059890747070312,0.015716552734375,0.0001602172851562,0.0001611709594726,0.0001497268676757,0.003,2
0.0,0.0013027191162109,0.02197265625,0.024078369140625,0.0005817413330078,0.3,0
0.0026054382324218,0.0026054382324218,0.0017013549804687,0.0022430419921875,9.34600830078125e-05,0.3,1
0.001953125,0.001953125,0.0011310577392578,0.0014915466308593,0.000288963317871,0.3,1
0.0028572082519531,0.0028572082519531,0.0012569427490234,0.0012588500976562,0.0002689361572265,0.3,1
0.0035820007324218,0.0035820007324218,0.0010242462158203,0.0010700225830078,0.0003681182861328,0.3,0
0.0123748779296875,0.0123748779296875,5.14984130859375e-05,5.14984130859375e-05,0.0002498626708984,0.001,2
0.000227928161621,0.0002145767211914,0.000152587890625,0.00018310546875,0.0,0.241,1
0.0,0.0013027191162109,0.0052871704101562,0.0052947998046875,0.0024795532226562,0.3,0
0.0,0.0038909912109375,0.0039443969726562,0.0039596557617187,0.0003786087036132,0.3,0
0.006500244140625,0.0065078735351562,9.5367431640625e-07,9.5367431640625e-07,0.0,0.001,2
0.0076141357421875,0.0039215087890625,9.5367431640625e-07,9.5367431640625e-07,0.0,0.001,2
0.0001955032348632,0.0002002716064453,9.250640869140624e-05,0.0001029968261718,9.5367431640625e-07,0.3,1
0.000227928161621,0.0002193450927734,0.000152587890625,0.00018310546875,0.0,0.241,1
0.00262451171875,0.00262451171875,0.0017719268798828,0.0018730163574218,1.430511474609375e-05,0.3,1
0.0001964569091796,0.0002193450927734,0.000152587890625,0.0001792907714843,0.0,0.3,1
0.0057296752929687,0.0026054382324218,0.0052261352539062,0.00555419921875,4.100799560546875e-05,0.3,1
0.0052108764648437,0.0052108764648437,0.00115966796875,0.0011615753173828,0.0002899169921875,0.3,0
0.0032501220703125,0.0036849975585937,0.001535415649414,0.0016059875488281,0.000258445739746,0.3,1
0.02130126953125,0.021484375,0.0100555419921875,0.0,0.0005445480346679,0.3,0
0.004364013671875,0.004364013671875,0.00225830078125,0.0023002624511718,0.0002937316894531,0.3,1
0.05078125,0.0440673828125,0.04754638671875,0.047607421875,0.0001335144042968,0.3,1
0.03265380859375,0.02288818359375,0.01953125,0.0208740234375,0.0021553039550781,0.3,1
0.0,0.0013027191162109,0.0097808837890625,0.0100555419921875,0.0006208419799804,0.3,0
0.0,0.0013027191162109,0.01953125,0.023651123046875,0.0014381408691406,0.243,0
0.00262451171875,0.00262451171875,0.0003395080566406,0.0007743835449218,0.0002946853637695,0.004,2
0.0012702941894531,0.0012454986572265,0.0009822845458984,0.0009841918945312,2.47955322265625e-05,0.295,1
0.0036125183105468,0.0036125183105468,0.0006599426269531,0.0006608963012695,0.0,0.3,0
0.00262451171875,0.00262451171875,0.001230239868164,0.0014152526855468,8.7738037109375e-05,0.3,1
0.0032424926757812,0.0032539367675781,0.0006084442138671,0.0006084442138671,0.0001344680786132,0.3,0
0.0015468597412109,0.0015468597412109,0.0007658004760742,0.0007696151733398,0.0002956390380859,0.3,1
0.00885009765625,0.009918212890625,0.0042037963867187,0.0042037963867187,0.0009269714355468,0.3,1
0.0032501220703125,0.0036849975585937,0.001535415649414,0.0016059875488281,0.000258445739746,0.3,1
0.0014705657958984,0.00128173828125,0.00067138671875,0.0007076263427734,0.00048828125,0.077,1
0.006500244140625,0.0065078735351562,9.5367431640625e-07,9.5367431640625e-07,0.0,0.001,2
0.0,0.0033378601074218,0.0008707046508789,0.0008878707885742,0.0002326965332031,0.3,0
0.0076141357421875,0.0076141357421875,9.5367431640625e-07,9.5367431640625e-07,0.0,0.001,2
0.0,0.0013027191162109,0.0079498291015625,0.0082855224609375,0.0012054443359375,0.3,0
0.078125,0.078125,0.0738525390625,0.0750732421875,0.0005884170532226,0.3,3
0.0034980773925781,0.0034980773925781,0.0023918151855468,0.0023918151855468,9.5367431640625e-07,0.3,1
0.005035400390625,0.0066757202148437,0.0035781860351562,0.0036888122558593,0.000309944152832,0.3,1
0.02874755859375,0.027435302734375,0.017547607421875,0.021240234375,0.001443862915039,0.3,1
0.0027542114257812,0.0027580261230468,0.0004138946533203,0.0004158020019531,0.0002212524414062,0.3,0
0.00262451171875,0.00262451171875,9.34600830078125e-05,9.34600830078125e-05,3.814697265625e-06,0.003,2
0.0032501220703125,0.0036849975585937,0.001535415649414,0.0016059875488281,0.000258445739746,0.3,1
0.0104217529296875,0.0104217529296875,6.580352783203125e-05,6.961822509765625e-05,2.86102294921875e-06,0.003,2
0.0083465576171875,0.00836181640625,9.5367431640625e-07,9.5367431640625e-07,0.0,0.001,2
0.0024070739746093,0.0024070739746093,0.0013256072998046,0.0019054412841796,0.000563621520996,0.048,1
0.0002050399780273,0.0003252029418945,0.0001354217529296,0.0001382827758789,4.1961669921875e-05,0.3,1
0.0046844482421875,0.00390625,0.0008983612060546,0.0015850067138671,0.000162124633789,0.3,0
0.0002317428588867,0.0002088546752929,8.58306884765625e-06,8.58306884765625e-06,0.0,0.002,2
0.0017833709716796,0.0014705657958984,0.0013847351074218,0.0015010833740234,9.5367431640625e-07,0.3,1
0.0032501220703125,0.0036849975585937,0.001535415649414,0.0016059875488281,0.000258445739746,0.3,1
0.0020980834960937,0.0014705657958984,0.0014286041259765,0.0016155242919921,5.7220458984375e-06,0.3,1
0.00262451171875,0.0052413940429687,0.0010833740234375,0.0011711120605468,0.0004692077636718,0.105,1
0.0035820007324218,0.0035820007324218,0.0010795593261718,0.0017051696777343,0.0003633499145507,0.3,1
0.00518798828125,0.0076065063476562,0.0010089874267578,0.0010261535644531,0.0005931854248046,0.3,0
0.0002546310424804,0.0002546310424804,0.0001649856567382,0.0001821517944335,5.14984130859375e-05,0.023,1
0.0052108764648437,0.0052108764648437,0.0018596649169921,0.0018882751464843,0.0001649856567382,0.3,0
0.0065078735351562,0.0065078735351562,0.0004053115844726,0.0004053115844726,0.0003156661987304,0.001,2
0.03179931640625,0.02069091796875,0.0110321044921875,0.0111541748046875,0.0006237030029296,0.3,0
0.0001955032348632,0.0001955032348632,9.250640869140624e-05,0.0001029968261718,9.5367431640625e-07,0.3,1
0.0,0.0013027191162109,0.0052871704101562,0.0052947998046875,0.0024795532226562,0.3,0
0.0017509460449218,0.0017509460449218,0.0011539459228515,0.0015106201171875,0.0001001358032226,0.3,1
0.011383056640625,0.0101776123046875,0.001138687133789,0.0011425018310546,0.000319480895996,0.3,0
0.0,0.0013027191162109,0.012481689453125,0.02093505859375,0.0023918151855468,0.257,0
0.0,0.0013027191162109,0.006500244140625,0.0095977783203125,0.001251220703125,0.3,0
0.0002317428588867,0.0001993179321289,8.58306884765625e-06,8.58306884765625e-06,0.0,0.002,2
0.0,0.0013027191162109,0.0082550048828125,0.0153350830078125,0.0012779235839843,0.3,0
0.0,0.0013027191162109,0.0003175735473632,0.0005359649658203,0.000197410583496,0.018,2
0.0015201568603515,0.00164794921875,0.0006847381591796,0.0008163452148437,9.5367431640625e-07,0.083,2
0.0009651184082031,0.0009651184082031,0.0006608963012695,0.0006618499755859,0.0001230239868164,0.3,1
0.0,0.0013027191162109,0.0020713806152343,0.0020713806152343,0.0001392364501953,0.3,0
0.0,0.0013027191162109,0.0056991577148437,0.007965087890625,0.0005884170532226,0.262,0
0.0008134841918945,0.0005674362182617,0.0005102157592773,0.0005121231079101,0.0001630783081054,0.3,1
0.0106201171875,0.0106201171875,0.0078277587890625,0.008544921875,4.76837158203125e-06,0.3,1
0.00390625,0.00390625,0.001190185546875,0.001199722290039,0.0001144409179687,0.3,0
0.0036125183105468,0.0036125183105468,0.0006799697875976,0.000680923461914,3.0517578125e-05,0.3,0
0.06097412109375,0.0826416015625,0.0031700134277343,0.0031776428222656,0.0007581710815429,0.075,2
0.0094757080078125,0.0094757080078125,0.0087127685546875,0.0087127685546875,9.5367431640625e-07,0.3,1
0.006683349609375,0.0036125183105468,0.0006771087646484,0.0006790161132812,9.5367431640625e-07,0.3,0
0.004364013671875,0.0034065246582031,0.00225830078125,0.0023002624511718,0.0002937316894531,0.3,1
0.001953125,0.001953125,0.0011348724365234,0.0013694763183593,0.0005369186401367,0.3,1
0.0,0.0234375,0.02093505859375,0.021087646484375,0.000335693359375,0.3,0
0.1024169921875,0.1019287109375,0.04718017578125,0.04718017578125,0.0009737014770507,0.3,3
0.0020751953125,0.0020751953125,0.0006313323974609,0.0006322860717773,0.0003299713134765,0.3,1
0.0052108764648437,0.0052108764648437,0.0018596649169921,0.0018882751464843,0.0001649856567382,0.3,0
0.0001955032348632,0.0002002716064453,9.250640869140624e-05,0.0001029968261718,9.5367431640625e-07,0.3,1
0.006011962890625,0.0057296752929687,0.0038948059082031,0.0039215087890625,0.000248908996582,0.3,1
0.0016155242919921,0.0016155242919921,3.337860107421875e-05,3.337860107421875e-05,8.58306884765625e-06,0.002,2
0.005035400390625,0.004119873046875,0.0035781860351562,0.0036888122558593,0.000309944152832,0.3,1
0.0104217529296875,0.0104217529296875,6.580352783203125e-05,6.961822509765625e-05,2.86102294921875e-06,0.003,2
0.0,0.00372314453125,0.0042572021484375,0.0042800903320312,0.0002241134643554,0.3,0
0.00726318359375,0.0072555541992187,0.005401611328125,0.0054092407226562,0.0004854202270507,0.3,1
0.0,0.0013027191162109,0.01922607421875,0.0206298828125,0.0021095275878906,0.3,0
0.0026054382324218,0.0026054382324218,0.0006790161132812,0.0006961822509765,0.0005159378051757,0.161,1
0.0024795532226562,0.0024795532226562,0.0005168914794921,0.0007514953613281,2.765655517578125e-05,0.003,2
0.0,0.0013027191162109,0.005096435546875,0.0100250244140625,0.0010814666748046,0.3,0
0.0118560791015625,0.0119171142578125,0.0083770751953125,0.008392333984375,0.0003566741943359,0.3,1
0.030303955078125,0.017974853515625,0.0154571533203125,0.0155181884765625,0.0005397796630859,0.3,1
0.0065078735351562,0.0065078735351562,0.0030097961425781,0.0037956237792968,0.0004444122314453,0.097,1
0.0032501220703125,0.0036849975585937,0.001535415649414,0.0016059875488281,0.000258445739746,0.3,1
0.0018234252929687,0.0018234252929687,0.0004348754882812,0.0004348754882812,0.0004253387451171,0.001,2
0.0134124755859375,0.0134124755859375,0.031036376953125,0.0,0.0005311965942382,0.3,1
0.0316162109375,0.062255859375,0.0109710693359375,0.0110321044921875,0.0003376007080078,0.3,0
0.0390625,0.0390625,0.02191162109375,0.02203369140625,0.000157356262207,0.3,1
0.01556396484375,0.01495361328125,0.003662109375,0.0039825439453125,2.86102294921875e-06,0.3,0
0.006500244140625,0.0065078735351562,9.5367431640625e-07,9.5367431640625e-07,0.0,0.001,2
0.0026054382324218,0.0026054382324218,0.0006523132324218,0.0006532669067382,0.0002899169921875,0.3,0
0.0001955032348632,0.0002002716064453,9.250640869140624e-05,0.0001029968261718,9.5367431640625e-07,0.3,1
0.0,0.007843017578125,0.0031700134277343,0.003173828125,0.0003433227539062,0.3,0
0.0012702941894531,0.0012702941894531,0.0009822845458984,0.0009841918945312,2.47955322265625e-05,0.295,1
0.0016555786132812,0.0016555786132812,0.0014686584472656,0.0014686584472656,0.0005016326904296,0.003,1
0.0015621185302734,0.0015621185302734,0.0006380081176757,0.000640869140625,0.0005006790161132,0.077,1
0.011383056640625,0.0101776123046875,0.001138687133789,0.0011425018310546,0.000319480895996,0.3,0
0.0067901611328125,0.0067672729492187,0.004119873046875,0.004241943359375,0.0001583099365234,0.3,1
0.009765625,0.009765625,0.0016994476318359,0.0017051696777343,0.0004358291625976,0.3,0
0.006011962890625,0.0057296752929687,0.0038948059082031,0.0039215087890625,0.000248908996582,0.3,1
0.0036125183105468,0.0036125183105468,0.0006523132324218,0.0006532669067382,9.5367431640625e-06,0.013,2
0.0052108764648437,0.0052108764648437,0.0016651153564453,0.001749038696289,5.91278076171875e-05,0.3,0
0.0060272216796875,0.0013027191162109,0.001495361328125,0.0016937255859375,0.0003929138183593,0.3,0
0.0052108764648437,0.001556396484375,0.0030326843261718,0.0034713745117187,0.0001544952392578,0.3,1
0.0032501220703125,0.0036849975585937,0.001535415649414,0.0016059875488281,0.000258445739746,0.3,1
0.0,0.00262451171875,0.0,0.0,0.0,0.002,2
0.0,0.013092041015625,0.0002365112304687,0.0002651214599609,9.5367431640625e-07,0.3,0
0.0,0.0001649856567382,0.0001430511474609,0.0001440048217773,2.09808349609375e-05,0.3,0
0.006683349609375,0.0036125183105468,0.0006771087646484,0.0006790161132812,9.5367431640625e-07,0.3,0
0.0051498413085937,0.0051498413085937,0.0026702880859375,0.0035514831542968,0.0018177032470703,0.117,1
0.0234375,0.0234375,0.0121307373046875,0.0122833251953125,0.0005435943603515,0.3,1
0.0,0.0013027191162109,0.0005292892456054,0.0007362365722656,0.0003919601440429,0.066,2
0.006500244140625,0.0065078735351562,9.5367431640625e-07,9.5367431640625e-07,0.0,0.001,2
0.0003061294555664,0.0003061294555664,0.0001678466796875,0.0001821517944335,0.0,0.3,1
0.0048446655273437,0.0048446655273437,0.0018348693847656,0.0029373168945312,0.0008630752563476,0.075,1
0.0026054382324218,0.0026054382324218,0.0008449554443359,0.0008449554443359,0.0002546310424804,0.105,2
0.0022773742675781,0.002288818359375,0.0005483627319335,0.0005502700805664,0.0,0.3,0
0.0032501220703125,0.0036849975585937,0.001535415649414,0.0016059875488281,0.000258445739746,0.3,1
0.0036125183105468,0.0036125183105468,0.0013408660888671,0.0013446807861328,0.0005140304565429,0.3,1
0.0030937194824218,0.0030937194824218,0.001321792602539,0.0013656616210937,0.0005378723144531,0.3,1
0.0,0.0013027191162109,0.016387939453125,0.0194091796875,0.0010433197021484,0.3,0
0.0,0.0013027191162109,9.5367431640625e-07,9.5367431640625e-07,1.1444091796875e-05,0.001,2
0.0065460205078125,0.005340576171875,0.0030593872070312,0.0030746459960937,0.0013008117675781,0.3,1
0.01116943359375,0.01116943359375,0.0074310302734375,0.01043701171875,0.0011425018310546,0.3,1
0.0134124755859375,0.0134124755859375,0.031158447265625,0.0,0.0006113052368164,0.3,1
0.006683349609375,0.0036125183105468,0.0006961822509765,0.0006980895996093,1.1444091796875e-05,0.3,0
0.0023727416992187,0.0018253326416015,0.001321792602539,0.0013370513916015,7.915496826171875e-05,0.3,1
0.1875,0.1041259765625,0.129638671875,0.129638671875,0.0017356872558593,0.3,3
0.010162353515625,0.010162353515625,0.0068359375,0.0069122314453125,0.0009841918945312,0.3,1
0.006683349609375,0.0036125183105468,0.0006771087646484,0.0006790161132812,9.5367431640625e-07,0.3,0
0.0,0.0013027191162109,0.019287109375,0.02044677734375,0.0024795532226562,0.3,0
0.0,0.0013027191162109,0.0,0.0,0.0,0.001,2
0.00262451171875,0.00262451171875,0.0017719268798828,0.0018730163574218,1.430511474609375e-05,0.3,1
0.0104217529296875,0.0061416625976562,0.003448486328125,0.0035591125488281,0.0002756118774414,0.3,0
0.006866455078125,0.006866455078125,0.0051193237304687,0.0051498413085937,8.96453857421875e-05,0.3,1
0.0081329345703125,0.0081329345703125,2.09808349609375e-05,2.09808349609375e-05,0.0003557205200195,0.003,2
0.0021171569824218,0.0089874267578125,0.0015010833740234,0.0018024444580078,4.76837158203125e-05,0.3,1
0.0001955032348632,0.000192642211914,9.250640869140624e-05,0.0001029968261718,9.5367431640625e-07,0.3,1
0.0,0.0013027191162109,0.0066070556640625,0.0111846923828125,0.0007076263427734,0.3,0
0.019989013671875,0.03326416015625,0.0072860717773437,0.0077438354492187,0.000563621520996,0.3,0
0.0,0.00262451171875,0.0,0.0,0.0,0.002,2
0.00262451171875,0.00262451171875,0.0012130737304687,0.0014762878417968,0.0,0.3,1
0.0,0.0013027191162109,0.0150909423828125,0.0174560546875,0.0001087188720703,0.3,0
0.0003366470336914,0.0003366470336914,0.0002803802490234,0.0002985000610351,9.5367431640625e-06,0.3,1
0.0052108764648437,0.0052108764648437,0.001220703125,0.0012226104736328,0.0005769729614257,0.3,0
0.0052108764648437,0.0052108764648437,1.9073486328125e-06,1.9073486328125e-06,0.0,0.003,2
0.0032501220703125,0.0036849975585937,0.001535415649414,0.0016059875488281,0.000258445739746,0.3,1
0.0044403076171875,0.03265380859375,0.0014286041259765,0.0014495849609375,0.0001144409179687,0.3,0
0.0,0.0013027191162109,0.0063858032226562,0.017059326171875,0.0011215209960937,0.3,0
0.0,0.00262451171875,0.0,0.0,0.0,0.002,2
0.0012702941894531,0.0012454986572265,0.0009822845458984,0.0009841918945312,2.47955322265625e-05,0.295,1
0.0052108764648437,0.0052108764648437,0.0018596649169921,0.0018882751464843,0.0001649856567382,0.3,0
0.0069046020507812,0.0059967041015625,0.0018291473388671,0.0025253295898437,0.0001792907714843,0.3,0
0.0,0.0003175735473632,0.0002365112304687,0.0002422332763671,9.5367431640625e-07,0.3,0
0.000889778137207,0.013427734375,0.0004711151123046,0.000472068786621,2.384185791015625e-05,0.3,1
0.0032501220703125,0.0036849975585937,0.001535415649414,0.0016059875488281,0.000258445739746,0.3,1
0.0002317428588867,0.0002155303955078,8.58306884765625e-06,8.58306884765625e-06,0.0,0.002,2
0.01043701171875,0.01043701171875,0.0009803771972656,0.0009880065917968,0.0002384185791015,0.3,0
0.000227928161621,0.0002164840698242,0.000152587890625,0.00018310546875,0.0,0.241,1
0.027862548828125,0.025665283203125,0.002777099609375,0.0027847290039062,0.000554084777832,0.226,0
0.0036125183105468,0.0036125183105468,0.00311279296875,0.0033836364746093,0.0002298355102539,0.3,1
0.00262451171875,0.00262451171875,0.0003833770751953,0.0006160736083984,1.9073486328125e-06,0.004,2
0.0038681030273437,0.056396484375,0.0026512145996093,0.0026931762695312,0.0003309249877929,0.3,1
0.0076141357421875,0.0067825317382812,9.5367431640625e-07,9.5367431640625e-07,0.0,0.001,2
0.0051651000976562,0.0046539306640625,7.43865966796875e-05,7.62939453125e-05,0.0006351470947265,0.004,2
0.03460693359375,0.03460693359375,0.0179443359375,0.01800537109375,9.5367431640625e-07,0.206,1
0.0104217529296875,0.0104217529296875,6.580352783203125e-05,6.961822509765625e-05,2.86102294921875e-06,0.003,2
0.0,0.0038566589355468,0.001953125,0.0019645690917968,0.0008172988891601,0.3,0
0.0106201171875,0.0106201171875,0.0078277587890625,0.008544921875,4.76837158203125e-06,0.3,1
0.0052108764648437,0.0052108764648437,0.0009660720825195,0.0009727478027343,0.0005407333374023,0.3,0
0.0052108764648437,0.0052108764648437,0.0030517578125,0.0030632019042968,3.4332275390625e-05,0.3,1
0.0072250366210937,0.0064239501953125,0.0052261352539062,0.0052337646484375,0.0004892349243164,0.3,1
0.0,0.00262451171875,0.0,0.0,0.0,0.002,2
0.00250244140625,0.0015621185302734,0.0016155242919921,0.0017280578613281,5.054473876953125e-05,0.3,1
0.006500244140625,0.0065078735351562,9.5367431640625e-07,9.5367431640625e-07,0.0,0.001,2
0.0004034042358398,0.0026588439941406,0.0002346038818359,0.0002479553222656,0.0,0.3,1
0.078125,0.078125,0.0738525390625,0.0750732421875,0.0005884170532226,0.3,3
0.0051498413085937,0.0051498413085937,0.0026702880859375,0.0035514831542968,0.0018177032470703,0.117,1
0.0052108764648437,0.0052108764648437,0.00115966796875,0.0011615753173828,0.0002899169921875,0.3,0
0.0025138854980468,0.0024681091308593,0.0008497238159179,0.0011863708496093,0.0003557205200195,0.3,1
0.0,0.0024452209472656,0.0008707046508789,0.0008878707885742,0.0002326965332031,0.3,0
0.0023918151855468,0.0024566650390625,9.5367431640625e-07,9.5367431640625e-07,0.0,0.001,2
0.00262451171875,0.00262451171875,0.0021553039550781,0.0022048950195312,7.43865966796875e-05,0.3,1
0.0015811920166015,0.0016498565673828,9.5367431640625e-07,9.5367431640625e-07,0.0,0.001,2
0.0,0.0013027191162109,0.0053558349609375,0.006103515625,0.0006942749023437,0.3,0
0.023284912109375,0.020965576171875,0.01824951171875,0.018798828125,0.0006866455078125,0.3,1
0.0052108764648437,0.0052108764648437,0.0018596649169921,0.0018882751464843,0.0001649856567382,0.3,0
0.0,0.0013027191162109,0.0052871704101562,0.0052947998046875,0.0024795532226562,0.3,0
0.0002317428588867,0.0002155303955078,8.58306884765625e-06,8.58306884765625e-06,0.0,0.002,2
0.0,0.0013027191162109,0.0052871704101562,0.0052947998046875,0.0024795532226562,0.3,0
0.0017166137695312,0.0017166137695312,0.0005979537963867,0.0005979537963867,0.0005979537963867,0.002,2
0.0002717971801757,0.0002861022949218,7.62939453125e-05,7.62939453125e-05,9.5367431640625e-06,0.002,2
0.1875,0.1041259765625,0.129638671875,0.129638671875,0.0017356872558593,0.3,3
0.0416259765625,0.04071044921875,0.03448486328125,0.03485107421875,0.000197410583496,0.3,1
0.006500244140625,0.0065078735351562,0.0006999969482421,0.0007591247558593,0.0003204345703125,0.017,2
0.0052108764648437,0.0052108764648437,0.00115966796875,0.0011615753173828,0.0002899169921875,0.3,0
0.0032501220703125,0.0036849975585937,0.001535415649414,0.0016059875488281,0.000258445739746,0.3,1
0.0106201171875,0.0106201171875,0.0052642822265625,0.0054092407226562,0.0002307891845703,0.3,1
0.00262451171875,0.00262451171875,0.000762939453125,0.0007638931274414,0.0005645751953125,0.023,2
0.0,0.0013027191162109,0.010101318359375,0.010162353515625,0.0002784729003906,0.072,2
0.04559326171875,0.04559326171875,0.0111846923828125,0.011260986328125,0.0003175735473632,0.149,0
0.0,0.00262451171875,0.0001163482666015,0.0001201629638671,2.86102294921875e-06,0.3,0
0.0225830078125,0.019561767578125,0.0106201171875,0.0107421875,0.0006294250488281,0.3,1
0.00390625,0.00390625,0.00164794921875,0.00262451171875,0.0014572143554687,0.3,1
0.0015621185302734,0.0015621185302734,9.918212890625e-05,9.918212890625e-05,0.0005226135253906,0.004,2
0.0052108764648437,0.0052108764648437,0.0018596649169921,0.0018882751464843,0.0001649856567382,0.3,0
0.0,0.0013027191162109,0.0052871704101562,0.0052947998046875,0.0024795532226562,0.3,0
0.0149688720703125,0.016693115234375,0.00567626953125,0.00567626953125,0.0001983642578125,0.041,2
0.0033683776855468,0.0033683776855468,0.0023460388183593,0.0,0.0004081726074218,0.3,1
0.0025558471679687,0.0025558471679687,1.9073486328125e-06,1.9073486328125e-06,0.0,0.001,2
0.0,0.0013027191162109,0.008544921875,0.0128631591796875,0.0012035369873046,0.3,0
0.000441551208496,0.0003385543823242,0.0002832412719726,0.0003013610839843,0.0,0.3,1
0.0022773742675781,0.0022811889648437,0.0002574920654296,0.0002574920654296,0.0001354217529296,0.002,2
0.0,0.0013027191162109,1.9073486328125e-06,1.9073486328125e-06,9.822845458984376e-05,0.005,2
0.006011962890625,0.0057296752929687,0.0038490295410156,0.0038528442382812,6.008148193359375e-05,0.3,1
0.0104217529296875,0.0104217529296875,6.580352783203125e-05,6.961822509765625e-05,2.86102294921875e-06,0.003,2
0.1875,0.1041259765625,0.129638671875,0.129638671875,0.0017356872558593,0.3,3
0.006500244140625,0.0065078735351562,9.5367431640625e-07,9.5367431640625e-07,0.0,0.001,2
0.0,0.04339599609375,0.0120391845703125,0.0144805908203125,0.0002307891845703,0.3,0
0.0052108764648437,0.0052108764648437,0.0009660720825195,0.0009727478027343,0.0005407333374023,0.3,0
0.0130157470703125,0.0130157470703125,9.5367431640625e-07,9.5367431640625e-07,0.0,0.001,2
0.0032539367675781,0.0032539367675781,0.0013999938964843,0.0013999938964843,0.0004243850708007,0.009,2
0.0,0.0070953369140625,0.0001802444458007,0.0002002716064453,1.33514404296875e-05,0.3,0
0.00726318359375,0.0072555541992187,0.005401611328125,0.0054092407226562,0.0004854202270507,0.3,1
0.0,0.0013027191162109,0.0072402954101562,0.00933837890625,0.0001478195190429,0.3,0
0.0052108764648437,0.0052108764648437,0.0030326843261718,0.0034713745117187,0.0001544952392578,0.3,1
0.0001955032348632,0.000192642211914,9.250640869140624e-05,0.0001029968261718,9.5367431640625e-07,0.3,1
0.0,0.0013027191162109,9.5367431640625e-07,9.5367431640625e-07,0.0,0.001,2
0.0078125,0.0078125,0.0002326965332031,0.0002326965332031,0.0002222061157226,0.003,2
0.0015621185302734,0.0015621185302734,0.0011672973632812,0.001312255859375,0.0002250671386718,0.3,1
0.1875,0.1041259765625,0.129638671875,0.129638671875,0.0017356872558593,0.3,3
0.0018234252929687,0.0018234252929687,0.0007400512695312,0.0008964538574218,0.0004997253417968,0.133,1
0.0104217529296875,0.0104217529296875,6.580352783203125e-05,6.961822509765625e-05,2.86102294921875e-06,0.003,2
0.0019149780273437,0.0019035339355468,0.0015373229980468,0.0015621185302734,5.245208740234375e-05,0.3,1
0.0,0.0013027191162109,9.5367431640625e-07,9.5367431640625e-07,6.961822509765625e-05,0.003,2
0.0130157470703125,0.0130157470703125,9.5367431640625e-07,9.5367431640625e-07,0.0,0.001,2
0.0032539367675781,0.0032539367675781,0.0013999938964843,0.0013999938964843,0.0004243850708007,0.009,2
0.0,0.0013027191162109,0.0052871704101562,0.0052947998046875,0.0024795532226562,0.3,0
0.0,0.0013027191162109,0.0186767578125,0.019287109375,0.001230239868164,0.3,0
0.005035400390625,0.004119873046875,0.0035781860351562,0.0036888122558593,0.000309944152832,0.3,1
0.0019607543945312,0.0017166137695312,0.0014934539794921,0.0015754699707031,0.0005989074707031,0.045,1
0.0130157470703125,0.0130157470703125,9.5367431640625e-07,9.5367431640625e-07,0.0,0.001,2
0.01116943359375,0.01312255859375,0.0074310302734375,0.01043701171875,0.0011425018310546,0.3,1
0.0106201171875,0.0016155242919921,0.005889892578125,0.0060272216796875,0.0001506805419921,0.3,1
0.05078125,0.0440673828125,0.04754638671875,0.047607421875,0.0001335144042968,0.3,1
0.0,0.0013027191162109,9.5367431640625e-07,9.5367431640625e-07,0.0,0.001,2
0.011016845703125,0.011016845703125,0.0008964538574218,0.000899314880371,7.62939453125e-06,0.3,0
0.0130157470703125,0.0130157470703125,9.5367431640625e-07,9.5367431640625e-07,0.0,0.001,2
0.024200439453125,0.01544189453125,0.0077438354492187,0.008087158203125,0.0028572082519531,0.3,0
0.000441551208496,0.0003118515014648,0.0002832412719726,0.0003013610839843,0.0,0.3,1
0.0002927780151367,0.0002660751342773,0.0001649856567382,0.0002050399780273,7.62939453125e-06,0.3,1
0.00390625,0.00390625,0.001190185546875,0.001199722290039,0.0001144409179687,0.3,0
0.0029792785644531,0.0029792785644531,0.0006160736083984,0.0006170272827148,9.5367431640625e-07,0.3,0
0.0,0.0038566589355468,0.001953125,0.0019645690917968,0.0008172988891601,0.3,0
0.0036125183105468,0.0036125183105468,0.000645637512207,0.0006847381591796,7.43865966796875e-05,0.285,0
0.0,0.00262451171875,0.0,0.0,0.0,0.002,2
0.0,0.0013027191162109,0.012481689453125,0.02093505859375,0.0023918151855468,0.257,0
0.0148773193359375,0.0148773193359375,0.0006942749023437,0.0031471252441406,0.0004606246948242,0.3,0
0.0026054382324218,0.0026054382324218,0.0001459121704101,0.0001468658447265,0.0005073547363281,0.003,2
0.05621337890625,0.056396484375,0.0513916015625,0.0516357421875,0.0019645690917968,0.3,1
0.0,0.0018463134765625,0.0010108947753906,0.0010356903076171,0.0001096725463867,0.3,0
0.0034980773925781,0.0037384033203125,0.0023918151855468,0.0023918151855468,9.5367431640625e-07,0.3,1
0.000227928161621,0.000223159790039,0.000152587890625,0.00018310546875,0.0,0.241,1
0.0013027191162109,0.0013027191162109,0.0007009506225585,0.000701904296875,0.0002737045288085,0.3,1
0.0104217529296875,0.0104217529296875,6.580352783203125e-05,6.961822509765625e-05,2.86102294921875e-06,0.003,2
0.001718521118164,0.0015621185302734,0.0014152526855468,0.0016365051269531,4.76837158203125e-06,0.3,1
0.0061492919921875,0.0061492919921875,0.0003480911254882,0.0003480911254882,0.0005655288696289,0.003,2
0.0078125,0.0078125,0.0001554489135742,0.0001554489135742,0.0003576278686523,0.003,2
0.0026321411132812,0.0024757385253906,0.0008420944213867,0.0025711059570312,0.0002574920654296,0.3,1
0.0149688720703125,0.016693115234375,0.00567626953125,0.00567626953125,0.0001983642578125,0.041,2
0.0003023147583007,0.0002908706665039,0.0001964569091796,0.0002260208129882,0.0,0.053,1
0.0002317428588867,0.0002088546752929,8.58306884765625e-06,8.58306884765625e-06,0.0,0.002,2
0.0062179565429687,0.006439208984375,7.05718994140625e-05,7.343292236328125e-05,0.0020179748535156,0.002,2
0.0052108764648437,0.0052108764648437,0.0016651153564453,0.001749038696289,5.91278076171875e-05,0.3,0
0.0,0.0013027191162109,0.0084991455078125,0.0092010498046875,0.0005226135253906,0.3,0
0.078125,0.078125,0.0738525390625,0.0750732421875,0.0005884170532226,0.3,3
0.0,0.0013027191162109,0.0052871704101562,0.0052947998046875,0.0024795532226562,0.3,0
0.0016155242919921,0.01220703125,3.337860107421875e-05,3.337860107421875e-05,8.58306884765625e-06,0.002,2
0.0072250366210937,0.0072250366210937,0.0052261352539062,0.0052337646484375,0.0004892349243164,0.3,1
0.0104217529296875,0.0104217529296875,0.0013809204101562,0.0024375915527343,0.0002145767211914,0.108,2
0.0026054382324218,0.0026054382324218,0.0016765594482421,0.0022125244140625,6.198883056640625e-05,0.3,1
0.0032501220703125,0.0036849975585937,0.001535415649414,0.0016059875488281,0.000258445739746,0.3,1
0.0019130706787109,0.0016765594482421,0.0006723403930664,0.0006752014160156,0.0001096725463867,0.3,1
0.006683349609375,0.0036125183105468,0.0006771087646484,0.0006790161132812,9.5367431640625e-07,0.3,0
0.001657485961914,0.001657485961914,0.00128173828125,0.00128173828125,0.0001420974731445,0.002,1
0.0078125,0.0078125,0.0048980712890625,0.0049972534179687,0.0002937316894531,0.3,1
0.0052413940429687,0.0052413940429687,0.0013675689697265,0.0014019012451171,0.000396728515625,0.3,0
0.009765625,0.009765625,0.0016994476318359,0.0017051696777343,0.0004358291625976,0.3,0
0.0,0.0013027191162109,0.016143798828125,0.0191650390625,0.0024452209472656,0.176,0
0.0026054382324218,0.0026054382324218,0.0014228820800781,0.001718521118164,8.296966552734375e-05,0.3,1
0.0123748779296875,0.0123748779296875,5.14984130859375e-05,5.14984130859375e-05,0.0002498626708984,0.001,2
0.0052108764648437,0.0052108764648437,0.0016651153564453,0.001749038696289,5.91278076171875e-05,0.3,0
0.0002317428588867,0.0002088546752929,8.58306884765625e-06,8.58306884765625e-06,0.0,0.002,2
0.0026054382324218,0.0026054382324218,9.918212890625e-05,9.918212890625e-05,8.58306884765625e-06,0.001,2
0.009521484375,0.005706787109375,0.0023040771484375,0.0029640197753906,0.0001821517944335,0.3,0
0.00390625,0.005096435546875,0.0031204223632812,0.0031280517578125,2.002716064453125e-05,0.3,1
0.009765625,0.009765625,0.0017452239990234,0.0017452239990234,0.0005474090576171,0.3,0
0.0015621185302734,0.0051803588867187,0.0010967254638671,0.0013504028320312,9.5367431640625e-06,0.3,1
0.0123748779296875,0.0123748779296875,5.14984130859375e-05,5.14984130859375e-05,0.0002498626708984,0.001,2
0.000227928161621,0.000227928161621,0.000152587890625,0.00018310546875,0.0,0.241,1
0.006683349609375,0.0036125183105468,0.0006771087646484,0.0006790161132812,9.5367431640625e-07,0.3,0
0.0032424926757812,0.024261474609375,0.0006723403930664,0.0006742477416992,7.62939453125e-06,0.3,0
0.0001955032348632,0.0001955032348632,9.250640869140624e-05,0.0001029968261718,9.5367431640625e-07,0.3,1
0.002166748046875,0.0021629333496093,0.0008869171142578,0.0009765625,0.0002613067626953,0.088,1
0.009368896484375,0.154052734375,1.9073486328125e-05,2.09808349609375e-05,0.0,0.01,2
0.006683349609375,0.0036125183105468,0.0006771087646484,0.0006790161132812,9.5367431640625e-07,0.3,0
0.000227928161621,0.000218391418457,0.000152587890625,0.00018310546875,0.0,0.241,1
0.0104217529296875,0.0104217529296875,6.580352783203125e-05,6.961822509765625e-05,2.86102294921875e-06,0.003,2
0.0036125183105468,0.0036125183105468,0.0033645629882812,0.0036125183105468,0.0,0.3,1
0.0003852844238281,0.0004358291625976,0.0001802444458007,0.0002040863037109,4.76837158203125e-06,0.3,1
0.078125,0.078125,0.0738525390625,0.0750732421875,0.0005884170532226,0.3,3
0.0014705657958984,0.0014705657958984,9.918212890625e-05,9.918212890625e-05,3.0517578125e-05,0.001,2
0.1875,0.1041259765625,0.129638671875,0.129638671875,0.0017356872558593,0.3,3
0.0052108764648437,0.0052108764648437,0.0030326843261718,0.0034713745117187,0.0001544952392578,0.3,1
0.0,0.00262451171875,0.0,0.0,0.0,0.002,2
0.008819580078125,0.0027961730957031,0.00604248046875,0.0070419311523437,0.0009498596191406,0.3,1
0.000227928161621,0.000227928161621,0.000152587890625,0.00018310546875,0.0,0.241,1
0.00262451171875,0.00262451171875,0.0021553039550781,0.0022048950195312,7.43865966796875e-05,0.3,1
0.0694580078125,0.04840087890625,0.010040283203125,0.0100860595703125,0.0010833740234375,0.3,0
0.000227928161621,0.0002365112304687,0.000152587890625,0.00018310546875,0.0,0.241,1
0.0019607543945312,0.001840591430664,0.0014934539794921,0.0015754699707031,0.0005989074707031,0.045,1
0.0127105712890625,0.0390625,0.0104522705078125,0.01092529296875,0.001291275024414,0.3,1
0.0123748779296875,0.0123748779296875,5.14984130859375e-05,5.14984130859375e-05,0.0002498626708984,0.001,2
0.00726318359375,0.0072555541992187,0.005401611328125,0.0054092407226562,0.0004854202270507,0.3,1
0.0079803466796875,0.0032539367675781,0.0049896240234375,0.005645751953125,5.340576171875e-05,0.3,1
0.0004034042358398,0.0003242492675781,0.0002346038818359,0.0002479553222656,0.0,0.3,1
0.006683349609375,0.0036125183105468,0.0006771087646484,0.0006790161132812,9.5367431640625e-07,0.3,0
0.0,0.0013027191162109,0.006500244140625,0.0095977783203125,0.001251220703125,0.3,0
0.0,0.0015182495117187,0.0001802444458007,0.0002002716064453,1.33514404296875e-05,0.3,0
0.0123748779296875,0.0123748779296875,5.14984130859375e-05,5.14984130859375e-05,0.0002498626708984,0.001,2
0.0032501220703125,0.0036849975585937,0.001535415649414,0.0016059875488281,0.000258445739746,0.3,1
0.00262451171875,0.00262451171875,0.0008888244628906,0.0010643005371093,0.0003223419189453,0.189,1
0.0104217529296875,0.0104217529296875,6.580352783203125e-05,6.961822509765625e-05,2.86102294921875e-06,0.003,2
0.006683349609375,0.0036125183105468,0.0006771087646484,0.0006790161132812,9.5367431640625e-07,0.3,0
0.0037765502929687,0.0008554458618164,0.0013027191162109,0.0013046264648437,4.100799560546875e-05,0.3,0
0.1875,0.2587890625,0.2216796875,0.22216796875,0.0010700225830078,0.3,3
0.0,0.0006608963012695,0.000126838684082,0.0001306533813476,1.811981201171875e-05,0.3,0
0.01080322265625,0.01080322265625,0.00848388671875,0.00848388671875,0.0008001327514648,0.3,1
0.0044479370117187,0.0050125122070312,0.0029640197753906,0.0032806396484375,0.0012779235839843,0.171,1
0.00262451171875,0.00262451171875,0.0003395080566406,0.0007743835449218,0.0002946853637695,0.004,2
0.0094451904296875,0.0073699951171875,0.0023117065429687,0.0024642944335937,0.0002059936523437,0.3,0
0.0,0.0013027191162109,0.0126495361328125,0.012786865234375,0.0005807876586914,0.3,0
0.0002317428588867,0.0002088546752929,8.58306884765625e-06,8.58306884765625e-06,0.0,0.002,2
0.0065078735351562,0.0065078735351562,0.0017414093017578,0.0023078918457031,3.4332275390625e-05,0.016,2
0.0,0.00262451171875,0.0,0.0,0.0,0.002,2
0.0,0.0013027191162109,0.010101318359375,0.010162353515625,0.0002784729003906,0.072,2
0.0,0.0013027191162109,0.000584602355957,0.0007963180541992,0.0004186630249023,0.012,2
0.005096435546875,0.01312255859375,0.0045013427734375,0.0,0.0003862380981445,0.3,1
0.00390625,0.00390625,0.0011177062988281,0.0014286041259765,2.6702880859375e-05,0.3,0
0.0018234252929687,0.0018234252929687,0.0001764297485351,0.0003833770751953,0.000197410583496,0.003,2
0.021759033203125,0.0147857666015625,0.02020263671875,0.02069091796875,9.5367431640625e-07,0.3,1
0.0032539367675781,0.0032539367675781,0.0013999938964843,0.0013999938964843,0.0004243850708007,0.009,2
0.0002803802490234,0.0002803802490234,0.0001478195190429,0.0001611709594726,8.58306884765625e-06,0.3,1
0.0,0.0013027191162109,0.0,0.0,0.0,0.001,2
0.0037765502929687,0.0011329650878906,0.0013027191162109,0.0013046264648437,4.100799560546875e-05,0.3,0
0.0,0.00262451171875,0.0,0.0,0.0,0.002,2
0.0052108764648437,0.0052108764648437,0.0010910034179687,0.0011062622070312,0.0003108978271484,0.3,0
0.006500244140625,0.0065078735351562,9.5367431640625e-07,9.5367431640625e-07,0.0,0.001,2
0.0,0.0013027191162109,0.0186767578125,0.019287109375,0.001230239868164,0.3,0
0.019866943359375,0.019866943359375,0.0031394958496093,0.0031890869140625,0.0005416870117187,0.3,0
0.0,0.00262451171875,0.0,0.0,0.0,0.002,2
0.0003061294555664,0.0003299713134765,0.0001678466796875,0.0001821517944335,0.0,0.3,1
0.0036201477050781,0.0036239624023437,0.0025215148925781,0.0025291442871093,0.0005388259887695,0.3,1
0.00262451171875,0.00262451171875,0.000101089477539,0.000101089477539,0.0005369186401367,0.001,2
0.0052108764648437,0.0052108764648437,0.001220703125,0.0012226104736328,0.0005769729614257,0.3,0
0.0,0.0013027191162109,1.9073486328125e-06,2.86102294921875e-06,0.0002756118774414,0.003,2
0.0003366470336914,0.0003366470336914,0.0002803802490234,0.0002985000610351,9.5367431640625e-06,0.3,1
0.0,0.0003175735473632,0.0002069473266601,0.0002088546752929,0.0,0.109,2
0.0012702941894531,0.0012454986572265,0.0009822845458984,0.0009841918945312,2.47955322265625e-05,0.295,1
0.0,0.0013027191162109,0.0052871704101562,0.0052947998046875,0.0024795532226562,0.3,0
0.0052108764648437,0.0052108764648437,0.0010910034179687,0.0011062622070312,0.0003108978271484,0.3,0
0.0012702941894531,0.0012454986572265,0.0009822845458984,0.0009841918945312,2.47955322265625e-05,0.295,1
0.0,0.0013027191162109,0.0150909423828125,0.0174560546875,0.0001087188720703,0.3,0
0.0008134841918945,0.0005674362182617,0.0005102157592773,0.0005121231079101,0.0001630783081054,0.3,1
0.0001955032348632,0.0002002716064453,9.250640869140624e-05,0.0001029968261718,9.5367431640625e-07,0.3,1
0.005096435546875,0.0159912109375,0.0046539306640625,0.0,0.0003347396850585,0.3,1
0.006500244140625,0.0065078735351562,9.5367431640625e-07,9.5367431640625e-07,0.0,0.001,2
0.0,0.0013027191162109,0.0052871704101562,0.0052947998046875,0.0024795532226562,0.3,0
0.000227928161621,0.0002250671386718,0.000152587890625,0.00018310546875,0.0,0.241,1
0.0,0.0018863677978515,0.02093505859375,0.021087646484375,0.000335693359375,0.3,0
0.0052108764648437,0.0052108764648437,0.0010910034179687,0.0011062622070312,0.0003108978271484,0.3,0
0.00885009765625,0.009918212890625,0.0042037963867187,0.0042037963867187,0.0009269714355468,0.3,1
0.0012702941894531,0.0012454986572265,0.0009822845458984,0.0009841918945312,2.47955322265625e-05,0.295,1
0.0104217529296875,0.0104217529296875,6.580352783203125e-05,6.961822509765625e-05,2.86102294921875e-06,0.003,2
0.0066146850585937,0.0066146850585937,0.0030632019042968,0.0030975341796875,0.0008506774902343,0.252,1
0.0731201171875,0.0653076171875,0.00335693359375,0.0033798217773437,0.0007581710815429,0.3,0
0.0,0.0013027191162109,0.016143798828125,0.0191650390625,0.0024452209472656,0.176,0
0.0148773193359375,0.0148773193359375,0.0006942749023437,0.0031471252441406,0.0004606246948242,0.3,0
0.0,0.0013027191162109,9.5367431640625e-07,9.5367431640625e-07,0.0001039505004882,0.004,2
0.00262451171875,0.00262451171875,9.441375732421876e-05,9.441375732421876e-05,6.67572021484375e-06,0.001,2
0.00262451171875,0.00262451171875,0.000101089477539,0.000101089477539,0.0005369186401367,0.001,2
0.0123748779296875,0.0123748779296875,5.14984130859375e-05,5.14984130859375e-05,0.0002498626708984,0.001,2
0.0052108764648437,0.0052108764648437,0.0030326843261718,0.0034713745117187,0.0001544952392578,0.3,1
0.0128326416015625,0.01123046875,0.006103515625,0.0061798095703125,0.0011844635009765,0.3,1
0.0035171508789062,0.0035171508789062,0.0032005310058593,0.0032196044921875,0.0001697540283203,0.3,1
0.0057296752929687,0.0057296752929687,0.0038871765136718,0.0040740966796875,0.0001764297485351,0.3,1
0.0,0.0054779052734375,0.0001716613769531,0.0001735687255859,1.9073486328125e-05,0.3,0
0.00262451171875,0.00262451171875,0.0008888244628906,0.0010643005371093,0.0003223419189453,0.189,1
0.0,0.0013027191162109,0.0,0.0,0.0,0.001,2
0.0018234252929687,0.0018234252929687,0.0001764297485351,0.0003833770751953,0.000197410583496,0.003,2
0.0003652572631835,0.0003652572631835,0.000244140625,0.0003128051757812,9.5367431640625e-07,0.3,1
0.0001955032348632,0.0001955032348632,9.250640869140624e-05,0.0001029968261718,9.5367431640625e-07,0.3,1
0.0020980834960937,0.0014705657958984,0.0014286041259765,0.0016155242919921,5.7220458984375e-06,0.3,1
0.0104217529296875,0.0104217529296875,6.580352783203125e-05,6.961822509765625e-05,2.86102294921875e-06,0.003,2
0.0032424926757812,0.0032539367675781,0.0010299682617187,0.0010643005371093,0.0002355575561523,0.3,0
0.0,0.0013027191162109,0.008544921875,0.0128631591796875,0.0012035369873046,0.3,0
0.000227928161621,0.000223159790039,0.000152587890625,0.00018310546875,0.0,0.241,1
0.0063934326171875,0.0026054382324218,0.0032081604003906,0.0032119750976562,0.0007572174072265,0.3,1
0.0041885375976562,0.0041885375976562,9.72747802734375e-05,9.72747802734375e-05,0.0001630783081054,0.001,2
0.00262451171875,0.00262451171875,0.0011024475097656,0.001443862915039,5.7220458984375e-06,0.3,1
0.03179931640625,0.02069091796875,0.0110321044921875,0.0111541748046875,0.0006237030029296,0.3,0
0.0002546310424804,0.0002546310424804,0.0001649856567382,0.0001821517944335,5.14984130859375e-05,0.023,1
0.0,0.0065078735351562,0.0002450942993164,0.0002784729003906,0.0,0.3,0
0.0177001953125,0.0177001953125,0.0028839111328125,0.0032310485839843,0.0004558563232421,0.251,0
0.0,0.0013027191162109,0.0072402954101562,0.00933837890625,0.0001478195190429,0.3,0
0.00592041015625,0.0052490234375,0.0038986206054687,0.0040130615234375,0.0006256103515625,0.3,1
0.0036125183105468,0.0036125183105468,0.0006523132324218,0.0006532669067382,9.5367431640625e-06,0.013,2
0.0,0.0013027191162109,0.0003528594970703,0.0005598068237304,0.0002384185791015,0.02,2
0.0002546310424804,0.0002546310424804,0.0001773834228515,0.0001850128173828,3.528594970703125e-05,0.3,1
0.0072250366210937,0.0072250366210937,0.0052261352539062,0.0052337646484375,0.0004892349243164,0.3,1
0.0067901611328125,0.0067672729492187,0.004119873046875,0.004241943359375,0.0001583099365234,0.3,1
0.0,0.0071945190429687,0.000126838684082,0.0001306533813476,1.811981201171875e-05,0.3,0
0.0094757080078125,0.0094757080078125,0.0087127685546875,0.0087127685546875,9.5367431640625e-07,0.3,1
0.0024757385253906,0.0024757385253906,0.001810073852539,0.0024757385253906,0.0001325607299804,0.115,1
0.0002317428588867,0.0001993179321289,8.58306884765625e-06,8.58306884765625e-06,0.0,0.002,2
0.0032501220703125,0.0036849975585937,0.001535415649414,0.0016059875488281,0.000258445739746,0.3,1
0.0,0.0013027191162109,0.0126495361328125,0.012786865234375,0.0005807876586914,0.3,0
0.0016155242919921,0.0016155242919921,3.337860107421875e-05,3.337860107421875e-05,8.58306884765625e-06,0.002,2
0.0021896362304687,0.0015621185302734,0.0013160705566406,0.0016536712646484,5.7220458984375e-06,0.3,1
0.00518798828125,0.0073699951171875,0.0029869079589843,0.0030479431152343,0.0006513595581054,0.3,1
0.006011962890625,0.0057296752929687,0.0038948059082031,0.0039215087890625,0.000248908996582,0.3,1
0.0004348754882812,0.0003366470336914,0.0002698898315429,0.0002822875976562,4.76837158203125e-06,0.3,1
0.04296875,0.0390625,0.027008056640625,0.02728271484375,2.86102294921875e-06,0.3,1
0.0052108764648437,0.0052108764648437,0.0030326843261718,0.0034713745117187,0.0001544952392578,0.3,1
0.0,0.0013027191162109,9.5367431640625e-07,9.5367431640625e-07,0.0006589889526367,0.005,2
0.0416259765625,0.0416259765625,0.034423828125,0.03466796875,0.0002250671386718,0.3,1
0.0063247680664062,0.0063247680664062,0.0048370361328125,0.0048446655273437,0.0003700256347656,0.3,1
0.0004348754882812,0.0003366470336914,0.0002698898315429,0.0002822875976562,4.76837158203125e-06,0.3,1
0.0050125122070312,0.0050125122070312,0.0026702880859375,0.0026702880859375,0.0005407333374023,0.3,1
0.022552490234375,0.022552490234375,0.0110626220703125,0.01129150390625,0.0006351470947265,0.3,1
0.0036125183105468,0.0036125183105468,0.0006599426269531,0.0006608963012695,0.0,0.3,0
0.0,0.00262451171875,0.0,0.0,0.0,0.002,2
0.07421875,0.07421875,0.04644775390625,0.05133056640625,5.53131103515625e-05,0.3,1
0.0032501220703125,0.0036849975585937,0.001535415649414,0.0016059875488281,0.000258445739746,0.3,1
0.0034980773925781,0.0045318603515625,0.0023918151855468,0.0023918151855468,9.5367431640625e-07,0.3,1
0.006011962890625,0.0057296752929687,0.00433349609375,0.0044097900390625,0.0002613067626953,0.3,1
0.000227928161621,0.000223159790039,0.000152587890625,0.00018310546875,0.0,0.241,1
0.1024169921875,0.1019287109375,0.04718017578125,0.04718017578125,0.0009737014770507,0.3,3
0.05621337890625,0.056396484375,0.0513916015625,0.0516357421875,0.0019645690917968,0.3,1
0.0026588439941406,0.0015621185302734,0.0018501281738281,0.0021591186523437,2.193450927734375e-05,0.3,1
0.011016845703125,0.011016845703125,0.0008964538574218,0.000899314880371,7.62939453125e-06,0.3,0
0.0,0.00262451171875,0.0,0.0,0.0,0.002,2
0.004364013671875,0.004364013671875,0.00225830078125,0.0023002624511718,0.0002937316894531,0.3,1
0.000227928161621,0.000227928161621,0.000152587890625,0.00018310546875,0.0,0.241,1
0.0036125183105468,0.0036125183105468,0.000645637512207,0.0006847381591796,7.43865966796875e-05,0.285,0
0.024200439453125,0.00390625,0.0077438354492187,0.008087158203125,0.0028572082519531,0.3,0
0.0037422180175781,0.0037422180175781,0.0019302368164062,0.0019760131835937,0.0007181167602539,0.3,1
0.0018234252929687,0.0018234252929687,0.0007400512695312,0.0008964538574218,0.0004997253417968,0.133,1
0.0002107620239257,0.0001916885375976,9.5367431640625e-06,9.5367431640625e-06,0.0,0.001,2
0.0004310607910156,0.0003652572631835,0.0002689361572265,0.0003032684326171,9.5367431640625e-07,0.3,1
0.1875,0.1041259765625,0.129638671875,0.129638671875,0.0017356872558593,0.3,3
0.0,0.0013027191162109,0.0006351470947265,0.0008792877197265,0.0005836486816406,0.013,2
0.0016727447509765,0.0016727447509765,0.0006132125854492,0.0006132125854492,0.0005931854248046,0.001,2
0.0,0.0003175735473632,0.0002365112304687,0.0002546310424804,9.5367431640625e-07,0.3,0
0.00262451171875,0.00262451171875,0.0011024475097656,0.001443862915039,5.7220458984375e-06,0.3,1
0.0052108764648437,0.0052108764648437,0.0036087036132812,0.0036163330078125,9.441375732421876e-05,0.3,1
0.0001955032348632,0.000213623046875,9.250640869140624e-05,0.0001029968261718,9.5367431640625e-07,0.3,1
0.0,0.0013027191162109,0.0,0.0,0.0,0.001,2
0.001953125,0.001953125,0.0011310577392578,0.0014915466308593,0.000288963317871,0.3,1
0.0024337768554687,0.0024337768554687,0.0011482238769531,0.0012588500976562,0.0002260208129882,0.3,1
0.0032501220703125,0.0036849975585937,0.001535415649414,0.0016059875488281,0.000258445739746,0.3,1
0.000227928161621,0.0002145767211914,0.000152587890625,0.00018310546875,0.0,0.241,1
0.0001630783081054,0.0001630783081054,0.0001516342163085,0.000152587890625,8.58306884765625e-06,0.3,1
0.0001955032348632,0.0002002716064453,9.250640869140624e-05,0.0001029968261718,9.5367431640625e-07,0.3,1
0.0003023147583007,0.0002937316894531,0.0001964569091796,0.0002260208129882,0.0,0.053,1
0.0032539367675781,0.0032539367675781,9.059906005859376e-05,9.059906005859376e-05,0.000558853149414,0.001,2
0.0032501220703125,0.0036849975585937,0.001535415649414,0.0016059875488281,0.000258445739746,0.3,1
0.00213623046875,0.0021400451660156,0.0019912719726562,0.0019912719726562,0.0001211166381835,0.3,1
0.006683349609375,0.0036125183105468,0.0006771087646484,0.0006790161132812,9.5367431640625e-07,0.3,0
0.005859375,0.0065078735351562,0.0034942626953125,0.0034980773925781,0.0002260208129882,0.3,1
0.0069046020507812,0.0056304931640625,0.0018291473388671,0.0025253295898437,0.0001792907714843,0.3,0
0.0,0.00262451171875,0.0,0.0,0.0,0.002,2
0.0,0.0001649856567382,0.0001659393310546,0.0001697540283203,9.5367431640625e-06,0.3,0
0.0,0.0013027191162109,0.005096435546875,0.0102996826171875,0.001800537109375,0.3,0
0.0052108764648437,0.0052108764648437,0.0010910034179687,0.0011062622070312,0.0003108978271484,0.3,0
0.0,0.0013027191162109,0.0118408203125,0.01715087890625,0.0005865097045898,0.3,0
0.004364013671875,0.004364013671875,0.00225830078125,0.0023002624511718,0.0002937316894531,0.3,1
0.0,0.0036888122558593,0.0002164840698242,0.0002193450927734,0.0,0.3,0
0.0052108764648437,0.0052108764648437,0.0030326843261718,0.0034713745117187,0.0001544952392578,0.3,1
0.0024757385253906,0.0024757385253906,0.000436782836914,0.0005111694335937,0.0001688003540039,0.028,2
0.0,0.00262451171875,0.0,0.0,0.0,0.002,2
0.0,0.0038566589355468,0.001953125,0.0019645690917968,0.0008172988891601,0.3,0
0.078125,0.078125,0.0738525390625,0.0750732421875,0.0005884170532226,0.3,3
0.0,0.0013027191162109,0.0047683715820312,0.006622314453125,0.0013637542724609,0.3,0
0.0032501220703125,0.0036849975585937,0.001535415649414,0.0016059875488281,0.000258445739746,0.3,1
0.0001955032348632,0.0001955032348632,9.250640869140624e-05,0.0001029968261718,9.5367431640625e-07,0.3,1
0.0104217529296875,0.0104217529296875,6.580352783203125e-05,6.961822509765625e-05,2.86102294921875e-06,0.003,2
0.006683349609375,0.0036125183105468,0.0006961822509765,0.0006980895996093,1.1444091796875e-05,0.3,0
0.0095367431640625,0.0095367431640625,0.0072784423828125,0.0,0.0006542205810546,0.3,0
0.0,0.0013027191162109,0.0052871704101562,0.0052947998046875,0.0024795532226562,0.3,0
0.0037765502929687,0.0008554458618164,0.0013027191162109,0.0013046264648437,4.100799560546875e-05,0.3,0
0.0234375,0.0234375,0.01318359375,0.0139312744140625,0.0004472732543945,0.3,1
0.0052108764648437,0.0052108764648437,0.0016651153564453,0.001749038696289,5.91278076171875e-05,0.3,0
0.0,0.0003175735473632,0.0002365112304687,0.0002546310424804,9.5367431640625e-07,0.3,0
0.00390625,0.00390625,0.0015144348144531,0.0017890930175781,0.000411033630371,0.3,1
0.0003366470336914,0.0003843307495117,0.0002803802490234,0.0002985000610351,9.5367431640625e-06,0.3,1
0.0,0.0013027191162109,0.0082550048828125,0.0153350830078125,0.0012779235839843,0.3,0
0.0052108764648437,0.0052108764648437,0.0009660720825195,0.0009727478027343,0.0005407333374023,0.3,0
0.0,0.000946044921875,0.003814697265625,0.0038185119628906,0.0003366470336914,0.3,0
0.0050125122070312,0.0033836364746093,0.0026702880859375,0.0026702880859375,0.0005407333374023,0.3,1
0.00701904296875,0.0078125,0.0034980773925781,0.0040054321289062,0.0001459121704101,0.3,1
0.006683349609375,0.0036125183105468,0.0006771087646484,0.0006790161132812,9.5367431640625e-07,0.3,0
0.0052108764648437,0.0052108764648437,0.0009660720825195,0.0009727478027343,0.0005407333374023,0.3,0
0.00262451171875,0.00262451171875,0.0003833770751953,0.0006160736083984,1.9073486328125e-06,0.004,2
0.0077972412109375,0.0087432861328125,0.0044174194335937,0.0044174194335937,1.71661376953125e-05,0.3,1
0.005035400390625,0.0066757202148437,0.0035781860351562,0.0036888122558593,0.000309944152832,0.3,1
0.0002937316894531,0.000197410583496,0.0001916885375976,0.000192642211914,0.0,0.007,1
0.00262451171875,0.00262451171875,9.34600830078125e-05,9.34600830078125e-05,3.814697265625e-06,0.003,2
0.0,0.0013027191162109,1.1444091796875e-05,7.43865966796875e-05,0.0003986358642578,0.007,2
0.0032424926757812,0.0026054382324218,0.0006723403930664,0.0006742477416992,7.62939453125e-06,0.3,0
0.0,0.0013027191162109,0.006134033203125,0.0084228515625,0.0014801025390625,0.3,0
0.0068206787109375,0.0054702758789062,0.0032768249511718,0.0037994384765625,0.0011539459228515,0.239,1
0.017242431640625,0.017242431640625,0.0047531127929687,0.0055007934570312,0.0007781982421875,0.3,0
0.1875,0.1041259765625,0.129638671875,0.129638671875,0.0017356872558593,0.3,3
0.0004034042358398,0.0020790100097656,0.0002346038818359,0.0002479553222656,0.0,0.3,1
0.0052108764648437,0.0052108764648437,0.0010910034179687,0.0011062622070312,0.0003108978271484,0.3,0
0.0020751953125,0.0029258728027343,0.0005559921264648,0.0005578994750976,2.288818359375e-05,0.3,0
0.0,0.0013027191162109,0.01922607421875,0.0206298828125,0.0021095275878906,0.3,0
0.0056991577148437,0.0037498474121093,7.534027099609375e-05,7.534027099609375e-05,0.0,0.001,2
0.1009521484375,0.187744140625,0.0005731582641601,0.0005731582641601,0.0005617141723632,0.004,2
0.0,0.0718994140625,0.0005903244018554,0.0005970001220703,0.0001096725463867,0.3,0
0.0056076049804687,0.0011005401611328,0.0044479370117187,0.0044479370117187,0.0,0.014,1
0.0052108764648437,0.0052108764648437,0.0009660720825195,0.0009727478027343,0.0005407333374023,0.3,0
0.0052108764648437,0.0052108764648437,0.0010299682617187,0.0010318756103515,0.0003166198730468,0.3,0
0.017242431640625,0.017242431640625,0.0047531127929687,0.0055007934570312,0.0007781982421875,0.3,0
0.0021896362304687,0.0015621185302734,0.0015830993652343,0.0016670227050781,2.193450927734375e-05,0.3,1
0.013092041015625,0.013092041015625,0.0101776123046875,0.01019287109375,0.0012454986572265,0.3,1
0.0025405883789062,0.0025405883789062,0.0003881454467773,0.0004396438598632,0.0003280639648437,0.003,2
0.0065078735351562,0.0065078735351562,0.0030097961425781,0.0037956237792968,0.0004444122314453,0.097,1
0.00262451171875,0.00262451171875,9.34600830078125e-05,9.34600830078125e-05,3.814697265625e-06,0.003,2
0.0019149780273437,0.0019035339355468,0.0015373229980468,0.0015621185302734,5.245208740234375e-05,0.3,1
0.0,0.0013027191162109,0.010101318359375,0.010162353515625,0.0002784729003906,0.072,2
0.0002050399780273,0.0003252029418945,0.0001354217529296,0.0001382827758789,4.1961669921875e-05,0.3,1
0.0,0.00262451171875,0.0,0.0,0.0,0.002,2
0.0,0.0013027191162109,0.0135955810546875,0.0142669677734375,0.0005931854248046,0.3,0
0.0343017578125,0.052001953125,0.0027198791503906,0.0027236938476562,0.0005502700805664,0.128,2
0.0052108764648437,0.0052108764648437,0.0010910034179687,0.0011062622070312,0.0003108978271484,0.3,0
0.006866455078125,0.006866455078125,0.0051193237304687,0.0051498413085937,8.96453857421875e-05,0.3,1
0.0052108764648437,0.0052108764648437,0.00115966796875,0.0011615753173828,0.0002899169921875,0.3,0
0.005035400390625,0.0066757202148437,0.0035781860351562,0.0036888122558593,0.000309944152832,0.3,1
0.0,0.0068359375,0.0012111663818359,0.0012397766113281,0.0001993179321289,0.3,0
0.0012569427490234,0.0012569427490234,0.000833511352539,0.000859260559082,0.0002784729003906,0.3,1
0.00262451171875,0.00262451171875,0.0021553039550781,0.0022048950195312,7.43865966796875e-05,0.3,1
0.0065078735351562,0.0065078735351562,0.0013866424560546,0.0025978088378906,1.9073486328125e-06,0.002,2
0.000401496887207,0.0003652572631835,0.0002784729003906,0.0003156661987304,9.5367431640625e-07,0.3,1
0.0052108764648437,0.0052108764648437,0.0018596649169921,0.0018882751464843,0.0001649856567382,0.3,0
0.0,0.00262451171875,0.0,0.0,0.0,0.002,2
0.1875,0.1041259765625,0.129638671875,0.129638671875,0.0017356872558593,0.3,3
0.0097503662109375,0.0097503662109375,0.0087432861328125,0.0087432861328125,0.0001239776611328,0.3,1
0.0,0.0013027191162109,9.5367431640625e-07,9.5367431640625e-07,0.0001039505004882,0.004,2
0.00390625,0.0076828002929687,0.0031204223632812,0.0031280517578125,2.002716064453125e-05,0.3,1
0.005096435546875,0.005096435546875,0.0046157836914062,0.0,0.0002307891845703,0.3,1
0.011016845703125,0.011016845703125,0.0008964538574218,0.000899314880371,7.62939453125e-06,0.3,0
0.0072174072265625,0.0078125,0.0053253173828125,0.0053329467773437,0.0005092620849609,0.3,1
0.0002317428588867,0.0002088546752929,8.58306884765625e-06,8.58306884765625e-06,0.0,0.002,2
0.0,0.0013027191162109,0.008544921875,0.0128631591796875,0.0012035369873046,0.3,0
0.0008134841918945,0.0005674362182617,0.0005102157592773,0.0005121231079101,0.0001630783081054,0.3,1
0.008819580078125,0.0012645721435546,0.0038108825683593,0.003814697265625,0.0008535385131835,0.3,1
0.0032501220703125,0.0041961669921875,0.001535415649414,0.0016059875488281,0.000258445739746,0.3,1
0.006683349609375,0.0036125183105468,0.0006771087646484,0.0006790161132812,9.5367431640625e-07,0.3,0
0.0052108764648437,0.0052108764648437,0.0016651153564453,0.001749038696289,5.91278076171875e-05,0.3,0
0.0,0.0013027191162109,0.0076751708984375,0.0087738037109375,0.0008134841918945,0.3,0
0.0034217834472656,0.0065078735351562,0.0019359588623046,0.001983642578125,0.000162124633789,0.3,1
0.0036125183105468,0.0036125183105468,0.0006580352783203,0.0006580352783203,0.0,0.3,0
0.006500244140625,0.0065078735351562,9.5367431640625e-07,9.5367431640625e-07,0.0,0.001,2
0.0002317428588867,0.0002088546752929,8.58306884765625e-06,8.58306884765625e-06,0.0,0.002,2
0.0731201171875,0.0369873046875,0.00335693359375,0.0033798217773437,0.0007581710815429,0.3,0
0.0,0.0013027191162109,0.0004510879516601,0.0006294250488281,7.05718994140625e-05,0.3,0
0.020416259765625,0.018341064453125,0.004669189453125,0.0047760009765625,9.632110595703124e-05,0.199,0
0.04168701171875,0.04168701171875,0.0003681182861328,0.0003700256347656,0.0001630783081054,0.3,0
0.0,0.0013027191162109,0.0052871704101562,0.0052947998046875,0.0024795532226562,0.3,0
0.0097503662109375,0.0097503662109375,0.0087432861328125,0.0087432861328125,0.0001239776611328,0.3,1
0.0052108764648437,0.0052108764648437,0.0030517578125,0.0030632019042968,3.4332275390625e-05,0.3,1
0.0,0.0013027191162109,9.5367431640625e-07,9.5367431640625e-07,0.0004138946533203,0.003,2
0.0002317428588867,0.0002155303955078,8.58306884765625e-06,8.58306884765625e-06,0.0,0.002,2
0.0002927780151367,0.0002861022949218,0.0001649856567382,0.0002050399780273,7.62939453125e-06,0.3,1
0.00262451171875,0.0006361007690429,0.0003547668457031,0.0007562637329101,9.5367431640625e-07,0.007,2
0.0032501220703125,0.0036849975585937,0.001535415649414,0.0016059875488281,0.000258445739746,0.3,1
0.0,0.00262451171875,0.0,0.0,0.0,0.002,2
0.0311279296875,0.028778076171875,0.0004129409790039,0.0004177093505859,0.0006923675537109,0.3,0
0.009765625,0.009765625,0.0016994476318359,0.0017051696777343,0.0004358291625976,0.3,0
0.0024070739746093,0.0062103271484375,0.0013256072998046,0.0019054412841796,0.000563621520996,0.048,1
0.0052108764648437,0.0052108764648437,0.0018596649169921,0.0018882751464843,0.0001649856567382,0.3,0
0.0008134841918945,0.0005674362182617,0.0005102157592773,0.0005121231079101,0.0001630783081054,0.3,1
0.0130157470703125,0.0130157470703125,9.5367431640625e-07,9.5367431640625e-07,0.0,0.001,2
0.0032501220703125,0.0036849975585937,0.001535415649414,0.0016059875488281,0.000258445739746,0.3,1
0.04888916015625,0.0123748779296875,0.04376220703125,0.0443115234375,0.0005741119384765,0.3,1
0.0,0.00262451171875,0.0,0.0,0.0,0.002,2
0.0037765502929687,0.0011329650878906,0.0013027191162109,0.0013046264648437,4.100799560546875e-05,0.3,0
0.0002317428588867,0.0002069473266601,8.58306884765625e-06,8.58306884765625e-06,0.0,0.002,2
0.0,0.0013027191162109,0.0082855224609375,0.019866943359375,0.0005788803100585,0.145,0
0.030303955078125,0.017974853515625,0.0154571533203125,0.0155181884765625,0.0005397796630859,0.3,1
0.0,0.0013027191162109,0.0107879638671875,0.0129241943359375,0.0005865097045898,0.3,0
0.005035400390625,0.004119873046875,0.0035781860351562,0.0036888122558593,0.000309944152832,0.3,1
0.0172119140625,0.0152587890625,0.0017375946044921,0.001739501953125,0.0009059906005859,0.3,0
0.0106201171875,0.0016155242919921,0.0078277587890625,0.008544921875,4.76837158203125e-06,0.3,1
0.0,0.0013027191162109,0.0069580078125,0.0104522705078125,0.0002956390380859,0.3,0
0.0002717971801757,0.0002546310424804,7.62939453125e-05,7.62939453125e-05,9.5367431640625e-06,0.002,2
0.0004529953002929,0.0003252029418945,4.863739013671875e-05,0.000288963317871,4.291534423828125e-05,0.3,1
0.0020751953125,0.0020751953125,0.0006313323974609,0.0006322860717773,0.0003299713134765,0.3,1
0.0036201477050781,0.0036239624023437,0.0025215148925781,0.0025291442871093,0.0005388259887695,0.3,1
0.0,0.0015621185302734,0.0001163482666015,0.0001201629638671,2.86102294921875e-06,0.3,0
0.0148773193359375,0.0148773193359375,0.0006942749023437,0.0031471252441406,0.0004606246948242,0.3,0
0.0,0.0718994140625,0.0005397796630859,0.0005464553833007,0.000101089477539,0.3,0
0.0,0.0013027191162109,0.0008039474487304,0.0009002685546875,0.0005168914794921,0.006,2
0.0024795532226562,0.0024795532226562,0.0005168914794921,0.0007514953613281,2.765655517578125e-05,0.003,2
0.0,0.0013027191162109,0.015625,0.01641845703125,0.0005960464477539,0.3,0
0.0,0.0013027191162109,0.0058822631835937,0.0095367431640625,0.0002937316894531,0.3,0
0.04888916015625,0.0123748779296875,0.04376220703125,0.0443115234375,0.0005741119384765,0.3,1
0.0,0.0013027191162109,0.0073165893554687,0.0081634521484375,0.001291275024414,0.3,0
0.0002107620239257,0.0001916885375976,9.5367431640625e-06,9.5367431640625e-06,0.0,0.001,2
0.011383056640625,0.013275146484375,0.001138687133789,0.0011425018310546,0.000319480895996,0.3,0
0.0018234252929687,0.0018234252929687,0.0010528564453125,0.0014724731445312,0.0005254745483398,0.261,1
0.0052108764648437,0.0052108764648437,0.0016651153564453,0.001749038696289,5.91278076171875e-05,0.3,0
0.0029792785644531,0.0029792785644531,0.0006189346313476,0.0006208419799804,4.9591064453125e-05,0.3,0
0.0,0.0013027191162109,0.0050888061523437,0.005096435546875,0.0024757385253906,0.3,0
0.0041885375976562,0.0041885375976562,9.72747802734375e-05,9.72747802734375e-05,0.0001630783081054,0.001,2
0.0,0.0001649856567382,0.0001659393310546,0.0001697540283203,9.5367431640625e-06,0.3,0
0.0,0.0013027191162109,0.021514892578125,0.02197265625,0.002471923828125,0.3,0
0.04144287109375,0.04156494140625,0.030914306640625,0.031097412109375,0.0003623962402343,0.3,1
0.0,0.0013027191162109,0.0186767578125,0.019287109375,0.001230239868164,0.3,0
0.0020751953125,0.0020751953125,0.0006313323974609,0.0006322860717773,0.0003299713134765,0.3,1
0.0052108764648437,0.0052108764648437,0.0010910034179687,0.0011062622070312,0.0003108978271484,0.3,0
0.0032539367675781,0.0032539367675781,0.0013999938964843,0.0013999938964843,0.0004243850708007,0.009,2
0.00262451171875,0.00262451171875,0.0011024475097656,0.001443862915039,5.7220458984375e-06,0.3,1
0.0016155242919921,0.01220703125,3.337860107421875e-05,3.337860107421875e-05,8.58306884765625e-06,0.002,2
0.0012702941894531,0.0012454986572265,0.0009822845458984,0.0009841918945312,2.47955322265625e-05,0.295,1
0.006500244140625,0.0065078735351562,0.0006999969482421,0.0007591247558593,0.0003204345703125,0.017,2
0.000227928161621,0.0002126693725585,0.000152587890625,0.00018310546875,0.0,0.241,1
0.0104217529296875,0.0104217529296875,6.580352783203125e-05,6.961822509765625e-05,2.86102294921875e-06,0.003,2
0.0038833618164062,0.0038833618164062,0.0024757385253906,0.0025177001953125,0.0008869171142578,0.3,1
0.0013904571533203,0.0012111663818359,0.0008668899536132,0.000868797302246,4.9591064453125e-05,0.083,1
0.0002317428588867,0.0002069473266601,8.58306884765625e-06,8.58306884765625e-06,0.0,0.002,2
0.0,0.0013027191162109,0.021514892578125,0.02197265625,0.002471923828125,0.3,0
0.004364013671875,0.004364013671875,0.00225830078125,0.0023002624511718,0.0002937316894531,0.3,1
0.0,0.0013027191162109,0.0003175735473632,0.0005359649658203,0.000197410583496,0.018,2
0.0149688720703125,0.016693115234375,0.00567626953125,0.00567626953125,0.0001983642578125,0.041,2
0.006683349609375,0.0036125183105468,0.0006771087646484,0.0006790161132812,9.5367431640625e-07,0.3,0
0.0,0.0045700073242187,0.0041046142578125,0.0041046142578125,0.0003175735473632,0.3,0
0.0002937316894531,0.0002756118774414,0.0002288818359375,0.0002422332763671,0.0,0.256,1
0.0,0.0038566589355468,0.001953125,0.0019645690917968,0.0008172988891601,0.3,0
0.0104217529296875,0.0104217529296875,6.580352783203125e-05,6.961822509765625e-05,2.86102294921875e-06,0.003,2
0.00262451171875,0.00262451171875,0.0013542175292968,0.0015068054199218,0.0005197525024414,0.3,1
0.0,0.0013027191162109,8.58306884765625e-06,7.343292236328125e-05,0.0003976821899414,0.009,2
0.0104217529296875,0.0104217529296875,0.001434326171875,0.0023574829101562,7.62939453125e-05,0.3,0
0.0,0.0013027191162109,0.015625,0.01641845703125,0.0005960464477539,0.3,0
0.0036201477050781,0.0036239624023437,0.0025215148925781,0.0025291442871093,0.0005388259887695,0.3,1
0.0037422180175781,0.0042724609375,0.002593994140625,0.002685546875,0.0004405975341796,0.3,1
0.0018234252929687,0.0018234252929687,0.0011806488037109,0.0012741088867187,0.000223159790039,0.3,1
0.000227928161621,0.000227928161621,0.000152587890625,0.00018310546875,0.0,0.241,1
0.0025749206542968,0.0026206970214843,0.0007123947143554,0.0007171630859375,0.0007448196411132,0.003,2
0.0052108764648437,0.0052108764648437,0.00115966796875,0.0011615753173828,0.0002899169921875,0.3,0
0.00262451171875,0.00262451171875,0.0003395080566406,0.0007743835449218,0.0002946853637695,0.004,2
0.006500244140625,0.0065078735351562,0.0006999969482421,0.0007591247558593,0.0003204345703125,0.017,2
0.0052108764648437,0.0052108764648437,0.0010910034179687,0.0011062622070312,0.0003108978271484,0.3,0
0.0037422180175781,0.0037422180175781,0.0015163421630859,0.0015373229980468,0.0001983642578125,0.3,1
0.006500244140625,0.0065078735351562,9.5367431640625e-07,9.5367431640625e-07,0.0,0.001,2
0.0106201171875,0.0011138916015625,0.0078277587890625,0.008544921875,4.76837158203125e-06,0.3,1
0.0002717971801757,0.0002660751342773,7.62939453125e-05,7.62939453125e-05,9.5367431640625e-06,0.002,2
0.01727294921875,0.014404296875,0.01580810546875,0.015869140625,0.000166893005371,0.3,1
0.0,0.0013027191162109,0.0052871704101562,0.0052947998046875,0.0024795532226562,0.3,0
0.0058059692382812,0.0058059692382812,0.0041427612304687,0.00445556640625,0.0018157958984375,0.179,1
0.0,0.0013027191162109,0.0052871704101562,0.0052947998046875,0.0024795532226562,0.3,0
0.0020332336425781,0.0015621185302734,0.001251220703125,0.0013236999511718,0.0,0.3,1
0.16162109375,0.15576171875,0.13330078125,0.0,0.0002832412719726,0.3,3
0.0,0.0013027191162109,0.0098419189453125,0.010223388671875,0.0012245178222656,0.3,0
0.00390625,0.01031494140625,0.0031204223632812,0.0031280517578125,2.002716064453125e-05,0.3,1
0.0,0.0013027191162109,0.0069580078125,0.0104522705078125,0.0002956390380859,0.3,0
0.041015625,0.0390625,0.0230712890625,0.02325439453125,0.000152587890625,0.3,1
0.0029182434082031,0.0026054382324218,0.0021514892578125,0.0026054382324218,2.6702880859375e-05,0.3,1
0.0002317428588867,0.0002155303955078,8.58306884765625e-06,8.58306884765625e-06,0.0,0.002,2
0.0,0.0013027191162109,0.0048751831054687,0.009979248046875,0.0009031295776367,0.3,0
0.0032424926757812,0.0024452209472656,0.0006723403930664,0.0006742477416992,7.62939453125e-06,0.3,0
0.0,0.022125244140625,0.02008056640625,0.020111083984375,0.00140380859375,0.3,0
0.0052108764648437,0.0052108764648437,0.0009660720825195,0.0009727478027343,0.0005407333374023,0.3,0
0.0104217529296875,0.0104217529296875,6.580352783203125e-05,6.961822509765625e-05,2.86102294921875e-06,0.003,2
0.0,0.0013027191162109,0.01922607421875,0.0206298828125,0.0021095275878906,0.3,0
0.0,0.00390625,0.0001420974731445,0.0001449584960937,1.621246337890625e-05,0.3,0
0.000227928161621,0.000227928161621,0.000152587890625,0.00018310546875,0.0,0.241,1
0.0072250366210937,0.0072250366210937,0.0052261352539062,0.0052337646484375,0.0004892349243164,0.3,1
0.0,0.0013027191162109,0.0006227493286132,0.0007762908935546,0.0005273818969726,0.01,2
0.0,0.0013027191162109,0.0069580078125,0.0104522705078125,0.0002956390380859,0.3,0
0.0104217529296875,0.0104217529296875,6.580352783203125e-05,6.961822509765625e-05,2.86102294921875e-06,0.003,2
0.0,0.0013027191162109,0.0052871704101562,0.0052947998046875,0.0024795532226562,0.3,0
0.0016155242919921,0.01220703125,3.337860107421875e-05,3.337860107421875e-05,8.58306884765625e-06,0.002,2
0.0,0.0038566589355468,0.001953125,0.0019645690917968,0.0008172988891601,0.3,0
0.0052108764648437,0.0052108764648437,0.0018596649169921,0.0018882751464843,0.0001649856567382,0.3,0
0.0,0.0013027191162109,0.0046768188476562,0.0055618286132812,0.0023994445800781,0.3,0
0.0003852844238281,0.0003738403320312,0.0001802444458007,0.0002040863037109,4.76837158203125e-06,0.3,1
0.0,0.0003175735473632,0.0002069473266601,0.0002088546752929,0.0,0.109,2
0.0106201171875,0.0106201171875,0.0078277587890625,0.008544921875,4.76837158203125e-06,0.3,1
0.0052108764648437,0.0052108764648437,0.0018596649169921,0.0018882751464843,0.0001649856567382,0.3,0
0.0032539367675781,0.0032539367675781,0.0013999938964843,0.0013999938964843,0.0004243850708007,0.009,2
0.0032691955566406,0.0012264251708984,0.0006446838378906,0.000676155090332,0.0001869201660156,0.058,2
0.004364013671875,0.004364013671875,0.00225830078125,0.0023002624511718,0.0002937316894531,0.3,1
0.000227928161621,0.0002250671386718,0.000152587890625,0.00018310546875,0.0,0.241,1
0.00262451171875,0.00262451171875,9.34600830078125e-05,9.34600830078125e-05,3.814697265625e-06,0.003,2
0.0076141357421875,0.0076141357421875,9.5367431640625e-07,9.5367431640625e-07,0.0,0.001,2
0.0029373168945312,0.00262451171875,0.0023956298828125,0.0027542114257812,1.9073486328125e-06,0.3,1
0.0,0.00262451171875,0.0,0.0,0.0,0.002,2
0.0052108764648437,0.0052108764648437,0.0030326843261718,0.0034713745117187,0.0001544952392578,0.3,1
0.0052108764648437,0.0052108764648437,0.0010910034179687,0.0011062622070312,0.0003108978271484,0.3,0
0.0,0.00262451171875,0.0,0.0,0.0,0.002,2
0.00262451171875,0.00262451171875,0.0011024475097656,0.001443862915039,5.7220458984375e-06,0.3,1
0.0009822845458984,0.0009126663208007,0.0005512237548828,0.0005521774291992,4.38690185546875e-05,0.3,1
0.000441551208496,0.0003433227539062,0.0002832412719726,0.0003013610839843,0.0,0.3,1
0.0,0.0013027191162109,0.015289306640625,0.02252197265625,0.0023040771484375,0.3,0
0.0054702758789062,0.0054702758789062,0.00244140625,0.0026969909667968,0.0016555786132812,0.027,1
0.041015625,0.0390625,0.0230712890625,0.02325439453125,0.000152587890625,0.3,1
0.0034942626953125,0.03253173828125,0.0003662109375,0.0003671646118164,7.724761962890625e-05,0.3,0
0.009185791015625,0.0066146850585937,0.003936767578125,0.0067138671875,0.0002260208129882,0.3,1
0.0,0.0026054382324218,0.0009641647338867,0.0009784698486328,0.0001754760742187,0.3,0
0.0023727416992187,0.0018253326416015,0.0016860961914062,0.0016899108886718,0.0003309249877929,0.3,1
0.0065078735351562,0.0065078735351562,0.0001173019409179,0.0001192092895507,1.9073486328125e-06,0.003,2
0.1875,0.1041259765625,0.129638671875,0.129638671875,0.0017356872558593,0.3,3
0.0014915466308593,0.0169677734375,0.0008649826049804,0.001138687133789,4.673004150390625e-05,0.3,1
0.0106201171875,0.0017528533935546,0.005889892578125,0.0060272216796875,0.0001506805419921,0.3,1
0.0,0.0013027191162109,0.020721435546875,0.02154541015625,0.00213623046875,0.3,0
0.0,0.00390625,0.0001602172851562,0.0001640319824218,5.054473876953125e-05,0.3,0
0.0018234252929687,0.0018234252929687,0.0007400512695312,0.0008964538574218,0.0004997253417968,0.133,1
0.03460693359375,0.03460693359375,0.0179443359375,0.01800537109375,9.5367431640625e-07,0.206,1
0.0032501220703125,0.0036849975585937,0.001535415649414,0.0016059875488281,0.000258445739746,0.3,1
0.0065078735351562,0.0065078735351562,0.0013866424560546,0.0025978088378906,1.9073486328125e-06,0.002,2
0.0,0.0013027191162109,0.0031280517578125,0.0102081298828125,0.0013847351074218,0.23,0
0.0,0.0013027191162109,0.0084991455078125,0.0092010498046875,0.0005226135253906,0.3,0
0.0,0.0013027191162109,0.0082550048828125,0.0153350830078125,0.0012779235839843,0.3,0
0.0052108764648437,0.0052108764648437,0.0010910034179687,0.0011062622070312,0.0003108978271484,0.3,0
0.0032501220703125,0.0036849975585937,0.001535415649414,0.0016059875488281,0.000258445739746,0.3,1
0.006500244140625,0.0065078735351562,9.5367431640625e-07,9.5367431640625e-07,0.0,0.001,2
0.0050125122070312,0.0033836364746093,0.0026702880859375,0.0026702880859375,0.0005407333374023,0.3,1
0.0,0.0013027191162109,0.0052871704101562,0.0052947998046875,0.0024795532226562,0.3,0
0.000889778137207,0.0017070770263671,0.0004711151123046,0.000472068786621,2.384185791015625e-05,0.3,1
0.0,0.00262451171875,0.0,0.0,0.0,0.002,2
0.0,0.0013027191162109,0.0097503662109375,0.0098114013671875,7.05718994140625e-05,0.104,2
0.000227928161621,0.000223159790039,0.000152587890625,0.00018310546875,0.0,0.241,1
0.0,0.0059738159179687,0.0037307739257812,0.0037612915039062,0.0009212493896484,0.3,0
0.0032501220703125,0.0041961669921875,0.001535415649414,0.0016059875488281,0.000258445739746,0.3,1
0.0,0.00262451171875,0.0,0.0,0.0,0.002,2
0.0026054382324218,0.0026054382324218,0.0017013549804687,0.0022430419921875,9.34600830078125e-05,0.3,1
0.0,0.0013027191162109,0.018096923828125,0.021148681640625,0.0024566650390625,0.161,0
0.0012702941894531,0.0012454986572265,0.0009822845458984,0.0009841918945312,2.47955322265625e-05,0.295,1
0.0001955032348632,0.0002002716064453,9.250640869140624e-05,0.0001029968261718,9.5367431640625e-07,0.3,1
0.0065078735351562,0.0065078735351562,0.0050811767578125,0.0067825317382812,0.0004043579101562,0.252,1
0.0033683776855468,0.0033683776855468,0.002593994140625,0.0,0.0004024505615234,0.3,1
0.0123748779296875,0.0123748779296875,5.14984130859375e-05,5.14984130859375e-05,0.0002498626708984,0.001,2
0.01080322265625,0.0102996826171875,0.0084991455078125,0.0084991455078125,0.0003747940063476,0.3,1
0.00262451171875,0.00262451171875,0.000762939453125,0.0007638931274414,0.0005645751953125,0.023,2
0.1875,0.1041259765625,0.129638671875,0.129638671875,0.0017356872558593,0.3,3
0.0017528533935546,0.0017528533935546,0.0010852813720703,0.0013656616210937,5.340576171875e-05,0.3,1
0.0065078735351562,0.0065078735351562,0.0017414093017578,0.0023078918457031,3.4332275390625e-05,0.016,2
0.00726318359375,0.0072555541992187,0.005401611328125,0.0054092407226562,0.0004854202270507,0.3,1
0.0081024169921875,0.0081024169921875,0.0044631958007812,0.0054550170898437,0.0021324157714843,0.3,1
0.01470947265625,0.01470947265625,0.0057601928710937,0.0059967041015625,0.00103759765625,0.3,0
0.028411865234375,0.028411865234375,0.0146636962890625,0.01470947265625,9.5367431640625e-07,0.3,1
0.0026054382324218,0.0020942687988281,0.0006647109985351,0.0006685256958007,2.86102294921875e-06,0.129,2
0.000227928161621,0.000223159790039,0.000152587890625,0.00018310546875,0.0,0.241,1
0.0,0.0013027191162109,0.0005912780761718,0.0005922317504882,0.0002975463867187,0.031,2
0.0,0.0031890869140625,0.0007553100585937,0.0007638931274414,0.0002479553222656,0.3,0
0.0,0.0013027191162109,0.0005083084106445,0.0005578994750976,0.0002861022949218,0.134,2
0.0,0.0013027191162109,0.0150909423828125,0.0174560546875,0.0001087188720703,0.3,0
0.0036125183105468,0.0036125183105468,0.0013427734375,0.0013446807861328,0.0005006790161132,0.3,1
0.0033683776855468,0.0033683776855468,0.002593994140625,0.0,0.0004024505615234,0.3,1
0.0002269744873046,0.0002164840698242,0.0001735687255859,0.0001859664916992,0.0,0.3,1
0.0004520416259765,0.0003738403320312,0.0002765655517578,0.0003156661987304,0.0,0.3,1
0.0018386840820312,0.0019569396972656,0.0006141662597656,0.0006141662597656,0.0005979537963867,0.001,2
0.0731201171875,0.0460205078125,0.00335693359375,0.0033798217773437,0.0007581710815429,0.3,0
0.0002317428588867,0.0002088546752929,8.58306884765625e-06,8.58306884765625e-06,0.0,0.002,2
0.000227928161621,0.0002470016479492,0.000152587890625,0.00018310546875,0.0,0.241,1
0.1024169921875,0.1019287109375,0.04718017578125,0.04718017578125,0.0009737014770507,0.3,3
0.0002317428588867,0.0002088546752929,8.58306884765625e-06,8.58306884765625e-06,0.0,0.002,2
0.0094757080078125,0.0094757080078125,0.0087127685546875,0.0087127685546875,9.5367431640625e-07,0.3,1
0.00262451171875,0.00262451171875,0.0011024475097656,0.001443862915039,5.7220458984375e-06,0.3,1
0.0065078735351562,0.0065078735351562,0.0030097961425781,0.0037956237792968,0.0004444122314453,0.097,1
0.0012702941894531,0.0012454986572265,0.0009822845458984,0.0009841918945312,2.47955322265625e-05,0.295,1
0.00262451171875,0.00262451171875,0.001230239868164,0.0014152526855468,8.7738037109375e-05,0.3,1
0.0,0.0013027191162109,9.5367431640625e-07,9.5367431640625e-07,0.0003023147583007,0.002,2
0.005096435546875,0.005096435546875,0.0046157836914062,0.0,0.0002307891845703,0.3,1
0.0012702941894531,0.0012454986572265,0.0009822845458984,0.0009841918945312,2.47955322265625e-05,0.295,1
0.0057296752929687,0.0057296752929687,0.003631591796875,0.0036506652832031,0.0002851486206054,0.3,1
0.0078125,0.00726318359375,0.0010108947753906,0.0011405944824218,0.0003604888916015,0.3,0
0.010162353515625,0.010162353515625,0.0071182250976562,0.0071640014648437,0.0008745193481445,0.3,1
0.0026054382324218,0.0026054382324218,8.7738037109375e-05,8.7738037109375e-05,1.9073486328125e-06,0.001,2
0.0033683776855468,0.0033683776855468,0.0022087097167968,0.0,0.0004081726074218,0.3,1
0.0014705657958984,0.019317626953125,0.000166893005371,0.0001678466796875,0.0002431869506835,0.003,2
0.0002317428588867,0.0002088546752929,8.58306884765625e-06,8.58306884765625e-06,0.0,0.002,2
0.0052108764648437,0.0052108764648437,0.0010299682617187,0.0010318756103515,0.0003166198730468,0.3,0
0.009185791015625,0.0066146850585937,0.003936767578125,0.0067138671875,0.0002260208129882,0.3,1
0.0015506744384765,0.0015506744384765,0.0007715225219726,0.0007762908935546,8.58306884765625e-05,0.3,1
0.0014705657958984,0.0014705657958984,0.000655174255371,0.0006637573242187,3.4332275390625e-05,0.14,1
0.0025520324707031,0.0025520324707031,9.5367431640625e-07,9.5367431640625e-07,0.0,0.001,2
0.006683349609375,0.0036125183105468,0.0006771087646484,0.0006790161132812,9.5367431640625e-07,0.3,0
0.0019607543945312,0.0017166137695312,0.0014934539794921,0.0015754699707031,0.0005989074707031,0.045,1
0.0,0.0013027191162109,9.5367431640625e-07,9.5367431640625e-07,0.0004138946533203,0.003,2
0.0052108764648437,0.0052108764648437,0.0016651153564453,0.001749038696289,5.91278076171875e-05,0.3,0
0.0051498413085937,0.0051498413085937,0.0026702880859375,0.0035514831542968,0.0018177032470703,0.117,1
0.0065078735351562,0.0065078735351562,0.0013866424560546,0.0025978088378906,1.9073486328125e-06,0.002,2
0.0,0.0013027191162109,0.0066299438476562,0.0099639892578125,0.0009479522705078,0.3,0
0.0065078735351562,0.0065078735351562,0.0030097961425781,0.0037956237792968,0.0004444122314453,0.097,1
0.0,0.00262451171875,0.0,0.0,0.0,0.002,2
0.0,0.0013027191162109,0.0062255859375,0.0112152099609375,0.0014572143554687,0.3,0
0.0052108764648437,0.0052108764648437,0.0018596649169921,0.0018882751464843,0.0001649856567382,0.3,0
0.0032501220703125,0.0036849975585937,0.001535415649414,0.0016059875488281,0.000258445739746,0.3,1
0.0,0.0013027191162109,0.0092010498046875,0.02239990234375,0.0014972686767578,0.235,0
0.0052108764648437,0.0052108764648437,0.0030326843261718,0.0034713745117187,0.0001544952392578,0.3,1
0.0078125,0.0078125,0.0012416839599609,0.0013236999511718,0.0003633499145507,0.016,2
0.0,0.0013027191162109,0.019622802734375,0.0205078125,0.0024604797363281,0.3,0
0.0,0.0718994140625,0.0005397796630859,0.0005464553833007,0.000101089477539,0.3,0
0.0,0.090087890625,0.0113372802734375,0.012786865234375,0.0017108917236328,0.3,0
0.0036125183105468,0.0036125183105468,0.0017337799072265,0.0020866394042968,0.0004568099975585,0.036,1
0.00518798828125,0.015380859375,0.0010089874267578,0.0010261535644531,0.0005931854248046,0.3,0
0.0,0.00262451171875,0.0,0.0,0.0,0.002,2
0.0033683776855468,0.0033683776855468,0.0022087097167968,0.0,0.0004081726074218,0.3,1
0.0056915283203125,0.0056915283203125,0.0006599426269531,0.0006618499755859,0.0005149841308593,0.296,0
0.0,0.0046615600585937,0.0029182434082031,0.0030021667480468,0.0003318786621093,0.3,0
0.0032501220703125,0.0036849975585937,0.001535415649414,0.0016059875488281,0.000258445739746,0.3,1
0.00262451171875,0.00262451171875,9.441375732421876e-05,9.441375732421876e-05,6.67572021484375e-06,0.001,2
0.0072250366210937,0.0064239501953125,0.0052261352539062,0.0052337646484375,0.0004892349243164,0.3,1
0.0,0.0013027191162109,0.000584602355957,0.0007963180541992,0.0004186630249023,0.012,2
0.006683349609375,0.0036125183105468,0.0006771087646484,0.0006790161132812,9.5367431640625e-07,0.3,0
0.0064926147460937,0.0146026611328125,0.0041656494140625,0.004180908203125,0.0002422332763671,0.3,1
0.0097503662109375,0.0097503662109375,0.0027389526367187,0.0059814453125,0.0,0.3,1
0.0032501220703125,0.0041961669921875,0.001535415649414,0.0016059875488281,0.000258445739746,0.3,1
0.0129547119140625,0.0129547119140625,0.0017375946044921,0.0026283264160156,0.0001277923583984,0.3,0
0.0038833618164062,0.0038833618164062,0.0024757385253906,0.0025177001953125,0.0008869171142578,0.3,1
0.0065078735351562,0.0065078735351562,0.0030097961425781,0.0037956237792968,0.0004444122314453,0.097,1
0.0044326782226562,0.0044326782226562,0.0006971359252929,0.0006971359252929,0.0006732940673828,0.001,2
0.0134124755859375,0.0134124755859375,0.031036376953125,0.0,0.0005311965942382,0.3,1
0.0,0.0013027191162109,0.0042495727539062,0.0056915283203125,0.0007314682006835,0.06,2
0.0,0.0013027191162109,0.019989013671875,0.020416259765625,0.0024757385253906,0.3,0
0.024200439453125,0.0002546310424804,0.0077438354492187,0.008087158203125,0.0028572082519531,0.3,1
0.0002317428588867,0.0002088546752929,8.58306884765625e-06,8.58306884765625e-06,0.0,0.002,2
0.0,0.0013027191162109,0.00946044921875,0.0124664306640625,0.0006113052368164,0.233,0
0.0002813339233398,0.0002756118774414,0.0001726150512695,0.000187873840332,9.5367431640625e-07,0.3,1
0.0024528503417968,0.0074539184570312,0.0013504028320312,0.0019435882568359,0.0005855560302734,0.041,1
0.0050125122070312,0.0048370361328125,0.0026702880859375,0.0026702880859375,0.0005407333374023,0.3,1
0.00390625,0.00390625,0.00164794921875,0.00262451171875,0.0014572143554687,0.3,1
0.0,0.0013027191162109,0.0035781860351562,0.0058135986328125,0.0012016296386718,0.124,0
0.0,0.0013027191162109,0.0126495361328125,0.012786865234375,0.0005807876586914,0.3,0
0.0025520324707031,0.0025520324707031,9.5367431640625e-07,9.5367431640625e-07,0.0,0.001,2
0.0002317428588867,0.0002088546752929,8.58306884765625e-06,8.58306884765625e-06,0.0,0.002,2
0.0028457641601562,0.0028533935546875,0.0025138854980468,0.0025405883789062,0.000309944152832,0.041,1
0.0075302124023437,0.0066986083984375,0.0001983642578125,0.0002012252807617,3.719329833984375e-05,0.3,0
0.0063247680664062,0.0063247680664062,0.0052413940429687,0.0052566528320312,0.000518798828125,0.3,1
0.00762939453125,0.00762939453125,0.0011978149414062,0.0011978149414062,0.0013999938964843,0.001,2
0.007568359375,0.0075759887695312,0.0049362182617187,0.0049514770507812,0.0005769729614257,0.3,1
0.00262451171875,0.00262451171875,0.0009384155273437,0.0015068054199218,0.0005674362182617,0.3,1
0.0047225952148437,0.0054473876953125,0.0027847290039062,0.0027923583984375,0.0001440048217773,0.007,1
0.0121002197265625,0.0121002197265625,0.0090484619140625,0.009552001953125,5.7220458984375e-06,0.3,1
0.0,0.0013027191162109,0.0044937133789062,0.00640869140625,0.0006103515625,0.3,0
0.0016155242919921,0.0016155242919921,3.337860107421875e-05,3.337860107421875e-05,8.58306884765625e-06,0.002,2
0.01080322265625,0.01080322265625,0.00848388671875,0.00848388671875,0.0008001327514648,0.3,1
0.0004310607910156,0.0004224777221679,0.0002689361572265,0.0003032684326171,9.5367431640625e-07,0.3,1
0.006500244140625,0.0065078735351562,9.5367431640625e-07,9.5367431640625e-07,0.0,0.001,2
0.0,0.0013027191162109,0.0,0.0,0.0,0.001,2
0.0025520324707031,0.0025520324707031,9.5367431640625e-07,9.5367431640625e-07,0.0,0.001,2
0.0,0.0013027191162109,0.0108795166015625,0.0126190185546875,0.0001916885375976,0.3,0
0.0002717971801757,0.0002384185791015,7.62939453125e-05,7.62939453125e-05,9.5367431640625e-06,0.002,2
0.0012702941894531,0.0012702941894531,0.0009822845458984,0.0009841918945312,2.47955322265625e-05,0.295,1
0.0019149780273437,0.0019149780273437,0.0015373229980468,0.0015621185302734,5.245208740234375e-05,0.3,1
0.0021820068359375,0.0021820068359375,0.0007009506225585,0.0007591247558593,0.0001173019409179,0.3,1
0.0036201477050781,0.0036239624023437,0.0025215148925781,0.0025291442871093,0.0005388259887695,0.3,1
0.0025749206542968,0.0021820068359375,0.0001277923583984,0.0001277923583984,0.0001201629638671,0.001,2
0.0,0.0003175735473632,0.0002069473266601,0.0002088546752929,0.0,0.109,2
0.0083770751953125,0.0066986083984375,0.001077651977539,0.0012893676757812,0.0004167556762695,0.3,0
0.0,0.0013027191162109,0.0047760009765625,0.00994873046875,0.0012741088867187,0.3,0
0.00262451171875,0.00262451171875,0.0003833770751953,0.0006160736083984,1.9073486328125e-06,0.004,2
0.0,0.0013027191162109,1.9073486328125e-06,2.86102294921875e-06,0.0002756118774414,0.003,2
0.00390625,0.00390625,0.00164794921875,0.00262451171875,0.0014572143554687,0.3,1
0.0050125122070312,0.0037307739257812,0.0026702880859375,0.0026702880859375,0.0005407333374023,0.3,1
0.000227928161621,0.0002164840698242,0.000152587890625,0.00018310546875,0.0,0.241,1
0.0051422119140625,0.0051422119140625,0.0029983520507812,0.0030746459960937,0.0001277923583984,0.3,1
0.0,0.0013027191162109,0.008880615234375,0.010040283203125,0.0012798309326171,0.3,0
0.0,0.0013027191162109,0.004974365234375,0.010162353515625,0.0005722045898437,0.3,0
0.1024169921875,0.1019287109375,0.04718017578125,0.04718017578125,0.0009737014770507,0.3,3
0.0030174255371093,0.0030174255371093,0.0012092590332031,0.0012187957763671,9.5367431640625e-07,0.3,1
0.0024070739746093,0.0024070739746093,0.0013256072998046,0.0019054412841796,0.000563621520996,0.048,1
0.0,0.0013027191162109,0.0008811950683593,0.0009822845458984,0.0003376007080078,0.015,2
0.00726318359375,0.0072555541992187,0.005401611328125,0.0054092407226562,0.0004854202270507,0.3,1
0.0073623657226562,0.0066375732421875,0.0026588439941406,0.004180908203125,0.0008888244628906,0.099,1
0.0088653564453125,0.0088653564453125,0.0024986267089843,0.0025177001953125,0.0005617141723632,0.3,0
0.0,0.0013027191162109,0.008880615234375,0.010040283203125,0.0012798309326171,0.3,0
0.0065078735351562,0.0065078735351562,0.0030097961425781,0.0037956237792968,0.0004444122314453,0.097,1
0.012298583984375,0.012298583984375,0.0089111328125,0.0094451904296875,6.67572021484375e-06,0.3,1
0.00262451171875,0.00262451171875,0.001230239868164,0.0014171600341796,0.0005664825439453,0.3,1
0.0052108764648437,0.0052108764648437,0.001220703125,0.0012226104736328,0.0005769729614257,0.3,0
0.0032501220703125,0.0041961669921875,0.001535415649414,0.0016059875488281,0.000258445739746,0.3,1
0.019195556640625,0.011383056640625,0.0017986297607421,0.0017986297607421,0.0004596710205078,0.3,0
0.0048446655273437,0.0048446655273437,0.0018348693847656,0.0029373168945312,0.0008630752563476,0.075,1
0.001718521118164,0.0015621185302734,0.0014152526855468,0.0016365051269531,4.76837158203125e-06,0.3,1
0.0,0.0013027191162109,0.02197265625,0.024078369140625,0.0005817413330078,0.3,0
0.0002317428588867,0.0002088546752929,8.58306884765625e-06,8.58306884765625e-06,0.0,0.002,2
0.0,0.0013027191162109,0.0135955810546875,0.0142669677734375,0.0005931854248046,0.3,0
0.0002317428588867,0.0002155303955078,8.58306884765625e-06,8.58306884765625e-06,0.0,0.002,2
0.000227928161621,0.000227928161621,0.000152587890625,0.00018310546875,0.0,0.241,1
0.0051345825195312,0.0048446655273437,0.0024375915527343,0.00250244140625,0.0004568099975585,0.3,1
0.0072250366210937,0.0072250366210937,0.0052261352539062,0.0052337646484375,0.0004892349243164,0.3,1
0.0024070739746093,0.0024070739746093,0.0013256072998046,0.0019054412841796,0.000563621520996,0.048,1
0.0072250366210937,0.0072250366210937,0.0052261352539062,0.0052337646484375,0.0004892349243164,0.3,1
0.078125,0.078125,0.0738525390625,0.0750732421875,0.0005884170532226,0.3,3
0.0,0.0013027191162109,0.001535415649414,0.0019245147705078,0.0011196136474609,0.3,0
0.0106201171875,0.0106201171875,0.0072860717773437,0.00732421875,0.000533103942871,0.3,1
0.0012702941894531,0.0012454986572265,0.0009822845458984,0.0009841918945312,2.47955322265625e-05,0.295,1
0.00262451171875,0.00262451171875,0.0011024475097656,0.001443862915039,5.7220458984375e-06,0.3,1
0.0104217529296875,0.0104217529296875,0.0013809204101562,0.0024375915527343,0.0002145767211914,0.108,2
0.01116943359375,0.01116943359375,0.0074310302734375,0.01043701171875,0.0011425018310546,0.3,1
0.0026054382324218,0.0026054382324218,0.0013160705566406,0.0017719268798828,0.0001506805419921,0.3,1
0.0104217529296875,0.0104217529296875,6.580352783203125e-05,6.961822509765625e-05,2.86102294921875e-06,0.003,2
0.1024169921875,0.1019287109375,0.04718017578125,0.04718017578125,0.0009737014770507,0.3,3
0.0002107620239257,0.0002107620239257,9.5367431640625e-06,9.5367431640625e-06,0.0,0.001,2
0.0104217529296875,0.0104217529296875,6.580352783203125e-05,6.961822509765625e-05,2.86102294921875e-06,0.003,2
0.0034942626953125,0.0016498565673828,0.0003662109375,0.0003671646118164,7.724761962890625e-05,0.3,0
0.04296875,0.0390625,0.027008056640625,0.02728271484375,2.86102294921875e-06,0.3,1
0.0029716491699218,0.0015621185302734,0.0021476745605468,0.0023918151855468,5.91278076171875e-05,0.3,1
0.0104217529296875,0.0104217529296875,6.580352783203125e-05,6.961822509765625e-05,2.86102294921875e-06,0.003,2
0.0,0.0001649856567382,0.0001659393310546,0.0001697540283203,9.5367431640625e-06,0.3,0
0.0104217529296875,0.0104217529296875,6.580352783203125e-05,6.961822509765625e-05,2.86102294921875e-06,0.003,2
0.0002317428588867,0.0002088546752929,8.58306884765625e-06,8.58306884765625e-06,0.0,0.002,2
0.0002565383911132,0.0002403259277343,0.000152587890625,0.0001649856567382,3.814697265625e-06,0.3,1
0.0032501220703125,0.0036849975585937,0.001535415649414,0.0016059875488281,0.000258445739746,0.3,1
0.1009521484375,0.187744140625,0.0005731582641601,0.0005731582641601,0.0005617141723632,0.004,2
0.0,0.00262451171875,0.0,0.0,0.0,0.002,2
0.0002555847167968,0.0002117156982421,0.0001487731933593,0.0001583099365234,3.814697265625e-06,0.196,1
0.000227928161621,0.000227928161621,0.000152587890625,0.00018310546875,0.0,0.241,1
0.0004034042358398,0.0003242492675781,0.0002698898315429,0.0002851486206054,0.0,0.3,1
0.0094757080078125,0.0094757080078125,0.0087127685546875,0.0087127685546875,9.5367431640625e-07,0.3,1
0.0036239624023437,0.0012493133544921,0.0003023147583007,0.0003023147583007,0.0002861022949218,0.001,2
0.000227928161621,0.0002155303955078,0.000152587890625,0.00018310546875,0.0,0.241,1
0.0,0.0003175735473632,0.0002079010009765,0.0002107620239257,9.5367431640625e-07,0.3,0
0.00262451171875,0.00262451171875,0.001230239868164,0.0014152526855468,8.7738037109375e-05,0.3,1
0.0003366470336914,0.0003366470336914,0.0002803802490234,0.0002985000610351,9.5367431640625e-06,0.3,1
0.0036125183105468,0.0036125183105468,0.0006256103515625,0.0006256103515625,0.0005064010620117,0.035,2
0.0,0.0013027191162109,0.0066299438476562,0.0099639892578125,0.0009479522705078,0.3,0
0.00262451171875,0.00262451171875,0.0011024475097656,0.001443862915039,5.7220458984375e-06,0.3,1
0.0052108764648437,0.0052108764648437,0.0016651153564453,0.001749038696289,5.91278076171875e-05,0.3,0
0.0052108764648437,0.0052108764648437,0.0016651153564453,0.001749038696289,5.91278076171875e-05,0.3,0
0.0037422180175781,0.0042724609375,0.002593994140625,0.002685546875,0.0004405975341796,0.3,1
0.0,0.0013027191162109,9.5367431640625e-07,9.5367431640625e-07,0.0004138946533203,0.003,2
0.0,0.0013027191162109,0.0,0.0,0.0,0.001,2
0.0,0.0294189453125,0.0002403259277343,0.0002565383911132,0.0,0.3,0
0.006683349609375,0.0036125183105468,0.0006961822509765,0.0006980895996093,1.1444091796875e-05,0.3,0
0.0,0.0003175735473632,0.0002298355102539,0.0002365112304687,9.5367431640625e-07,0.3,0
0.009765625,0.009765625,0.001535415649414,0.0015411376953125,0.0005664825439453,0.3,0
0.0,0.00262451171875,0.0,0.0,0.0,0.002,2
0.0,0.00262451171875,0.0,0.0,0.0,0.002,2
0.0416259765625,0.0416259765625,0.03436279296875,0.03460693359375,4.76837158203125e-06,0.3,1
0.0073623657226562,0.0066375732421875,0.0026588439941406,0.004180908203125,0.0008888244628906,0.099,1
0.0,0.0013027191162109,0.0082550048828125,0.0153350830078125,0.0012779235839843,0.3,0
0.01690673828125,0.01690673828125,0.0101318359375,0.0101318359375,0.0007705688476562,0.3,1
0.0035858154296875,0.003509521484375,0.0012149810791015,0.0012474060058593,7.534027099609375e-05,0.3,0
0.078125,0.078125,0.0738525390625,0.0750732421875,0.0005884170532226,0.3,3
0.0008134841918945,0.0005674362182617,0.0005102157592773,0.0005121231079101,0.0001630783081054,0.3,1
0.0058135986328125,0.0058135986328125,0.0032463073730468,0.0041122436523437,0.0018157958984375,0.248,1
0.016937255859375,0.016937255859375,0.0060195922851562,0.0060348510742187,0.0004844665527343,0.3,0
0.0014705657958984,0.0014705657958984,8.7738037109375e-05,8.7738037109375e-05,0.0005130767822265,0.002,2
0.0024757385253906,0.0024757385253906,0.000436782836914,0.0005111694335937,0.0001688003540039,0.028,2
0.0018234252929687,0.0018234252929687,0.0007400512695312,0.0008964538574218,0.0004997253417968,0.133,1
0.0032424926757812,0.0032539367675781,0.0006084442138671,0.0006084442138671,0.0001344680786132,0.3,0
0.00762939453125,0.00762939453125,0.0011978149414062,0.0011978149414062,0.0013999938964843,0.001,2
0.0128326416015625,0.012542724609375,0.006103515625,0.0061798095703125,0.0011844635009765,0.3,1
0.000370979309082,0.0002355575561523,9.5367431640625e-06,9.5367431640625e-06,9.5367431640625e-07,0.001,2
0.00262451171875,0.00262451171875,0.0011024475097656,0.001443862915039,5.7220458984375e-06,0.3,1
0.0,0.0013027191162109,0.01922607421875,0.0206298828125,0.0021095275878906,0.3,0
0.0003833770751953,0.0003833770751953,0.0002698898315429,0.0002813339233398,2.86102294921875e-06,0.3,1
0.0065078735351562,0.0065078735351562,0.0004053115844726,0.0004053115844726,0.0003156661987304,0.001,2
0.0,0.0013027191162109,0.0142364501953125,0.014495849609375,0.0024871826171875,0.3,0
0.000885009765625,0.0008974075317382,0.0005521774291992,0.000554084777832,0.0001535415649414,0.3,1
0.0002717971801757,0.0002717971801757,7.62939453125e-05,7.62939453125e-05,9.5367431640625e-06,0.002,2
0.0,0.0013027191162109,0.019287109375,0.020599365234375,0.0011310577392578,0.3,0
0.03460693359375,0.03460693359375,0.0179443359375,0.01800537109375,9.5367431640625e-07,0.206,1
0.00262451171875,0.00262451171875,0.0003395080566406,0.0007743835449218,0.0002946853637695,0.004,2
0.0104217529296875,0.0104217529296875,6.580352783203125e-05,6.961822509765625e-05,2.86102294921875e-06,0.003,2
0.0008134841918945,0.0005912780761718,0.0005102157592773,0.0005121231079101,0.0001630783081054,0.3,1
0.0012569427490234,0.001260757446289,0.000833511352539,0.000859260559082,0.0002784729003906,0.3,1
0.0,0.0013027191162109,0.0003538131713867,0.0005559921264648,0.0002985000610351,0.005,2
0.0,0.0013027191162109,0.01922607421875,0.0206298828125,0.0021095275878906,0.3,0
0.006500244140625,0.0065078735351562,9.5367431640625e-07,9.5367431640625e-07,0.0,0.001,2
0.0032501220703125,0.0036849975585937,0.001535415649414,0.0016059875488281,0.000258445739746,0.3,1
0.0052108764648437,0.0052108764648437,0.0010910034179687,0.0011062622070312,0.0003108978271484,0.3,0
0.019927978515625,0.020111083984375,0.016021728515625,0.01605224609375,0.0009164810180664,0.3,1
0.0008134841918945,0.0005674362182617,0.0005102157592773,0.0005121231079101,0.0001630783081054,0.3,1
0.0065078735351562,0.0065078735351562,0.0030097961425781,0.0037956237792968,0.0004444122314453,0.097,1
0.0001955032348632,0.0002002716064453,9.250640869140624e-05,0.0001029968261718,9.5367431640625e-07,0.3,1
0.0009822845458984,0.0009584426879882,0.0005512237548828,0.0005521774291992,4.38690185546875e-05,0.3,1
0.0,0.0013027191162109,1.9073486328125e-06,1.9073486328125e-06,0.0004234313964843,0.001,2
0.0037765502929687,0.0022125244140625,0.0018901824951171,0.0019416809082031,3.910064697265625e-05,0.3,1
0.0,0.0013027191162109,0.01953125,0.023651123046875,0.0014381408691406,0.243,0
0.0,0.0311279296875,0.0001163482666015,0.0001201629638671,2.86102294921875e-06,0.3,0
0.0,0.0013027191162109,1.1444091796875e-05,7.43865966796875e-05,0.0003986358642578,0.007,2
0.020355224609375,0.020355224609375,0.0077133178710937,0.0077133178710937,0.0005006790161132,0.165,0
0.0002717971801757,0.0002717971801757,7.62939453125e-05,7.62939453125e-05,9.5367431640625e-06,0.002,2
0.0,0.0013027191162109,0.0004510879516601,0.0006294250488281,7.05718994140625e-05,0.3,0
0.0,0.0013027191162109,9.5367431640625e-07,9.5367431640625e-07,0.0004138946533203,0.003,2
0.0149688720703125,0.016693115234375,0.00567626953125,0.00567626953125,0.0001983642578125,0.041,2
0.00262451171875,0.00262451171875,0.0009384155273437,0.0015068054199218,0.0005674362182617,0.3,1
0.0004520416259765,0.00390625,0.0002765655517578,0.0003156661987304,0.0,0.3,1
0.0032501220703125,0.0041961669921875,0.001535415649414,0.0016059875488281,0.000258445739746,0.3,1
0.0065078735351562,0.0065078735351562,0.0050811767578125,0.0067825317382812,0.0004043579101562,0.252,1
0.0015163421630859,0.0015163421630859,0.0006628036499023,0.0006694793701171,0.0002727508544921,0.3,1
0.0052108764648437,0.0052108764648437,0.0010910034179687,0.0011062622070312,0.0003108978271484,0.3,0
0.006683349609375,0.0036125183105468,0.0006961822509765,0.0006980895996093,1.1444091796875e-05,0.3,0
0.0,0.0038566589355468,0.001953125,0.0019645690917968,0.0008172988891601,0.3,0
0.0104217529296875,0.0104217529296875,6.580352783203125e-05,6.961822509765625e-05,2.86102294921875e-06,0.003,2
0.0072250366210937,0.0064239501953125,0.0052261352539062,0.0052337646484375,0.0004892349243164,0.3,1
0.0002546310424804,0.0002546310424804,0.0001649856567382,0.0001821517944335,5.14984130859375e-05,0.023,1
0.0032501220703125,0.0036849975585937,0.001535415649414,0.0016059875488281,0.000258445739746,0.3,1
0.0003480911254882,0.0001916885375976,7.82012939453125e-05,7.82012939453125e-05,9.5367431640625e-07,0.001,2
0.0032424926757812,0.0032539367675781,0.0005950927734375,0.0005950927734375,0.0001020431518554,0.3,0
0.0,0.0042343139648437,0.0040206909179687,0.0040283203125,0.0003366470336914,0.3,0
0.0,0.0013027191162109,0.0052871704101562,0.0052947998046875,0.0024795532226562,0.3,0
0.0,0.00262451171875,0.0,0.0,0.0,0.002,2
0.000258445739746,0.0002117156982421,0.0001306533813476,0.0001373291015625,8.58306884765625e-06,0.027,2
0.0,0.0013027191162109,0.0056991577148437,0.007965087890625,0.0005884170532226,0.262,0
0.006500244140625,0.0065078735351562,9.5367431640625e-07,9.5367431640625e-07,0.0,0.001,2
0.0149688720703125,0.016693115234375,0.00567626953125,0.00567626953125,0.0001983642578125,0.041,2
0.0052108764648437,0.0052108764648437,1.9073486328125e-06,1.9073486328125e-06,0.0,0.003,2
0.0024070739746093,0.0024070739746093,0.0013256072998046,0.0019054412841796,0.000563621520996,0.048,1
0.0003366470336914,0.0003366470336914,0.0002803802490234,0.0002985000610351,9.5367431640625e-06,0.3,1
0.01080322265625,0.01080322265625,0.00848388671875,0.00848388671875,0.0008001327514648,0.3,1
0.0104217529296875,0.0104217529296875,6.580352783203125e-05,6.961822509765625e-05,2.86102294921875e-06,0.003,2
0.0094757080078125,0.0094757080078125,0.0087127685546875,0.0087127685546875,9.5367431640625e-07,0.3,1
0.0,0.0013027191162109,0.0155792236328125,0.015594482421875,0.0009975433349609,0.3,0
0.0037765502929687,0.0011329650878906,0.0013027191162109,0.0013046264648437,4.100799560546875e-05,0.3,0
0.0,0.0013027191162109,9.5367431640625e-07,9.5367431640625e-07,6.961822509765625e-05,0.003,2
0.0709228515625,0.03253173828125,1.9073486328125e-06,1.9073486328125e-06,0.0,0.001,2
0.00262451171875,0.00262451171875,0.0012130737304687,0.0014762878417968,0.0,0.3,1
0.0104217529296875,0.0041656494140625,0.0027885437011718,0.0028457641601562,0.0002346038818359,0.3,0
0.0,0.0022621154785156,0.0001497268676757,0.000152587890625,2.86102294921875e-05,0.3,0
0.0,0.0013027191162109,0.0038719177246093,0.0074691772460937,0.0007905960083007,0.3,0
0.0015621185302734,0.0015621185302734,0.0007152557373046,0.0010490417480468,0.0005197525024414,0.3,1
0.009368896484375,0.154052734375,1.9073486328125e-05,2.09808349609375e-05,0.0,0.01,2
0.0021896362304687,0.0015621185302734,0.0013160705566406,0.0016536712646484,5.7220458984375e-06,0.3,1
0.006683349609375,0.0036125183105468,0.0006771087646484,0.0006790161132812,9.5367431640625e-07,0.3,0
0.0106201171875,0.0069961547851562,0.0078277587890625,0.008544921875,4.76837158203125e-06,0.3,1
0.005035400390625,0.004119873046875,0.0035781860351562,0.0036888122558593,0.000309944152832,0.3,1
0.0076141357421875,0.0039215087890625,9.5367431640625e-07,9.5367431640625e-07,0.0,0.001,2
0.0015468597412109,0.0015468597412109,9.5367431640625e-07,9.5367431640625e-07,0.0,0.001,2
0.0012702941894531,0.0012454986572265,0.0009822845458984,0.0009841918945312,2.47955322265625e-05,0.295,1
0.0002317428588867,0.0002088546752929,8.58306884765625e-06,8.58306884765625e-06,0.0,0.002,2
0.00390625,0.00390625,0.0027084350585937,0.002716064453125,0.0004339218139648,0.3,1
0.0018234252929687,0.0018234252929687,0.0001764297485351,0.0003833770751953,0.000197410583496,0.003,2
0.0094757080078125,0.0094757080078125,0.0087127685546875,0.0087127685546875,9.5367431640625e-07,0.3,1
0.006500244140625,0.0065078735351562,9.5367431640625e-07,9.5367431640625e-07,0.0,0.001,2
0.0,0.0013027191162109,0.0083465576171875,0.010284423828125,0.0008134841918945,0.3,0
0.011016845703125,0.011016845703125,0.0008964538574218,0.000899314880371,7.62939453125e-06,0.3,0
0.0,0.0013027191162109,0.010101318359375,0.010162353515625,0.0002784729003906,0.072,2
0.0032424926757812,0.01239013671875,0.0006723403930664,0.0006742477416992,7.62939453125e-06,0.3,0
0.0,0.0013027191162109,1.9073486328125e-06,1.9073486328125e-06,0.0004234313964843,0.001,2
0.0019798278808593,0.0018234252929687,0.0010433197021484,0.0010795593261718,9.250640869140624e-05,0.3,1
0.0003833770751953,0.0003843307495117,0.0002698898315429,0.0002813339233398,2.86102294921875e-06,0.3,1
0.0006361007690429,0.0006361007690429,9.5367431640625e-06,9.5367431640625e-06,1.9073486328125e-06,0.005,2
0.016937255859375,0.016937255859375,0.0060195922851562,0.0060348510742187,0.0004844665527343,0.3,0
0.0026054382324218,0.0026054382324218,0.0012664794921875,0.0017929077148437,0.0005578994750976,0.3,1
0.0416259765625,0.0416259765625,0.003997802734375,0.0057373046875,3.814697265625e-06,0.3,0
0.0032539367675781,0.0146331787109375,0.0009059906005859,0.0009069442749023,6.67572021484375e-06,0.3,0
0.026031494140625,0.026031494140625,0.0021400451660156,0.0059356689453125,0.0011806488037109,0.152,0
0.0065078735351562,0.0065078735351562,0.0017414093017578,0.0023078918457031,3.4332275390625e-05,0.016,2
0.006683349609375,0.0036125183105468,0.0006771087646484,0.0006790161132812,9.5367431640625e-07,0.3,0
0.0,0.0,0.0012264251708984,0.0012283325195312,0.000340461730957,0.3,0
0.0,0.0013027191162109,0.019287109375,0.02044677734375,0.0024795532226562,0.3,0
0.0019149780273437,0.0019149780273437,0.0015373229980468,0.0015621185302734,5.245208740234375e-05,0.3,1
0.00262451171875,0.00262451171875,0.0010738372802734,0.0013160705566406,9.5367431640625e-07,0.3,1
0.0,0.0013027191162109,0.008880615234375,0.010040283203125,0.0012798309326171,0.3,0
0.0104217529296875,0.0104217529296875,6.580352783203125e-05,6.961822509765625e-05,2.86102294921875e-06,0.003,2
0.0094757080078125,0.0094757080078125,0.0087127685546875,0.0087127685546875,9.5367431640625e-07,0.3,1
0.0017528533935546,0.0245361328125,0.0011882781982421,0.0014533996582031,0.000101089477539,0.3,1
0.0003366470336914,0.0003366470336914,0.0002803802490234,0.0002985000610351,9.5367431640625e-06,0.3,1
0.0036125183105468,0.0036125183105468,0.0006580352783203,0.0006580352783203,0.0,0.3,0
0.0,0.0032539367675781,0.0009822845458984,0.0009899139404296,0.0001106262207031,0.3,0
0.0,0.0013027191162109,1.9073486328125e-06,1.9073486328125e-06,9.822845458984376e-05,0.005,2
0.0,0.0013027191162109,0.0031471252441406,0.008331298828125,0.0008134841918945,0.254,0
0.0052108764648437,0.0052108764648437,0.00115966796875,0.0011615753173828,0.0002899169921875,0.3,0
0.0019149780273437,0.0019035339355468,0.0015373229980468,0.0015621185302734,5.245208740234375e-05,0.3,1
0.0032501220703125,0.0036849975585937,0.001535415649414,0.0016059875488281,0.000258445739746,0.3,1
0.0004310607910156,0.0003652572631835,0.0002689361572265,0.0003032684326171,9.5367431640625e-07,0.3,1
0.001953125,0.001953125,0.0011310577392578,0.0014915466308593,0.000288963317871,0.3,1
0.0,0.02880859375,0.02374267578125,0.023956298828125,0.0012855529785156,0.3,0
0.006500244140625,0.0065078735351562,0.0006999969482421,0.0007591247558593,0.0003204345703125,0.017,2
0.011383056640625,0.0101776123046875,0.001138687133789,0.0011425018310546,0.000319480895996,0.3,0
0.0,0.0001907348632812,0.0,0.0,9.5367431640625e-07,0.3,0
0.0,0.0013027191162109,0.01922607421875,0.0206298828125,0.0021095275878906,0.3,0
0.011383056640625,0.0101776123046875,0.001138687133789,0.0011425018310546,0.000319480895996,0.3,0
0.05621337890625,0.056396484375,0.0513916015625,0.0516357421875,0.0019645690917968,0.3,1
0.0032539367675781,0.0032539367675781,0.0013999938964843,0.0013999938964843,0.0004243850708007,0.009,2
0.0021896362304687,0.0015621185302734,0.0013160705566406,0.0016536712646484,5.7220458984375e-06,0.3,1
0.0069580078125,0.006622314453125,0.0039901733398437,0.0040206909179687,0.0010013580322265,0.3,1
0.0,0.0013027191162109,0.0082550048828125,0.0153350830078125,0.0012779235839843,0.3,0
0.00262451171875,0.00262451171875,0.000762939453125,0.0007638931274414,0.0005645751953125,0.023,2
0.0036125183105468,0.0036125183105468,0.0013427734375,0.0013446807861328,0.0005006790161132,0.3,1
0.0,0.0035820007324218,0.0007915496826171,0.0008068084716796,0.0001411437988281,0.3,0
0.00213623046875,0.0018234252929687,0.0014305114746093,0.0018234252929687,4.00543212890625e-05,0.3,1
0.1009521484375,0.187744140625,0.0005731582641601,0.0005731582641601,0.0005617141723632,0.004,2
0.00213623046875,0.0018234252929687,0.0014305114746093,0.0018234252929687,4.00543212890625e-05,0.3,1
0.0001955032348632,0.0002002716064453,9.250640869140624e-05,0.0001029968261718,9.5367431640625e-07,0.3,1
0.0038833618164062,0.0038833618164062,0.0024757385253906,0.0025177001953125,0.0008869171142578,0.3,1
0.0072250366210937,0.0064239501953125,0.0052261352539062,0.0052337646484375,0.0004892349243164,0.3,1
0.0,0.0013027191162109,0.0052871704101562,0.0052947998046875,0.0024795532226562,0.3,0
0.004364013671875,0.004364013671875,0.00225830078125,0.0023002624511718,0.0002937316894531,0.3,1
0.01116943359375,0.01116943359375,0.0074310302734375,0.01043701171875,0.0011425018310546,0.3,1
0.00262451171875,0.00262451171875,9.441375732421876e-05,9.441375732421876e-05,6.67572021484375e-06,0.001,2
0.0077743530273437,0.0037193298339843,0.0015316009521484,0.0015525817871093,0.0002346038818359,0.3,0
0.0032424926757812,0.0159912109375,0.000624656677246,0.0006256103515625,2.86102294921875e-06,0.3,0
0.0004348754882812,0.0003366470336914,0.0002698898315429,0.0002822875976562,4.76837158203125e-06,0.3,1
0.0127410888671875,0.016632080078125,0.0075759887695312,0.0076828002929687,0.0006341934204101,0.3,1
0.0032424926757812,0.0032539367675781,0.0006084442138671,0.0006084442138671,0.0001344680786132,0.3,0
0.0,0.0013027191162109,0.008880615234375,0.010040283203125,0.0012798309326171,0.3,0
0.0002317428588867,0.0002059936523437,8.58306884765625e-06,8.58306884765625e-06,0.0,0.002,2
0.03179931640625,0.02069091796875,0.0110321044921875,0.0111541748046875,0.0006237030029296,0.3,0
0.0027313232421875,0.0028572082519531,0.0010356903076171,0.0010509490966796,9.632110595703124e-05,0.3,1
0.001657485961914,0.001657485961914,0.00128173828125,0.00128173828125,0.0001420974731445,0.002,1
0.001016616821289,0.001016616821289,0.000655174255371,0.0006771087646484,1.9073486328125e-05,0.3,1
0.0083770751953125,0.0083770751953125,0.001077651977539,0.0012893676757812,0.0004167556762695,0.3,0
0.0104217529296875,0.0104217529296875,6.580352783203125e-05,6.961822509765625e-05,2.86102294921875e-06,0.003,2
0.0036125183105468,0.0036125183105468,0.0006799697875976,0.000680923461914,3.0517578125e-05,0.3,0
0.006500244140625,0.0065078735351562,0.0028305053710937,0.0028724670410156,0.0003318786621093,0.3,1
0.0,0.0013027191162109,9.5367431640625e-07,9.5367431640625e-07,0.0,0.001,2
0.000227928161621,0.000223159790039,0.000152587890625,0.00018310546875,0.0,0.241,1
0.0,0.005859375,0.0049896240234375,0.0064163208007812,9.5367431640625e-06,0.3,0
0.003387451171875,0.003387451171875,1.9073486328125e-06,1.9073486328125e-06,0.0,0.002,2
0.0,0.0013027191162109,0.0069580078125,0.0104522705078125,0.0002956390380859,0.3,0
0.0004348754882812,0.0003366470336914,0.0002698898315429,0.0002822875976562,4.76837158203125e-06,0.3,1
0.0052108764648437,0.0052108764648437,0.0016651153564453,0.001749038696289,5.91278076171875e-05,0.3,0
0.0014915466308593,0.0013351440429687,0.0003528594970703,0.0007104873657226,4.673004150390625e-05,0.003,2
0.020782470703125,0.0186767578125,0.014404296875,0.0144195556640625,0.0002317428588867,0.3,1
0.0018234252929687,0.0018234252929687,0.0001764297485351,0.0003833770751953,0.000197410583496,0.003,2
0.0104217529296875,0.0104217529296875,6.580352783203125e-05,6.961822509765625e-05,2.86102294921875e-06,0.003,2
0.0002355575561523,0.0002412796020507,7.62939453125e-06,7.62939453125e-06,9.5367431640625e-07,0.002,2
0.006683349609375,0.0036125183105468,0.0006961822509765,0.0006980895996093,1.1444091796875e-05,0.3,0
0.0123748779296875,0.0123748779296875,5.14984130859375e-05,5.14984130859375e-05,0.0002498626708984,0.001,2
0.00262451171875,0.00262451171875,9.34600830078125e-05,9.34600830078125e-05,3.814697265625e-06,0.003,2
0.0023918151855468,0.0021018981933593,9.5367431640625e-07,9.5367431640625e-07,0.0,0.001,2
0.005035400390625,0.004119873046875,0.0035781860351562,0.0036888122558593,0.000309944152832,0.3,1
0.0,0.0013027191162109,0.0066299438476562,0.0099639892578125,0.0009479522705078,0.3,0
0.0,0.0036506652832031,0.0023002624511718,0.0023040771484375,0.0005741119384765,0.3,0
0.0,0.0013027191162109,9.5367431640625e-07,9.5367431640625e-07,0.0,0.001,2
0.0012702941894531,0.0012702941894531,0.0009822845458984,0.0009841918945312,2.47955322265625e-05,0.295,1
0.000227928161621,0.000223159790039,0.000152587890625,0.00018310546875,0.0,0.241,1
0.0036125183105468,0.0036125183105468,0.0006256103515625,0.0006256103515625,0.0005064010620117,0.035,2
0.011016845703125,0.011016845703125,0.0008964538574218,0.000899314880371,7.62939453125e-06,0.3,0
0.0,0.0013027191162109,0.0018444061279296,0.0019989013671875,0.0014114379882812,0.3,0
0.005859375,0.0017166137695312,0.0034942626953125,0.0034980773925781,0.0002260208129882,0.3,1
0.0,0.0013027191162109,0.008544921875,0.0128631591796875,0.0012035369873046,0.3,0
0.1875,0.189697265625,0.11328125,0.1134033203125,0.0004892349243164,0.3,3
0.004364013671875,0.004364013671875,0.0022773742675781,0.0023231506347656,0.0007829666137695,0.3,1
0.0059127807617187,0.0059127807617187,0.0006380081176757,0.0006446838378906,0.0002346038818359,0.3,0
0.0130157470703125,0.0130157470703125,9.5367431640625e-07,9.5367431640625e-07,0.0,0.001,2
0.001953125,0.001953125,0.0011348724365234,0.0013694763183593,0.0005369186401367,0.3,1
0.0,0.0013027191162109,0.0084991455078125,0.0092010498046875,0.0005226135253906,0.3,0
0.008819580078125,0.001708984375,0.00604248046875,0.0070419311523437,0.0009498596191406,0.3,1
0.0064773559570312,0.0076370239257812,0.0039825439453125,0.0062713623046875,0.0037193298339843,0.3,1
0.00390625,0.00390625,0.001190185546875,0.001199722290039,0.0001144409179687,0.3,0
0.011016845703125,0.011016845703125,0.0008964538574218,0.000899314880371,7.62939453125e-06,0.3,0
0.006622314453125,0.006622314453125,0.0053329467773437,0.0058517456054687,0.0006055831909179,0.3,1
0.0051651000976562,0.0046539306640625,7.43865966796875e-05,7.62939453125e-05,0.0006351470947265,0.004,2
0.0065078735351562,0.0029106140136718,0.0038261413574218,0.0038337707519531,0.000218391418457,0.3,1
0.0032501220703125,0.0036849975585937,0.001535415649414,0.0016059875488281,0.000258445739746,0.3,1
0.003997802734375,0.003997802734375,0.0023689270019531,0.00244140625,0.0002174377441406,0.3,1
0.0088653564453125,0.0088653564453125,0.0024986267089843,0.0025177001953125,0.0005617141723632,0.3,0
0.0,0.0013027191162109,0.020233154296875,0.02099609375,0.0012550354003906,0.3,0
0.0026054382324218,0.0026054382324218,0.0006675720214843,0.0006675720214843,0.0004243850708007,0.016,2
0.011016845703125,0.011016845703125,0.0008964538574218,0.000899314880371,7.62939453125e-06,0.3,0
0.0072250366210937,0.0072250366210937,0.0052261352539062,0.0052337646484375,0.0004892349243164,0.3,1
0.0026054382324218,0.0026054382324218,0.0014533996582031,0.0021896362304687,0.0003004074096679,0.3,1
0.0032501220703125,0.0041961669921875,0.001535415649414,0.0016059875488281,0.000258445739746,0.3,1
0.0002717971801757,0.0002851486206054,7.62939453125e-05,7.62939453125e-05,9.5367431640625e-06,0.002,2
0.0008134841918945,0.0005674362182617,0.0005102157592773,0.0005121231079101,0.0001630783081054,0.3,1
0.0,0.0003175735473632,0.0002193450927734,0.0002260208129882,6.67572021484375e-06,0.3,0
0.0017929077148437,0.0017929077148437,0.0007600784301757,0.0007600784301757,0.0007410049438476,0.001,1
0.0018234252929687,0.0018234252929687,0.0001764297485351,0.0003833770751953,0.000197410583496,0.003,2
0.0131683349609375,0.0131683349609375,0.0108642578125,0.010894775390625,0.000493049621582,0.3,1
0.0,0.0036201477050781,0.0001163482666015,0.0001201629638671,2.86102294921875e-06,0.3,0
0.0052108764648437,0.0052108764648437,0.0018596649169921,0.0018882751464843,0.0001649856567382,0.3,0
0.0008134841918945,0.0005674362182617,0.0005102157592773,0.0005121231079101,0.0001630783081054,0.3,1
0.0052108764648437,0.0052108764648437,0.0011177062988281,0.0011730194091796,0.0005998611450195,0.3,0
0.0076141357421875,0.0039215087890625,9.5367431640625e-07,9.5367431640625e-07,0.0,0.001,2
0.017242431640625,0.0142822265625,0.0047531127929687,0.0055007934570312,0.0007781982421875,0.3,0
0.0225830078125,0.019561767578125,0.0106201171875,0.0107421875,0.0006294250488281,0.3,1
0.00262451171875,0.00262451171875,0.001230239868164,0.0014152526855468,8.7738037109375e-05,0.3,1
0.0052108764648437,0.0052108764648437,0.0018596649169921,0.0018882751464843,0.0001649856567382,0.3,0
0.0002317428588867,0.0002059936523437,8.58306884765625e-06,8.58306884765625e-06,0.0,0.002,2
0.0104217529296875,0.0104217529296875,6.580352783203125e-05,6.961822509765625e-05,2.86102294921875e-06,0.003,2
0.03765869140625,0.03765869140625,0.0032691955566406,0.0039291381835937,0.0002880096435546,0.3,0
0.004486083984375,0.0021743774414062,0.0020027160644531,0.0020065307617187,0.001504898071289,0.3,1
0.0,0.0013027191162109,0.02178955078125,0.023406982421875,0.0014266967773437,0.077,0
0.0022125244140625,0.0022125244140625,0.0014762878417968,0.0016365051269531,0.0006494522094726,0.3,1
0.01116943359375,0.01312255859375,0.0074310302734375,0.01043701171875,0.0011425018310546,0.3,1
0.0060272216796875,0.0056915283203125,0.0018806457519531,0.001901626586914,0.0,0.3,0
0.0022773742675781,0.0022811889648437,0.0002574920654296,0.0002574920654296,0.0001354217529296,0.002,2
0.1009521484375,0.187744140625,0.0005731582641601,0.0005731582641601,0.0005617141723632,0.004,2
0.0,0.0013027191162109,0.0056991577148437,0.007965087890625,0.0005884170532226,0.262,0
0.0036125183105468,0.0036125183105468,0.0006523132324218,0.0006532669067382,9.5367431640625e-06,0.013,2
0.0,0.0013027191162109,0.000345230102539,0.0005617141723632,0.0002107620239257,0.019,2
0.0,0.0013027191162109,0.008544921875,0.0128631591796875,0.0012035369873046,0.3,0
0.0001630783081054,0.0001630783081054,0.0001516342163085,0.000152587890625,8.58306884765625e-06,0.3,1
0.0416259765625,0.0416259765625,0.033935546875,0.03411865234375,0.0002374649047851,0.3,1
0.0,0.0013027191162109,0.0097503662109375,0.0098114013671875,7.05718994140625e-05,0.104,2
0.07421875,0.07421875,0.04644775390625,0.05133056640625,5.53131103515625e-05,0.3,1
0.006500244140625,0.0065078735351562,9.5367431640625e-07,9.5367431640625e-07,0.0,0.001,2
0.00262451171875,0.00262451171875,0.001230239868164,0.0014114379882812,0.0005855560302734,0.3,1
0.00262451171875,0.00262451171875,9.441375732421876e-05,9.441375732421876e-05,6.67572021484375e-06,0.001,2
0.004180908203125,0.04022216796875,0.0010643005371093,0.0010833740234375,0.0006141662597656,0.3,0
0.02862548828125,0.028656005859375,0.0131683349609375,0.0131683349609375,0.0007953643798828,0.3,0
0.006500244140625,0.0065078735351562,9.5367431640625e-07,9.5367431640625e-07,0.0,0.001,2
0.1875,0.1041259765625,0.129638671875,0.129638671875,0.0017356872558593,0.3,3
0.006500244140625,0.0065078735351562,9.5367431640625e-07,9.5367431640625e-07,0.0,0.001,2
0.0001955032348632,0.0002002716064453,9.250640869140624e-05,0.0001029968261718,9.5367431640625e-07,0.3,1
0.0026054382324218,0.0026054382324218,0.0006675720214843,0.0006675720214843,0.0004243850708007,0.016,2
0.0003366470336914,0.0003366470336914,0.0002803802490234,0.0002985000610351,9.5367431640625e-06,0.3,1
0.0,0.0013027191162109,0.009002685546875,0.00958251953125,0.0013027191162109,0.3,0
0.0009822845458984,0.0009126663208007,0.0005512237548828,0.0005521774291992,4.38690185546875e-05,0.3,1
0.00390625,0.00390625,0.0023269653320312,0.0023307800292968,4.57763671875e-05,0.3,1
0.0029258728027343,0.0029258728027343,0.0020790100097656,0.0020828247070312,0.0003900527954101,0.3,1
0.0,0.0013027191162109,0.014862060546875,0.01495361328125,0.0007925033569335,0.3,0
0.0052108764648437,0.0052108764648437,0.0010910034179687,0.0011062622070312,0.0003108978271484,0.3,0
0.0032501220703125,0.0036849975585937,0.001535415649414,0.0016059875488281,0.000258445739746,0.3,1
0.0001955032348632,0.0001955032348632,9.250640869140624e-05,0.0001029968261718,9.5367431640625e-07,0.3,1
0.00262451171875,0.00262451171875,0.001230239868164,0.0014152526855468,8.7738037109375e-05,0.3,1
0.0123748779296875,0.0123748779296875,5.14984130859375e-05,5.14984130859375e-05,0.0002498626708984,0.001,2
0.004180908203125,0.0110626220703125,0.0010643005371093,0.0010833740234375,0.0006141662597656,0.3,0
0.0002317428588867,0.0002059936523437,8.58306884765625e-06,8.58306884765625e-06,0.0,0.002,2
0.0023918151855468,0.0021018981933593,9.5367431640625e-07,9.5367431640625e-07,0.0,0.001,2
0.00262451171875,0.00262451171875,0.0003833770751953,0.0006160736083984,1.9073486328125e-06,0.004,2
0.019989013671875,0.0084075927734375,0.0072860717773437,0.0077438354492187,0.000563621520996,0.3,0
0.0026054382324218,0.02606201171875,0.0011539459228515,0.00115966796875,0.0004281997680664,0.3,1
0.0002317428588867,0.0002088546752929,8.58306884765625e-06,8.58306884765625e-06,0.0,0.002,2
0.0,0.0013027191162109,0.0063858032226562,0.017059326171875,0.0011215209960937,0.3,0
0.0056915283203125,0.0056915283203125,0.0006599426269531,0.0006618499755859,0.0005149841308593,0.296,0
0.0,0.0013027191162109,0.0084991455078125,0.0092010498046875,0.0005226135253906,0.3,0
0.0,0.0013027191162109,0.0020713806152343,0.0020713806152343,0.0001392364501953,0.3,0
0.0,0.0013027191162109,0.021514892578125,0.02197265625,0.002471923828125,0.3,0
0.01080322265625,0.0102996826171875,0.00848388671875,0.00848388671875,0.0008001327514648,0.3,1
0.000370979309082,0.0002355575561523,9.5367431640625e-06,9.5367431640625e-06,9.5367431640625e-07,0.001,2
0.0,0.0013027191162109,0.01922607421875,0.0206298828125,0.0021095275878906,0.3,0
0.0076141357421875,0.0067825317382812,9.5367431640625e-07,9.5367431640625e-07,0.0,0.001,2
0.0,0.0013027191162109,0.0069580078125,0.0104522705078125,0.0002956390380859,0.3,0
0.0002546310424804,0.0002546310424804,0.0001649856567382,0.0001754760742187,3.528594970703125e-05,0.091,1
0.019989013671875,0.03326416015625,0.0072860717773437,0.0077438354492187,0.000563621520996,0.3,0
0.0,0.0013027191162109,0.01922607421875,0.0206298828125,0.0021095275878906,0.3,0
0.0060501098632812,0.0060501098632812,0.0020103454589843,0.00201416015625,0.0013332366943359,0.3,1
0.0,0.0013027191162109,0.0126495361328125,0.012786865234375,0.0005807876586914,0.3,0
0.00262451171875,0.00262451171875,0.0011024475097656,0.001443862915039,5.7220458984375e-06,0.3,1
0.006683349609375,0.0036125183105468,0.0006961822509765,0.0006980895996093,1.1444091796875e-05,0.3,0
0.0052108764648437,0.0052108764648437,0.0018596649169921,0.0018882751464843,0.0001649856567382,0.3,0
0.0,0.00262451171875,0.0,0.0,0.0,0.002,2
0.0,0.0013027191162109,0.016143798828125,0.0191650390625,0.0024452209472656,0.176,0
0.0675048828125,0.0675048828125,1.33514404296875e-05,1.430511474609375e-05,5.7220458984375e-06,0.004,2
0.0104217529296875,0.0104217529296875,6.580352783203125e-05,6.961822509765625e-05,2.86102294921875e-06,0.003,2
0.004364013671875,0.004364013671875,0.00225830078125,0.0023002624511718,0.0002937316894531,0.3,1
0.0104217529296875,0.0104217529296875,6.580352783203125e-05,6.961822509765625e-05,2.86102294921875e-06,0.003,2
0.0,0.0013027191162109,0.0082550048828125,0.0153350830078125,0.0012779235839843,0.3,0
0.006683349609375,0.0036125183105468,0.0006771087646484,0.0006790161132812,9.5367431640625e-07,0.3,0
0.0,0.0013027191162109,0.0003175735473632,0.0005359649658203,0.000197410583496,0.018,2
0.0054092407226562,0.005706787109375,0.00323486328125,0.0040512084960937,0.0018444061279296,0.161,1
0.0078277587890625,0.0078277587890625,0.0029220581054687,0.0029258728027343,0.000157356262207,0.3,1
0.0001955032348632,0.0001955032348632,9.250640869140624e-05,0.0001029968261718,9.5367431640625e-07,0.3,1
0.0104217529296875,0.0104217529296875,6.580352783203125e-05,6.961822509765625e-05,2.86102294921875e-06,0.003,2
0.0001955032348632,0.0002002716064453,9.250640869140624e-05,0.0001029968261718,9.5367431640625e-07,0.3,1
0.006500244140625,0.0065078735351562,9.5367431640625e-07,9.5367431640625e-07,0.0,0.001,2
0.0012702941894531,0.0012454986572265,0.0009822845458984,0.0009841918945312,2.47955322265625e-05,0.295,1
0.0,0.0001649856567382,0.0001497268676757,0.000152587890625,1.811981201171875e-05,0.3,0
0.00262451171875,0.00262451171875,0.0011024475097656,0.001443862915039,5.7220458984375e-06,0.3,1
0.0001955032348632,0.0002098083496093,9.250640869140624e-05,0.0001029968261718,9.5367431640625e-07,0.3,1
0.008392333984375,0.0074920654296875,0.0006465911865234,0.0007438659667968,0.0001459121704101,0.006,2
0.0001964569091796,0.0002088546752929,0.000152587890625,0.0001792907714843,0.0,0.3,1
0.0001955032348632,0.0001945495605468,9.250640869140624e-05,0.0001029968261718,9.5367431640625e-07,0.3,1
0.0673828125,0.0673828125,0.0048294067382812,0.0095672607421875,0.0008087158203125,0.3,0
0.0002565383911132,0.0002355575561523,0.000152587890625,0.0001649856567382,3.814697265625e-06,0.3,1
0.0002717971801757,0.0003385543823242,7.62939453125e-05,7.62939453125e-05,9.5367431640625e-06,0.002,2
0.0012702941894531,0.0012454986572265,0.0009822845458984,0.0009841918945312,2.47955322265625e-05,0.295,1
0.006500244140625,0.0065078735351562,9.5367431640625e-07,9.5367431640625e-07,0.0,0.001,2
0.0106201171875,0.0106658935546875,0.0078277587890625,0.008544921875,4.76837158203125e-06,0.3,1
0.0416259765625,0.031219482421875,0.03448486328125,0.03485107421875,0.000197410583496,0.3,1
0.0,0.00262451171875,0.0,0.0,0.0,0.002,2
0.011016845703125,0.011016845703125,0.0008964538574218,0.000899314880371,7.62939453125e-06,0.3,0
0.0052108764648437,0.0052108764648437,0.0010910034179687,0.0011062622070312,0.0003108978271484,0.3,0
0.05621337890625,0.056396484375,0.0513916015625,0.0516357421875,0.0019645690917968,0.3,1
0.0,0.04339599609375,0.0120391845703125,0.0144805908203125,0.0002307891845703,0.3,0
0.00262451171875,0.00262451171875,0.0015277862548828,0.0016098022460937,0.0004777908325195,0.3,1
0.0051345825195312,0.0048446655273437,0.0024375915527343,0.00250244140625,0.0004568099975585,0.3,1
0.00390625,0.00390625,0.001190185546875,0.001199722290039,0.0001144409179687,0.3,0
0.0104217529296875,0.0104217529296875,6.580352783203125e-05,6.961822509765625e-05,2.86102294921875e-06,0.003,2
0.011016845703125,0.011016845703125,0.0008964538574218,0.000899314880371,7.62939453125e-06,0.3,0
0.0072250366210937,0.0072250366210937,0.0052261352539062,0.0052337646484375,0.0004892349243164,0.3,1
0.0028457641601562,0.0028533935546875,0.0025138854980468,0.0025405883789062,0.000309944152832,0.041,1
0.0019149780273437,0.0019035339355468,0.0015373229980468,0.0015621185302734,5.245208740234375e-05,0.3,1
0.006500244140625,0.0065078735351562,9.5367431640625e-07,9.5367431640625e-07,0.0,0.001,2
0.00726318359375,0.0072555541992187,0.005401611328125,0.0054092407226562,0.0004854202270507,0.3,1
0.0065078735351562,0.0065078735351562,0.0030097961425781,0.0037956237792968,0.0004444122314453,0.097,1
0.0057296752929687,0.0057296752929687,0.003631591796875,0.0036506652832031,0.0002851486206054,0.3,1
0.0,0.0013027191162109,0.0066299438476562,0.0099639892578125,0.0009479522705078,0.3,0
0.0051803588867187,0.0051803588867187,0.0028076171875,0.0028190612792968,0.0001888275146484,0.3,1
0.000889778137207,0.0017967224121093,0.0004711151123046,0.000472068786621,2.384185791015625e-05,0.3,1
0.006500244140625,0.0065078735351562,0.0006999969482421,0.0007591247558593,0.0003204345703125,0.017,2
0.0001955032348632,0.0001802444458007,9.250640869140624e-05,0.0001029968261718,9.5367431640625e-07,0.3,1
0.0019149780273437,0.0019035339355468,0.0015373229980468,0.0015621185302734,5.245208740234375e-05,0.3,1
0.1875,0.1041259765625,0.129638671875,0.129638671875,0.0017356872558593,0.3,3
0.0,0.0013027191162109,9.5367431640625e-07,9.5367431640625e-07,0.0004138946533203,0.003,2
0.0,0.0013027191162109,0.0072402954101562,0.00933837890625,0.0001478195190429,0.3,0
0.0,0.0059356689453125,0.00341796875,0.0034599304199218,0.0003385543823242,0.3,0
0.0,0.0013027191162109,0.005096435546875,0.0100250244140625,0.0010814666748046,0.3,0
0.011016845703125,0.011016845703125,0.0008964538574218,0.000899314880371,7.62939453125e-06,0.3,0
0.0,0.0013027191162109,0.0126495361328125,0.012786865234375,0.0005807876586914,0.3,0
0.0,0.0013027191162109,9.5367431640625e-07,9.5367431640625e-07,0.0,0.001,2
0.027862548828125,0.025665283203125,0.002777099609375,0.0027847290039062,0.000554084777832,0.226,0
0.0,0.0013027191162109,0.0072402954101562,0.00933837890625,0.0001478195190429,0.3,0
0.000227928161621,0.000227928161621,0.000152587890625,0.00018310546875,0.0,0.241,1
0.0032539367675781,0.0101776123046875,0.0009059906005859,0.0009069442749023,6.67572021484375e-06,0.3,0
0.0,0.0003175735473632,0.0002326965332031,0.0002384185791015,3.814697265625e-06,0.3,0
0.0018234252929687,0.0018234252929687,0.0018234252929687,0.0018234252929687,0.0002117156982421,0.3,1
0.0,0.0003175735473632,0.0002155303955078,0.0002222061157226,0.0,0.3,0
0.0,0.00262451171875,0.0,0.0,0.0,0.002,2
0.1875,0.1041259765625,0.129638671875,0.129638671875,0.0017356872558593,0.3,3
0.0027313232421875,0.0028572082519531,0.0010356903076171,0.0010509490966796,9.632110595703124e-05,0.3,1
0.00262451171875,0.00262451171875,0.0011310577392578,0.0014019012451171,0.0005702972412109,0.3,1
0.0,0.00262451171875,0.0,0.0,0.0,0.002,2
0.0023994445800781,0.0023994445800781,0.0011425018310546,0.0014705657958984,4.1961669921875e-05,0.05,2
0.0,0.0013027191162109,0.0053253173828125,0.0087890625,0.0009937286376953,0.3,0
0.0,0.00262451171875,0.0,0.0,0.0,0.002,2
0.006683349609375,0.0036125183105468,0.0006771087646484,0.0006790161132812,9.5367431640625e-07,0.3,0
0.0056915283203125,0.0056915283203125,0.0006599426269531,0.0006618499755859,0.0005149841308593,0.296,0
0.0,0.0013027191162109,0.0004510879516601,0.0006294250488281,7.05718994140625e-05,0.3,0
0.0,0.0013027191162109,0.006500244140625,0.0095977783203125,0.001251220703125,0.3,0
0.0,0.0038566589355468,0.001953125,0.0019645690917968,0.0008172988891601,0.3,0
0.0032501220703125,0.0036849975585937,0.001535415649414,0.0016059875488281,0.000258445739746,0.3,1
0.00262451171875,0.00262451171875,0.000101089477539,0.000101089477539,0.0005369186401367,0.001,2
0.0,0.0013027191162109,0.008544921875,0.0128631591796875,0.0012035369873046,0.3,0
0.0002317428588867,0.0002155303955078,8.58306884765625e-06,8.58306884765625e-06,0.0,0.002,2
0.0076065063476562,0.005859375,0.0013465881347656,0.0016345977783203,0.0016822814941406,0.003,2
0.0037651062011718,0.0037727355957031,0.0017032623291015,0.0025711059570312,0.0005111694335937,0.295,1
0.0,0.0013027191162109,9.5367431640625e-07,9.5367431640625e-07,0.0004177093505859,0.004,2
0.006683349609375,0.0036125183105468,0.0006961822509765,0.0006980895996093,1.1444091796875e-05,0.3,0
0.0014915466308593,0.0013351440429687,0.0003528594970703,0.0007104873657226,4.673004150390625e-05,0.003,2
0.02532958984375,0.03289794921875,0.0050506591796875,0.0050582885742187,6.67572021484375e-06,0.3,0
0.0022773742675781,0.002288818359375,0.0005359649658203,0.0005378723144531,6.29425048828125e-05,0.3,0
0.0,0.0013027191162109,0.0006227493286132,0.0007762908935546,0.0005273818969726,0.01,2
0.0042343139648437,0.0023422241210937,0.0006589889526367,0.0006599426269531,0.0006418228149414,0.003,2
0.0001955032348632,0.000213623046875,9.250640869140624e-05,0.0001029968261718,9.5367431640625e-07,0.3,1
0.0,0.0045700073242187,0.0041427612304687,0.004150390625,0.0002450942993164,0.3,0
0.0,0.0013027191162109,0.0,0.0,0.0,0.001,2
0.0012702941894531,0.0012454986572265,0.0009822845458984,0.0009841918945312,2.47955322265625e-05,0.295,1
0.041015625,0.0390625,0.0230712890625,0.02325439453125,0.000152587890625,0.3,1
0.0,0.0234375,0.020904541015625,0.02105712890625,0.0003366470336914,0.3,0
0.0,0.032470703125,0.0006799697875976,0.0006828308105468,0.0002603530883789,0.3,0
0.0001955032348632,0.0002021789550781,9.250640869140624e-05,0.0001029968261718,9.5367431640625e-07,0.3,1
0.0052108764648437,0.0052108764648437,0.0009660720825195,0.0009727478027343,0.0005407333374023,0.3,0
0.000889778137207,0.015625,0.0004711151123046,0.000472068786621,2.384185791015625e-05,0.3,1
0.003936767578125,0.0046234130859375,0.0029792785644531,0.0032691955566406,0.0001726150512695,0.3,1
0.0,0.00262451171875,0.0001602172851562,0.0001640319824218,5.054473876953125e-05,0.3,0
0.0002269744873046,0.000223159790039,0.0001735687255859,0.0001859664916992,0.0,0.3,1
0.0001955032348632,0.0001945495605468,9.250640869140624e-05,0.0001029968261718,9.5367431640625e-07,0.3,1
0.00262451171875,0.00262451171875,0.0013542175292968,0.0015068054199218,0.0005197525024414,0.3,1
0.0015621185302734,0.0015621185302734,0.0002918243408203,0.0006608963012695,0.0005178451538085,0.004,2
0.011016845703125,0.011016845703125,0.0008964538574218,0.000899314880371,7.62939453125e-06,0.3,0
0.0025749206542968,0.0026206970214843,0.0007123947143554,0.0007171630859375,0.0007448196411132,0.003,2
0.0,0.0017318725585937,0.0001916885375976,0.0001916885375976,0.0,0.3,0
0.0,0.00262451171875,0.0,0.0,0.0,0.002,2
0.0022163391113281,0.0023117065429687,0.001373291015625,0.0013751983642578,0.0001096725463867,0.3,1
0.0052108764648437,0.0052108764648437,0.0018596649169921,0.0018882751464843,0.0001649856567382,0.3,0
0.0,0.0013027191162109,0.0046768188476562,0.0055618286132812,0.0023994445800781,0.3,0
0.0177001953125,0.0177001953125,0.005706787109375,0.0058670043945312,0.0004835128784179,0.3,0
0.0101776123046875,0.0101776123046875,0.0011272430419921,0.0011520385742187,9.5367431640625e-07,0.3,0
0.0,0.0013027191162109,0.0045089721679687,0.0046157836914062,0.0004634857177734,0.3,0
0.000227928161621,0.0001945495605468,0.000152587890625,0.00018310546875,0.0,0.241,1
0.0,0.00262451171875,0.0,0.0,0.0,0.002,2
0.0,0.0013027191162109,9.5367431640625e-07,9.5367431640625e-07,0.0,0.001,2
0.05535888671875,0.05535888671875,0.0535888671875,0.0535888671875,0.0001230239868164,0.3,1
0.0104217529296875,0.0104217529296875,6.580352783203125e-05,6.961822509765625e-05,2.86102294921875e-06,0.003,2
0.0002098083496093,0.0002098083496093,1.049041748046875e-05,1.1444091796875e-05,9.5367431640625e-06,0.004,2
0.0052108764648437,0.0052108764648437,0.0030326843261718,0.0034713745117187,0.0001544952392578,0.3,1
0.0052108764648437,0.0052108764648437,0.0018596649169921,0.0018882751464843,0.0001649856567382,0.3,0
0.05206298828125,0.05206298828125,0.0028572082519531,0.0032196044921875,0.0004787445068359,0.3,0
0.0032539367675781,0.0032539367675781,0.0013999938964843,0.0013999938964843,0.0004243850708007,0.009,2
0.0016155242919921,0.0016155242919921,3.337860107421875e-05,3.337860107421875e-05,8.58306884765625e-06,0.002,2
0.006683349609375,0.0036125183105468,0.0006771087646484,0.0006790161132812,9.5367431640625e-07,0.3,0
0.0022773742675781,0.001199722290039,0.0004482269287109,0.0004491806030273,9.5367431640625e-07,0.3,0
0.0,0.0013027191162109,0.0107879638671875,0.0129241943359375,0.0005865097045898,0.3,0
0.0032501220703125,0.0036849975585937,0.001535415649414,0.0016059875488281,0.000258445739746,0.3,1
0.0104217529296875,0.0061416625976562,0.003448486328125,0.0035591125488281,0.0002756118774414,0.3,0
0.026031494140625,0.026031494140625,0.0021400451660156,0.0059356689453125,0.0011806488037109,0.152,0
0.0076141357421875,0.0076141357421875,9.5367431640625e-07,9.5367431640625e-07,0.0,0.001,2
0.0,0.0013027191162109,0.0082550048828125,0.0153350830078125,0.0012779235839843,0.3,0
0.000227928161621,0.000227928161621,0.000152587890625,0.00018310546875,0.0,0.241,1
0.0,0.0013027191162109,0.0072402954101562,0.00933837890625,0.0001478195190429,0.3,0
0.0057830810546875,0.005126953125,0.0025291442871093,0.002593994140625,0.0011501312255859,0.3,1
0.0065078735351562,0.0065078735351562,0.0030097961425781,0.0037956237792968,0.0004444122314453,0.097,1
0.0,0.0013027191162109,0.010101318359375,0.010162353515625,0.0002784729003906,0.072,2
0.006683349609375,0.0036125183105468,0.0006771087646484,0.0006790161132812,9.5367431640625e-07,0.3,0
0.016876220703125,0.00750732421875,0.0027427673339843,0.0034599304199218,0.000162124633789,0.3,0
0.006500244140625,0.0065078735351562,0.0006999969482421,0.0007591247558593,0.0003204345703125,0.017,2
0.0,0.0013027191162109,0.0066299438476562,0.0099639892578125,0.0009479522705078,0.3,0
0.011016845703125,0.011016845703125,0.0008964538574218,0.000899314880371,7.62939453125e-06,0.3,0
0.0022773742675781,0.0022811889648437,0.0002574920654296,0.0002574920654296,0.0001354217529296,0.002,2
0.0032501220703125,0.0036849975585937,0.001535415649414,0.0016059875488281,0.000258445739746,0.3,1
0.0,0.0013027191162109,0.0135955810546875,0.0142669677734375,0.0005931854248046,0.3,0
0.019989013671875,0.03326416015625,0.0072860717773437,0.0077438354492187,0.000563621520996,0.3,0
0.0,0.0013027191162109,0.008544921875,0.0128631591796875,0.0012035369873046,0.3,0
0.000401496887207,0.0003652572631835,0.0002784729003906,0.0003156661987304,9.5367431640625e-07,0.3,1
0.0,0.0013027191162109,0.0084991455078125,0.0092010498046875,0.0005226135253906,0.3,0
0.0015621185302734,0.0015621185302734,0.00091552734375,0.0011310577392578,0.0004224777221679,0.032,1
0.0,0.0013027191162109,0.0155792236328125,0.015594482421875,0.0009975433349609,0.3,0
0.02288818359375,0.02288818359375,0.007781982421875,0.0144195556640625,0.0005874633789062,0.135,1
0.011016845703125,0.011016845703125,0.0008964538574218,0.000899314880371,7.62939453125e-06,0.3,0
0.009185791015625,0.0066146850585937,0.003936767578125,0.0067138671875,0.0002260208129882,0.3,1
0.0,0.0038566589355468,0.001953125,0.0019645690917968,0.0008172988891601,0.3,0
0.0106201171875,0.0106201171875,0.0045242309570312,0.004608154296875,0.0001535415649414,0.3,1
0.011016845703125,0.011016845703125,0.0008964538574218,0.000899314880371,7.62939453125e-06,0.3,0
0.0052108764648437,0.0052108764648437,0.0030326843261718,0.0034713745117187,0.0001544952392578,0.3,1
0.0052108764648437,0.0052108764648437,0.00115966796875,0.0011615753173828,0.0002899169921875,0.3,0
0.0036125183105468,0.068359375,0.0006980895996093,0.0006999969482421,0.0001230239868164,0.3,0
0.000227928161621,0.000223159790039,0.000152587890625,0.00018310546875,0.0,0.241,1
0.016937255859375,0.016937255859375,0.0058746337890625,0.0060348510742187,0.000533103942871,0.3,0
0.0016555786132812,0.0016555786132812,0.0014686584472656,0.0014686584472656,0.0005016326904296,0.003,1
0.0022773742675781,0.0022811889648437,0.0002574920654296,0.0002574920654296,0.0001354217529296,0.002,2
0.0001964569091796,0.0001993179321289,0.000152587890625,0.0001792907714843,0.0,0.3,1
0.0416259765625,0.0078125,0.03485107421875,0.03509521484375,0.0002326965332031,0.3,1
0.0041885375976562,0.0041885375976562,9.72747802734375e-05,9.72747802734375e-05,0.0001630783081054,0.001,2
0.0002317428588867,0.0001993179321289,8.58306884765625e-06,8.58306884765625e-06,0.0,0.002,2
0.006500244140625,0.0065078735351562,9.5367431640625e-07,9.5367431640625e-07,0.0,0.001,2
0.0021896362304687,0.0015621185302734,0.001434326171875,0.0015621185302734,1.9073486328125e-06,0.3,1
0.0,0.0013027191162109,0.005096435546875,0.0100250244140625,0.0010814666748046,0.3,0
0.0104217529296875,0.0104217529296875,6.580352783203125e-05,6.961822509765625e-05,2.86102294921875e-06,0.003,2
0.0,0.0013027191162109,0.0005531311035156,0.0007600784301757,0.0008010864257812,0.019,2
0.0078125,0.00579833984375,0.003875732421875,0.0050201416015625,0.0001335144042968,0.3,1
0.0003671646118164,0.0003585815429687,0.0002317428588867,0.0002803802490234,9.5367431640625e-07,0.3,1
0.0052108764648437,0.0052108764648437,0.0018596649169921,0.0018882751464843,0.0001649856567382,0.3,0
0.0025520324707031,0.0075225830078125,9.5367431640625e-07,9.5367431640625e-07,0.0,0.001,2
0.0005350112915039,0.0005598068237304,0.0004940032958984,0.0005407333374023,0.0002298355102539,0.127,1
0.1009521484375,0.187744140625,0.0005731582641601,0.0005731582641601,0.0005617141723632,0.004,2
0.020416259765625,0.020416259765625,0.004669189453125,0.0047760009765625,9.632110595703124e-05,0.199,0
0.00262451171875,0.00262451171875,0.0015277862548828,0.0016098022460937,0.0004777908325195,0.3,1
0.0021896362304687,0.0015621185302734,0.001504898071289,0.0016078948974609,1.621246337890625e-05,0.3,1
0.0104217529296875,0.0104217529296875,6.580352783203125e-05,6.961822509765625e-05,2.86102294921875e-06,0.003,2
0.0128326416015625,0.0128326416015625,0.006103515625,0.0061798095703125,0.0011844635009765,0.3,1
0.0,0.0019760131835937,0.0042572021484375,0.0042800903320312,0.0002241134643554,0.3,0
0.0,0.0013027191162109,0.02178955078125,0.023406982421875,0.0014266967773437,0.077,0
0.0051345825195312,0.0048446655273437,0.0024375915527343,0.00250244140625,0.0004568099975585,0.3,1
0.0024490356445312,0.0018234252929687,0.0011157989501953,0.0011501312255859,0.0001344680786132,0.3,1
0.0014705657958984,0.0014705657958984,9.918212890625e-05,9.918212890625e-05,3.0517578125e-05,0.001,2
0.0,0.0013027191162109,0.0003528594970703,0.0005598068237304,0.0002384185791015,0.02,2
0.0052108764648437,0.0052108764648437,0.00115966796875,0.0011615753173828,0.0002899169921875,0.3,0
0.000441551208496,0.0003385543823242,0.0002832412719726,0.0003013610839843,0.0,0.3,1
0.0028572082519531,0.0028572082519531,0.0012397766113281,0.0012702941894531,0.0005664825439453,0.3,1
0.0,0.0013027191162109,9.5367431640625e-07,9.5367431640625e-07,0.0,0.001,2
0.01116943359375,0.01116943359375,0.0072097778320312,0.0105438232421875,0.0009098052978515,0.3,1
0.00262451171875,0.00262451171875,0.000101089477539,0.000101089477539,0.0005369186401367,0.001,2
0.0,0.0013027191162109,9.5367431640625e-07,9.5367431640625e-07,0.0,0.001,2
0.0065078735351562,0.0065078735351562,0.0030097961425781,0.0037956237792968,0.0004444122314453,0.097,1
0.0026054382324218,0.0026054382324218,0.001504898071289,0.0019912719726562,0.0002670288085937,0.3,1
0.0032424926757812,0.0032539367675781,0.0006084442138671,0.0006084442138671,0.0001344680786132,0.3,0
0.0015621185302734,0.0015621185302734,0.0010833740234375,0.0011844635009765,0.000472068786621,0.089,1
0.0,0.0013027191162109,0.01953125,0.023651123046875,0.0014381408691406,0.243,0
0.00262451171875,0.00262451171875,0.0012130737304687,0.0014762878417968,0.0,0.3,1
0.0004348754882812,0.0003366470336914,0.0002698898315429,0.0002822875976562,4.76837158203125e-06,0.3,1
0.0003061294555664,0.0003061294555664,0.0001678466796875,0.0001821517944335,0.0,0.3,1
0.00390625,0.0009021759033203,0.0011768341064453,0.0012531280517578,0.0002517700195312,0.3,0
0.006683349609375,0.0036125183105468,0.0006961822509765,0.0006980895996093,1.1444091796875e-05,0.3,0
0.0,0.0013027191162109,9.5367431640625e-07,9.5367431640625e-07,1.1444091796875e-05,0.001,2
0.011383056640625,0.013275146484375,0.001138687133789,0.0011425018310546,0.000319480895996,0.3,0
0.0014705657958984,0.0014705657958984,0.000655174255371,0.0006637573242187,3.4332275390625e-05,0.14,1
0.0008134841918945,0.0005674362182617,0.0005102157592773,0.0005121231079101,0.0001630783081054,0.3,1
0.0,0.0013027191162109,0.000345230102539,0.0005617141723632,0.0002107620239257,0.019,2
0.011016845703125,0.011016845703125,0.0008964538574218,0.000899314880371,7.62939453125e-06,0.3,0
0.0,0.0013027191162109,0.020233154296875,0.02099609375,0.0012550354003906,0.3,0
0.0018234252929687,0.0018234252929687,0.0007400512695312,0.0008964538574218,0.0004997253417968,0.133,1
0.006500244140625,0.0065078735351562,9.5367431640625e-07,9.5367431640625e-07,0.0,0.001,2
0.00726318359375,0.0072555541992187,0.005401611328125,0.0054092407226562,0.0004854202270507,0.3,1
0.0015621185302734,0.0015621185302734,0.0006380081176757,0.000640869140625,0.0005006790161132,0.077,1
0.0,0.0013027191162109,0.0022010803222656,0.004364013671875,0.0014324188232421,0.172,0
0.0033683776855468,0.0033683776855468,0.0021209716796875,0.002655029296875,0.001565933227539,0.137,1
0.0,0.0013027191162109,9.5367431640625e-07,9.5367431640625e-07,0.0,0.001,2
0.006683349609375,0.0036125183105468,0.0006961822509765,0.0006980895996093,1.1444091796875e-05,0.3,0
0.0,0.0013027191162109,9.5367431640625e-07,9.5367431640625e-07,0.0004491806030273,0.003,2
0.0,0.0013027191162109,0.010101318359375,0.010162353515625,0.0002784729003906,0.072,2
0.0036125183105468,0.0036125183105468,0.0006580352783203,0.0006580352783203,0.0,0.3,0
0.0061264038085937,0.0061264038085937,0.004241943359375,0.0042572021484375,0.0008506774902343,0.3,1
0.0020980834960937,0.0014705657958984,0.0012874603271484,0.0014724731445312,9.5367431640625e-07,0.3,1
0.0012702941894531,0.0012454986572265,0.0009822845458984,0.0009841918945312,2.47955322265625e-05,0.295,1
0.0,0.04339599609375,0.0404052734375,0.04095458984375,0.0002317428588867,0.3,0
0.0028572082519531,0.0028572082519531,0.0012397766113281,0.0012702941894531,0.0005664825439453,0.3,1
0.0052108764648437,0.0052108764648437,0.0010910034179687,0.0011062622070312,0.0003108978271484,0.3,0
0.0,0.0018959045410156,0.0126953125,0.0127410888671875,0.0001773834228515,0.3,0
0.0,0.0013027191162109,0.01922607421875,0.0206298828125,0.0021095275878906,0.3,0
0.0225830078125,0.019561767578125,0.0106201171875,0.0107421875,0.0006294250488281,0.3,1
0.0123748779296875,0.0123748779296875,5.14984130859375e-05,5.14984130859375e-05,0.0002498626708984,0.001,2
0.0,0.0013027191162109,0.010101318359375,0.010162353515625,0.0002784729003906,0.072,2
0.0,0.0045700073242187,0.0040130615234375,0.0040130615234375,0.0002870559692382,0.3,0
0.00390625,0.00390625,0.001190185546875,0.001199722290039,0.0001144409179687,0.3,0
0.0002107620239257,0.0001916885375976,9.5367431640625e-06,9.5367431640625e-06,0.0,0.001,2
0.00726318359375,0.0072555541992187,0.005401611328125,0.0054092407226562,0.0004854202270507,0.3,1
0.0,0.0013027191162109,0.0052871704101562,0.0052947998046875,0.0024795532226562,0.3,0
0.0,0.0013027191162109,0.0135955810546875,0.0142669677734375,0.0005931854248046,0.3,0
0.019989013671875,0.03326416015625,0.0072860717773437,0.0077438354492187,0.000563621520996,0.3,0
0.0032501220703125,0.0036849975585937,0.001535415649414,0.0016059875488281,0.000258445739746,0.3,1
0.006683349609375,0.0036125183105468,0.0006961822509765,0.0006980895996093,1.1444091796875e-05,0.3,0
0.0416259765625,0.0011043548583984,0.0032196044921875,0.0032234191894531,0.0001983642578125,0.3,0
0.0,0.0013027191162109,0.0031280517578125,0.0102081298828125,0.0013847351074218,0.23,0
0.010162353515625,0.010162353515625,0.0071182250976562,0.0071640014648437,0.0008745193481445,0.3,1
0.0,0.00262451171875,0.0,0.0,0.0,0.002,2
0.0021247863769531,0.0073928833007812,0.0001020431518554,0.000197410583496,5.91278076171875e-05,0.004,2
0.0,0.0013027191162109,0.0045089721679687,0.0046157836914062,0.0004634857177734,0.3,0
0.00262451171875,0.03192138671875,0.0003547668457031,0.0007562637329101,9.5367431640625e-07,0.007,2
0.0052108764648437,0.0052108764648437,0.001626968383789,0.001708984375,3.814697265625e-06,0.3,0
0.0,0.0013027191162109,0.019073486328125,0.019805908203125,0.0012474060058593,0.3,0
0.0016727447509765,0.0016727447509765,0.0006132125854492,0.0006132125854492,0.0005931854248046,0.001,2
0.0003366470336914,0.0003833770751953,0.0002803802490234,0.0002985000610351,9.5367431640625e-06,0.3,1
0.0,0.0013027191162109,9.5367431640625e-07,9.5367431640625e-07,0.0003108978271484,0.001,2
0.1875,0.1041259765625,0.129638671875,0.129638671875,0.0017356872558593,0.3,3
0.00262451171875,0.00262451171875,0.0015277862548828,0.0016098022460937,0.0004777908325195,0.3,1
0.0052108764648437,0.0052108764648437,0.0018596649169921,0.0018882751464843,0.0001649856567382,0.3,0
0.0,0.0013027191162109,0.0046768188476562,0.0055618286132812,0.0023994445800781,0.3,0
0.0018463134765625,0.0016155242919921,0.0016365051269531,0.0016460418701171,0.0005378723144531,0.003,1
0.000227928161621,0.0001840591430664,0.000152587890625,0.00018310546875,0.0,0.241,1
0.0,0.0013027191162109,0.0056991577148437,0.007965087890625,0.0005884170532226,0.262,0
0.0032539367675781,0.0032539367675781,0.0013999938964843,0.0013999938964843,0.0004243850708007,0.009,2
0.02874755859375,0.00726318359375,0.017547607421875,0.021240234375,0.001443862915039,0.3,1
0.0019607543945312,0.0019607543945312,0.0014934539794921,0.0015754699707031,0.0005989074707031,0.045,1
0.0,0.0038566589355468,0.001953125,0.0019645690917968,0.0008172988891601,0.3,0
0.0052108764648437,0.0052108764648437,0.0010910034179687,0.0011062622070312,0.0003108978271484,0.3,0
0.0065078735351562,0.0065078735351562,0.0001173019409179,0.0001192092895507,1.9073486328125e-06,0.003,2
0.00262451171875,0.00262451171875,0.000101089477539,0.000101089477539,0.0005369186401367,0.001,2
0.0001955032348632,0.0001955032348632,9.250640869140624e-05,0.0001029968261718,9.5367431640625e-07,0.3,1
0.001953125,0.001953125,0.0011348724365234,0.0013694763183593,0.0005369186401367,0.3,1
0.0036125183105468,0.0036125183105468,0.0006799697875976,0.000680923461914,3.0517578125e-05,0.3,0
0.0023269653320312,0.0023269653320312,0.0020904541015625,0.0,0.0003671646118164,0.3,1
0.0673828125,0.0673828125,0.0048294067382812,0.0095672607421875,0.0008087158203125,0.3,0
0.006500244140625,0.0065078735351562,9.5367431640625e-07,9.5367431640625e-07,0.0,0.001,2
0.024200439453125,0.0054550170898437,0.0077438354492187,0.008087158203125,0.0028572082519531,0.3,0
0.0,0.000859260559082,0.000126838684082,0.0001306533813476,1.811981201171875e-05,0.3,0
0.000227928161621,0.0002365112304687,0.000152587890625,0.00018310546875,0.0,0.241,1
0.0037765502929687,0.0008554458618164,0.0013027191162109,0.0013046264648437,4.100799560546875e-05,0.3,0
0.041015625,0.0390625,0.0230712890625,0.02325439453125,0.000152587890625,0.3,1
0.010162353515625,0.010162353515625,0.0064697265625,0.006500244140625,0.0010185241699218,0.3,1
0.006500244140625,0.0065078735351562,9.5367431640625e-07,9.5367431640625e-07,0.0,0.001,2
0.0001955032348632,0.0002002716064453,9.250640869140624e-05,0.0001029968261718,9.5367431640625e-07,0.3,1
0.0012702941894531,0.0012454986572265,0.0009822845458984,0.0009841918945312,2.47955322265625e-05,0.295,1
0.0104217529296875,0.0104217529296875,6.580352783203125e-05,6.961822509765625e-05,2.86102294921875e-06,0.003,2
0.002471923828125,0.03125,0.0011405944824218,0.0011444091796875,0.0001497268676757,0.3,1
0.0096588134765625,0.006011962890625,0.0007972717285156,0.000868797302246,0.000274658203125,0.022,2
0.0036125183105468,0.0022125244140625,0.0006904602050781,0.0006914138793945,0.0005064010620117,0.3,0
0.00262451171875,0.00262451171875,0.0003833770751953,0.0006160736083984,1.9073486328125e-06,0.004,2
0.0003023147583007,0.0003023147583007,0.0001964569091796,0.0002260208129882,0.0,0.053,1
0.011016845703125,0.011016845703125,0.0008964538574218,0.000899314880371,7.62939453125e-06,0.3,0
0.0001955032348632,0.0002002716064453,9.250640869140624e-05,0.0001029968261718,9.5367431640625e-07,0.3,1
0.001718521118164,0.0015621185302734,0.0016040802001953,0.0016059875488281,5.054473876953125e-05,0.3,1
0.00390625,0.00390625,0.0011177062988281,0.0014286041259765,2.6702880859375e-05,0.3,0
0.04156494140625,0.04156494140625,0.03814697265625,0.03814697265625,0.0004234313964843,0.3,1
0.0516357421875,0.0516357421875,0.0029754638671875,0.0029754638671875,0.0010242462158203,0.3,0
0.00390625,0.00390625,0.0009088516235351,0.0009117126464843,0.0001716613769531,0.3,0
0.0035858154296875,0.003509521484375,0.0012149810791015,0.0012474060058593,7.534027099609375e-05,0.3,0
0.019989013671875,0.0084075927734375,0.0072860717773437,0.0077438354492187,0.000563621520996,0.3,0
0.0,0.0013027191162109,0.012481689453125,0.02093505859375,0.0023918151855468,0.257,0
0.0032501220703125,0.0041961669921875,0.001535415649414,0.0016059875488281,0.000258445739746,0.3,1
0.00262451171875,0.00262451171875,0.0010738372802734,0.0013160705566406,9.5367431640625e-07,0.3,1
0.0036125183105468,0.0036125183105468,0.0006532669067382,0.000655174255371,0.0005006790161132,0.108,2
0.0012702941894531,0.0012702941894531,0.0009822845458984,0.0009841918945312,2.47955322265625e-05,0.295,1
0.009765625,0.009765625,0.001535415649414,0.0015411376953125,0.0005664825439453,0.3,0
0.0,0.0013027191162109,0.004974365234375,0.010162353515625,0.0005722045898437,0.3,0
0.1875,0.1041259765625,0.129638671875,0.129638671875,0.0017356872558593,0.3,3
0.0026054382324218,0.0026054382324218,0.001504898071289,0.0019912719726562,0.0002670288085937,0.3,1
0.0,0.0001649856567382,0.00018310546875,0.0001850128173828,5.054473876953125e-05,0.3,0
0.001138687133789,0.001138687133789,0.0004119873046875,0.0004129409790039,0.0002088546752929,0.3,1
0.1875,0.1041259765625,0.129638671875,0.129638671875,0.0017356872558593,0.3,3
0.0003852844238281,0.0003738403320312,0.0001802444458007,0.0002040863037109,4.76837158203125e-06,0.3,1
0.0,0.0054931640625,0.0010986328125,0.0011024475097656,0.0003385543823242,0.3,0
0.0021896362304687,0.0015621185302734,0.001504898071289,0.0016078948974609,1.621246337890625e-05,0.3,1
0.000227928161621,0.0001869201660156,0.000152587890625,0.00018310546875,0.0,0.241,1
0.0,0.0013027191162109,0.0045547485351562,0.0128936767578125,0.0008516311645507,0.1,0
0.00726318359375,0.0072555541992187,0.005401611328125,0.0054092407226562,0.0004854202270507,0.3,1
0.0021629333496093,0.0018939971923828,0.0016345977783203,0.0016727447509765,0.0002098083496093,0.3,1
0.0004034042358398,0.0003242492675781,0.0002346038818359,0.0002479553222656,0.0,0.3,1
0.0017833709716796,0.0014705657958984,0.0013675689697265,0.0015316009521484,1.9073486328125e-06,0.3,1
0.0,0.014404296875,0.019927978515625,0.020263671875,0.0001487731933593,0.3,0
0.1875,0.2587890625,0.22314453125,0.224365234375,0.0002908706665039,0.3,3
0.01080322265625,0.01080322265625,0.00848388671875,0.00848388671875,0.0008001327514648,0.3,1
0.000227928161621,0.0002126693725585,0.000152587890625,0.00018310546875,0.0,0.241,1
0.0,0.00262451171875,0.0,0.0,0.0,0.002,2
0.0083770751953125,0.0083770751953125,0.001077651977539,0.0012893676757812,0.0004167556762695,0.3,0
0.0016555786132812,0.0016555786132812,0.0014686584472656,0.0014686584472656,0.0005016326904296,0.003,1
0.006683349609375,0.0036125183105468,0.0006771087646484,0.0006790161132812,9.5367431640625e-07,0.3,0
0.027862548828125,0.025665283203125,0.002777099609375,0.0027847290039062,0.000554084777832,0.226,0
0.0032501220703125,0.0036849975585937,0.001535415649414,0.0016059875488281,0.000258445739746,0.3,1
0.0,0.0013027191162109,0.007904052734375,0.0154266357421875,0.0011463165283203,0.3,0
0.0,0.0013027191162109,0.014862060546875,0.01495361328125,0.0007925033569335,0.3,0
0.00390625,0.00390625,0.0009088516235351,0.0009117126464843,0.0001716613769531,0.3,0
0.0052108764648437,0.0052108764648437,0.0010910034179687,0.0011062622070312,0.0003108978271484,0.3,0
0.00262451171875,0.00262451171875,0.0017719268798828,0.0018730163574218,1.430511474609375e-05,0.3,1
0.0002355575561523,0.0002145767211914,7.62939453125e-06,7.62939453125e-06,9.5367431640625e-07,0.002,2
0.0052108764648437,0.0052108764648437,0.0010910034179687,0.0011062622070312,0.0003108978271484,0.3,0
0.0694580078125,0.03985595703125,0.010040283203125,0.0100860595703125,0.0010833740234375,0.3,0
0.0,0.0013027191162109,0.009002685546875,0.00958251953125,0.0013027191162109,0.3,0
0.0041885375976562,0.0024795532226562,9.72747802734375e-05,9.72747802734375e-05,0.0001630783081054,0.001,2
0.0,0.0013027191162109,0.01922607421875,0.0206298828125,0.0021095275878906,0.3,0
0.01556396484375,0.0007076263427734,0.003662109375,0.0039825439453125,2.86102294921875e-06,0.3,0
0.0012702941894531,0.0012454986572265,0.0009822845458984,0.0009841918945312,2.47955322265625e-05,0.295,1
0.0032501220703125,0.0036849975585937,0.001535415649414,0.0016059875488281,0.000258445739746,0.3,1
0.0009822845458984,0.0009584426879882,0.0005512237548828,0.0005521774291992,4.38690185546875e-05,0.3,1
0.0025520324707031,0.0025520324707031,9.5367431640625e-07,9.5367431640625e-07,0.0,0.001,2
0.0052108764648437,0.0052108764648437,0.0016651153564453,0.001749038696289,5.91278076171875e-05,0.3,0
0.0001955032348632,0.0001955032348632,9.250640869140624e-05,0.0001029968261718,9.5367431640625e-07,0.3,1
0.0,0.0013027191162109,0.01873779296875,0.01910400390625,0.002349853515625,0.3,0
0.0148468017578125,0.0052108764648437,0.0111083984375,0.0111541748046875,4.76837158203125e-06,0.3,1
0.0139312744140625,0.0139312744140625,0.006622314453125,0.0067520141601562,0.0040435791015625,0.3,0
0.0083770751953125,0.0066986083984375,0.001077651977539,0.0012893676757812,0.0004167556762695,0.3,0
0.0,0.0009145736694335,0.0040359497070312,0.0040359497070312,0.0003700256347656,0.3,0
0.1875,0.1041259765625,0.129638671875,0.129638671875,0.0017356872558593,0.3,3
0.0052108764648437,0.0052108764648437,0.00115966796875,0.0011615753173828,0.0002899169921875,0.3,0
0.0,0.0013027191162109,0.0046768188476562,0.0055618286132812,0.0023994445800781,0.3,0
0.0073623657226562,0.0066375732421875,0.0026588439941406,0.004180908203125,0.0008888244628906,0.099,1
0.0088653564453125,0.0088653564453125,0.0024986267089843,0.0025177001953125,0.0005617141723632,0.3,0
0.0052108764648437,0.0093536376953125,0.0030517578125,0.0030632019042968,3.4332275390625e-05,0.3,1
0.0029792785644531,0.0029792785644531,0.0006160736083984,0.0006170272827148,9.5367431640625e-07,0.3,0
0.00390625,0.00390625,9.441375732421876e-05,9.441375732421876e-05,0.0004043579101562,0.002,2
0.020416259765625,0.018341064453125,0.004669189453125,0.0047760009765625,9.632110595703124e-05,0.199,0
0.0014705657958984,0.00177001953125,0.00067138671875,0.0007076263427734,0.00048828125,0.077,1
0.0033683776855468,0.0033683776855468,0.0013275146484375,0.001626968383789,0.0005455017089843,0.3,1
0.0052108764648437,0.0052108764648437,0.0030326843261718,0.0034713745117187,0.0001544952392578,0.3,1
0.0012702941894531,0.0012702941894531,0.0009822845458984,0.0009841918945312,2.47955322265625e-05,0.295,1
0.0038833618164062,0.0038833618164062,0.0024757385253906,0.0025177001953125,0.0008869171142578,0.3,1
0.0003366470336914,0.0003366470336914,0.0002803802490234,0.0002985000610351,9.5367431640625e-06,0.3,1
0.0106201171875,0.0060577392578125,0.0078277587890625,0.008544921875,4.76837158203125e-06,0.3,1
0.008819580078125,0.0065078735351562,0.0065994262695312,0.0075759887695312,0.001138687133789,0.3,1
0.0021896362304687,0.0015621185302734,0.0013160705566406,0.0016536712646484,5.7220458984375e-06,0.3,1
0.0032501220703125,0.0041961669921875,0.001535415649414,0.0016059875488281,0.000258445739746,0.3,1
0.0104217529296875,0.0104217529296875,6.580352783203125e-05,6.961822509765625e-05,2.86102294921875e-06,0.003,2
0.0052108764648437,0.0052108764648437,0.0010910034179687,0.0011062622070312,0.0003108978271484,0.3,0
0.0,0.0013027191162109,0.01953125,0.023651123046875,0.0014381408691406,0.243,0
0.0,0.0013027191162109,9.5367431640625e-07,9.5367431640625e-07,0.001190185546875,0.003,2
0.00213623046875,0.0018234252929687,0.0014305114746093,0.0018234252929687,4.00543212890625e-05,0.3,1
0.0065078735351562,0.0065078735351562,0.0013866424560546,0.0025978088378906,1.9073486328125e-06,0.002,2
0.0036125183105468,0.0036125183105468,0.0006999969482421,0.0007009506225585,7.62939453125e-06,0.3,0
0.0,0.0003175735473632,0.000213623046875,0.000227928161621,0.0,0.3,0
0.0318603515625,0.0318603515625,0.02838134765625,0.02838134765625,0.0001258850097656,0.3,1
0.0148468017578125,0.0052108764648437,0.0111083984375,0.0111541748046875,4.76837158203125e-06,0.3,1
0.0,0.0150909423828125,0.0001420974731445,0.0001449584960937,1.621246337890625e-05,0.3,0
0.0032501220703125,0.0041961669921875,0.001535415649414,0.0016059875488281,0.000258445739746,0.3,1
0.0026054382324218,0.0026054382324218,0.0008449554443359,0.0008449554443359,0.0002546310424804,0.105,2
0.0018234252929687,0.0018234252929687,0.0009641647338867,0.0011348724365234,0.0004339218139648,0.045,1
0.00518798828125,0.0068130493164062,0.0010089874267578,0.0010261535644531,0.0005931854248046,0.3,0
0.003143310546875,0.01116943359375,0.0010852813720703,0.0011005401611328,9.918212890625e-05,0.3,0
0.00762939453125,0.00762939453125,0.0011978149414062,0.0011978149414062,0.0013999938964843,0.001,2
0.01116943359375,0.01116943359375,0.0074310302734375,0.01043701171875,0.0011425018310546,0.3,1
0.0,0.0013027191162109,0.0058364868164062,0.006072998046875,0.0024604797363281,0.3,0
0.0052108764648437,0.0052108764648437,0.0016651153564453,0.001749038696289,5.91278076171875e-05,0.3,0
0.0018234252929687,0.0018234252929687,0.0007400512695312,0.0008964538574218,0.0004997253417968,0.133,1
0.0,0.027252197265625,0.000126838684082,0.0001306533813476,1.811981201171875e-05,0.3,0
0.0032424926757812,0.0012779235839843,0.000624656677246,0.0006256103515625,2.86102294921875e-06,0.3,0
0.0104217529296875,0.0104217529296875,6.580352783203125e-05,6.961822509765625e-05,2.86102294921875e-06,0.003,2
0.0014705657958984,0.0014705657958984,0.0007209777832031,0.0007238388061523,0.0005073547363281,0.3,1
0.0052108764648437,0.0052108764648437,0.0018596649169921,0.0018882751464843,0.0001649856567382,0.3,0
0.0,0.0013027191162109,0.008880615234375,0.010040283203125,0.0012798309326171,0.3,0
0.008819580078125,0.00384521484375,0.0065994262695312,0.0075759887695312,0.001138687133789,0.3,1
0.0,0.0013027191162109,0.0022010803222656,0.004364013671875,0.0014324188232421,0.172,0
0.0016555786132812,0.0016555786132812,0.0014686584472656,0.0014686584472656,0.0005016326904296,0.003,1
0.0078125,0.0051803588867187,0.003875732421875,0.0050201416015625,0.0001335144042968,0.3,1
0.006622314453125,0.006622314453125,0.0052566528320312,0.0059127807617187,0.0004043579101562,0.3,1
0.0,0.006866455078125,0.01873779296875,0.01898193359375,0.000152587890625,0.3,0
0.0148468017578125,0.0052108764648437,0.0111083984375,0.0111541748046875,4.76837158203125e-06,0.3,1
0.0,0.0013027191162109,0.0,0.0,0.000406265258789,0.001,2
0.0,0.0013027191162109,0.0052871704101562,0.0052947998046875,0.0024795532226562,0.3,0
0.006500244140625,0.0065078735351562,0.0006999969482421,0.0007591247558593,0.0003204345703125,0.017,2
0.0061492919921875,0.0061492919921875,0.0003480911254882,0.0003480911254882,0.0005655288696289,0.003,2
0.0032424926757812,0.0032539367675781,0.0006084442138671,0.0006084442138671,0.0001344680786132,0.3,0
0.0004348754882812,0.0003843307495117,0.0002698898315429,0.0002822875976562,4.76837158203125e-06,0.3,1
0.0052108764648437,0.0052108764648437,0.0030326843261718,0.0034713745117187,0.0001544952392578,0.3,1
0.0002317428588867,0.0002155303955078,8.58306884765625e-06,8.58306884765625e-06,0.0,0.002,2
0.011016845703125,0.011016845703125,0.0008964538574218,0.000899314880371,7.62939453125e-06,0.3,0
0.014007568359375,0.014007568359375,0.009429931640625,0.009429931640625,1.9073486328125e-06,0.3,1
0.00518798828125,0.0068130493164062,0.0010089874267578,0.0010261535644531,0.0005931854248046,0.3,0
0.0104217529296875,0.0104217529296875,6.580352783203125e-05,6.961822509765625e-05,2.86102294921875e-06,0.003,2
0.0036201477050781,0.0036239624023437,0.0025215148925781,0.0025291442871093,0.0005388259887695,0.3,1
0.0029182434082031,0.0026054382324218,0.0021514892578125,0.0026054382324218,2.6702880859375e-05,0.3,1
0.0036125183105468,0.0036125183105468,0.0006952285766601,0.0006980895996093,0.0005035400390625,0.3,0
0.00390625,0.0014705657958984,0.00128173828125,0.0026741027832031,0.0004358291625976,0.3,1
0.0008134841918945,0.0005674362182617,0.0005102157592773,0.0005121231079101,0.0001630783081054,0.3,1
0.0033683776855468,0.0033683776855468,0.002593994140625,0.0,0.0004024505615234,0.3,1
0.00390625,0.00390625,0.001190185546875,0.001199722290039,0.0001144409179687,0.3,0
0.006500244140625,0.0065078735351562,9.5367431640625e-07,9.5367431640625e-07,0.0,0.001,2
0.0,0.0013027191162109,0.020233154296875,0.02099609375,0.0012550354003906,0.3,0
0.0001955032348632,0.0001945495605468,9.250640869140624e-05,0.0001029968261718,9.5367431640625e-07,0.3,1
0.006011962890625,0.0057296752929687,0.0038948059082031,0.0039215087890625,0.000248908996582,0.3,1
0.0001955032348632,0.0002002716064453,9.250640869140624e-05,0.0001029968261718,9.5367431640625e-07,0.3,1
0.023284912109375,0.020965576171875,0.01824951171875,0.018798828125,0.0006866455078125,0.3,1
0.006866455078125,0.006866455078125,0.0051193237304687,0.0051498413085937,8.96453857421875e-05,0.3,1
0.0083770751953125,0.0066986083984375,0.001077651977539,0.0012893676757812,0.0004167556762695,0.3,0
0.000227928161621,0.0002155303955078,0.000152587890625,0.00018310546875,0.0,0.241,1
0.0016555786132812,0.0016555786132812,0.0014686584472656,0.0014686584472656,0.0005016326904296,0.003,1
0.0,0.0013027191162109,0.0007410049438476,0.0007410049438476,0.0005884170532226,0.3,0
0.0001955032348632,0.000213623046875,9.250640869140624e-05,0.0001029968261718,9.5367431640625e-07,0.3,1
0.03265380859375,0.02874755859375,0.02008056640625,0.022003173828125,0.0010929107666015,0.3,1
0.0013027191162109,0.0013027191162109,0.0010509490966796,0.0010585784912109,7.915496826171875e-05,0.3,1
0.010894775390625,0.010894775390625,0.0097198486328125,0.009857177734375,0.0006847381591796,0.3,1
0.0,0.0013027191162109,0.01922607421875,0.0206298828125,0.0021095275878906,0.3,0
0.0016155242919921,0.0016155242919921,3.337860107421875e-05,3.337860107421875e-05,8.58306884765625e-06,0.002,2
0.0,0.0032501220703125,0.0001430511474609,0.0001468658447265,2.288818359375e-05,0.3,0
0.0,0.00262451171875,0.0,0.0,0.0,0.002,2
0.0106201171875,0.0106201171875,0.0045242309570312,0.004608154296875,0.0001535415649414,0.3,1
0.0,0.0013027191162109,0.019287109375,0.020599365234375,0.0011310577392578,0.3,0
0.1875,0.2587890625,0.2216796875,0.22216796875,0.0010700225830078,0.3,3
0.0003671646118164,0.0003728866577148,0.0002317428588867,0.0002803802490234,9.5367431640625e-07,0.3,1
0.0052108764648437,0.0052108764648437,0.0018596649169921,0.0018882751464843,0.0001649856567382,0.3,0
0.0,0.0013027191162109,1.9073486328125e-06,1.9073486328125e-06,9.822845458984376e-05,0.004,2
0.0051345825195312,0.0051345825195312,0.0024375915527343,0.00250244140625,0.0004568099975585,0.3,1
0.0,0.0013027191162109,0.0010356903076171,0.008514404296875,0.0007505416870117,0.023,2
0.0004310607910156,0.0003652572631835,0.0002689361572265,0.0003032684326171,9.5367431640625e-07,0.3,1
0.0027313232421875,0.0028572082519531,0.0010356903076171,0.0010509490966796,9.632110595703124e-05,0.3,1
0.0023880004882812,0.0027694702148437,0.0017070770263671,0.0021171569824218,0.0003881454467773,0.159,1
0.01116943359375,0.01116943359375,0.0072097778320312,0.0105438232421875,0.0009098052978515,0.3,1
0.0106201171875,0.0106201171875,0.0045242309570312,0.004608154296875,0.0001535415649414,0.3,1
0.0001955032348632,0.0002164840698242,0.000131607055664,0.0001373291015625,0.0,0.3,1
0.0032501220703125,0.0036849975585937,0.001535415649414,0.0016059875488281,0.000258445739746,0.3,1
0.0416259765625,0.0017528533935546,0.0345458984375,0.03485107421875,0.0001811981201171,0.3,1
0.0,0.0013027191162109,1.1444091796875e-05,7.43865966796875e-05,0.0003986358642578,0.007,2
0.0065078735351562,0.0065078735351562,0.0030097961425781,0.0037956237792968,0.0004444122314453,0.097,1
0.0050125122070312,0.0033836364746093,0.0026702880859375,0.0026702880859375,0.0005407333374023,0.3,1
0.0625,0.0056838989257812,0.05145263671875,0.05181884765625,0.0001459121704101,0.3,1
0.0,0.0013027191162109,9.5367431640625e-07,9.5367431640625e-07,0.0,0.001,2
0.0002317428588867,0.0002088546752929,8.58306884765625e-06,8.58306884765625e-06,0.0,0.002,2
0.006683349609375,0.0036125183105468,0.0006771087646484,0.0006790161132812,9.5367431640625e-07,0.3,0
0.0072174072265625,0.0118255615234375,0.0037765502929687,0.0037918090820312,0.0012741088867187,0.148,1
0.0416259765625,0.0027580261230468,0.0032196044921875,0.0032234191894531,0.0001983642578125,0.3,0
0.00390625,0.00390625,0.0011177062988281,0.0014286041259765,2.6702880859375e-05,0.3,0
0.0014705657958984,0.0014705657958984,0.0007209777832031,0.0007219314575195,0.0004329681396484,0.13,1
0.0,0.0013027191162109,0.000584602355957,0.0007963180541992,0.0004186630249023,0.012,2
0.03460693359375,0.03460693359375,0.0179443359375,0.01800537109375,9.5367431640625e-07,0.206,1
0.0032501220703125,0.0036849975585937,0.001535415649414,0.0016059875488281,0.000258445739746,0.3,1
0.014007568359375,0.0040664672851562,0.00958251953125,0.00958251953125,0.000131607055664,0.3,1
0.006683349609375,0.0036125183105468,0.0006771087646484,0.0006790161132812,9.5367431640625e-07,0.3,0
0.017425537109375,0.017425537109375,0.004974365234375,0.00506591796875,9.822845458984376e-05,0.3,0
0.0002317428588867,0.0002088546752929,8.58306884765625e-06,8.58306884765625e-06,0.0,0.002,2
0.04296875,0.0390625,0.027008056640625,0.02728271484375,2.86102294921875e-06,0.3,1
0.000441551208496,0.0003385543823242,0.0002832412719726,0.0003013610839843,0.0,0.3,1
0.0024528503417968,0.0024528503417968,0.0013504028320312,0.0019435882568359,0.0005855560302734,0.041,1
0.0015621185302734,0.0015621185302734,0.0007257461547851,0.0007276535034179,0.0002546310424804,0.291,1
0.0050125122070312,0.0045166015625,0.0026702880859375,0.0026702880859375,0.0005407333374023,0.3,1
0.00390625,0.00390625,0.0015144348144531,0.0017890930175781,0.000411033630371,0.3,1
0.0008134841918945,0.0005674362182617,0.0005102157592773,0.0005121231079101,0.0001630783081054,0.3,1
0.006866455078125,0.006866455078125,0.0052032470703125,0.0052413940429687,9.059906005859376e-05,0.3,1
0.0001955032348632,0.000192642211914,9.250640869140624e-05,0.0001029968261718,9.5367431640625e-07,0.3,1
0.0050125122070312,0.0045166015625,0.0026702880859375,0.0026702880859375,0.0005407333374023,0.3,1
0.0022773742675781,0.0022811889648437,0.0002574920654296,0.0002574920654296,0.0001354217529296,0.002,2
0.0002317428588867,0.0002317428588867,8.58306884765625e-06,8.58306884765625e-06,0.0,0.002,2
0.006500244140625,0.0065078735351562,9.5367431640625e-07,9.5367431640625e-07,0.0,0.001,2
0.0,0.0013027191162109,0.0069580078125,0.0104522705078125,0.0002956390380859,0.3,0
0.0,0.0028190612792968,0.0039443969726562,0.0039596557617187,0.0003786087036132,0.3,0
0.00262451171875,0.00262451171875,0.0003395080566406,0.0007743835449218,0.0002946853637695,0.004,2
0.1009521484375,0.187744140625,0.0005731582641601,0.0005731582641601,0.0005617141723632,0.004,2
0.0,0.0013027191162109,0.019287109375,0.02044677734375,0.0024795532226562,0.3,0
0.0032424926757812,0.0024452209472656,0.0006723403930664,0.0006742477416992,7.62939453125e-06,0.3,0
0.00262451171875,0.00262451171875,0.001230239868164,0.0014114379882812,0.0005855560302734,0.3,1
0.1875,0.189697265625,0.11328125,0.1134033203125,0.0004892349243164,0.3,3
0.0,0.0038566589355468,0.001953125,0.0019645690917968,0.0008172988891601,0.3,0
0.0,0.0013027191162109,0.0046768188476562,0.0055618286132812,0.0023994445800781,0.3,0
0.0052108764648437,0.0052108764648437,0.0030326843261718,0.0034713745117187,0.0001544952392578,0.3,1
0.0002927780151367,0.0002927780151367,0.0001649856567382,0.0002050399780273,7.62939453125e-06,0.3,1
0.0,0.0077133178710937,0.0005931854248046,0.0005989074707031,0.0001478195190429,0.3,0
0.0,0.0024452209472656,0.0041656494140625,0.0041732788085937,0.0001306533813476,0.3,0
0.0012702941894531,0.0012454986572265,0.0009822845458984,0.0009841918945312,2.47955322265625e-05,0.295,1
0.00262451171875,0.00262451171875,0.0011024475097656,0.001443862915039,5.7220458984375e-06,0.3,1
0.022552490234375,0.022552490234375,0.0110626220703125,0.01129150390625,0.0006351470947265,0.3,1
0.0,0.0013027191162109,0.009002685546875,0.00958251953125,0.0013027191162109,0.3,0
0.04888916015625,0.0123748779296875,0.04376220703125,0.0443115234375,0.0005741119384765,0.3,1
0.0,0.0013027191162109,0.012359619140625,0.01495361328125,0.0006074905395507,0.3,0
0.0057296752929687,0.0057296752929687,0.003631591796875,0.0036506652832031,0.0002851486206054,0.3,1
0.0052108764648437,0.0052108764648437,0.0010910034179687,0.0011062622070312,0.0003108978271484,0.3,0
0.0,0.0013027191162109,0.01953125,0.023651123046875,0.0014381408691406,0.243,0
0.0052108764648437,0.0052108764648437,0.0018596649169921,0.0018882751464843,0.0001649856567382,0.3,0
0.0,0.0013027191162109,9.5367431640625e-07,9.5367431640625e-07,0.0004138946533203,0.003,2
0.0014915466308593,0.0044631958007812,0.0008649826049804,0.001138687133789,4.673004150390625e-05,0.3,1
0.00262451171875,0.00262451171875,0.0008134841918945,0.0008583068847656,0.0002069473266601,0.089,2
0.0,0.0013027191162109,0.0082550048828125,0.0153350830078125,0.0012779235839843,0.3,0
0.021484375,0.025177001953125,0.0037307739257812,0.0039215087890625,0.0004644393920898,0.3,0
0.0008068084716796,0.0008068084716796,0.0006971359252929,0.0006971359252929,6.771087646484375e-05,0.3,1
0.0032501220703125,0.0036849975585937,0.001535415649414,0.0016059875488281,0.000258445739746,0.3,1
0.006500244140625,0.0065078735351562,9.5367431640625e-07,9.5367431640625e-07,0.0,0.001,2
0.0,0.0013027191162109,0.00982666015625,0.013671875,0.0005273818969726,0.3,0
0.0026054382324218,0.0026054382324218,0.0006675720214843,0.0006675720214843,0.0004243850708007,0.016,2
0.0,0.0013027191162109,0.0092010498046875,0.02239990234375,0.0014972686767578,0.235,0
0.0018482208251953,0.0018482208251953,2.384185791015625e-05,2.47955322265625e-05,0.0003280639648437,0.004,2
0.00262451171875,0.00262451171875,0.0003395080566406,0.0007743835449218,0.0002946853637695,0.004,2
0.0036125183105468,0.0036125183105468,9.5367431640625e-07,9.5367431640625e-07,0.0,0.001,2
0.0028457641601562,0.0028533935546875,0.0025138854980468,0.0025405883789062,0.000309944152832,0.041,1
0.0,0.005859375,0.0049362182617187,0.0058746337890625,1.52587890625e-05,0.3,0
0.0018234252929687,0.0018234252929687,0.0007400512695312,0.0008964538574218,0.0004997253417968,0.133,1
0.0032424926757812,0.0024452209472656,0.0006122589111328,0.0006132125854492,6.67572021484375e-06,0.3,0
0.0,0.0013027191162109,0.0036125183105468,0.00787353515625,0.0011806488037109,0.3,0
0.0065078735351562,0.0065078735351562,0.0001173019409179,0.0001192092895507,1.9073486328125e-06,0.003,2
0.0,0.0013027191162109,0.0052871704101562,0.0052947998046875,0.0024795532226562,0.3,0
0.0014705657958984,0.0014705657958984,0.0010643005371093,0.0013599395751953,0.0002336502075195,0.3,1
0.0,0.0013027191162109,0.01953125,0.023651123046875,0.0014381408691406,0.243,0
0.04296875,0.0390625,0.027008056640625,0.02728271484375,2.86102294921875e-06,0.3,1
0.0065078735351562,0.0065078735351562,0.0030097961425781,0.0037956237792968,0.0004444122314453,0.097,1
0.0003023147583007,0.000309944152832,0.0001964569091796,0.0002260208129882,0.0,0.053,1
0.0032501220703125,0.0036849975585937,0.001535415649414,0.0016059875488281,0.000258445739746,0.3,1
0.0001964569091796,0.0002117156982421,9.34600830078125e-05,0.000101089477539,0.0,0.3,1
0.0002317428588867,0.0002088546752929,8.58306884765625e-06,8.58306884765625e-06,0.0,0.002,2
0.0094757080078125,0.0094757080078125,0.0087127685546875,0.0087127685546875,9.5367431640625e-07,0.3,1
0.0130157470703125,0.0130157470703125,9.5367431640625e-07,9.5367431640625e-07,0.0,0.001,2
0.00390625,0.00390625,0.0015144348144531,0.0017890930175781,0.000411033630371,0.3,1
0.0040130615234375,0.0045547485351562,0.0028343200683593,0.0028572082519531,0.0011539459228515,0.3,1
0.00390625,0.00390625,0.0009088516235351,0.0009117126464843,0.0001716613769531,0.3,0
0.0,0.00262451171875,0.0,0.0,0.0,0.002,2
0.0,0.0013027191162109,0.01409912109375,0.017608642578125,0.0012741088867187,0.3,0
0.0,0.0013027191162109,0.0067062377929687,0.008026123046875,0.0008716583251953,0.3,0
0.0052108764648437,0.0052108764648437,0.0010910034179687,0.0011062622070312,0.0003108978271484,0.3,0
0.0,0.0013027191162109,9.5367431640625e-07,9.5367431640625e-07,0.0001039505004882,0.004,2
0.0,0.00262451171875,0.0001430511474609,0.0001468658447265,2.288818359375e-05,0.3,0
0.0008125305175781,0.0007743835449218,9.5367431640625e-07,9.5367431640625e-07,0.0,0.001,2
0.0,0.0013027191162109,9.5367431640625e-07,9.5367431640625e-07,0.0003557205200195,0.001,2
0.0,0.0043869018554687,0.0042572021484375,0.0042800903320312,0.0002241134643554,0.3,0
0.0004348754882812,0.0003366470336914,0.0002698898315429,0.0002822875976562,4.76837158203125e-06,0.3,1
0.0,0.0013027191162109,0.0126495361328125,0.012786865234375,0.0005807876586914,0.3,0
0.0106201171875,0.0106201171875,0.0078277587890625,0.008544921875,4.76837158203125e-06,0.3,1
0.0052108764648437,0.0052108764648437,0.0008525848388671,0.0015411376953125,0.0003948211669921,0.024,2
0.0,0.0013027191162109,0.0,0.0,0.0004129409790039,0.001,2
0.006683349609375,0.0036125183105468,0.0006771087646484,0.0006790161132812,9.5367431640625e-07,0.3,0
0.0731201171875,0.0731201171875,0.00335693359375,0.0033798217773437,0.0007581710815429,0.3,0
0.011016845703125,0.011016845703125,0.0008964538574218,0.000899314880371,7.62939453125e-06,0.3,0
0.0,0.0013027191162109,0.0024795532226562,0.0030517578125,7.534027099609375e-05,0.079,2
0.0002717971801757,0.0002851486206054,7.62939453125e-05,7.62939453125e-05,9.5367431640625e-06,0.002,2
0.0032424926757812,0.00640869140625,0.0006723403930664,0.0006742477416992,7.62939453125e-06,0.3,0
0.0,0.0013027191162109,1.1444091796875e-05,7.43865966796875e-05,0.0003986358642578,0.007,2
0.0,0.0013027191162109,0.0069580078125,0.0104522705078125,0.0002956390380859,0.3,0
0.0225830078125,0.019561767578125,0.0106201171875,0.0107421875,0.0006294250488281,0.3,1
0.00726318359375,0.0072555541992187,0.005401611328125,0.0054092407226562,0.0004854202270507,0.3,1
0.00262451171875,0.00262451171875,0.0008888244628906,0.0010643005371093,0.0003223419189453,0.189,1
0.0063247680664062,0.0063247680664062,0.0048370361328125,0.0048446655273437,0.0003700256347656,0.3,1
0.078125,0.078125,0.0738525390625,0.0750732421875,0.0005884170532226,0.3,3
0.009368896484375,0.154052734375,1.9073486328125e-05,2.09808349609375e-05,0.0,0.01,2
0.01116943359375,0.01312255859375,0.0072097778320312,0.0105438232421875,0.0009098052978515,0.3,1
0.001953125,0.001953125,0.0011310577392578,0.0014915466308593,0.000288963317871,0.3,1
0.0003366470336914,0.0003366470336914,0.0002803802490234,0.0002985000610351,9.5367431640625e-06,0.3,1
0.00390625,0.00390625,0.0023269653320312,0.0023307800292968,4.57763671875e-05,0.3,1
0.006500244140625,0.0065078735351562,9.5367431640625e-07,9.5367431640625e-07,0.0,0.001,2
0.0104217529296875,0.0104217529296875,6.580352783203125e-05,6.961822509765625e-05,2.86102294921875e-06,0.003,2
0.0130157470703125,0.0130157470703125,9.5367431640625e-07,9.5367431640625e-07,0.0,0.001,2
0.006683349609375,0.0036125183105468,0.0006961822509765,0.0006980895996093,1.1444091796875e-05,0.3,0
0.0,0.0013027191162109,9.5367431640625e-07,9.5367431640625e-07,0.0,0.001,2
0.0,0.00262451171875,0.0,0.0,0.0,0.002,2
0.0021896362304687,0.0015621185302734,0.0013236999511718,0.0016326904296875,4.9591064453125e-05,0.3,1
0.0106201171875,0.0104217529296875,0.0072860717773437,0.00732421875,0.000533103942871,0.3,1
0.0,0.0013027191162109,0.0066299438476562,0.0099639892578125,0.0009479522705078,0.3,0
0.0,0.0013027191162109,0.0135955810546875,0.0142669677734375,0.0005931854248046,0.3,0
0.0104217529296875,0.0104217529296875,6.580352783203125e-05,6.961822509765625e-05,2.86102294921875e-06,0.003,2
0.0104217529296875,0.0104217529296875,6.580352783203125e-05,6.961822509765625e-05,2.86102294921875e-06,0.003,2
0.0024490356445312,0.0018234252929687,0.0011157989501953,0.0011501312255859,0.0001344680786132,0.3,1
0.0416259765625,0.0013160705566406,0.0032196044921875,0.0032234191894531,0.0001983642578125,0.3,0
0.00390625,0.00390625,0.0005645751953125,0.0005674362182617,1.9073486328125e-06,0.174,2
0.0,0.0003175735473632,0.0002288818359375,0.0002326965332031,9.5367431640625e-07,0.3,0
0.000227928161621,0.0002622604370117,0.000152587890625,0.00018310546875,0.0,0.241,1
0.0,0.0013027191162109,0.010101318359375,0.010162353515625,0.0002784729003906,0.072,2
0.006500244140625,0.0065078735351562,9.5367431640625e-07,9.5367431640625e-07,0.0,0.001,2
0.011016845703125,0.011016845703125,0.0008964538574218,0.000899314880371,7.62939453125e-06,0.3,0
0.006683349609375,0.0036125183105468,0.0006771087646484,0.0006790161132812,9.5367431640625e-07,0.3,0
0.0123748779296875,0.0123748779296875,5.14984130859375e-05,5.14984130859375e-05,0.0002498626708984,0.001,2
0.009521484375,0.005706787109375,0.0023040771484375,0.0029640197753906,0.0001821517944335,0.3,0
0.006683349609375,0.0036125183105468,0.0006771087646484,0.0006790161132812,9.5367431640625e-07,0.3,0
0.0065078735351562,0.0065078735351562,0.0030097961425781,0.0037956237792968,0.0004444122314453,0.097,1
0.0002326965332031,0.0001840591430664,0.0001173019409179,0.0001182556152343,8.58306884765625e-06,0.004,2
0.011016845703125,0.011016845703125,0.0008964538574218,0.000899314880371,7.62939453125e-06,0.3,0
0.0038299560546875,0.0028495788574218,0.0028800964355468,0.0028915405273437,0.0002241134643554,0.3,1
0.0032539367675781,0.020263671875,0.0008821487426757,0.000885009765625,3.814697265625e-06,0.3,0
0.0,0.00262451171875,0.0,0.0,0.0,0.002,2
0.0,0.003692626953125,0.0039138793945312,0.0039138793945312,0.000288963317871,0.3,0
0.0,0.0013027191162109,9.5367431640625e-07,9.5367431640625e-07,0.0004138946533203,0.003,2
0.05645751953125,0.01336669921875,0.000655174255371,0.0006561279296875,0.0003633499145507,0.3,0
0.0008134841918945,0.0005674362182617,0.0005102157592773,0.0005121231079101,0.0001630783081054,0.3,1
0.0037765502929687,0.0008554458618164,0.0013027191162109,0.0013046264648437,4.100799560546875e-05,0.3,0
0.011016845703125,0.011016845703125,0.0008964538574218,0.000899314880371,7.62939453125e-06,0.3,0
0.00262451171875,0.00262451171875,0.000101089477539,0.000101089477539,0.0005369186401367,0.001,2
0.0036125183105468,0.0036125183105468,9.5367431640625e-07,9.5367431640625e-07,0.0,0.001,2
0.0033683776855468,0.0033683776855468,0.0023460388183593,0.0,0.0004081726074218,0.3,1
0.0,0.0013027191162109,9.5367431640625e-07,9.5367431640625e-07,0.0006589889526367,0.005,2
0.0032539367675781,0.0032539367675781,0.0013999938964843,0.0013999938964843,0.0004243850708007,0.009,2
0.010162353515625,0.010162353515625,0.0071182250976562,0.0071640014648437,0.0008745193481445,0.3,1
0.0017166137695312,0.0017166137695312,0.0005979537963867,0.0005979537963867,0.0005979537963867,0.002,2
0.0123748779296875,0.0123748779296875,5.14984130859375e-05,5.14984130859375e-05,0.0002498626708984,0.001,2
0.0013904571533203,0.0013904571533203,0.0008668899536132,0.000868797302246,4.9591064453125e-05,0.083,1
0.0015621185302734,0.015899658203125,0.0010967254638671,0.0013504028320312,9.5367431640625e-06,0.3,1
0.0052108764648437,0.0052108764648437,0.0010910034179687,0.0011062622070312,0.0003108978271484,0.3,0
0.0002317428588867,0.0002088546752929,8.58306884765625e-06,8.58306884765625e-06,0.0,0.002,2
0.0004310607910156,0.0003652572631835,0.0002689361572265,0.0003032684326171,9.5367431640625e-07,0.3,1
0.07421875,0.07421875,0.04644775390625,0.05133056640625,5.53131103515625e-05,0.3,1
0.0130462646484375,0.0130615234375,0.0018558502197265,0.0018577575683593,0.0002288818359375,0.3,0
0.0010318756103515,0.0009584426879882,0.0006837844848632,0.000685691833496,0.0001420974731445,0.3,1
0.0050125122070312,0.0033836364746093,0.0026702880859375,0.0026702880859375,0.0005407333374023,0.3,1
0.1875,0.189697265625,0.11328125,0.1134033203125,0.0004892349243164,0.3,3
0.0001955032348632,0.000192642211914,9.250640869140624e-05,0.0001029968261718,9.5367431640625e-07,0.3,1
0.0,0.0013027191162109,0.0108795166015625,0.0126190185546875,0.0001916885375976,0.3,0
0.0,0.0013027191162109,9.5367431640625e-07,9.5367431640625e-07,0.0,0.001,2
0.0050735473632812,0.0033683776855468,0.0031089782714843,0.0031166076660156,0.000737190246582,0.3,1
0.0,0.0036125183105468,0.028564453125,0.028594970703125,0.0002517700195312,0.3,0
0.0030937194824218,0.0030937194824218,0.0023269653320312,0.0023307800292968,0.0001258850097656,0.3,1
0.1875,0.1041259765625,0.129638671875,0.129638671875,0.0017356872558593,0.3,3
0.1024169921875,0.1019287109375,0.04718017578125,0.04718017578125,0.0009737014770507,0.3,3
0.01080322265625,0.01080322265625,0.00848388671875,0.00848388671875,0.0008001327514648,0.3,1
0.009185791015625,0.0066146850585937,0.003936767578125,0.0067138671875,0.0002260208129882,0.3,1
0.1875,0.10498046875,0.0010337829589843,0.0011959075927734,0.0002679824829101,0.143,2
0.006500244140625,0.0065078735351562,9.5367431640625e-07,9.5367431640625e-07,0.0,0.001,2
0.000227928161621,0.000218391418457,0.000152587890625,0.00018310546875,0.0,0.241,1
0.000436782836914,0.0028572082519531,0.0003032684326171,0.0003108978271484,0.0,0.3,1
0.0002355575561523,0.0002527236938476,7.62939453125e-06,7.62939453125e-06,9.5367431640625e-07,0.002,2
0.000227928161621,0.000223159790039,0.000152587890625,0.00018310546875,0.0,0.241,1
0.0065078735351562,0.0065078735351562,0.0017414093017578,0.0023078918457031,3.4332275390625e-05,0.016,2
0.0015621185302734,0.0106353759765625,9.5367431640625e-07,9.5367431640625e-07,0.0,0.001,2
0.0002317428588867,0.0001993179321289,8.58306884765625e-06,8.58306884765625e-06,0.0,0.002,2
0.0,0.0013027191162109,0.0071182250976562,0.00726318359375,0.000645637512207,0.3,0
0.0014705657958984,0.0014705657958984,9.918212890625e-05,9.918212890625e-05,3.0517578125e-05,0.001,2
0.0004310607910156,0.0004224777221679,0.0002689361572265,0.0003032684326171,9.5367431640625e-07,0.3,1
0.0015792846679687,0.0015792846679687,0.0003423690795898,0.0003442764282226,0.0003890991210937,0.004,2
0.011016845703125,0.011016845703125,0.0008964538574218,0.000899314880371,7.62939453125e-06,0.3,0
0.001953125,0.001953125,0.0011348724365234,0.0013694763183593,0.0005369186401367,0.3,1
0.0025405883789062,0.0075225830078125,0.0003881454467773,0.0004396438598632,0.0003280639648437,0.003,2
0.0026054382324218,0.0026054382324218,0.0014896392822265,0.0014915466308593,0.0005569458007812,0.003,1
0.0033683776855468,0.0033683776855468,0.0022087097167968,0.0,0.0004081726074218,0.3,1
0.006500244140625,0.0065078735351562,9.5367431640625e-07,9.5367431640625e-07,0.0,0.001,2
0.0104217529296875,0.0104217529296875,6.580352783203125e-05,6.961822509765625e-05,2.86102294921875e-06,0.003,2
0.0,0.0013027191162109,0.01922607421875,0.0206298828125,0.0021095275878906,0.3,0
0.0083770751953125,0.0066986083984375,0.001077651977539,0.0012893676757812,0.0004167556762695,0.3,0
0.0069046020507812,0.0059356689453125,0.0018291473388671,0.0025253295898437,0.0001792907714843,0.3,0
0.0,0.0013027191162109,0.000584602355957,0.0007963180541992,0.0004186630249023,0.012,2
0.006683349609375,0.0036125183105468,0.0006771087646484,0.0006790161132812,9.5367431640625e-07,0.3,0
0.0038414001464843,0.0036697387695312,0.0013923645019531,0.0014228820800781,6.580352783203125e-05,0.3,0
0.0106201171875,0.0106201171875,0.0052642822265625,0.0054092407226562,0.0002307891845703,0.3,1
0.0002050399780273,0.0003252029418945,0.0001354217529296,0.0001382827758789,4.1961669921875e-05,0.3,1
0.0,0.0013027191162109,0.0052871704101562,0.0052947998046875,0.0024795532226562,0.3,0
0.0,0.0013027191162109,0.0067062377929687,0.008026123046875,0.0008716583251953,0.3,0
0.0002317428588867,0.0002088546752929,8.58306884765625e-06,8.58306884765625e-06,0.0,0.002,2
0.004364013671875,0.004364013671875,0.00225830078125,0.0023002624511718,0.0002937316894531,0.3,1
0.0,0.0013027191162109,0.010101318359375,0.010162353515625,0.0002784729003906,0.072,2
0.0,0.0013027191162109,0.0047760009765625,0.00994873046875,0.0012741088867187,0.3,0
0.03265380859375,0.03265380859375,0.01953125,0.0208740234375,0.0021553039550781,0.3,1
0.0101776123046875,0.0125274658203125,0.0011272430419921,0.0011520385742187,9.5367431640625e-07,0.3,0
0.000227928161621,0.000227928161621,0.000152587890625,0.00018310546875,0.0,0.241,1
0.0,0.0003175735473632,0.0002326965332031,0.0002384185791015,3.814697265625e-06,0.3,0
0.0,0.0001907348632812,0.0,0.0,9.5367431640625e-07,0.3,0
0.0,0.0059738159179687,0.0037307739257812,0.0037612915039062,0.0009212493896484,0.3,0
0.0057296752929687,0.0057296752929687,0.0038871765136718,0.0040740966796875,0.0001764297485351,0.3,1
0.00262451171875,0.004913330078125,0.0003547668457031,0.0007562637329101,9.5367431640625e-07,0.007,2
0.0,0.05474853515625,0.04949951171875,0.0496826171875,0.0019359588623046,0.3,0
0.0,0.00262451171875,0.0,0.0,0.0,0.002,2
0.0032501220703125,0.0036849975585937,0.001535415649414,0.0016059875488281,0.000258445739746,0.3,1
0.0128326416015625,0.014007568359375,0.006103515625,0.0061798095703125,0.0011844635009765,0.3,1
0.0048370361328125,0.0030326843261718,0.0016231536865234,0.0016422271728515,1.239776611328125e-05,0.3,0
0.0,0.01959228515625,0.0142059326171875,0.0142364501953125,0.0013236999511718,0.3,0
0.0044326782226562,0.0044326782226562,0.0006971359252929,0.0006971359252929,0.0006732940673828,0.001,2
0.00262451171875,0.0024757385253906,0.0010833740234375,0.0011711120605468,0.0004692077636718,0.105,1
0.0026054382324218,0.0026054382324218,0.0009698867797851,0.0013942718505859,0.0005722045898437,0.3,1
0.0032501220703125,0.0036849975585937,0.001535415649414,0.0016059875488281,0.000258445739746,0.3,1
0.0020751953125,0.0020751953125,0.0005912780761718,0.0005950927734375,0.0003328323364257,0.3,1
0.0104217529296875,0.0104217529296875,6.580352783203125e-05,6.961822509765625e-05,2.86102294921875e-06,0.003,2
0.0,0.0013027191162109,0.0066070556640625,0.0111846923828125,0.0007076263427734,0.3,0
0.0035858154296875,0.003509521484375,0.0012149810791015,0.0012474060058593,7.534027099609375e-05,0.3,0
0.0083770751953125,0.0083770751953125,0.004302978515625,0.004302978515625,0.0004243850708007,0.021,2
0.01116943359375,0.00921630859375,0.0074310302734375,0.01043701171875,0.0011425018310546,0.3,1
0.0019130706787109,0.0016765594482421,0.0006723403930664,0.0006752014160156,0.0001096725463867,0.3,1
0.0018882751464843,0.0018882751464843,0.000711441040039,0.000711441040039,0.0005044937133789,0.003,2
0.013092041015625,0.013092041015625,0.0101776123046875,0.01019287109375,0.0012454986572265,0.3,1
0.0038070678710937,0.0038070678710937,0.0022430419921875,0.0022735595703125,2.86102294921875e-06,0.3,1
0.0106201171875,0.0010414123535156,0.0078277587890625,0.008544921875,4.76837158203125e-06,0.3,1
0.00390625,0.0489501953125,0.0011768341064453,0.0012531280517578,0.0002517700195312,0.3,0
0.0002317428588867,0.0002088546752929,8.58306884765625e-06,8.58306884765625e-06,0.0,0.002,2
0.0012702941894531,0.0012702941894531,0.0009822845458984,0.0009841918945312,2.47955322265625e-05,0.295,1
0.0073623657226562,0.0066375732421875,0.0026588439941406,0.004180908203125,0.0008888244628906,0.099,1
0.0002546310424804,0.0002546310424804,0.0001773834228515,0.0001850128173828,3.528594970703125e-05,0.3,1
0.0044479370117187,0.0050125122070312,0.0029640197753906,0.0032806396484375,0.0012779235839843,0.171,1
0.076171875,0.076171875,0.0631103515625,0.0631103515625,0.0015087127685546,0.039,3
0.0014705657958984,0.0010986328125,0.000166893005371,0.0001678466796875,0.0002431869506835,0.003,2
0.0,0.0013027191162109,0.0005998611450195,0.0008087158203125,0.0003271102905273,0.08,2
0.0,0.0013027191162109,9.5367431640625e-07,9.5367431640625e-07,0.0004138946533203,0.003,2
0.006683349609375,0.0036125183105468,0.0006771087646484,0.0006790161132812,9.5367431640625e-07,0.3,0
0.000227928161621,0.000227928161621,0.000152587890625,0.00018310546875,0.0,0.241,1
0.00262451171875,0.00262451171875,0.001230239868164,0.0014152526855468,8.7738037109375e-05,0.3,1
0.0,0.0013027191162109,0.0024795532226562,0.0030517578125,7.534027099609375e-05,0.079,2
0.0,0.00262451171875,0.0,0.0,0.0,0.002,2
0.010162353515625,0.010162353515625,0.0064315795898437,0.0064849853515625,0.0009117126464843,0.3,1
0.006500244140625,0.0065078735351562,9.5367431640625e-07,9.5367431640625e-07,0.0,0.001,2
0.0003366470336914,0.0003366470336914,0.0002803802490234,0.0002985000610351,9.5367431640625e-06,0.3,1
0.0037765502929687,0.0008554458618164,0.0013027191162109,0.0013046264648437,4.100799560546875e-05,0.3,0
0.0052108764648437,0.0052108764648437,0.0016651153564453,0.001749038696289,5.91278076171875e-05,0.3,0
0.0731201171875,0.0653076171875,0.00335693359375,0.0033798217773437,0.0007581710815429,0.3,0
0.0052108764648437,0.0052108764648437,0.0030326843261718,0.0034713745117187,0.0001544952392578,0.3,1
0.0052108764648437,0.0052108764648437,0.001220703125,0.0012226104736328,0.0005769729614257,0.3,0
0.000370979309082,0.000248908996582,9.5367431640625e-06,9.5367431640625e-06,9.5367431640625e-07,0.001,2
0.00262451171875,0.00262451171875,0.0015773773193359,0.0018997192382812,6.008148193359375e-05,0.3,1
0.017242431640625,0.017242431640625,0.0047531127929687,0.0055007934570312,0.0007781982421875,0.3,0
0.0032501220703125,0.0036849975585937,0.001535415649414,0.0016059875488281,0.000258445739746,0.3,1
0.0036125183105468,0.0036125183105468,0.0013427734375,0.0013446807861328,0.0005006790161132,0.3,1
0.03265380859375,0.02484130859375,0.02008056640625,0.022003173828125,0.0010929107666015,0.3,1
0.0004034042358398,0.0033607482910156,0.0002698898315429,0.0002851486206054,0.0,0.3,1
0.0002317428588867,0.0002088546752929,8.58306884765625e-06,8.58306884765625e-06,0.0,0.002,2
0.0027809143066406,0.00262451171875,0.0023269653320312,0.0023307800292968,0.0,0.3,1
0.006683349609375,0.0036125183105468,0.0006961822509765,0.0006980895996093,1.1444091796875e-05,0.3,0
0.006500244140625,0.0065078735351562,9.5367431640625e-07,9.5367431640625e-07,0.0,0.001,2
0.0027313232421875,0.0028572082519531,0.0010356903076171,0.0010509490966796,9.632110595703124e-05,0.3,1
0.0001955032348632,0.0002021789550781,9.250640869140624e-05,0.0001029968261718,9.5367431640625e-07,0.3,1
0.0065078735351562,0.0065078735351562,0.0030097961425781,0.0037956237792968,0.0004444122314453,0.097,1
0.0,0.0013027191162109,0.0069580078125,0.0104522705078125,0.0002956390380859,0.3,0
0.0,0.00262451171875,0.0,0.0,0.0,0.002,2
0.001953125,0.001953125,0.0011348724365234,0.0013694763183593,0.0005369186401367,0.3,1
0.1875,0.1041259765625,0.129638671875,0.129638671875,0.0017356872558593,0.3,3
0.04888916015625,0.0123748779296875,0.04376220703125,0.0443115234375,0.0005741119384765,0.3,1
0.0,0.0013027191162109,1.1444091796875e-05,7.43865966796875e-05,0.0003986358642578,0.007,2
0.001953125,0.001953125,0.0011348724365234,0.0013694763183593,0.0005369186401367,0.3,1
0.0,0.0013027191162109,0.011505126953125,0.0117340087890625,0.0005855560302734,0.3,0
0.0001955032348632,0.0002002716064453,9.250640869140624e-05,0.0001029968261718,9.5367431640625e-07,0.3,1
0.00262451171875,0.00262451171875,0.0003395080566406,0.0007743835449218,0.0002946853637695,0.004,2
0.0008134841918945,0.0005674362182617,0.0005102157592773,0.0005121231079101,0.0001630783081054,0.3,1
0.0,0.0013027191162109,0.0052871704101562,0.0052947998046875,0.0024795532226562,0.3,0
0.0059890747070312,0.0059890747070312,0.0001602172851562,0.0001611709594726,0.0001497268676757,0.003,2
0.0,0.0013027191162109,0.0076751708984375,0.0087738037109375,0.0008134841918945,0.3,0
0.00390625,0.00390625,0.0015144348144531,0.0017890930175781,0.000411033630371,0.3,1
0.009765625,0.009765625,0.001535415649414,0.0015411376953125,0.0005664825439453,0.3,0
0.000258445739746,0.000213623046875,0.0001306533813476,0.0001373291015625,8.58306884765625e-06,0.027,2
0.0037765502929687,0.0030860900878906,0.0013027191162109,0.0013046264648437,4.100799560546875e-05,0.3,0
0.0008134841918945,0.0008163452148437,0.0005102157592773,0.0005121231079101,0.0001630783081054,0.3,1
0.0094757080078125,0.0094757080078125,0.0087127685546875,0.0087127685546875,9.5367431640625e-07,0.3,1
0.0,0.0013027191162109,9.5367431640625e-07,9.5367431640625e-07,0.0,0.001,2
0.0,0.0013027191162109,0.0126495361328125,0.012786865234375,0.0005807876586914,0.3,0
0.0004034042358398,0.031005859375,0.0002346038818359,0.0002479553222656,0.0,0.3,1
0.0094757080078125,0.0094757080078125,0.0087127685546875,0.0087127685546875,9.5367431640625e-07,0.3,1
0.0065078735351562,0.0065078735351562,0.0030097961425781,0.0037956237792968,0.0004444122314453,0.097,1
0.0001955032348632,0.0002002716064453,9.250640869140624e-05,0.0001029968261718,9.5367431640625e-07,0.3,1
0.0033683776855468,0.0033683776855468,0.0013275146484375,0.001626968383789,0.0005455017089843,0.3,1
0.006683349609375,0.0036125183105468,0.0006771087646484,0.0006790161132812,9.5367431640625e-07,0.3,0
0.0,0.0013027191162109,0.008880615234375,0.010040283203125,0.0012798309326171,0.3,0
0.0002317428588867,0.0002088546752929,8.58306884765625e-06,8.58306884765625e-06,0.0,0.002,2
0.02532958984375,0.02972412109375,0.0050506591796875,0.0050582885742187,6.67572021484375e-06,0.3,0
0.0027313232421875,0.0028572082519531,0.0010356903076171,0.0010509490966796,9.632110595703124e-05,0.3,1
0.0,0.0013027191162109,0.0097503662109375,0.0098114013671875,7.05718994140625e-05,0.104,2
0.009765625,0.009765625,0.0016994476318359,0.0017051696777343,0.0004358291625976,0.3,0
0.017242431640625,0.0142822265625,0.0047531127929687,0.0055007934570312,0.0007781982421875,0.3,0
0.0052108764648437,0.0052108764648437,0.0016651153564453,0.001749038696289,5.91278076171875e-05,0.3,0
0.0032501220703125,0.0036849975585937,0.001535415649414,0.0016059875488281,0.000258445739746,0.3,1
0.0002803802490234,0.0002975463867187,0.0001478195190429,0.0001611709594726,8.58306884765625e-06,0.3,1
0.0052108764648437,0.0052108764648437,0.0018596649169921,0.0018882751464843,0.0001649856567382,0.3,0
0.0018234252929687,0.0018234252929687,0.0010528564453125,0.0014724731445312,0.0005254745483398,0.261,1
0.0,0.0013027191162109,0.0107879638671875,0.0129241943359375,0.0005865097045898,0.3,0
0.0056076049804687,0.0086822509765625,0.0044479370117187,0.0044479370117187,0.0,0.014,1
0.0130462646484375,0.0130615234375,0.0018558502197265,0.0018577575683593,0.0002288818359375,0.3,0
0.0055313110351562,0.0038032531738281,0.002593994140625,0.0028839111328125,0.0001993179321289,0.3,1
0.0035858154296875,0.003509521484375,0.0012149810791015,0.0012474060058593,7.534027099609375e-05,0.3,0
0.006683349609375,0.0036125183105468,0.0006771087646484,0.0006790161132812,9.5367431640625e-07,0.3,0
0.0,0.0038566589355468,0.002197265625,0.0022048950195312,0.0004329681396484,0.3,0
0.0,0.0013027191162109,0.006500244140625,0.0095977783203125,0.001251220703125,0.3,0
0.078125,0.078125,0.0738525390625,0.0750732421875,0.0005884170532226,0.3,3
0.0037422180175781,0.0019569396972656,0.0020179748535156,0.0020217895507812,0.0007238388061523,0.3,1
0.00262451171875,0.00262451171875,0.0003395080566406,0.0007743835449218,0.0002946853637695,0.004,2
0.0015621185302734,0.0015621185302734,0.0006484985351562,0.0006847381591796,0.0002479553222656,0.3,1
0.0030326843261718,0.0014514923095703,0.000838279724121,0.0008430480957031,0.0002660751342773,0.3,0
0.0,0.0060348510742187,0.001779556274414,0.0017871856689453,0.0013542175292968,0.3,0
0.0002098083496093,0.0001993179321289,1.049041748046875e-05,1.1444091796875e-05,9.5367431640625e-06,0.004,2
0.0102691650390625,0.0102691650390625,0.0046157836914062,0.0046310424804687,0.0006389617919921,0.3,1
0.00390625,0.0130157470703125,0.00128173828125,0.0026741027832031,0.0004358291625976,0.3,1
0.0104217529296875,0.0104217529296875,6.580352783203125e-05,6.961822509765625e-05,2.86102294921875e-06,0.003,2
0.0,0.0013027191162109,0.010101318359375,0.010162353515625,0.0002784729003906,0.072,2
0.0,0.0013027191162109,0.013336181640625,0.013458251953125,0.0005912780761718,0.129,0
0.00518798828125,0.0068130493164062,0.0010089874267578,0.0010261535644531,0.0005931854248046,0.3,0
0.0134124755859375,0.0134124755859375,0.03131103515625,0.0,0.0006065368652343,0.3,1
0.0072250366210937,0.0072250366210937,0.0052261352539062,0.0052337646484375,0.0004892349243164,0.3,1
0.0001955032348632,0.0001802444458007,9.250640869140624e-05,0.0001029968261718,9.5367431640625e-07,0.3,1
0.0,0.0013027191162109,9.5367431640625e-07,9.5367431640625e-07,0.0003023147583007,0.002,2
0.0003852844238281,0.0003385543823242,0.0001802444458007,0.0002040863037109,4.76837158203125e-06,0.3,1
0.011016845703125,0.011016845703125,0.0008964538574218,0.000899314880371,7.62939453125e-06,0.3,0
0.078125,0.078125,0.0738525390625,0.0750732421875,0.0005884170532226,0.3,3
0.0015621185302734,0.0015621185302734,0.0010204315185546,0.0013542175292968,0.0002079010009765,0.145,1
0.0015621185302734,0.0015621185302734,0.00091552734375,0.0011310577392578,0.0004224777221679,0.032,1
0.00726318359375,0.0072555541992187,0.005401611328125,0.0054092407226562,0.0004854202270507,0.3,1
0.0,0.0013027191162109,0.008880615234375,0.010040283203125,0.0012798309326171,0.3,0
0.0,0.0013027191162109,9.5367431640625e-07,9.5367431640625e-07,0.0004138946533203,0.003,2
0.0104217529296875,0.0104217529296875,6.580352783203125e-05,6.961822509765625e-05,2.86102294921875e-06,0.003,2
0.026031494140625,0.026031494140625,0.00140380859375,0.0016441345214843,0.0003585815429687,0.013,2
0.00390625,0.00390625,0.0023269653320312,0.0023307800292968,4.57763671875e-05,0.3,1
0.006683349609375,0.0036125183105468,0.0006771087646484,0.0006790161132812,9.5367431640625e-07,0.3,0
0.006500244140625,0.0065078735351562,9.5367431640625e-07,9.5367431640625e-07,0.0,0.001,2
0.000227928161621,0.0002117156982421,0.000152587890625,0.00018310546875,0.0,0.241,1
0.01116943359375,0.01116943359375,0.0074310302734375,0.01043701171875,0.0011425018310546,0.3,1
0.0094757080078125,0.0094757080078125,0.0087127685546875,0.0087127685546875,9.5367431640625e-07,0.3,1
0.00390625,0.0085601806640625,0.0019264221191406,0.0022010803222656,0.0003957748413085,0.3,1
0.0134124755859375,0.0134124755859375,0.03131103515625,0.0,0.0006065368652343,0.3,1
0.0003852844238281,0.0003738403320312,0.0001802444458007,0.0002040863037109,4.76837158203125e-06,0.3,1
0.0065078735351562,0.0065078735351562,0.0030097961425781,0.0037956237792968,0.0004444122314453,0.097,1
0.0731201171875,0.0369873046875,0.00335693359375,0.0033798217773437,0.0007581710815429,0.3,0
0.0052108764648437,0.0052108764648437,0.0016651153564453,0.001749038696289,5.91278076171875e-05,0.3,0
0.019989013671875,0.03326416015625,0.0072860717773437,0.0077438354492187,0.000563621520996,0.3,0
0.0032501220703125,0.0036849975585937,0.001535415649414,0.0016059875488281,0.000258445739746,0.3,1
0.019989013671875,0.03326416015625,0.0072860717773437,0.0077438354492187,0.000563621520996,0.3,0
0.0,0.00262451171875,0.0,0.0,0.0,0.002,2
0.03179931640625,0.02069091796875,0.0110321044921875,0.0111541748046875,0.0006237030029296,0.3,0
0.0043563842773437,0.003875732421875,0.0027618408203125,0.002777099609375,0.0002174377441406,0.3,1
0.006011962890625,0.0057296752929687,0.004791259765625,0.0057296752929687,0.0002784729003906,0.3,1
0.0037422180175781,0.0037422180175781,0.002593994140625,0.002685546875,0.0004405975341796,0.3,1
0.0,0.0013027191162109,1.9073486328125e-06,1.9073486328125e-06,0.0014858245849609,0.001,2
0.003814697265625,0.003814697265625,0.0010833740234375,0.0010833740234375,5.53131103515625e-05,0.3,0
0.0012702941894531,0.0012454986572265,0.0009822845458984,0.0009841918945312,2.47955322265625e-05,0.295,1
0.00262451171875,0.00262451171875,0.0003395080566406,0.0007743835449218,0.0002946853637695,0.004,2
0.0128936767578125,0.01171875,0.007965087890625,0.0095977783203125,0.0006599426269531,0.3,1
0.0032501220703125,0.0036849975585937,0.001535415649414,0.0016059875488281,0.000258445739746,0.3,1
0.0001955032348632,0.0001955032348632,9.250640869140624e-05,0.0001029968261718,9.5367431640625e-07,0.3,1
0.0,0.0718994140625,0.0005397796630859,0.0005464553833007,0.000101089477539,0.3,0
0.006500244140625,0.0065078735351562,9.5367431640625e-07,9.5367431640625e-07,0.0,0.001,2
0.0019607543945312,0.0017166137695312,0.0014934539794921,0.0015754699707031,0.0005989074707031,0.045,1
0.006500244140625,0.0065078735351562,0.0006999969482421,0.0007591247558593,0.0003204345703125,0.017,2
0.0052108764648437,0.0052108764648437,0.0018596649169921,0.0018882751464843,0.0001649856567382,0.3,0
0.0050125122070312,0.0033836364746093,0.0026702880859375,0.0026702880859375,0.0005407333374023,0.3,1
0.00262451171875,0.00262451171875,0.0010128021240234,0.0012550354003906,0.0005073547363281,0.3,1
0.0,0.0013027191162109,0.0053558349609375,0.006103515625,0.0006942749023437,0.3,0
0.0025749206542968,0.0075149536132812,0.0007123947143554,0.0007171630859375,0.0007448196411132,0.003,2
0.0,0.0013027191162109,0.01953125,0.023651123046875,0.0014381408691406,0.243,0
0.0,0.0013027191162109,0.0155792236328125,0.015594482421875,0.0009975433349609,0.3,0
0.0,0.0013027191162109,0.008880615234375,0.010040283203125,0.0012798309326171,0.3,0
0.0,0.0013027191162109,0.02197265625,0.024078369140625,0.0005817413330078,0.3,0
0.03948974609375,0.03948974609375,0.0007085800170898,0.0008497238159179,0.0002527236938476,0.058,2
0.0123748779296875,0.0123748779296875,5.14984130859375e-05,5.14984130859375e-05,0.0002498626708984,0.001,2
0.0416259765625,0.0416259765625,0.03411865234375,0.034423828125,0.0002288818359375,0.3,1
0.0065078735351562,0.0065078735351562,0.0030097961425781,0.0037956237792968,0.0004444122314453,0.097,1
0.000889778137207,0.0013027191162109,0.0004711151123046,0.000472068786621,2.384185791015625e-05,0.3,1
0.017242431640625,0.0142822265625,0.0047531127929687,0.0055007934570312,0.0007781982421875,0.3,0
0.0,0.0718994140625,0.0005712509155273,0.0005741119384765,0.0001287460327148,0.3,0
0.0004034042358398,0.0482177734375,0.0002346038818359,0.0002479553222656,0.0,0.3,1
0.006500244140625,0.0065078735351562,0.0006999969482421,0.0007591247558593,0.0003204345703125,0.017,2
0.0,0.0013027191162109,0.008544921875,0.0128631591796875,0.0012035369873046,0.3,0
0.0027694702148437,0.0027694702148437,0.0021514892578125,0.002197265625,0.0004749298095703,0.3,1
0.01446533203125,0.022216796875,0.0011634826660156,0.0014610290527343,0.0004959106445312,0.084,2
0.0,0.00262451171875,0.0,0.0,0.0,0.002,2
0.0,0.0013027191162109,0.0038719177246093,0.0074691772460937,0.0007905960083007,0.3,0
0.0029258728027343,0.0029258728027343,0.0020408630371093,0.002044677734375,0.0002632141113281,0.3,1
0.1875,0.1041259765625,0.129638671875,0.129638671875,0.0017356872558593,0.3,3
0.0,0.0013027191162109,0.021514892578125,0.02197265625,0.002471923828125,0.3,0
0.0036125183105468,0.0036125183105468,9.5367431640625e-07,9.5367431640625e-07,0.0,0.001,2
0.00262451171875,0.00262451171875,0.0011024475097656,0.001443862915039,5.7220458984375e-06,0.3,1
0.00701904296875,0.0078125,0.0034980773925781,0.0040054321289062,0.0001459121704101,0.3,1
0.0,0.0013027191162109,0.0052871704101562,0.0052947998046875,0.0024795532226562,0.3,0
0.0018234252929687,0.0018234252929687,0.0001764297485351,0.0003833770751953,0.000197410583496,0.003,2
0.0052108764648437,0.0052108764648437,0.0030326843261718,0.0034713745117187,0.0001544952392578,0.3,1
0.0001955032348632,0.0001955032348632,9.250640869140624e-05,0.0001029968261718,9.5367431640625e-07,0.3,1
0.0106201171875,0.0106201171875,0.0038795471191406,0.0040435791015625,0.0001611709594726,0.3,1
0.005096435546875,0.0035934448242187,0.0046539306640625,0.0,0.0003347396850585,0.3,1
0.0104217529296875,0.0104217529296875,6.580352783203125e-05,6.961822509765625e-05,2.86102294921875e-06,0.003,2
0.0052108764648437,0.0052108764648437,0.0030326843261718,0.0034713745117187,0.0001544952392578,0.3,1
0.006683349609375,0.0036125183105468,0.0006961822509765,0.0006980895996093,1.1444091796875e-05,0.3,0
0.0,0.0013027191162109,0.0066070556640625,0.0111846923828125,0.0007076263427734,0.3,0
0.0,0.0013027191162109,0.0023002624511718,0.0023040771484375,0.0005741119384765,0.3,0
0.0003023147583007,0.0002517700195312,0.0001964569091796,0.0002260208129882,0.0,0.053,1
0.0,0.0013027191162109,0.0066299438476562,0.0099639892578125,0.0009479522705078,0.3,0
0.0008134841918945,0.0005674362182617,0.0005102157592773,0.0005121231079101,0.0001630783081054,0.3,1
0.0052108764648437,0.0052108764648437,0.0016651153564453,0.001749038696289,5.91278076171875e-05,0.3,0
0.0,0.0013027191162109,9.5367431640625e-07,9.5367431640625e-07,0.0,0.001,2
0.00262451171875,0.00262451171875,0.000762939453125,0.0007638931274414,0.0005645751953125,0.023,2
0.0,0.0013027191162109,0.0052871704101562,0.0052947998046875,0.0024795532226562,0.3,0
0.000227928161621,0.0002164840698242,0.000152587890625,0.00018310546875,0.0,0.241,1
0.0,0.0029563903808593,0.0001802444458007,0.0002002716064453,1.33514404296875e-05,0.3,0
0.027862548828125,0.025665283203125,0.002777099609375,0.0027847290039062,0.000554084777832,0.226,0
0.0,0.0013027191162109,0.0113677978515625,0.019622802734375,0.0012626647949218,0.3,0
0.0031509399414062,0.0012779235839843,1.239776611328125e-05,1.239776611328125e-05,0.0002708435058593,0.002,2
0.0052108764648437,0.0052108764648437,0.0018596649169921,0.0018882751464843,0.0001649856567382,0.3,0
0.0,0.0013027191162109,9.5367431640625e-07,9.5367431640625e-07,0.000741958618164,0.001,2
0.00262451171875,0.00262451171875,0.0003395080566406,0.0007743835449218,0.0002946853637695,0.004,2
0.0056076049804687,0.0011005401611328,0.0044479370117187,0.0044479370117187,0.0,0.014,1
0.0,0.0013027191162109,0.005767822265625,0.0131988525390625,0.0014190673828125,0.3,0
0.0052108764648437,0.0052108764648437,0.0010910034179687,0.0011062622070312,0.0003108978271484,0.3,0
0.0058975219726562,0.0037956237792968,0.0016555786132812,0.0021553039550781,4.76837158203125e-06,0.3,0
0.00262451171875,0.00262451171875,0.0008888244628906,0.0010643005371093,0.0003223419189453,0.189,1
0.00262451171875,0.00262451171875,0.0008888244628906,0.0010643005371093,0.0003223419189453,0.189,1
0.0052108764648437,0.0052108764648437,1.9073486328125e-06,1.9073486328125e-06,0.0,0.003,2
0.00390625,0.00390625,0.00164794921875,0.00262451171875,0.0014572143554687,0.3,1
0.000227928161621,0.000227928161621,0.000152587890625,0.00018310546875,0.0,0.241,1
0.0,0.0013027191162109,0.0056991577148437,0.007965087890625,0.0005884170532226,0.262,0
0.006683349609375,0.0036125183105468,0.0006771087646484,0.0006790161132812,9.5367431640625e-07,0.3,0
0.0031509399414062,0.00146484375,1.239776611328125e-05,1.239776611328125e-05,0.0002708435058593,0.002,2
0.009368896484375,0.154052734375,1.9073486328125e-05,2.09808349609375e-05,0.0,0.01,2
0.0,0.0071945190429687,0.0002155303955078,0.0002174377441406,0.0,0.3,0
0.020782470703125,0.020782470703125,0.014404296875,0.0144195556640625,0.0002317428588867,0.3,1
0.0014839172363281,0.0014839172363281,0.000716209411621,0.0008697509765625,9.34600830078125e-05,0.226,1
0.016937255859375,0.00390625,0.004608154296875,0.0046844482421875,0.0004816055297851,0.3,0
0.006683349609375,0.0036125183105468,0.0006771087646484,0.0006790161132812,9.5367431640625e-07,0.3,0
0.0416259765625,0.0416259765625,0.034423828125,0.03466796875,0.0002269744873046,0.3,1
0.0046844482421875,0.00390625,0.0008983612060546,0.0015850067138671,0.000162124633789,0.3,0
0.0038070678710937,0.0038070678710937,0.0022430419921875,0.0022735595703125,2.86102294921875e-06,0.3,1
0.0019607543945312,0.001840591430664,0.0014934539794921,0.0015754699707031,0.0005989074707031,0.045,1
0.0104217529296875,0.0104217529296875,6.580352783203125e-05,6.961822509765625e-05,2.86102294921875e-06,0.003,2
0.0,0.0013027191162109,0.010101318359375,0.010162353515625,0.0002784729003906,0.072,2
0.0029678344726562,0.0029678344726562,0.0014266967773437,0.0014286041259765,1.9073486328125e-06,0.3,1
0.0,0.0013027191162109,0.008880615234375,0.010040283203125,0.0012798309326171,0.3,0
0.0078125,0.0059585571289062,0.003875732421875,0.0050201416015625,0.0001335144042968,0.3,1
0.000258445739746,0.0001802444458007,0.0001306533813476,0.0001373291015625,8.58306884765625e-06,0.027,2
0.0052108764648437,0.0052108764648437,0.0018596649169921,0.0018882751464843,0.0001649856567382,0.3,0
0.0002317428588867,0.0002155303955078,8.58306884765625e-06,8.58306884765625e-06,0.0,0.002,2
0.0416259765625,0.0057601928710937,0.03448486328125,0.03485107421875,0.000197410583496,0.3,1
0.0,0.0003175735473632,0.0002069473266601,0.0002088546752929,0.0,0.109,2
0.0036201477050781,0.0036239624023437,0.0025215148925781,0.0025291442871093,0.0005388259887695,0.3,1
0.0,0.0013027191162109,0.018096923828125,0.021148681640625,0.0024566650390625,0.161,0
0.0104217529296875,0.0104217529296875,0.0013809204101562,0.0024375915527343,0.0002145767211914,0.108,2
0.019989013671875,0.03326416015625,0.0072860717773437,0.0077438354492187,0.000563621520996,0.3,0
0.0002717971801757,0.0002803802490234,7.62939453125e-05,7.62939453125e-05,9.5367431640625e-06,0.002,2
0.0,0.0066986083984375,0.0001163482666015,0.0001201629638671,2.86102294921875e-06,0.3,0
0.0,0.0013027191162109,1.1444091796875e-05,7.43865966796875e-05,0.0003986358642578,0.007,2
0.00213623046875,0.0022315979003906,0.001291275024414,0.0014533996582031,0.0002756118774414,0.3,1
0.0063247680664062,0.0063247680664062,0.0052413940429687,0.0052566528320312,0.000518798828125,0.3,1
0.0,0.0013027191162109,0.0052871704101562,0.0052947998046875,0.0024795532226562,0.3,0
0.0065078735351562,0.0065078735351562,0.0010128021240234,0.0010223388671875,0.0001220703125,0.3,0
0.0,0.0013027191162109,0.007904052734375,0.0154266357421875,0.0011463165283203,0.3,0
0.0,0.0013027191162109,0.0024795532226562,0.0030517578125,7.534027099609375e-05,0.079,2
0.000213623046875,0.000213623046875,7.82012939453125e-05,7.915496826171875e-05,6.198883056640625e-05,0.009,2
0.00262451171875,0.00262451171875,0.0003395080566406,0.0007743835449218,0.0002946853637695,0.004,2
0.0,0.015350341796875,0.000157356262207,0.0001611709594726,3.24249267578125e-05,0.3,0
0.01470947265625,0.01470947265625,6.198883056640625e-05,6.198883056640625e-05,0.0009450912475585,0.002,2
0.00537109375,0.0077362060546875,0.0018177032470703,0.0024642944335937,0.0001039505004882,0.3,1
0.027862548828125,0.025665283203125,0.002777099609375,0.0027847290039062,0.000554084777832,0.226,0
0.0,0.0013027191162109,0.0052871704101562,0.0052947998046875,0.0024795532226562,0.3,0
0.0,0.015625,0.0015029907226562,0.0015182495117187,0.0002031326293945,0.3,0
0.0036201477050781,0.0036239624023437,0.0025215148925781,0.0025291442871093,0.0005388259887695,0.3,1
0.0148773193359375,0.0148773193359375,0.0006942749023437,0.0031471252441406,0.0004606246948242,0.3,0
0.0589599609375,0.0064315795898437,0.00531005859375,0.0053176879882812,0.0003976821899414,0.3,0
0.0130157470703125,0.0130157470703125,9.5367431640625e-07,9.5367431640625e-07,0.0,0.001,2
0.0029678344726562,0.0029678344726562,0.0014266967773437,0.0014286041259765,1.9073486328125e-06,0.3,1
0.006500244140625,0.0065078735351562,9.5367431640625e-07,9.5367431640625e-07,0.0,0.001,2
0.0,0.0013027191162109,9.5367431640625e-07,9.5367431640625e-07,0.0,0.001,2
0.0052108764648437,0.0052108764648437,0.0030326843261718,0.0034713745117187,0.0001544952392578,0.3,1
0.0081024169921875,0.0096893310546875,0.0071640014648437,0.0071945190429687,0.0003423690795898,0.3,1
0.0,0.0013027191162109,0.0052871704101562,0.0052947998046875,0.0024795532226562,0.3,0
0.0,0.0013027191162109,9.5367431640625e-07,9.5367431640625e-07,0.0,0.001,2
0.0,0.0013027191162109,0.0052871704101562,0.0052947998046875,0.0024795532226562,0.3,0
0.000227928161621,0.000223159790039,0.000152587890625,0.00018310546875,0.0,0.241,1
0.0,0.0013027191162109,0.0225830078125,0.02325439453125,0.000579833984375,0.3,0
0.000227928161621,0.0002164840698242,0.000152587890625,0.00018310546875,0.0,0.241,1
0.0,0.0038566589355468,0.001953125,0.0019645690917968,0.0008172988891601,0.3,0
0.0,0.0013027191162109,0.0056991577148437,0.007965087890625,0.0005884170532226,0.262,0
0.0059890747070312,0.0126190185546875,0.0001602172851562,0.0001611709594726,0.0001497268676757,0.003,2
0.005096435546875,0.02874755859375,0.0045013427734375,0.0,0.0003862380981445,0.3,1
0.0,0.0013027191162109,1.9073486328125e-06,1.9073486328125e-06,0.0004234313964843,0.001,2
0.041015625,0.0390625,0.0230712890625,0.02325439453125,0.000152587890625,0.3,1
0.0,0.0003175735473632,0.0002527236938476,0.0002593994140625,0.0,0.3,0
0.0,0.0013027191162109,0.0036125183105468,0.00787353515625,0.0011806488037109,0.3,0
0.0002317428588867,0.0002212524414062,8.58306884765625e-06,8.58306884765625e-06,0.0,0.002,2
0.0,0.0013027191162109,0.0052871704101562,0.0052947998046875,0.0024795532226562,0.3,0
0.0076141357421875,0.0039215087890625,9.5367431640625e-07,9.5367431640625e-07,0.0,0.001,2
0.0,0.0013027191162109,0.009002685546875,0.00958251953125,0.0013027191162109,0.3,0
0.0040359497070312,0.0040359497070312,9.5367431640625e-06,9.5367431640625e-06,0.0005102157592773,0.004,2
0.019989013671875,0.03326416015625,0.0072860717773437,0.0077438354492187,0.000563621520996,0.3,0
0.000319480895996,0.0003557205200195,0.0002222061157226,0.0002384185791015,9.5367431640625e-07,0.3,1
0.009765625,0.009765625,0.0016994476318359,0.0017051696777343,0.0004358291625976,0.3,0
0.00262451171875,0.00262451171875,9.34600830078125e-05,9.34600830078125e-05,3.814697265625e-06,0.003,2
0.0012569427490234,0.001260757446289,0.000833511352539,0.000859260559082,0.0002784729003906,0.3,1
0.0052108764648437,0.0017280578613281,0.0009660720825195,0.0009727478027343,0.0005407333374023,0.3,0
0.0032539367675781,0.0032539367675781,0.0009193420410156,0.0009212493896484,2.09808349609375e-05,0.3,0
0.0112762451171875,0.010223388671875,0.0048065185546875,0.0048065185546875,0.0004596710205078,0.3,1
0.0029296875,0.0029296875,0.0009784698486328,0.0012874603271484,0.0005121231079101,0.3,1
0.006683349609375,0.0036125183105468,0.0006771087646484,0.0006790161132812,9.5367431640625e-07,0.3,0
0.0052108764648437,0.0052108764648437,0.0018596649169921,0.0018882751464843,0.0001649856567382,0.3,0
0.0,0.0013027191162109,0.0003290176391601,0.0007448196411132,0.0005788803100585,0.022,2
0.01080322265625,0.01080322265625,0.0084991455078125,0.0084991455078125,0.0003747940063476,0.3,1
0.001953125,0.001953125,0.0011348724365234,0.0013694763183593,0.0005369186401367,0.3,1
0.001953125,0.001953125,0.0011348724365234,0.0013694763183593,0.0005369186401367,0.3,1
0.0100860595703125,0.0059356689453125,0.0026168823242187,0.0026206970214843,0.000432014465332,0.3,0
0.010894775390625,0.010894775390625,0.0097198486328125,0.009857177734375,0.0006847381591796,0.3,1
0.0032539367675781,0.0032539367675781,0.0013999938964843,0.0013999938964843,0.0004243850708007,0.009,2
0.0,0.0013027191162109,0.0092010498046875,0.02239990234375,0.0014972686767578,0.235,0
0.1875,0.1041259765625,0.129638671875,0.129638671875,0.0017356872558593,0.3,3
0.0015621185302734,0.0024452209472656,9.5367431640625e-07,9.5367431640625e-07,0.0,0.001,2
0.00262451171875,0.00262451171875,0.0003395080566406,0.0007743835449218,0.0002946853637695,0.004,2
0.041015625,0.0390625,0.0230712890625,0.02325439453125,0.000152587890625,0.3,1
0.0,0.0013027191162109,0.009033203125,0.025146484375,0.0013942718505859,0.3,0
0.006500244140625,0.0065078735351562,0.0006999969482421,0.0007591247558593,0.0003204345703125,0.017,2
0.0104217529296875,0.0104217529296875,6.580352783203125e-05,6.961822509765625e-05,2.86102294921875e-06,0.003,2
0.0416259765625,0.0416259765625,0.0025978088378906,0.0026054382324218,0.0002479553222656,0.3,0
0.0,0.0013027191162109,9.5367431640625e-07,9.5367431640625e-07,0.0,0.001,2
0.0,0.016998291015625,0.000462532043457,0.0004634857177734,0.0001678466796875,0.3,0
0.021759033203125,0.0147857666015625,0.02020263671875,0.02069091796875,9.5367431640625e-07,0.3,1
0.011383056640625,0.011383056640625,0.001138687133789,0.0011425018310546,0.000319480895996,0.3,0
0.00262451171875,0.00262451171875,0.0008888244628906,0.0010643005371093,0.0003223419189453,0.189,1
0.0,0.00262451171875,0.0,0.0,0.0,0.002,2
0.0,0.0013027191162109,9.5367431640625e-07,9.5367431640625e-07,0.0015144348144531,0.001,2
0.0036125183105468,0.0036125183105468,9.5367431640625e-07,9.5367431640625e-07,0.0,0.001,2
0.0,0.0013027191162109,0.009002685546875,0.00958251953125,0.0013027191162109,0.3,0
0.0032501220703125,0.0036849975585937,0.001535415649414,0.0016059875488281,0.000258445739746,0.3,1
0.0002317428588867,0.0002155303955078,8.58306884765625e-06,8.58306884765625e-06,0.0,0.002,2
0.00262451171875,0.00262451171875,0.001230239868164,0.0014152526855468,8.7738037109375e-05,0.3,1
0.0076141357421875,0.0039215087890625,9.5367431640625e-07,9.5367431640625e-07,0.0,0.001,2
0.005035400390625,0.004119873046875,0.0035781860351562,0.0036888122558593,0.000309944152832,0.3,1
0.006683349609375,0.0036125183105468,0.0006771087646484,0.0006790161132812,9.5367431640625e-07,0.3,0
0.005096435546875,0.027435302734375,0.0046539306640625,0.0,0.0003347396850585,0.3,1
0.0,0.0013027191162109,0.01922607421875,0.0206298828125,0.0021095275878906,0.3,0
0.0015621185302734,0.0015621185302734,0.0010833740234375,0.0011844635009765,0.000472068786621,0.089,1
0.004180908203125,0.0401611328125,0.0010643005371093,0.0010833740234375,0.0006141662597656,0.3,0
0.0052108764648437,0.0052108764648437,0.001220703125,0.0012226104736328,0.0005769729614257,0.3,0
0.0,0.0013027191162109,0.0097808837890625,0.0100555419921875,0.0006208419799804,0.3,0
0.1009521484375,0.187744140625,0.0005731582641601,0.0005731582641601,0.0005617141723632,0.004,2
0.0026054382324218,0.0026054382324218,0.0017757415771484,0.0020294189453125,0.0001001358032226,0.3,1
0.006683349609375,0.0036125183105468,0.0006771087646484,0.0006790161132812,9.5367431640625e-07,0.3,0
0.0002717971801757,0.000284194946289,7.62939453125e-05,7.62939453125e-05,9.5367431640625e-06,0.002,2
0.0,0.0013027191162109,0.0024795532226562,0.0030517578125,7.534027099609375e-05,0.079,2
0.0056076049804687,0.0011005401611328,0.0044479370117187,0.0044479370117187,0.0,0.014,1
0.0052108764648437,0.0052108764648437,0.0018596649169921,0.0018882751464843,0.0001649856567382,0.3,0
0.0416259765625,0.0416259765625,0.033935546875,0.03411865234375,0.0002374649047851,0.3,1
0.0122528076171875,0.0122528076171875,0.0074691772460937,0.0075912475585937,0.0006237030029296,0.3,1
0.0032501220703125,0.0036849975585937,0.001535415649414,0.0016059875488281,0.000258445739746,0.3,1
0.000227928161621,0.000227928161621,0.000152587890625,0.00018310546875,0.0,0.241,1
0.0076065063476562,0.0055770874023437,0.0013465881347656,0.0016345977783203,0.0016822814941406,0.003,2
0.024200439453125,0.0024452209472656,0.0077438354492187,0.008087158203125,0.0028572082519531,0.3,0
0.0,0.0013027191162109,0.0050888061523437,0.005096435546875,0.0024757385253906,0.3,0
0.00262451171875,0.00262451171875,0.0003395080566406,0.0007743835449218,0.0002946853637695,0.004,2
0.0052108764648437,0.0052108764648437,1.9073486328125e-06,1.9073486328125e-06,0.0,0.003,2
0.0036125183105468,0.0036125183105468,0.0033645629882812,0.0036125183105468,0.0,0.3,1
0.1009521484375,0.187744140625,0.0005731582641601,0.0005731582641601,0.0005617141723632,0.004,2
0.0,0.0013027191162109,0.0031700134277343,0.003173828125,0.0003433227539062,0.3,0
0.0416259765625,0.0416259765625,0.03411865234375,0.034423828125,0.0002288818359375,0.3,1
0.0,0.0038566589355468,0.001953125,0.0019645690917968,0.0008172988891601,0.3,0
0.006500244140625,0.0065078735351562,0.0028305053710937,0.0028724670410156,0.0003318786621093,0.3,1
0.0083465576171875,0.0072860717773437,0.002532958984375,0.0025367736816406,0.0006752014160156,0.3,0
0.00390625,0.00390625,0.0020179748535156,0.0028305053710937,0.0003728866577148,0.063,1
0.0014705657958984,0.0014705657958984,8.678436279296875e-05,8.678436279296875e-05,0.0,0.003,2
0.0,0.0013027191162109,0.0069580078125,0.0104522705078125,0.0002956390380859,0.3,0
0.0,0.0013027191162109,0.0035781860351562,0.0058135986328125,0.0012016296386718,0.124,0
0.0056915283203125,0.0056915283203125,0.0006599426269531,0.0006618499755859,0.0005149841308593,0.296,0
0.006683349609375,0.0036125183105468,0.0006961822509765,0.0006980895996093,1.1444091796875e-05,0.3,0
0.0032501220703125,0.0041961669921875,0.001535415649414,0.0016059875488281,0.000258445739746,0.3,1
0.0,0.0001649856567382,0.000126838684082,0.0001306533813476,1.33514404296875e-05,0.3,0
0.0003023147583007,0.000284194946289,0.0001964569091796,0.0002260208129882,0.0,0.053,1
0.0015621185302734,0.0015621185302734,0.0009994506835937,0.0010662078857421,0.000126838684082,0.3,1
0.006683349609375,0.0036125183105468,0.0006771087646484,0.0006790161132812,9.5367431640625e-07,0.3,0
0.005035400390625,0.004119873046875,0.0035781860351562,0.0036888122558593,0.000309944152832,0.3,1
0.0,0.0013027191162109,0.0067062377929687,0.008026123046875,0.0008716583251953,0.3,0
0.0008134841918945,0.0005674362182617,0.0005102157592773,0.0005121231079101,0.0001630783081054,0.3,1
0.0024070739746093,0.0024070739746093,0.0013256072998046,0.0019054412841796,0.000563621520996,0.048,1
0.0,0.0013027191162109,0.009033203125,0.025146484375,0.0013942718505859,0.3,0
0.006683349609375,0.0036125183105468,0.0006961822509765,0.0006980895996093,1.1444091796875e-05,0.3,0
0.0104217529296875,0.007354736328125,0.0041275024414062,0.0042343139648437,0.0005302429199218,0.3,1
0.05621337890625,0.056396484375,0.0516357421875,0.0518798828125,0.0011425018310546,0.3,1
0.0,0.0013027191162109,0.019287109375,0.020599365234375,0.0011310577392578,0.3,0
0.0057296752929687,0.0057296752929687,0.0042343139648437,0.0057296752929687,0.0002670288085937,0.3,1
0.0078277587890625,0.0078277587890625,0.0029220581054687,0.0029258728027343,0.000157356262207,0.3,1
0.0036201477050781,0.0036239624023437,0.0025215148925781,0.0025291442871093,0.0005388259887695,0.3,1
0.0002880096435546,0.0003061294555664,0.0001344680786132,0.0001411437988281,9.5367431640625e-07,0.3,1
0.0032539367675781,0.0032539367675781,0.0013999938964843,0.0013999938964843,0.0004243850708007,0.009,2
0.0,0.00262451171875,0.0,0.0,0.0,0.002,2
0.0032501220703125,0.0036849975585937,0.001535415649414,0.0016059875488281,0.000258445739746,0.3,1
0.0,0.0013027191162109,0.01922607421875,0.0206298828125,0.0021095275878906,0.3,0
0.0023918151855468,0.0023918151855468,9.5367431640625e-07,9.5367431640625e-07,0.0,0.001,2
0.006500244140625,0.0065078735351562,0.0006999969482421,0.0007591247558593,0.0003204345703125,0.017,2
0.0032539367675781,0.0032539367675781,0.0013999938964843,0.0013999938964843,0.0004243850708007,0.009,2
0.0,0.0013027191162109,9.5367431640625e-07,9.5367431640625e-07,0.0003080368041992,0.001,2
0.006500244140625,0.0065078735351562,9.5367431640625e-07,9.5367431640625e-07,0.0,0.001,2
0.0,0.0013027191162109,0.0047683715820312,0.006622314453125,0.0013637542724609,0.3,0
0.00390625,0.00390625,0.0008544921875,0.000859260559082,0.0003023147583007,0.3,0
0.0026054382324218,0.0026054382324218,0.0012664794921875,0.0017929077148437,0.0005578994750976,0.3,1
0.0,0.0013027191162109,0.0076370239257812,0.00927734375,0.0005884170532226,0.3,0
0.0002717971801757,0.0002851486206054,7.62939453125e-05,7.62939453125e-05,9.5367431640625e-06,0.002,2
0.0,0.0013027191162109,0.0038719177246093,0.0074691772460937,0.0007905960083007,0.3,0
0.006500244140625,0.0065078735351562,9.5367431640625e-07,9.5367431640625e-07,0.0,0.001,2
0.0076141357421875,0.0039215087890625,9.5367431640625e-07,9.5367431640625e-07,0.0,0.001,2
0.00262451171875,0.00262451171875,0.001230239868164,0.0014152526855468,8.7738037109375e-05,0.3,1
0.0047225952148437,0.00946044921875,0.0027847290039062,0.0027923583984375,0.0001440048217773,0.007,1
0.005096435546875,0.044921875,0.0046539306640625,0.0,0.0003347396850585,0.3,1
0.0008134841918945,0.0005674362182617,0.0005102157592773,0.0005121231079101,0.0001630783081054,0.3,1
0.006683349609375,0.0036125183105468,0.0006961822509765,0.0006980895996093,1.1444091796875e-05,0.3,0
0.001718521118164,0.0015621185302734,0.0016040802001953,0.0016059875488281,5.054473876953125e-05,0.3,1
0.000227928161621,0.000223159790039,0.000152587890625,0.00018310546875,0.0,0.241,1
0.00390625,0.00390625,0.001190185546875,0.001199722290039,0.0001144409179687,0.3,0
0.0076141357421875,0.0076141357421875,9.5367431640625e-07,9.5367431640625e-07,0.0,0.001,2
0.0,0.0013027191162109,0.0061569213867187,0.018829345703125,0.0008535385131835,0.3,0
0.0065078735351562,0.0065078735351562,0.0030097961425781,0.0037956237792968,0.0004444122314453,0.097,1
0.0,0.00262451171875,0.0,0.0,0.0,0.002,2
0.0035820007324218,0.0035820007324218,0.0010795593261718,0.0017051696777343,0.0003633499145507,0.3,1
0.0,0.016143798828125,0.0042572021484375,0.0042800903320312,0.0002241134643554,0.3,0
0.00262451171875,0.00262451171875,0.0003833770751953,0.0006160736083984,1.9073486328125e-06,0.004,2
0.0022773742675781,0.0022811889648437,0.0002574920654296,0.0002574920654296,0.0001354217529296,0.002,2
0.0036125183105468,0.0036125183105468,0.0033645629882812,0.0036125183105468,0.0,0.3,1
0.0038299560546875,0.0028495788574218,0.0028800964355468,0.0028915405273437,0.0002241134643554,0.3,1
0.0076141357421875,0.0076141357421875,9.5367431640625e-07,9.5367431640625e-07,0.0,0.001,2
0.0002803802490234,0.0002975463867187,0.0001478195190429,0.0001611709594726,8.58306884765625e-06,0.3,1
0.0149688720703125,0.016693115234375,0.00567626953125,0.00567626953125,0.0001983642578125,0.041,2
0.00262451171875,0.00262451171875,0.0003862380981445,0.0009374618530273,0.0,0.004,2
0.0050125122070312,0.0033836364746093,0.0026702880859375,0.0026702880859375,0.0005407333374023,0.3,1
0.0026588439941406,0.0015621185302734,0.0015811920166015,0.0019187927246093,4.673004150390625e-05,0.3,1
0.0,0.0013027191162109,0.0072402954101562,0.00933837890625,0.0001478195190429,0.3,0
0.0,0.00262451171875,0.0,0.0,0.0,0.002,2
0.006683349609375,0.0036125183105468,0.0006961822509765,0.0006980895996093,1.1444091796875e-05,0.3,0
0.009765625,0.009765625,0.0016994476318359,0.0017051696777343,0.0004358291625976,0.3,0
0.006683349609375,0.0036125183105468,0.0006961822509765,0.0006980895996093,1.1444091796875e-05,0.3,0
0.0,0.0029678344726562,0.0004358291625976,0.0005950927734375,0.0001459121704101,0.3,0
0.0,0.0013027191162109,0.0003290176391601,0.0007448196411132,0.0005788803100585,0.022,2
0.0104217529296875,0.0104217529296875,0.0013809204101562,0.0024375915527343,0.0002145767211914,0.108,2
0.0,0.0013027191162109,0.0052871704101562,0.0052947998046875,0.0024795532226562,0.3,0
0.0106201171875,0.0037841796875,0.0078277587890625,0.008544921875,4.76837158203125e-06,0.3,1
0.0002317428588867,0.0002088546752929,8.58306884765625e-06,8.58306884765625e-06,0.0,0.002,2
0.0,0.0013027191162109,1.9073486328125e-06,1.9073486328125e-06,0.000406265258789,0.004,2
0.0054702758789062,0.0054702758789062,0.00244140625,0.0026969909667968,0.0016555786132812,0.027,1
0.0,0.00262451171875,0.0,0.0,0.0,0.002,2
0.0052108764648437,0.0052108764648437,0.0010910034179687,0.0011062622070312,0.0003108978271484,0.3,0
0.0032539367675781,0.0032539367675781,0.0013999938964843,0.0013999938964843,0.0004243850708007,0.009,2
0.00262451171875,0.00262451171875,0.0021553039550781,0.0022048950195312,7.43865966796875e-05,0.3,1
0.00262451171875,0.00262451171875,0.0017719268798828,0.0018730163574218,1.430511474609375e-05,0.3,1
0.011016845703125,0.011016845703125,0.0008964538574218,0.000899314880371,7.62939453125e-06,0.3,0
0.0,0.0718994140625,0.0005712509155273,0.0005741119384765,0.0001287460327148,0.3,0
0.00262451171875,0.00262451171875,9.34600830078125e-05,9.34600830078125e-05,3.814697265625e-06,0.003,2
0.00262451171875,0.00262451171875,0.00140380859375,0.0016593933105468,0.0,0.3,1
0.0,0.0013027191162109,0.0052871704101562,0.0052947998046875,0.0024795532226562,0.3,0
0.0018482208251953,0.0018482208251953,2.384185791015625e-05,2.47955322265625e-05,0.0003280639648437,0.004,2
0.0094757080078125,0.0094757080078125,0.0087127685546875,0.0087127685546875,9.5367431640625e-07,0.3,1
0.0052108764648437,0.0052108764648437,0.0010910034179687,0.0011062622070312,0.0003108978271484,0.3,0
0.0026054382324218,0.0026054382324218,0.0016765594482421,0.0022125244140625,6.198883056640625e-05,0.3,1
0.0,0.0001649856567382,0.0001430511474609,0.0001440048217773,2.09808349609375e-05,0.3,0
0.07421875,0.07421875,0.04644775390625,0.05133056640625,5.53131103515625e-05,0.3,1
0.0002317428588867,0.0002088546752929,8.58306884765625e-06,8.58306884765625e-06,0.0,0.002,2
0.0,0.0013027191162109,9.5367431640625e-07,9.5367431640625e-07,0.0004138946533203,0.003,2
0.0123748779296875,0.0123748779296875,5.14984130859375e-05,5.14984130859375e-05,0.0002498626708984,0.001,2
0.0,0.0002546310424804,0.0012264251708984,0.0012283325195312,0.000340461730957,0.3,0
0.0,0.0038566589355468,0.001953125,0.0019645690917968,0.0008172988891601,0.3,0
0.0076141357421875,0.0076141357421875,9.5367431640625e-07,9.5367431640625e-07,0.0,0.001,2
0.0052108764648437,0.0052108764648437,0.00115966796875,0.0011615753173828,0.0002899169921875,0.3,0
0.0,0.0003175735473632,0.0002365112304687,0.0002422332763671,9.5367431640625e-07,0.3,0
0.0,0.0013027191162109,0.0052871704101562,0.0052947998046875,0.0024795532226562,0.3,0
0.0013904571533203,0.001535415649414,0.0008668899536132,0.000868797302246,4.9591064453125e-05,0.083,1
0.000227928161621,0.000223159790039,0.000152587890625,0.00018310546875,0.0,0.241,1
0.0022163391113281,0.0023117065429687,0.001373291015625,0.0013751983642578,0.0001096725463867,0.3,1
0.0416259765625,0.0416259765625,0.0047073364257812,0.0047149658203125,0.0002298355102539,0.3,0
0.000227928161621,0.000227928161621,0.000152587890625,0.00018310546875,0.0,0.241,1
0.0,0.0013027191162109,0.0052871704101562,0.0052947998046875,0.0024795532226562,0.3,0
0.0002050399780273,0.0003252029418945,0.0001354217529296,0.0001382827758789,4.1961669921875e-05,0.3,1
0.0,0.0018234252929687,0.0039138793945312,0.0039138793945312,0.000288963317871,0.3,0
0.041015625,0.0390625,0.0230712890625,0.02325439453125,0.000152587890625,0.3,1
0.0001955032348632,0.0002002716064453,9.250640869140624e-05,0.0001029968261718,9.5367431640625e-07,0.3,1
0.0,0.0013027191162109,0.0113677978515625,0.019622802734375,0.0012626647949218,0.3,0
0.006683349609375,0.0036125183105468,0.0006771087646484,0.0006790161132812,9.5367431640625e-07,0.3,0
0.0,0.0013027191162109,0.019073486328125,0.019805908203125,0.0012474060058593,0.3,0
0.009765625,0.009765625,0.0017452239990234,0.0017452239990234,0.0005474090576171,0.3,0
0.0416259765625,0.04827880859375,0.0034370422363281,0.0034446716308593,0.0002288818359375,0.3,0
0.0065078735351562,0.0065078735351562,0.0030097961425781,0.0037956237792968,0.0004444122314453,0.097,1
0.0002326965332031,0.0002355575561523,0.0001173019409179,0.0001182556152343,8.58306884765625e-06,0.004,2
0.0,0.0038566589355468,0.002197265625,0.0022048950195312,0.0004329681396484,0.3,0
0.0,0.0038566589355468,0.001953125,0.0019645690917968,0.0008172988891601,0.3,0
0.000227928161621,0.000218391418457,0.000152587890625,0.00018310546875,0.0,0.241,1
0.02874755859375,0.00531005859375,0.0037879943847656,0.0049057006835937,0.0011310577392578,0.137,0
0.00262451171875,0.00262451171875,0.0011024475097656,0.001443862915039,5.7220458984375e-06,0.3,1
0.00262451171875,0.00262451171875,0.000101089477539,0.000101089477539,0.0005369186401367,0.001,2
0.0,0.0013027191162109,0.009033203125,0.025146484375,0.0013942718505859,0.3,0
0.00213623046875,0.0018234252929687,0.0014305114746093,0.0018234252929687,4.00543212890625e-05,0.3,1
0.0052108764648437,0.0052108764648437,0.0010910034179687,0.0011062622070312,0.0003108978271484,0.3,0
0.0,0.013153076171875,9.72747802734375e-05,0.0001077651977539,9.5367431640625e-07,0.3,0
0.0104217529296875,0.0041656494140625,0.0027885437011718,0.0028457641601562,0.0002346038818359,0.3,0
0.00390625,0.00390625,0.001190185546875,0.001199722290039,0.0001144409179687,0.3,0
0.006683349609375,0.0036125183105468,0.0006961822509765,0.0006980895996093,1.1444091796875e-05,0.3,0
0.011016845703125,0.011016845703125,0.0008964538574218,0.000899314880371,7.62939453125e-06,0.3,0
0.0008125305175781,0.0007743835449218,9.5367431640625e-07,9.5367431640625e-07,0.0,0.001,2
0.0002927780151367,0.0003347396850585,0.0001649856567382,0.0002050399780273,7.62939453125e-06,0.3,1
0.0,0.0013027191162109,0.014129638671875,0.014373779296875,0.0005865097045898,0.3,0
0.0,0.00262451171875,0.0,0.0,0.0,0.002,2
0.0040130615234375,0.0030632019042968,0.0028343200683593,0.0028572082519531,0.0011539459228515,0.3,1
0.006683349609375,0.0036125183105468,0.0006771087646484,0.0006790161132812,9.5367431640625e-07,0.3,0
0.0,0.0013027191162109,0.0005006790161132,0.0005064010620117,5.340576171875e-05,0.3,0
0.0,0.0013027191162109,0.006134033203125,0.0084228515625,0.0014801025390625,0.3,0
0.0104217529296875,0.0104217529296875,6.580352783203125e-05,6.961822509765625e-05,2.86102294921875e-06,0.003,2
0.0002717971801757,0.0002717971801757,7.62939453125e-05,7.62939453125e-05,9.5367431640625e-06,0.002,2
0.006500244140625,0.0065078735351562,0.0006999969482421,0.0007591247558593,0.0003204345703125,0.017,2
0.0148468017578125,0.0052108764648437,0.0111083984375,0.0111541748046875,4.76837158203125e-06,0.3,1
0.0,0.0003175735473632,0.0002088546752929,0.000213623046875,0.0,0.3,0
0.0002937316894531,0.0003128051757812,0.0001916885375976,0.000192642211914,0.0,0.007,1
0.00726318359375,0.0072555541992187,0.005401611328125,0.0054092407226562,0.0004854202270507,0.3,1
0.0,0.0033149719238281,0.01873779296875,0.01898193359375,0.000152587890625,0.3,0
0.0,0.0013027191162109,0.0126495361328125,0.012786865234375,0.0005807876586914,0.3,0
0.0,0.0013027191162109,0.0052871704101562,0.0052947998046875,0.0024795532226562,0.3,0
0.0041885375976562,0.004638671875,9.72747802734375e-05,9.72747802734375e-05,0.0001630783081054,0.001,2
0.009765625,0.009765625,0.0016994476318359,0.0017051696777343,0.0004358291625976,0.3,0
0.0,0.0097808837890625,0.0086517333984375,0.0086517333984375,0.0003747940063476,0.3,0
0.0,0.0013027191162109,9.5367431640625e-07,9.5367431640625e-07,0.0015296936035156,0.003,2
0.0050125122070312,0.0050125122070312,0.0026702880859375,0.0026702880859375,0.0005407333374023,0.3,1
0.0,0.0013027191162109,0.01971435546875,0.020050048828125,0.0012836456298828,0.3,0
0.0037040710449218,0.0041961669921875,9.5367431640625e-07,9.5367431640625e-07,0.0,0.014,2
0.0065078735351562,0.0065078735351562,0.0017414093017578,0.0023078918457031,3.4332275390625e-05,0.016,2
0.1875,0.1041259765625,0.129638671875,0.129638671875,0.0017356872558593,0.3,3
0.0030326843261718,0.0012798309326171,0.000838279724121,0.0008430480957031,0.0002660751342773,0.3,0
0.0123748779296875,0.0123748779296875,5.14984130859375e-05,5.14984130859375e-05,0.0002498626708984,0.001,2
0.0,0.0013027191162109,0.0031700134277343,0.003173828125,0.0003433227539062,0.3,0
0.0052108764648437,0.0052108764648437,0.00115966796875,0.0011615753173828,0.0002899169921875,0.3,0
0.0002317428588867,0.0002088546752929,8.58306884765625e-06,8.58306884765625e-06,0.0,0.002,2
0.000227928161621,0.0001850128173828,0.000152587890625,0.00018310546875,0.0,0.241,1
0.00213623046875,0.0022315979003906,0.001291275024414,0.0014533996582031,0.0002756118774414,0.3,1
0.0,0.0042343139648437,0.0020751953125,0.0021324157714843,0.0001916885375976,0.3,0
0.0021247863769531,0.0024223327636718,0.0001020431518554,0.000197410583496,5.91278076171875e-05,0.004,2
0.006683349609375,0.0036125183105468,0.0006961822509765,0.0006980895996093,1.1444091796875e-05,0.3,0
0.0104217529296875,0.0104217529296875,0.0008125305175781,0.0008134841918945,0.0001287460327148,0.3,0
0.0032501220703125,0.0036849975585937,0.001535415649414,0.0016059875488281,0.000258445739746,0.3,1
0.01116943359375,0.01116943359375,0.0074310302734375,0.01043701171875,0.0011425018310546,0.3,1
0.013092041015625,0.013092041015625,0.0101776123046875,0.01019287109375,0.0012454986572265,0.3,1
0.0024490356445312,0.0018234252929687,0.0011157989501953,0.0011501312255859,0.0001344680786132,0.3,1
0.0,0.0013027191162109,9.5367431640625e-07,9.5367431640625e-07,0.0,0.001,2
0.0052108764648437,0.0052108764648437,0.001220703125,0.0012226104736328,0.0005769729614257,0.3,0
0.03179931640625,0.02069091796875,0.0110321044921875,0.0111541748046875,0.0006237030029296,0.3,0
0.0042343139648437,0.0042343139648437,0.0006589889526367,0.0006599426269531,0.0006418228149414,0.003,2
0.0029792785644531,0.0029792785644531,0.0006160736083984,0.0006170272827148,9.5367431640625e-07,0.3,0
0.0,0.0013027191162109,0.010101318359375,0.010162353515625,0.0002784729003906,0.072,2
0.0017929077148437,0.0020484924316406,0.0007600784301757,0.0007600784301757,0.0007410049438476,0.001,1
0.0,0.0013027191162109,0.0069580078125,0.0104522705078125,0.0002956390380859,0.3,0
0.0001955032348632,0.0001945495605468,9.250640869140624e-05,0.0001029968261718,9.5367431640625e-07,0.3,1
0.03460693359375,0.03460693359375,0.0179443359375,0.01800537109375,9.5367431640625e-07,0.206,1
0.0014705657958984,0.0014705657958984,0.0007209777832031,0.0007219314575195,0.0004329681396484,0.13,1
0.0015621185302734,0.0015621185302734,0.0007257461547851,0.0007276535034179,0.0002546310424804,0.291,1
0.006011962890625,0.0057296752929687,0.0038948059082031,0.0039215087890625,0.000248908996582,0.3,1
0.010894775390625,0.010894775390625,0.0097198486328125,0.009857177734375,0.0006847381591796,0.3,1
0.026031494140625,0.026031494140625,0.0021400451660156,0.0059356689453125,0.0011806488037109,0.152,0
0.0002927780151367,0.0002803802490234,0.0001649856567382,0.0002050399780273,7.62939453125e-06,0.3,1
0.0052108764648437,0.0052108764648437,0.0018596649169921,0.0018882751464843,0.0001649856567382,0.3,0
0.006683349609375,0.0036125183105468,0.0006961822509765,0.0006980895996093,1.1444091796875e-05,0.3,0
0.000258445739746,0.000213623046875,0.0001306533813476,0.0001373291015625,8.58306884765625e-06,0.027,2
0.0004348754882812,0.0003366470336914,0.0002698898315429,0.0002822875976562,4.76837158203125e-06,0.3,1
0.005859375,0.0079193115234375,0.0026931762695312,0.0026931762695312,0.0002117156982421,0.3,1
0.0,0.0013027191162109,0.0052871704101562,0.0052947998046875,0.0024795532226562,0.3,0
0.0,0.0013027191162109,0.021270751953125,0.021820068359375,0.0002956390380859,0.15,0
0.0052108764648437,0.0052108764648437,0.0016651153564453,0.001749038696289,5.91278076171875e-05,0.3,0
0.024200439453125,0.0106353759765625,0.0077438354492187,0.008087158203125,0.0028572082519531,0.3,0
0.0083770751953125,0.0083770751953125,0.001077651977539,0.0012893676757812,0.0004167556762695,0.3,0
0.0036201477050781,0.0036239624023437,0.0025215148925781,0.0025291442871093,0.0005388259887695,0.3,1
0.0,0.0013027191162109,0.0126495361328125,0.012786865234375,0.0005807876586914,0.3,0
0.0,0.0013027191162109,0.0076751708984375,0.0087738037109375,0.0008134841918945,0.3,0
0.0128326416015625,0.012542724609375,0.006103515625,0.0061798095703125,0.0011844635009765,0.3,1
0.0002927780151367,0.0002908706665039,0.0001649856567382,0.0002050399780273,7.62939453125e-06,0.3,1
0.020416259765625,0.020416259765625,0.004669189453125,0.0047760009765625,9.632110595703124e-05,0.199,0
0.030303955078125,0.016143798828125,0.0154571533203125,0.0155181884765625,0.0005397796630859,0.3,1
0.00701904296875,0.0078125,0.0034980773925781,0.0040054321289062,0.0001459121704101,0.3,1
0.0018234252929687,0.0018234252929687,0.0007400512695312,0.0008964538574218,0.0004997253417968,0.133,1
0.0,0.0013027191162109,0.0067062377929687,0.008026123046875,0.0008716583251953,0.3,0
0.0004348754882812,0.0003366470336914,0.0002698898315429,0.0002822875976562,4.76837158203125e-06,0.3,1
0.0104217529296875,0.0104217529296875,6.580352783203125e-05,6.961822509765625e-05,2.86102294921875e-06,0.003,2
0.0,0.0013027191162109,0.0069580078125,0.0104522705078125,0.0002956390380859,0.3,0
0.00262451171875,0.00262451171875,0.000762939453125,0.0007638931274414,0.0005645751953125,0.023,2
0.0,0.0013027191162109,0.0072402954101562,0.00933837890625,0.0001478195190429,0.3,0
0.008819580078125,0.005401611328125,0.0038261413574218,0.0038681030273437,0.0008192062377929,0.3,1
0.0,0.0038566589355468,0.0026206970214843,0.002685546875,0.0006122589111328,0.3,0
0.00726318359375,0.0072555541992187,0.005401611328125,0.0054092407226562,0.0004854202270507,0.3,1
0.0065078735351562,0.0065078735351562,0.0030097961425781,0.0037956237792968,0.0004444122314453,0.097,1
0.00262451171875,0.00262451171875,0.0017719268798828,0.0018730163574218,1.430511474609375e-05,0.3,1
0.005035400390625,0.0066757202148437,0.0035781860351562,0.0036888122558593,0.000309944152832,0.3,1
0.006683349609375,0.0036125183105468,0.0006961822509765,0.0006980895996093,1.1444091796875e-05,0.3,0
0.0015621185302734,0.0015621185302734,0.0014171600341796,0.0015621185302734,9.918212890625e-05,0.3,1
0.00762939453125,0.00762939453125,0.0011978149414062,0.0011978149414062,0.0013999938964843,0.001,2
0.0036125183105468,0.0014629364013671,0.0006980895996093,0.0006999969482421,0.0001230239868164,0.3,0
0.000258445739746,0.0001707077026367,0.0001306533813476,0.0001373291015625,8.58306884765625e-06,0.027,2
0.0030326843261718,0.0012798309326171,0.000838279724121,0.0008430480957031,0.0002660751342773,0.3,0
0.0032501220703125,0.0036849975585937,0.001535415649414,0.0016059875488281,0.000258445739746,0.3,1
0.0026054382324218,0.0026054382324218,0.0013160705566406,0.0017719268798828,0.0001506805419921,0.3,1
0.0025749206542968,0.0026206970214843,0.0007123947143554,0.0007171630859375,0.0007448196411132,0.003,2
0.0002317428588867,0.0002088546752929,8.58306884765625e-06,8.58306884765625e-06,0.0,0.002,2
0.0018234252929687,0.0018234252929687,0.0001764297485351,0.0003833770751953,0.000197410583496,0.003,2
0.0130462646484375,0.0130615234375,0.0018558502197265,0.0018577575683593,0.0002288818359375,0.3,0
0.0,0.0013027191162109,0.02197265625,0.024078369140625,0.0005817413330078,0.3,0
0.0032501220703125,0.0036849975585937,0.001535415649414,0.0016059875488281,0.000258445739746,0.3,1
0.0097503662109375,0.0097503662109375,0.0027389526367187,0.0059814453125,0.0,0.3,1
0.016265869140625,0.014923095703125,0.0035629272460937,0.0036544799804687,0.0003004074096679,0.3,0
0.00262451171875,0.00262451171875,0.000101089477539,0.000101089477539,0.0005369186401367,0.001,2
0.0,0.00262451171875,0.0,0.0,0.0,0.002,2
0.0,0.04339599609375,0.04071044921875,0.04083251953125,0.0002307891845703,0.3,0
0.016265869140625,0.0093536376953125,0.0035629272460937,0.0036544799804687,0.0003004074096679,0.3,0
0.0008068084716796,0.0008068084716796,0.0006971359252929,0.0006971359252929,6.771087646484375e-05,0.3,1
0.0,0.0013027191162109,0.008880615234375,0.010040283203125,0.0012798309326171,0.3,0
0.0018749237060546,0.0015621185302734,0.0012092590332031,0.0015621185302734,3.814697265625e-06,0.3,1
0.0076141357421875,0.0076141357421875,9.5367431640625e-07,9.5367431640625e-07,0.0,0.001,2
0.00390625,0.00390625,0.0011177062988281,0.0014286041259765,2.6702880859375e-05,0.3,0
0.0,0.0013027191162109,0.020721435546875,0.02154541015625,0.00213623046875,0.3,0
0.00726318359375,0.0072555541992187,0.005401611328125,0.0054092407226562,0.0004854202270507,0.3,1
0.0017833709716796,0.0014705657958984,0.0013847351074218,0.0015010833740234,9.5367431640625e-07,0.3,1
0.0,0.0013027191162109,0.006134033203125,0.0084228515625,0.0014801025390625,0.3,0
0.0025520324707031,0.0025520324707031,9.5367431640625e-07,9.5367431640625e-07,0.0,0.001,2
0.00262451171875,0.00262451171875,0.0021553039550781,0.0022048950195312,7.43865966796875e-05,0.3,1
0.0,0.0038566589355468,0.001953125,0.0019645690917968,0.0008172988891601,0.3,0
0.0019607543945312,0.001840591430664,0.0014934539794921,0.0015754699707031,0.0005989074707031,0.045,1
0.00262451171875,0.00262451171875,0.000101089477539,0.000101089477539,0.0005369186401367,0.001,2
0.009368896484375,0.154052734375,1.9073486328125e-05,2.09808349609375e-05,0.0,0.01,2
0.0,0.0013027191162109,0.0048751831054687,0.009979248046875,0.0009031295776367,0.3,0
0.0014705657958984,0.0014705657958984,8.678436279296875e-05,8.678436279296875e-05,0.0,0.003,2
0.0004310607910156,0.0003652572631835,0.0002689361572265,0.0003032684326171,9.5367431640625e-07,0.3,1
0.0052108764648437,0.0052108764648437,0.0030326843261718,0.0034713745117187,0.0001544952392578,0.3,1
0.0003061294555664,0.0003299713134765,0.0001678466796875,0.0001821517944335,0.0,0.3,1
0.005035400390625,0.004119873046875,0.0035781860351562,0.0036888122558593,0.000309944152832,0.3,1
0.0,0.00390625,0.0002450942993164,0.0002670288085937,9.5367431640625e-07,0.3,0
0.0076141357421875,0.0076141357421875,9.5367431640625e-07,9.5367431640625e-07,0.0,0.001,2
0.0034942626953125,0.0018024444580078,0.0003576278686523,0.0003576278686523,9.72747802734375e-05,0.3,0
0.0,0.0031890869140625,0.0007553100585937,0.0007638931274414,0.0002479553222656,0.3,0
0.00390625,0.00390625,0.0009088516235351,0.0009117126464843,0.0001716613769531,0.3,0
0.0,0.0013027191162109,0.005096435546875,0.0102996826171875,0.001800537109375,0.3,0
0.0040130615234375,0.0040130615234375,0.001932144165039,0.0019359588623046,0.0004730224609375,0.3,1
0.0011577606201171,0.0011577606201171,0.0002832412719726,0.0002832412719726,0.0002679824829101,0.002,2
0.011016845703125,0.011016845703125,0.0008964538574218,0.000899314880371,7.62939453125e-06,0.3,0
0.0052108764648437,0.0052108764648437,0.001220703125,0.0012226104736328,0.0005769729614257,0.3,0
0.0,0.0013027191162109,0.0005083084106445,0.0005578994750976,0.0002861022949218,0.134,2
0.0,0.0013027191162109,0.0085906982421875,0.0100555419921875,0.0006122589111328,0.3,0
0.0057296752929687,0.0057296752929687,0.0038871765136718,0.0040740966796875,0.0001764297485351,0.3,1
0.0,0.0013027191162109,1.1444091796875e-05,7.43865966796875e-05,0.0003986358642578,0.007,2
0.019989013671875,0.03326416015625,0.0072860717773437,0.0077438354492187,0.000563621520996,0.3,0
0.0083770751953125,0.0066986083984375,0.001077651977539,0.0012893676757812,0.0004167556762695,0.3,0
0.006683349609375,0.0036125183105468,0.0006961822509765,0.0006980895996093,1.1444091796875e-05,0.3,0
0.011016845703125,0.011016845703125,0.0008964538574218,0.000899314880371,7.62939453125e-06,0.3,0
0.0,0.0013027191162109,0.0126495361328125,0.012786865234375,0.0005807876586914,0.3,0
0.0,0.00262451171875,0.0,0.0,0.0,0.002,2
0.0017833709716796,0.0014705657958984,0.0006780624389648,0.0006799697875976,9.5367431640625e-07,0.3,1
0.0094757080078125,0.0094757080078125,0.0014076232910156,0.0014095306396484,0.0,0.3,0
0.0027313232421875,0.0028572082519531,0.0010356903076171,0.0010509490966796,9.632110595703124e-05,0.3,1
0.00262451171875,0.00262451171875,0.0009384155273437,0.0015068054199218,0.0005674362182617,0.3,1
0.001953125,0.001953125,0.0011348724365234,0.0013694763183593,0.0005369186401367,0.3,1
0.017242431640625,0.0142822265625,0.0047531127929687,0.0055007934570312,0.0007781982421875,0.3,0
0.0036201477050781,0.0036239624023437,0.0025215148925781,0.0025291442871093,0.0005388259887695,0.3,1
0.0,0.0038566589355468,0.001953125,0.0019645690917968,0.0008172988891601,0.3,0
0.0134124755859375,0.0134124755859375,0.03131103515625,0.0,0.0006065368652343,0.3,1
0.0052108764648437,0.0052108764648437,0.0009660720825195,0.0009727478027343,0.0005407333374023,0.3,0
0.004364013671875,0.004364013671875,0.00225830078125,0.0023002624511718,0.0002937316894531,0.3,1
0.0,0.0013027191162109,0.0050735473632812,0.0184326171875,0.0013046264648437,0.3,0
0.0027313232421875,0.0028572082519531,0.0010356903076171,0.0010509490966796,9.632110595703124e-05,0.3,1
0.0051345825195312,0.0048446655273437,0.0024375915527343,0.00250244140625,0.0004568099975585,0.3,1
0.0033073425292968,0.0022125244140625,0.0015449523925781,0.0018463134765625,9.250640869140624e-05,0.3,1
0.01470947265625,0.01470947265625,6.198883056640625e-05,6.198883056640625e-05,0.0009450912475585,0.002,2
0.0097503662109375,0.0097503662109375,0.0027389526367187,0.0059814453125,0.0,0.3,1
0.00262451171875,0.00262451171875,0.001230239868164,0.0014114379882812,0.0005855560302734,0.3,1
0.0038299560546875,0.0043411254882812,0.0029754638671875,0.0029792785644531,0.0003280639648437,0.068,1
0.0048446655273437,0.0048446655273437,0.0018348693847656,0.0029373168945312,0.0008630752563476,0.075,1
0.0054702758789062,0.0054702758789062,0.00244140625,0.0026969909667968,0.0016555786132812,0.027,1
0.0106201171875,0.01666259765625,0.0078277587890625,0.008544921875,4.76837158203125e-06,0.3,1
0.0018234252929687,0.0018234252929687,0.0001764297485351,0.0003833770751953,0.000197410583496,0.003,2
0.00262451171875,0.00262451171875,0.0011310577392578,0.0014019012451171,0.0005702972412109,0.3,1
0.0052108764648437,0.0052108764648437,0.0010910034179687,0.0011062622070312,0.0003108978271484,0.3,0
0.0,0.0013027191162109,0.014862060546875,0.01495361328125,0.0007925033569335,0.3,0
0.0026321411132812,0.0024757385253906,0.0008420944213867,0.0025711059570312,0.0002574920654296,0.3,1
0.027435302734375,0.02874755859375,0.008941650390625,0.009735107421875,0.0015487670898437,0.3,0
0.0709228515625,0.03253173828125,1.9073486328125e-06,1.9073486328125e-06,0.0,0.001,2
0.0019149780273437,0.0019149780273437,0.0015373229980468,0.0015621185302734,5.245208740234375e-05,0.3,1
0.0032424926757812,0.0139923095703125,0.0006122589111328,0.0006132125854492,6.67572021484375e-06,0.3,0
0.00262451171875,0.00262451171875,0.0003395080566406,0.0007743835449218,0.0002946853637695,0.004,2
0.0032424926757812,0.0032539367675781,0.0006084442138671,0.0006084442138671,0.0001344680786132,0.3,0
0.0,0.00262451171875,0.0,0.0,0.0,0.002,2
0.0,0.0013027191162109,0.0,0.0,0.0,0.001,2
0.006683349609375,0.0036125183105468,0.0006771087646484,0.0006790161132812,9.5367431640625e-07,0.3,0
0.0065078735351562,0.0065078735351562,0.0017414093017578,0.0023078918457031,3.4332275390625e-05,0.016,2
0.0104217529296875,0.0104217529296875,6.580352783203125e-05,6.961822509765625e-05,2.86102294921875e-06,0.003,2
0.00390625,0.00390625,0.001190185546875,0.001199722290039,0.0001144409179687,0.3,0
0.0,0.0013027191162109,0.0135955810546875,0.0142669677734375,0.0005931854248046,0.3,0
0.0036201477050781,0.0036239624023437,0.0025215148925781,0.0025291442871093,0.0005388259887695,0.3,1
0.0018234252929687,0.0018234252929687,0.0001764297485351,0.0003833770751953,0.000197410583496,0.003,2
0.0052108764648437,0.0052108764648437,0.0018596649169921,0.0018882751464843,0.0001649856567382,0.3,0
0.006683349609375,0.0036125183105468,0.0006961822509765,0.0006980895996093,1.1444091796875e-05,0.3,0
0.0036201477050781,0.0036239624023437,0.0025215148925781,0.0025291442871093,0.0005388259887695,0.3,1
0.0025558471679687,0.0025558471679687,1.9073486328125e-06,1.9073486328125e-06,0.0,0.001,2
0.0048446655273437,0.0048446655273437,0.0018348693847656,0.0029373168945312,0.0008630752563476,0.075,1
0.0,0.0032539367675781,9.5367431640625e-05,0.0001039505004882,9.5367431640625e-07,0.3,0
0.00390625,0.0010814666748046,0.0002861022949218,0.0005512237548828,0.0003557205200195,0.003,2
0.0117340087890625,0.00921630859375,0.0063247680664062,0.010498046875,0.0008087158203125,0.3,1
0.00390625,0.0118255615234375,0.0031204223632812,0.0031280517578125,2.002716064453125e-05,0.3,1
0.01470947265625,0.01470947265625,6.198883056640625e-05,6.198883056640625e-05,0.0009450912475585,0.002,2
0.0032539367675781,0.0032539367675781,0.0013999938964843,0.0013999938964843,0.0004243850708007,0.009,2
0.0020751953125,0.0019645690917968,0.0005559921264648,0.0005578994750976,2.288818359375e-05,0.3,0
0.0088653564453125,0.0088653564453125,0.0024986267089843,0.0025177001953125,0.0005617141723632,0.3,0
0.0104217529296875,0.0104217529296875,6.580352783203125e-05,6.961822509765625e-05,2.86102294921875e-06,0.003,2
0.1875,0.1041259765625,0.129638671875,0.129638671875,0.0017356872558593,0.3,3
0.000227928161621,0.000227928161621,0.000152587890625,0.00018310546875,0.0,0.241,1
0.0004310607910156,0.0003652572631835,0.0002689361572265,0.0003032684326171,9.5367431640625e-07,0.3,1
0.006683349609375,0.0036125183105468,0.0006771087646484,0.0006790161132812,9.5367431640625e-07,0.3,0
0.0,0.0013027191162109,0.0052871704101562,0.0052947998046875,0.0024795532226562,0.3,0
0.0,0.0013027191162109,0.0084991455078125,0.0092010498046875,0.0005226135253906,0.3,0
0.0,0.0718994140625,0.0005712509155273,0.0005741119384765,0.0001287460327148,0.3,0
0.0052108764648437,0.0052108764648437,0.0010910034179687,0.0011062622070312,0.0003108978271484,0.3,0
0.0,0.0013027191162109,0.016143798828125,0.0191650390625,0.0024452209472656,0.176,0
0.0,0.0013027191162109,0.0071182250976562,0.00726318359375,0.000645637512207,0.3,0
0.0001955032348632,0.000197410583496,9.250640869140624e-05,0.0001029968261718,9.5367431640625e-07,0.3,1
0.000441551208496,0.0003385543823242,0.0002832412719726,0.0003013610839843,0.0,0.3,1
0.0040359497070312,0.0040359497070312,9.5367431640625e-06,9.5367431640625e-06,0.0005102157592773,0.004,2
0.006683349609375,0.0036125183105468,0.0006961822509765,0.0006980895996093,1.1444091796875e-05,0.3,0
0.000227928161621,0.000227928161621,0.000152587890625,0.00018310546875,0.0,0.241,1
0.0001955032348632,0.0002002716064453,9.250640869140624e-05,0.0001029968261718,9.5367431640625e-07,0.3,1
0.02166748046875,0.019500732421875,0.0069351196289062,0.0103912353515625,0.0003547668457031,0.3,0
0.0012569427490234,0.001260757446289,0.000833511352539,0.000859260559082,0.0002784729003906,0.3,1
0.0002317428588867,0.0002422332763671,8.58306884765625e-06,8.58306884765625e-06,0.0,0.002,2
0.0008134841918945,0.0005674362182617,0.0005102157592773,0.0005121231079101,0.0001630783081054,0.3,1
0.0019607543945312,0.001840591430664,0.0014934539794921,0.0015754699707031,0.0005989074707031,0.045,1
0.00262451171875,0.00262451171875,0.0011024475097656,0.001443862915039,5.7220458984375e-06,0.3,1
0.030303955078125,0.017974853515625,0.0154571533203125,0.0155181884765625,0.0005397796630859,0.3,1
0.0012702941894531,0.0012454986572265,0.0009822845458984,0.0009841918945312,2.47955322265625e-05,0.295,1
0.0014705657958984,0.0065765380859375,0.000166893005371,0.0001678466796875,0.0002431869506835,0.003,2
0.0046310424804687,0.0046310424804687,0.0008735656738281,0.0008764266967773,0.0002241134643554,0.3,0
0.0032501220703125,0.0036849975585937,0.001535415649414,0.0016059875488281,0.000258445739746,0.3,1
0.0,0.0117950439453125,0.009521484375,0.009552001953125,0.001291275024414,0.3,0
0.0066680908203125,0.0084686279296875,0.0052108764648437,0.0054702758789062,0.0001401901245117,0.3,1
0.0051498413085937,0.0051498413085937,0.0026702880859375,0.0035514831542968,0.0018177032470703,0.117,1
0.0001955032348632,0.0002002716064453,9.250640869140624e-05,0.0001029968261718,9.5367431640625e-07,0.3,1
0.0035820007324218,0.0035820007324218,0.0010795593261718,0.0017051696777343,0.0003633499145507,0.3,1
0.011016845703125,0.011016845703125,0.0008964538574218,0.000899314880371,7.62939453125e-06,0.3,0
0.0002317428588867,0.0002126693725585,8.58306884765625e-06,8.58306884765625e-06,0.0,0.002,2
0.0056076049804687,0.0086822509765625,0.0044479370117187,0.0044479370117187,0.0,0.014,1
0.0,0.0013027191162109,0.019287109375,0.020599365234375,0.0011310577392578,0.3,0
0.0,0.0137939453125,0.0012264251708984,0.0012283325195312,0.000340461730957,0.3,0
0.0123748779296875,0.0123748779296875,5.14984130859375e-05,5.14984130859375e-05,0.0002498626708984,0.001,2
0.0,0.0013027191162109,0.02197265625,0.024078369140625,0.0005817413330078,0.3,0
0.010894775390625,0.010894775390625,0.0097198486328125,0.009857177734375,0.0006847381591796,0.3,1
0.0028457641601562,0.0028533935546875,0.0025138854980468,0.0025405883789062,0.000309944152832,0.041,1
0.0035820007324218,0.0050888061523437,9.250640869140624e-05,9.250640869140624e-05,0.0002069473266601,0.001,2
0.0,0.0013027191162109,9.5367431640625e-07,9.5367431640625e-07,0.0,0.001,2
0.0123748779296875,0.0123748779296875,5.14984130859375e-05,5.14984130859375e-05,0.0002498626708984,0.001,2
0.0052108764648437,0.0052108764648437,0.00115966796875,0.0011615753173828,0.0002899169921875,0.3,0
0.0052108764648437,0.0052108764648437,0.0030326843261718,0.0034713745117187,0.0001544952392578,0.3,1
0.0052108764648437,0.0052108764648437,0.0011177062988281,0.0011730194091796,0.0005998611450195,0.3,0
0.02081298828125,0.0023269653320312,0.016204833984375,0.016326904296875,0.000227928161621,0.3,1
0.0041885375976562,0.0024795532226562,9.72747802734375e-05,9.72747802734375e-05,0.0001630783081054,0.001,2
0.0001630783081054,0.0001630783081054,0.0001516342163085,0.000152587890625,8.58306884765625e-06,0.3,1
0.006683349609375,0.0036125183105468,0.0006961822509765,0.0006980895996093,1.1444091796875e-05,0.3,0
0.0,0.0013027191162109,0.0072402954101562,0.00933837890625,0.0001478195190429,0.3,0
0.0036125183105468,0.0036125183105468,0.0006799697875976,0.000680923461914,3.0517578125e-05,0.3,0
0.0094757080078125,0.0094757080078125,0.0087127685546875,0.0087127685546875,9.5367431640625e-07,0.3,1
0.0,0.0001649856567382,0.0001478195190429,0.0001516342163085,2.47955322265625e-05,0.3,0
0.0,0.0013027191162109,0.0003175735473632,0.0005359649658203,0.000197410583496,0.018,2
0.0026054382324218,0.0026054382324218,0.0017757415771484,0.0020294189453125,0.0001001358032226,0.3,1
0.0024528503417968,0.0024528503417968,0.0013504028320312,0.0019435882568359,0.0005855560302734,0.041,1
0.0,0.0013027191162109,0.0024795532226562,0.0030517578125,7.534027099609375e-05,0.079,2
0.0,0.0013027191162109,0.0052871704101562,0.0052947998046875,0.0024795532226562,0.3,0
0.0008134841918945,0.0005674362182617,0.0005102157592773,0.0005121231079101,0.0001630783081054,0.3,1
0.0078125,0.0078125,0.005950927734375,0.0060272216796875,0.0006885528564453,0.3,1
0.0052108764648437,0.0052108764648437,0.0010910034179687,0.0011062622070312,0.0003108978271484,0.3,0
0.0,0.0013027191162109,0.0024795532226562,0.0030517578125,7.534027099609375e-05,0.079,2
0.005035400390625,0.004119873046875,0.0035781860351562,0.0036888122558593,0.000309944152832,0.3,1
0.0,0.0003175735473632,0.0001869201660156,0.000187873840332,1.9073486328125e-06,0.3,0
0.0033531188964843,0.0033531188964843,0.0006074905395507,0.0006446838378906,0.0022773742675781,0.3,1
0.0026054382324218,0.0026054382324218,0.0012664794921875,0.0017929077148437,0.0005578994750976,0.3,1
0.0,0.0013027191162109,0.019287109375,0.020599365234375,0.0011310577392578,0.3,0
0.0052108764648437,0.0052108764648437,0.0030326843261718,0.0034713745117187,0.0001544952392578,0.3,1
0.014434814453125,0.014434814453125,0.00592041015625,0.0059356689453125,0.0004148483276367,0.3,0
0.000227928161621,0.0001850128173828,0.000152587890625,0.00018310546875,0.0,0.241,1
0.011383056640625,0.0124053955078125,0.001138687133789,0.0011425018310546,0.000319480895996,0.3,0
0.0012569427490234,0.0012569427490234,0.000833511352539,0.000859260559082,0.0002784729003906,0.3,1
0.0128326416015625,0.014007568359375,0.006103515625,0.0061798095703125,0.0011844635009765,0.3,1
0.0,0.0013027191162109,9.5367431640625e-07,9.5367431640625e-07,0.0,0.001,2
0.0,0.0013027191162109,0.016510009765625,0.017333984375,0.0003213882446289,0.3,0
0.0019397735595703,0.0014705657958984,0.0010509490966796,0.0014724731445312,1.33514404296875e-05,0.3,1
0.0026054382324218,0.0026054382324218,0.0012664794921875,0.0017929077148437,0.0005578994750976,0.3,1
0.0104217529296875,0.0104217529296875,6.580352783203125e-05,6.961822509765625e-05,2.86102294921875e-06,0.003,2
0.0,0.0013027191162109,0.0069580078125,0.0104522705078125,0.0002956390380859,0.3,0
0.0032501220703125,0.0036849975585937,0.001535415649414,0.0016059875488281,0.000258445739746,0.3,1
0.0,0.0017528533935546,0.0043563842773437,0.0043563842773437,0.0001325607299804,0.3,0
0.0001955032348632,0.0002098083496093,9.250640869140624e-05,0.0001029968261718,9.5367431640625e-07,0.3,1
0.0020751953125,0.0020751953125,0.0006313323974609,0.0006322860717773,0.0003299713134765,0.3,1
0.0106201171875,0.0106201171875,0.0045242309570312,0.004608154296875,0.0001535415649414,0.3,1
0.000227928161621,0.000223159790039,0.000152587890625,0.00018310546875,0.0,0.241,1
0.1875,0.1041259765625,0.129638671875,0.129638671875,0.0017356872558593,0.3,3
0.1875,0.1041259765625,0.129638671875,0.129638671875,0.0017356872558593,0.3,3
0.0002317428588867,0.0002155303955078,8.58306884765625e-06,8.58306884765625e-06,0.0,0.002,2
0.0016555786132812,0.0016555786132812,0.0014686584472656,0.0014686584472656,0.0005016326904296,0.003,1
0.0149688720703125,0.016693115234375,0.00567626953125,0.00567626953125,0.0001983642578125,0.041,2
0.006683349609375,0.0036125183105468,0.0006961822509765,0.0006980895996093,1.1444091796875e-05,0.3,0
0.0032501220703125,0.0041961669921875,0.001535415649414,0.0016059875488281,0.000258445739746,0.3,1
0.00262451171875,0.00262451171875,0.0003862380981445,0.0009374618530273,0.0,0.004,2
0.0066146850585937,0.0066146850585937,0.0030632019042968,0.0030975341796875,0.0008506774902343,0.252,1
0.0,0.0013027191162109,0.0098419189453125,0.010223388671875,0.0012245178222656,0.3,0
0.0,0.0068359375,0.0010738372802734,0.0010910034179687,0.0001735687255859,0.3,0
0.0,0.00262451171875,0.0,0.0,0.0,0.002,2
0.0032501220703125,0.0036849975585937,0.001535415649414,0.0016059875488281,0.000258445739746,0.3,1
0.0095367431640625,0.0095367431640625,0.0072784423828125,0.0,0.0006542205810546,0.3,0
0.0,0.0013027191162109,0.0020713806152343,0.0020713806152343,0.0001392364501953,0.3,0
0.0037765502929687,0.0022125244140625,0.0018901824951171,0.0019416809082031,3.910064697265625e-05,0.3,1
0.0068283081054687,0.0068283081054687,0.0031547546386718,0.0039138793945312,0.0007562637329101,0.3,1
0.01116943359375,0.01116943359375,0.0072097778320312,0.0105438232421875,0.0009098052978515,0.3,1
0.0002717971801757,0.0002775192260742,7.62939453125e-05,7.62939453125e-05,9.5367431640625e-06,0.002,2
0.0,0.0013027191162109,0.021270751953125,0.021820068359375,0.0002956390380859,0.15,0
0.0025749206542968,0.0023040771484375,0.0007123947143554,0.0007171630859375,0.0007448196411132,0.003,2
0.006500244140625,0.0065078735351562,9.5367431640625e-07,9.5367431640625e-07,0.0,0.001,2
0.0054702758789062,0.0056610107421875,0.00244140625,0.0026969909667968,0.0016555786132812,0.027,1
0.071044921875,0.0732421875,0.0033416748046875,0.0033454895019531,0.0007534027099609,0.3,0
0.00262451171875,0.00262451171875,0.000762939453125,0.0007638931274414,0.0005645751953125,0.023,2
0.019927978515625,0.020111083984375,0.016021728515625,0.01605224609375,0.0009164810180664,0.3,1
0.0,0.00262451171875,0.0,0.0,0.0,0.002,2
0.0177001953125,0.0177001953125,0.0096435546875,0.0096893310546875,2.47955322265625e-05,0.3,1
0.0002317428588867,0.0001993179321289,8.58306884765625e-06,8.58306884765625e-06,0.0,0.002,2
0.0023269653320312,0.0023269653320312,0.0020904541015625,0.0,0.0003671646118164,0.3,1
0.0042343139648437,0.0042343139648437,0.0006589889526367,0.0006599426269531,0.0006418228149414,0.003,2
0.00390625,0.00390625,0.0023269653320312,0.0023307800292968,4.57763671875e-05,0.3,1
0.0066299438476562,0.0066299438476562,0.0032310485839843,0.00323486328125,0.0004835128784179,0.3,1
0.0052108764648437,0.0052108764648437,0.0030326843261718,0.0034713745117187,0.0001544952392578,0.3,1
0.0052108764648437,0.0052108764648437,0.00115966796875,0.0011615753173828,0.0002899169921875,0.3,0
0.0,0.0014266967773437,0.0006361007690429,0.0006389617919921,0.0002450942993164,0.3,0
0.0012416839599609,0.0012416839599609,0.0006446838378906,0.0006475448608398,0.0003566741943359,0.3,1
0.0,0.0013027191162109,0.0024795532226562,0.0030517578125,7.534027099609375e-05,0.079,2
0.000227928161621,0.000227928161621,0.000152587890625,0.00018310546875,0.0,0.241,1
0.0052108764648437,0.0052108764648437,0.0018596649169921,0.0018882751464843,0.0001649856567382,0.3,0
0.0002317428588867,0.0001707077026367,8.58306884765625e-06,8.58306884765625e-06,0.0,0.002,2
0.0,0.0013027191162109,0.0020713806152343,0.0020713806152343,0.0001392364501953,0.3,0
0.016143798828125,0.016143798828125,0.01104736328125,0.0110626220703125,0.0010204315185546,0.3,1
0.0002546310424804,0.0002546310424804,0.0001773834228515,0.0001850128173828,3.528594970703125e-05,0.3,1
0.0018234252929687,0.0018234252929687,0.0001764297485351,0.0003833770751953,0.000197410583496,0.003,2
0.0037765502929687,0.0008554458618164,0.0013027191162109,0.0013046264648437,4.100799560546875e-05,0.3,0
0.0362548828125,0.0362548828125,0.0143280029296875,0.0166015625,9.441375732421876e-05,0.3,0
0.0009822845458984,0.0009584426879882,0.0005512237548828,0.0005521774291992,4.38690185546875e-05,0.3,1
0.0,0.0013027191162109,0.0005292892456054,0.0007362365722656,0.0003919601440429,0.066,2
0.0,0.0045700073242187,0.0041046142578125,0.0041046142578125,0.0003175735473632,0.3,0
0.0032501220703125,0.0041961669921875,0.001535415649414,0.0016059875488281,0.000258445739746,0.3,1
0.0052108764648437,0.0052108764648437,0.0010910034179687,0.0011062622070312,0.0003108978271484,0.3,0
0.0002317428588867,0.0002403259277343,8.58306884765625e-06,8.58306884765625e-06,0.0,0.002,2
0.04559326171875,0.04559326171875,0.0111846923828125,0.011260986328125,0.0003175735473632,0.149,0
0.0076141357421875,0.0076141357421875,9.5367431640625e-07,9.5367431640625e-07,0.0,0.001,2
0.0104217529296875,0.0104217529296875,6.580352783203125e-05,6.961822509765625e-05,2.86102294921875e-06,0.003,2
0.0049667358398437,0.005096435546875,0.0045089721679687,0.0045166015625,0.0003519058227539,0.3,1
0.0037651062011718,0.0037727355957031,0.0017032623291015,0.0025711059570312,0.0005111694335937,0.295,1
0.078125,0.078125,0.0738525390625,0.0750732421875,0.0005884170532226,0.3,3
0.0012702941894531,0.0012454986572265,0.0009822845458984,0.0009841918945312,2.47955322265625e-05,0.295,1
0.006683349609375,0.0036125183105468,0.0006961822509765,0.0006980895996093,1.1444091796875e-05,0.3,0
0.0001955032348632,0.000213623046875,9.250640869140624e-05,0.0001029968261718,9.5367431640625e-07,0.3,1
0.0014915466308593,0.0013351440429687,0.0008649826049804,0.001138687133789,4.673004150390625e-05,0.3,1
0.00262451171875,0.00262451171875,9.34600830078125e-05,9.34600830078125e-05,3.814697265625e-06,0.003,2
0.0065078735351562,0.0065078735351562,0.0030097961425781,0.0037956237792968,0.0004444122314453,0.097,1
0.001657485961914,0.001657485961914,0.00128173828125,0.00128173828125,0.0001420974731445,0.002,1
0.0,0.00262451171875,0.0,0.0,0.0,0.002,2
0.0014705657958984,0.0014705657958984,0.0007486343383789,0.0008134841918945,0.0001916885375976,0.243,1
0.027435302734375,0.023529052734375,0.008941650390625,0.009735107421875,0.0015487670898437,0.3,0
0.0002326965332031,0.000248908996582,0.0001173019409179,0.0001182556152343,8.58306884765625e-06,0.004,2
0.04296875,0.0390625,0.027008056640625,0.02728271484375,2.86102294921875e-06,0.3,1
0.0012702941894531,0.0012454986572265,0.0009822845458984,0.0009841918945312,2.47955322265625e-05,0.295,1
0.0134124755859375,0.0134124755859375,0.031158447265625,0.0,0.0006113052368164,0.3,1
0.1875,0.1041259765625,0.129638671875,0.129638671875,0.0017356872558593,0.3,3
0.00262451171875,0.00262451171875,0.0021553039550781,0.0022048950195312,7.43865966796875e-05,0.3,1
0.0,0.00262451171875,0.0,0.0,0.0,0.002,2
0.0012702941894531,0.0012454986572265,0.0009822845458984,0.0009841918945312,2.47955322265625e-05,0.295,1
0.0,0.0013027191162109,0.0005912780761718,0.0005922317504882,0.0002975463867187,0.031,2
0.0036125183105468,0.0036125183105468,0.0006523132324218,0.0006532669067382,9.5367431640625e-06,0.013,2
0.0123748779296875,0.0123748779296875,5.14984130859375e-05,5.14984130859375e-05,0.0002498626708984,0.001,2
0.0052108764648437,0.0052108764648437,0.0010910034179687,0.0011062622070312,0.0003108978271484,0.3,0
0.0032501220703125,0.0041961669921875,0.001535415649414,0.0016059875488281,0.000258445739746,0.3,1
0.0052108764648437,0.0052108764648437,0.0010910034179687,0.0011062622070312,0.0003108978271484,0.3,0
0.0032501220703125,0.0036849975585937,0.001535415649414,0.0016059875488281,0.000258445739746,0.3,1
0.03460693359375,0.03460693359375,0.0179443359375,0.01800537109375,9.5367431640625e-07,0.206,1
0.0,0.0013027191162109,0.0052871704101562,0.0052947998046875,0.0024795532226562,0.3,0
0.0106201171875,0.0106201171875,0.0045242309570312,0.004608154296875,0.0001535415649414,0.3,1
0.011383056640625,0.0101776123046875,0.001138687133789,0.0011425018310546,0.000319480895996,0.3,0
0.0079803466796875,0.0032539367675781,0.0049896240234375,0.005645751953125,5.340576171875e-05,0.3,1
0.0036125183105468,0.0036125183105468,0.0006523132324218,0.0006532669067382,9.5367431640625e-06,0.013,2
0.000227928161621,0.000227928161621,0.000152587890625,0.00018310546875,0.0,0.241,1
0.0032424926757812,0.00262451171875,0.0006723403930664,0.0006742477416992,7.62939453125e-06,0.3,0
0.0025558471679687,0.0025558471679687,1.9073486328125e-06,1.9073486328125e-06,0.0,0.001,2
0.0019149780273437,0.0019035339355468,0.0015373229980468,0.0015621185302734,5.245208740234375e-05,0.3,1
0.0,0.0013027191162109,0.01953125,0.023651123046875,0.0014381408691406,0.243,0
0.0026054382324218,0.0026054382324218,0.0016765594482421,0.0022125244140625,6.198883056640625e-05,0.3,1
0.0034446716308593,0.0030059814453125,0.0008459091186523,0.0008535385131835,0.0002393722534179,0.3,0
0.0025367736816406,0.0017528533935546,0.0008258819580078,0.0012779235839843,1.9073486328125e-06,0.3,1
0.0036697387695312,0.0036735534667968,0.0024795532226562,0.0024871826171875,0.0005435943603515,0.3,1
0.0,0.0015621185302734,0.0001163482666015,0.0001201629638671,2.86102294921875e-06,0.3,0
0.00262451171875,0.00262451171875,0.000101089477539,0.000101089477539,0.0005369186401367,0.001,2
0.0026054382324218,0.0026054382324218,0.0013160705566406,0.0017719268798828,0.0001506805419921,0.3,1
0.00390625,0.00390625,0.001190185546875,0.001199722290039,0.0001144409179687,0.3,0
0.0019149780273437,0.0019035339355468,0.0015373229980468,0.0015621185302734,5.245208740234375e-05,0.3,1
0.0073928833007812,0.0073928833007812,0.0001354217529296,0.0003261566162109,0.0001335144042968,0.01,2
0.0012702941894531,0.0012454986572265,0.0009822845458984,0.0009841918945312,2.47955322265625e-05,0.295,1
0.011016845703125,0.011016845703125,0.0008964538574218,0.000899314880371,7.62939453125e-06,0.3,0
0.0040130615234375,0.0030632019042968,0.0028343200683593,0.0028572082519531,0.0011539459228515,0.3,1
0.004241943359375,0.004241943359375,0.0013637542724609,0.0030174255371093,0.0004491806030273,0.118,1
0.0,0.0013027191162109,0.01922607421875,0.0206298828125,0.0021095275878906,0.3,0
0.0076828002929687,0.0076828002929687,0.0040664672851562,0.0040817260742187,0.0001688003540039,0.3,1
0.0,0.0013027191162109,0.0005388259887695,0.000624656677246,0.0002803802490234,0.062,2
0.0011463165283203,0.0011463165283203,0.000432014465332,0.0004339218139648,0.0001602172851562,0.3,1
0.0094757080078125,0.0094757080078125,0.0087127685546875,0.0087127685546875,9.5367431640625e-07,0.3,1
0.0,0.0013027191162109,9.5367431640625e-07,9.5367431640625e-07,0.0006589889526367,0.005,2
0.006622314453125,0.006622314453125,0.0053329467773437,0.0058517456054687,0.0006055831909179,0.3,1
0.0,0.0013027191162109,9.5367431640625e-07,9.5367431640625e-07,0.0,0.001,2
0.0,0.00262451171875,0.0,0.0,0.0,0.002,2
0.006011962890625,0.0065078735351562,0.0038490295410156,0.0038528442382812,6.008148193359375e-05,0.3,1
0.0032501220703125,0.0036849975585937,0.001535415649414,0.0016059875488281,0.000258445739746,0.3,1
0.0051651000976562,0.0046539306640625,7.43865966796875e-05,7.62939453125e-05,0.0006351470947265,0.004,2
0.0,0.0013027191162109,0.008880615234375,0.010040283203125,0.0012798309326171,0.3,0
0.0,0.0013027191162109,1.9073486328125e-06,1.9073486328125e-06,0.0004234313964843,0.001,2
0.0094757080078125,0.0094757080078125,0.0014076232910156,0.0014095306396484,0.0,0.3,0
0.009185791015625,0.009185791015625,0.003936767578125,0.0067138671875,0.0002260208129882,0.3,1
0.0,0.00262451171875,0.0,0.0,0.0,0.002,2
0.0021171569824218,0.0013351440429687,0.0015010833740234,0.0018024444580078,4.76837158203125e-05,0.3,1
0.00262451171875,0.00262451171875,0.000762939453125,0.0007638931274414,0.0005645751953125,0.023,2
0.1009521484375,0.187744140625,0.0005731582641601,0.0005731582641601,0.0005617141723632,0.004,2
0.00762939453125,0.00762939453125,0.0011978149414062,0.0011978149414062,0.0013999938964843,0.001,2
0.0008134841918945,0.0005674362182617,0.0005102157592773,0.0005121231079101,0.0001630783081054,0.3,1
0.0148773193359375,0.0148773193359375,0.0006942749023437,0.0031471252441406,0.0004606246948242,0.3,0
0.0,0.0013027191162109,0.0024795532226562,0.0030517578125,7.534027099609375e-05,0.079,2
0.0,0.0013027191162109,0.0056991577148437,0.007965087890625,0.0005884170532226,0.262,0
0.0041656494140625,0.0041656494140625,0.0018596649169921,0.001861572265625,0.0001459121704101,0.3,1
0.027862548828125,0.025665283203125,0.002777099609375,0.0027847290039062,0.000554084777832,0.226,0
0.0001955032348632,0.0001802444458007,9.250640869140624e-05,0.0001029968261718,9.5367431640625e-07,0.3,1
0.0,0.0013027191162109,0.0062255859375,0.0112152099609375,0.0014572143554687,0.3,0
0.00262451171875,0.00262451171875,0.000101089477539,0.000101089477539,0.0005369186401367,0.001,2
0.020416259765625,0.021514892578125,0.004669189453125,0.0047760009765625,9.632110595703124e-05,0.199,0
0.0,0.0013027191162109,0.0038719177246093,0.0074691772460937,0.0007905960083007,0.3,0
0.0002317428588867,0.0001993179321289,8.58306884765625e-06,8.58306884765625e-06,0.0,0.002,2
0.0026054382324218,0.0026054382324218,0.0001459121704101,0.0001468658447265,0.0005073547363281,0.003,2
0.0017528533935546,0.0017528533935546,8.7738037109375e-05,8.7738037109375e-05,0.0002031326293945,0.001,2
0.006683349609375,0.0036125183105468,0.0006771087646484,0.0006790161132812,9.5367431640625e-07,0.3,0
0.0065078735351562,0.0065078735351562,0.0030097961425781,0.0037956237792968,0.0004444122314453,0.097,1
0.0033683776855468,0.0033683776855468,0.002593994140625,0.0,0.0004024505615234,0.3,1
0.0024528503417968,0.0024528503417968,0.0013504028320312,0.0019435882568359,0.0005855560302734,0.041,1
0.00262451171875,0.00262451171875,0.0017719268798828,0.0018730163574218,1.430511474609375e-05,0.3,1
0.009185791015625,0.0066146850585937,0.003936767578125,0.0067138671875,0.0002260208129882,0.3,1
0.0077667236328125,0.0077667236328125,0.0048141479492187,0.0056304931640625,0.0021896362304687,0.3,1
0.00262451171875,0.00262451171875,0.0003395080566406,0.0007743835449218,0.0002946853637695,0.004,2
0.0065078735351562,0.0065078735351562,0.0030097961425781,0.0037956237792968,0.0004444122314453,0.097,1
0.0,0.0013027191162109,0.019287109375,0.020599365234375,0.0011310577392578,0.3,0
0.0066146850585937,0.008392333984375,0.0030632019042968,0.0030975341796875,0.0008506774902343,0.252,1
0.0104217529296875,0.0104217529296875,6.580352783203125e-05,6.961822509765625e-05,2.86102294921875e-06,0.003,2
0.0,0.0066680908203125,0.0031700134277343,0.003173828125,0.0003433227539062,0.3,0
0.0,0.0001649856567382,0.0001144409179687,0.0001182556152343,1.430511474609375e-05,0.3,0
0.008819580078125,0.0065078735351562,0.0038261413574218,0.0038681030273437,0.0008192062377929,0.3,1
0.0104217529296875,0.0104217529296875,6.580352783203125e-05,6.961822509765625e-05,2.86102294921875e-06,0.003,2
0.0004034042358398,0.0057373046875,0.0002346038818359,0.0002479553222656,0.0,0.3,1
0.0036125183105468,0.0036125183105468,9.5367431640625e-07,9.5367431640625e-07,0.0,0.001,2
0.0104217529296875,0.0104217529296875,6.580352783203125e-05,6.961822509765625e-05,2.86102294921875e-06,0.003,2
0.0,0.0013027191162109,9.5367431640625e-07,9.5367431640625e-07,0.0,0.001,2
0.015625,0.015625,0.000523567199707,0.0006170272827148,0.0001144409179687,0.019,2
0.0064773559570312,0.009124755859375,0.0039825439453125,0.0062713623046875,0.0037193298339843,0.3,1
0.0050125122070312,0.0037651062011718,0.0026702880859375,0.0026702880859375,0.0005407333374023,0.3,1
0.0032501220703125,0.0036849975585937,0.001535415649414,0.0016059875488281,0.000258445739746,0.3,1
0.0148773193359375,0.0148773193359375,0.0006942749023437,0.0031471252441406,0.0004606246948242,0.3,0
0.00262451171875,0.00262451171875,0.0014495849609375,0.0015716552734375,6.008148193359375e-05,0.3,1
0.0035133361816406,0.0029792785644531,0.0026931762695312,0.0026931762695312,0.0004138946533203,0.3,1
0.0002765655517578,0.0002593994140625,0.0001773834228515,0.000218391418457,8.58306884765625e-06,0.231,1
0.0,0.0013027191162109,0.00421142578125,0.008697509765625,0.0014915466308593,0.3,0
0.0041885375976562,0.004638671875,9.72747802734375e-05,9.72747802734375e-05,0.0001630783081054,0.001,2
0.006683349609375,0.0036125183105468,0.0006961822509765,0.0006980895996093,1.1444091796875e-05,0.3,0
0.0104217529296875,0.0104217529296875,6.580352783203125e-05,6.961822509765625e-05,2.86102294921875e-06,0.003,2
0.0,0.0013027191162109,0.02197265625,0.024078369140625,0.0005817413330078,0.3,0
0.0063247680664062,0.0063247680664062,0.0048370361328125,0.0048446655273437,0.0003700256347656,0.3,1
0.0,0.0052108764648437,0.0039138793945312,0.0039138793945312,0.000288963317871,0.3,0
0.0,0.04339599609375,0.0404052734375,0.04095458984375,0.0002317428588867,0.3,0
0.00262451171875,0.00262451171875,0.0003833770751953,0.0006160736083984,1.9073486328125e-06,0.004,2
0.0001955032348632,0.0001955032348632,9.250640869140624e-05,0.0001029968261718,9.5367431640625e-07,0.3,1
0.0,0.0013027191162109,0.01922607421875,0.0206298828125,0.0021095275878906,0.3,0
0.0008134841918945,0.0005674362182617,0.0005102157592773,0.0005121231079101,0.0001630783081054,0.3,1
0.0031509399414062,0.0022125244140625,0.0012531280517578,0.0015678405761718,5.245208740234375e-05,0.3,1
0.0094757080078125,0.0094757080078125,0.0087127685546875,0.0087127685546875,9.5367431640625e-07,0.3,1
0.0032539367675781,0.0032539367675781,0.0024948120117187,0.0025863647460937,0.0006990432739257,0.3,1
0.0015621185302734,0.0015621185302734,0.0011672973632812,0.001312255859375,0.0002250671386718,0.3,1
0.0001955032348632,0.000197410583496,9.250640869140624e-05,0.0001029968261718,9.5367431640625e-07,0.3,1
0.1875,0.19970703125,0.14697265625,0.181640625,0.0001697540283203,0.3,3
0.006622314453125,0.00634765625,0.0031051635742187,0.0035934448242187,0.0019683837890625,0.156,1
0.0021896362304687,0.0015621185302734,0.0011940002441406,0.0015621185302734,0.0,0.3,1
0.0,0.00262451171875,0.0,0.0,0.0,0.002,2
0.07421875,0.07421875,0.04644775390625,0.05133056640625,5.53131103515625e-05,0.3,1
0.0,0.0001649856567382,0.00018310546875,0.0001850128173828,5.054473876953125e-05,0.3,0
0.0078125,0.0078125,0.0012416839599609,0.0013236999511718,0.0003633499145507,0.016,2
0.0,0.04339599609375,0.04034423828125,0.0408935546875,0.0002374649047851,0.3,0
0.0021896362304687,0.0015621185302734,0.0013160705566406,0.0016536712646484,5.7220458984375e-06,0.3,1
0.00262451171875,0.00262451171875,0.0010738372802734,0.0013160705566406,9.5367431640625e-07,0.3,1
0.0004310607910156,0.0003652572631835,0.0002689361572265,0.0003032684326171,9.5367431640625e-07,0.3,1
0.0,0.00262451171875,0.0,0.0,0.0,0.002,2
0.0065078735351562,0.0065078735351562,0.0030097961425781,0.0037956237792968,0.0004444122314453,0.097,1
0.0035858154296875,0.003509521484375,0.0012149810791015,0.0012474060058593,7.534027099609375e-05,0.3,0
0.1875,0.1041259765625,0.129638671875,0.129638671875,0.0017356872558593,0.3,3
0.0066146850585937,0.0066146850585937,0.0030632019042968,0.0030975341796875,0.0008506774902343,0.252,1
0.05511474609375,0.05523681640625,0.05059814453125,0.0509033203125,0.0020370483398437,0.3,1
0.0035820007324218,0.0035820007324218,0.0006837844848632,0.0007247924804687,0.0,0.3,0
0.0,0.0013027191162109,0.021514892578125,0.022430419921875,0.0005769729614257,0.3,0
0.0,0.0013027191162109,0.000345230102539,0.0005617141723632,0.0002107620239257,0.019,2
0.0002660751342773,0.0002298355102539,7.915496826171875e-05,7.915496826171875e-05,7.724761962890625e-05,0.003,2
0.0095367431640625,0.0095367431640625,0.0072784423828125,0.0,0.0006542205810546,0.3,0
0.00262451171875,0.00262451171875,0.0010128021240234,0.0012550354003906,0.0005073547363281,0.3,1
0.0003366470336914,0.0003366470336914,0.0002803802490234,0.0002985000610351,9.5367431640625e-06,0.3,1
0.0052108764648437,0.0052108764648437,0.0016651153564453,0.001749038696289,5.91278076171875e-05,0.3,0
0.0,0.0013027191162109,0.0107879638671875,0.0129241943359375,0.0005865097045898,0.3,0
0.006683349609375,0.0036125183105468,0.0006961822509765,0.0006980895996093,1.1444091796875e-05,0.3,0
0.0041656494140625,0.0028495788574218,0.0023880004882812,0.0023956298828125,0.0002241134643554,0.3,1
0.0018234252929687,0.0018234252929687,0.0001764297485351,0.0003833770751953,0.000197410583496,0.003,2
0.000227928161621,0.0002365112304687,0.000152587890625,0.00018310546875,0.0,0.241,1
0.0019397735595703,0.0011501312255859,0.0010089874267578,0.0011482238769531,9.5367431640625e-07,0.3,1
0.00262451171875,0.00262451171875,0.001230239868164,0.0014152526855468,8.7738037109375e-05,0.3,1
0.0029792785644531,0.0029792785644531,0.0006189346313476,0.0006208419799804,4.9591064453125e-05,0.3,0
0.0053634643554687,0.0042266845703125,0.0035896301269531,0.0035972595214843,0.001352310180664,0.3,1
0.0001955032348632,0.0002002716064453,9.250640869140624e-05,0.0001029968261718,9.5367431640625e-07,0.3,1
0.0,0.0001649856567382,0.0001640319824218,0.0001678466796875,3.0517578125e-05,0.3,0
0.0019397735595703,0.0014705657958984,0.0013847351074218,0.0014724731445312,7.62939453125e-06,0.3,1
0.0032501220703125,0.0041961669921875,0.001535415649414,0.0016059875488281,0.000258445739746,0.3,1
0.006011962890625,0.0057296752929687,0.0038948059082031,0.0039215087890625,0.000248908996582,0.3,1
0.0,0.0013027191162109,0.014862060546875,0.01495361328125,0.0007925033569335,0.3,0
0.0029258728027343,0.0029258728027343,0.0020790100097656,0.0020828247070312,0.0003900527954101,0.3,1
0.0,0.0013027191162109,0.000345230102539,0.0005617141723632,0.0002107620239257,0.019,2
0.0,0.0013027191162109,0.0225830078125,0.02325439453125,0.000579833984375,0.3,0
0.0033683776855468,0.0033683776855468,0.0022087097167968,0.0,0.0004081726074218,0.3,1
0.0,0.0013027191162109,0.017425537109375,0.0233154296875,0.0009765625,0.3,0
0.006500244140625,0.0065078735351562,9.5367431640625e-07,9.5367431640625e-07,0.0,0.001,2
0.0,0.0003175735473632,0.0002365112304687,0.0002546310424804,9.5367431640625e-07,0.3,0
0.02093505859375,0.02093505859375,0.0002603530883789,0.0002613067626953,7.915496826171875e-05,0.3,0
0.0066680908203125,0.0084686279296875,0.0052108764648437,0.0054702758789062,0.0001401901245117,0.3,1
0.0052108764648437,0.0052108764648437,0.0010910034179687,0.0011062622070312,0.0003108978271484,0.3,0
0.006683349609375,0.0036125183105468,0.0006771087646484,0.0006790161132812,9.5367431640625e-07,0.3,0
0.0025520324707031,0.0025520324707031,9.5367431640625e-07,9.5367431640625e-07,0.0,0.001,2
0.0,0.04339599609375,0.0120391845703125,0.0144805908203125,0.0002307891845703,0.3,0
0.0002355575561523,0.0002565383911132,7.62939453125e-06,7.62939453125e-06,9.5367431640625e-07,0.002,2
0.0,0.0013027191162109,0.01922607421875,0.0206298828125,0.0021095275878906,0.3,0
0.0104217529296875,0.0104217529296875,0.0013809204101562,0.0024375915527343,0.0002145767211914,0.108,2
0.0015792846679687,0.0015792846679687,0.0003423690795898,0.0003442764282226,0.0003890991210937,0.004,2
0.0106201171875,0.0013370513916015,0.005889892578125,0.0060272216796875,0.0001506805419921,0.3,1
0.000441551208496,0.0003271102905273,0.0002832412719726,0.0003013610839843,0.0,0.3,1
0.0004348754882812,0.0003366470336914,0.0002698898315429,0.0002822875976562,4.76837158203125e-06,0.3,1
0.009765625,0.009765625,0.0016994476318359,0.0017051696777343,0.0004358291625976,0.3,0
0.016937255859375,0.016937255859375,0.004608154296875,0.0046844482421875,0.0004816055297851,0.3,0
0.0012702941894531,0.0012454986572265,0.0009822845458984,0.0009841918945312,2.47955322265625e-05,0.295,1
0.0,0.0013027191162109,0.01922607421875,0.0206298828125,0.0021095275878906,0.3,0
0.0011463165283203,0.0011463165283203,0.000432014465332,0.0004339218139648,0.0001602172851562,0.3,1
0.0003023147583007,0.0003213882446289,0.0001964569091796,0.0002260208129882,0.0,0.053,1
0.0003442764282226,0.000335693359375,0.0001811981201171,0.0002050399780273,0.0,0.3,1
0.0022773742675781,0.0022811889648437,0.0002574920654296,0.0002574920654296,0.0001354217529296,0.002,2
0.0,0.0117950439453125,0.009521484375,0.009552001953125,0.001291275024414,0.3,0
0.0104217529296875,0.0104217529296875,6.580352783203125e-05,6.961822509765625e-05,2.86102294921875e-06,0.003,2
0.0065078735351562,0.0065078735351562,0.0004053115844726,0.0004053115844726,0.0003156661987304,0.001,2
0.0017833709716796,0.0014705657958984,0.0010604858398437,0.0012435913085937,4.673004150390625e-05,0.3,1
0.011016845703125,0.011016845703125,0.0008964538574218,0.000899314880371,7.62939453125e-06,0.3,0
0.0,0.0013027191162109,0.02178955078125,0.023406982421875,0.0014266967773437,0.077,0
0.0052108764648437,0.0052108764648437,0.0010910034179687,0.0011062622070312,0.0003108978271484,0.3,0
0.006011962890625,0.0057296752929687,0.0038948059082031,0.0039215087890625,0.000248908996582,0.3,1
0.0025749206542968,0.0026206970214843,0.0007123947143554,0.0007171630859375,0.0007448196411132,0.003,2
0.0104217529296875,0.0104217529296875,6.580352783203125e-05,6.961822509765625e-05,2.86102294921875e-06,0.003,2
0.0,0.0013027191162109,0.0031280517578125,0.0102081298828125,0.0013847351074218,0.23,0
0.00262451171875,0.00262451171875,0.0007123947143554,0.0007429122924804,0.0001258850097656,0.083,2
0.00726318359375,0.0072555541992187,0.005401611328125,0.0054092407226562,0.0004854202270507,0.3,1
0.006683349609375,0.0036125183105468,0.0006771087646484,0.0006790161132812,9.5367431640625e-07,0.3,0
0.0,0.0013027191162109,9.5367431640625e-07,9.5367431640625e-07,0.0004138946533203,0.003,2
0.0052108764648437,0.0052108764648437,0.0010299682617187,0.0010318756103515,0.0003166198730468,0.3,0
0.003997802734375,0.003997802734375,0.0023689270019531,0.00244140625,0.0002174377441406,0.3,1
0.1875,0.2587890625,0.2216796875,0.22216796875,0.0010700225830078,0.3,3
0.0065078735351562,0.0065078735351562,0.0017414093017578,0.0023078918457031,3.4332275390625e-05,0.016,2
0.0035858154296875,0.003509521484375,0.0012149810791015,0.0012474060058593,7.534027099609375e-05,0.3,0
0.0016727447509765,0.0016727447509765,0.0006132125854492,0.0006132125854492,0.0005931854248046,0.001,2
0.1875,0.1041259765625,0.129638671875,0.129638671875,0.0017356872558593,0.3,3
0.0,0.04339599609375,0.04034423828125,0.0408935546875,0.0002374649047851,0.3,0
0.0088653564453125,0.0088653564453125,0.0024986267089843,0.0025177001953125,0.0005617141723632,0.3,0
0.0056381225585937,0.0056381225585937,0.0025672912597656,0.0029830932617187,0.0019798278808593,0.014,1
0.01080322265625,0.01080322265625,0.00848388671875,0.00848388671875,0.0008001327514648,0.3,1
0.0052108764648437,0.0052108764648437,0.0018596649169921,0.0018882751464843,0.0001649856567382,0.3,0
0.006500244140625,0.0065078735351562,9.5367431640625e-07,9.5367431640625e-07,0.0,0.001,2
0.0018234252929687,0.0018234252929687,0.0001764297485351,0.0003833770751953,0.000197410583496,0.003,2
0.009185791015625,0.0066146850585937,0.003936767578125,0.0067138671875,0.0002260208129882,0.3,1
0.0058059692382812,0.0053253173828125,0.0041427612304687,0.00445556640625,0.0018157958984375,0.179,1
0.0002317428588867,0.0001993179321289,8.58306884765625e-06,8.58306884765625e-06,0.0,0.002,2
0.0026054382324218,0.0026054382324218,0.0008449554443359,0.0008449554443359,0.0002546310424804,0.105,2
0.0057296752929687,0.0057296752929687,0.0038871765136718,0.0040740966796875,0.0001764297485351,0.3,1
0.0063247680664062,0.0063247680664062,0.0052413940429687,0.0052566528320312,0.000518798828125,0.3,1
0.0032501220703125,0.0036849975585937,0.001535415649414,0.0016059875488281,0.000258445739746,0.3,1
0.00213623046875,0.0018234252929687,0.0014305114746093,0.0018234252929687,4.00543212890625e-05,0.3,1
0.006683349609375,0.0036125183105468,0.0006771087646484,0.0006790161132812,9.5367431640625e-07,0.3,0
0.0032501220703125,0.0036849975585937,0.001535415649414,0.0016059875488281,0.000258445739746,0.3,1
0.0025520324707031,0.0075225830078125,9.5367431640625e-07,9.5367431640625e-07,0.0,0.001,2
0.006805419921875,0.006805419921875,0.005126953125,0.0051345825195312,0.0005264282226562,0.3,1
0.006500244140625,0.0065078735351562,9.5367431640625e-07,9.5367431640625e-07,0.0,0.001,2
0.03265380859375,0.03070068359375,0.01953125,0.0208740234375,0.0021553039550781,0.3,1
0.0002317428588867,0.0002088546752929,8.58306884765625e-06,8.58306884765625e-06,0.0,0.002,2
0.0006361007690429,0.0006361007690429,0.0001583099365234,0.0001583099365234,0.0001478195190429,0.001,2
0.0,0.0003175735473632,0.0002069473266601,0.0002088546752929,0.0,0.109,2
0.01470947265625,0.01470947265625,6.198883056640625e-05,6.198883056640625e-05,0.0009450912475585,0.002,2
0.0018348693847656,0.0018348693847656,0.0012054443359375,0.0018348693847656,0.0005531311035156,0.002,1
0.00262451171875,0.00262451171875,0.0003395080566406,0.0007743835449218,0.0002946853637695,0.004,2
0.0,0.0013027191162109,0.0055465698242187,0.0055694580078125,0.0014476776123046,0.3,0
0.009368896484375,0.154052734375,1.9073486328125e-05,2.09808349609375e-05,0.0,0.01,2
0.01080322265625,0.01080322265625,0.00848388671875,0.00848388671875,0.0008001327514648,0.3,1
0.0,0.0013027191162109,0.0225830078125,0.02325439453125,0.000579833984375,0.3,0
0.0,0.0023193359375,0.0041122436523437,0.004119873046875,0.0003395080566406,0.3,0
0.01171875,0.01171875,0.0023460388183593,0.0025558471679687,0.0004339218139648,0.3,0
0.0036125183105468,0.0036125183105468,0.0006799697875976,0.000680923461914,3.0517578125e-05,0.3,0
0.009521484375,0.005706787109375,0.0023040771484375,0.0029640197753906,0.0001821517944335,0.3,0
0.1009521484375,0.187744140625,0.0005731582641601,0.0005731582641601,0.0005617141723632,0.004,2
0.01116943359375,0.01116943359375,0.0072097778320312,0.0105438232421875,0.0009098052978515,0.3,1
0.0018234252929687,0.0018234252929687,0.0009641647338867,0.0011348724365234,0.0004339218139648,0.045,1
0.0052108764648437,0.0052108764648437,0.0010910034179687,0.0011062622070312,0.0003108978271484,0.3,0
0.0065536499023437,0.0075149536132812,0.0055770874023437,0.0056228637695312,0.0003633499145507,0.3,1
0.0094757080078125,0.0094757080078125,0.0087127685546875,0.0087127685546875,9.5367431640625e-07,0.3,1
0.00262451171875,0.00262451171875,0.0021553039550781,0.0022048950195312,7.43865966796875e-05,0.3,1
0.0012702941894531,0.0012454986572265,0.0009822845458984,0.0009841918945312,2.47955322265625e-05,0.295,1
0.006500244140625,0.0065078735351562,9.5367431640625e-07,9.5367431640625e-07,0.0,0.001,2
0.0104217529296875,0.0104217529296875,6.580352783203125e-05,6.961822509765625e-05,2.86102294921875e-06,0.003,2
0.0004310607910156,0.0003652572631835,0.0002689361572265,0.0003032684326171,9.5367431640625e-07,0.3,1
0.0054702758789062,0.0054702758789062,0.00244140625,0.0026969909667968,0.0016555786132812,0.027,1
0.0,0.0013027191162109,0.0062255859375,0.0112152099609375,0.0014572143554687,0.3,0
0.0002717971801757,0.0002775192260742,7.62939453125e-05,7.62939453125e-05,9.5367431640625e-06,0.002,2
0.00390625,0.00390625,0.0009088516235351,0.0009117126464843,0.0001716613769531,0.3,0
0.0003671646118164,0.0003728866577148,0.0002317428588867,0.0002803802490234,9.5367431640625e-07,0.3,1
0.0,0.0013027191162109,0.013336181640625,0.013458251953125,0.0005912780761718,0.129,0
0.0102996826171875,0.0033683776855468,0.0014858245849609,0.0,0.0003490447998046,0.3,0
0.006500244140625,0.0065078735351562,9.5367431640625e-07,9.5367431640625e-07,0.0,0.001,2
0.0,0.0026054382324218,0.0001163482666015,0.0001201629638671,2.86102294921875e-06,0.3,0
0.024200439453125,0.0024452209472656,0.0077438354492187,0.008087158203125,0.0028572082519531,0.3,0
0.0052108764648437,0.0052108764648437,0.0010910034179687,0.0011062622070312,0.0003108978271484,0.3,0
0.0,0.0013027191162109,0.0072402954101562,0.00933837890625,0.0001478195190429,0.3,0
0.0014705657958984,0.00177001953125,0.00067138671875,0.0007076263427734,0.00048828125,0.077,1
0.00213623046875,0.0018234252929687,0.0014019012451171,0.0014057159423828,8.678436279296875e-05,0.3,1
0.0,0.0013027191162109,0.0002212524414062,0.0002241134643554,9.5367431640625e-07,0.3,0
0.0,0.0013027191162109,0.0076751708984375,0.0087738037109375,0.0008134841918945,0.3,0
0.006500244140625,0.0065078735351562,0.0006999969482421,0.0007591247558593,0.0003204345703125,0.017,2
0.0,0.0013027191162109,0.008544921875,0.0128631591796875,0.0012035369873046,0.3,0
0.0078125,0.0078125,0.000162124633789,0.000162124633789,0.0001535415649414,0.002,2
0.0,0.0013027191162109,0.0155792236328125,0.015594482421875,0.0009975433349609,0.3,0
0.0390625,0.0390625,0.02191162109375,0.02203369140625,0.000157356262207,0.3,1
0.000258445739746,0.0001754760742187,0.0001306533813476,0.0001373291015625,8.58306884765625e-06,0.027,2
0.0849609375,0.0849609375,9.5367431640625e-07,9.5367431640625e-07,0.0,0.001,2
0.0036201477050781,0.0036239624023437,0.0025215148925781,0.0025291442871093,0.0005388259887695,0.3,1
0.01116943359375,0.01116943359375,0.0072097778320312,0.0105438232421875,0.0009098052978515,0.3,1
0.019989013671875,0.03326416015625,0.0072860717773437,0.0077438354492187,0.000563621520996,0.3,0
0.0002050399780273,0.0003252029418945,0.0001354217529296,0.0001382827758789,4.1961669921875e-05,0.3,1
0.0,0.0013027191162109,0.001535415649414,0.0019245147705078,0.0011196136474609,0.3,0
0.0,0.018798828125,0.0012264251708984,0.0012283325195312,0.000340461730957,0.3,0
0.0012416839599609,0.0012416839599609,0.0006446838378906,0.0006475448608398,0.0003566741943359,0.3,1
0.0,0.0060653686523437,0.0004482269287109,0.0004644393920898,0.0001420974731445,0.3,0
0.0015621185302734,0.0024452209472656,9.5367431640625e-07,9.5367431640625e-07,0.0,0.001,2
0.0095367431640625,0.0095367431640625,0.0072784423828125,0.0,0.0006542205810546,0.3,0
0.0,0.0013027191162109,0.01873779296875,0.01910400390625,0.002349853515625,0.3,0
0.0128936767578125,0.01171875,0.007965087890625,0.0095977783203125,0.0006599426269531,0.3,1
0.0036201477050781,0.0036239624023437,0.0025215148925781,0.0025291442871093,0.0005388259887695,0.3,1
0.0016555786132812,0.0016555786132812,0.0014686584472656,0.0014686584472656,0.0005016326904296,0.003,1
0.0104217529296875,0.0104217529296875,6.580352783203125e-05,6.961822509765625e-05,2.86102294921875e-06,0.003,2
0.0,0.0028305053710937,0.0039443969726562,0.0039596557617187,0.0003786087036132,0.3,0
0.0,0.0013027191162109,0.0042495727539062,0.0056915283203125,0.0007314682006835,0.06,2
0.0,0.0013027191162109,0.0010356903076171,0.008514404296875,0.0007505416870117,0.023,2
0.0,0.0003175735473632,0.0002326965332031,0.0002384185791015,3.814697265625e-06,0.3,0
0.0,0.0013027191162109,0.010101318359375,0.010162353515625,0.0002784729003906,0.072,2
0.0032424926757812,0.0012111663818359,0.000624656677246,0.0006256103515625,2.86102294921875e-06,0.3,0
0.0025749206542968,0.0075149536132812,0.0007123947143554,0.0007171630859375,0.0007448196411132,0.003,2
0.0037040710449218,0.0037040710449218,9.5367431640625e-07,9.5367431640625e-07,0.0,0.014,2
0.0003108978271484,0.0002679824829101,0.0001754760742187,0.0002050399780273,0.0,0.255,1
0.0097503662109375,0.0097503662109375,0.0027389526367187,0.0059814453125,0.0,0.3,1
0.0,0.0003175735473632,0.0002365112304687,0.0002546310424804,9.5367431640625e-07,0.3,0
0.0015621185302734,0.0015621185302734,0.0006380081176757,0.000640869140625,0.0005006790161132,0.077,1
0.0,0.0013027191162109,0.012359619140625,0.01495361328125,0.0006074905395507,0.3,0
0.0,0.0013027191162109,0.006500244140625,0.0095977783203125,0.001251220703125,0.3,0
0.0,0.0013027191162109,0.019622802734375,0.0205078125,0.0024604797363281,0.3,0
0.01556396484375,0.01495361328125,0.003662109375,0.0039825439453125,2.86102294921875e-06,0.3,0
0.000889778137207,0.0032081604003906,0.0004711151123046,0.000472068786621,2.384185791015625e-05,0.3,1
0.0,0.0038566589355468,0.001953125,0.0019645690917968,0.0008172988891601,0.3,0
0.00262451171875,0.00262451171875,0.0011310577392578,0.0014019012451171,0.0005702972412109,0.3,1
0.00390625,0.005096435546875,0.0031204223632812,0.0031280517578125,2.002716064453125e-05,0.3,1
0.0065231323242187,0.0065383911132812,0.0008106231689453,0.0011920928955078,0.0003128051757812,0.3,0
0.03179931640625,0.02069091796875,0.0110321044921875,0.0111541748046875,0.0006237030029296,0.3,0
0.00262451171875,0.00262451171875,9.441375732421876e-05,9.441375732421876e-05,6.67572021484375e-06,0.001,2
0.000227928161621,0.0002260208129882,0.000152587890625,0.00018310546875,0.0,0.241,1
0.00262451171875,0.00262451171875,0.000762939453125,0.0007638931274414,0.0005645751953125,0.023,2
0.0148468017578125,0.0052108764648437,0.0111083984375,0.0111541748046875,4.76837158203125e-06,0.3,1
0.0052108764648437,0.0052108764648437,0.0030326843261718,0.0034713745117187,0.0001544952392578,0.3,1
0.0001955032348632,0.0002098083496093,9.250640869140624e-05,0.0001029968261718,9.5367431640625e-07,0.3,1
0.0063934326171875,0.0071868896484375,0.00274658203125,0.0051422119140625,0.0002632141113281,0.062,1
0.0034942626953125,0.0017528533935546,0.0003662109375,0.0003671646118164,7.724761962890625e-05,0.3,0
0.00262451171875,0.00262451171875,0.0003833770751953,0.0006160736083984,1.9073486328125e-06,0.004,2
0.01116943359375,0.0118255615234375,0.0039138793945312,0.007598876953125,0.0014286041259765,0.074,1
0.0032501220703125,0.0036849975585937,0.001535415649414,0.0016059875488281,0.000258445739746,0.3,1
0.0050125122070312,0.0033950805664062,0.0026702880859375,0.0026702880859375,0.0005407333374023,0.3,1
0.0015621185302734,0.0015621185302734,0.0007152557373046,0.0010490417480468,0.0005197525024414,0.3,1
0.0078125,0.0059051513671875,0.003875732421875,0.0050201416015625,0.0001335144042968,0.3,1
0.020416259765625,0.021514892578125,0.004669189453125,0.0047760009765625,9.632110595703124e-05,0.199,0
0.00390625,0.00390625,0.0020179748535156,0.0028305053710937,0.0003728866577148,0.063,1
0.0,0.0013027191162109,9.5367431640625e-07,9.5367431640625e-07,0.0,0.001,2
0.0021896362304687,0.0015621185302734,0.0014991760253906,0.0017280578613281,4.76837158203125e-05,0.3,1
0.015625,0.015625,0.0005617141723632,0.0007181167602539,0.0002012252807617,0.031,2
0.0,0.0013027191162109,9.5367431640625e-07,9.5367431640625e-07,0.0004177093505859,0.004,2
0.0,0.0013027191162109,0.0142364501953125,0.014495849609375,0.0024871826171875,0.3,0
0.000227928161621,0.000223159790039,0.000152587890625,0.00018310546875,0.0,0.241,1
0.1875,0.1041259765625,0.129638671875,0.129638671875,0.0017356872558593,0.3,3
0.00262451171875,0.00262451171875,0.000762939453125,0.0007638931274414,0.0005645751953125,0.023,2
0.0,0.00262451171875,0.0,0.0,0.0,0.002,2
0.000227928161621,0.000223159790039,0.000152587890625,0.00018310546875,0.0,0.241,1
0.0,0.0013027191162109,0.0005388259887695,0.000624656677246,0.0002803802490234,0.062,2
0.000227928161621,0.000227928161621,0.000152587890625,0.00018310546875,0.0,0.241,1
0.03460693359375,0.03460693359375,0.0179443359375,0.01800537109375,9.5367431640625e-07,0.206,1
0.00701904296875,0.0078125,0.0034980773925781,0.0040054321289062,0.0001459121704101,0.3,1
0.0033683776855468,0.0033683776855468,0.002593994140625,0.0,0.0004024505615234,0.3,1
0.1875,0.1041259765625,0.129638671875,0.129638671875,0.0017356872558593,0.3,3
0.000227928161621,0.0002155303955078,0.000152587890625,0.00018310546875,0.0,0.241,1
0.0026054382324218,0.0026054382324218,0.0001459121704101,0.0001468658447265,0.0005073547363281,0.003,2
0.00390625,0.00390625,0.00164794921875,0.00262451171875,0.0014572143554687,0.3,1
0.0,0.00262451171875,0.0,0.0,0.0,0.002,2
0.0024070739746093,0.0062103271484375,0.0013256072998046,0.0019054412841796,0.000563621520996,0.048,1
0.0003023147583007,0.000314712524414,0.0001964569091796,0.0002260208129882,0.0,0.053,1
0.000213623046875,0.0002222061157226,7.82012939453125e-05,7.915496826171875e-05,6.198883056640625e-05,0.009,2
0.0021896362304687,0.0015621185302734,0.0013160705566406,0.0016536712646484,5.7220458984375e-06,0.3,1
0.0,0.0013027191162109,0.0097808837890625,0.0100555419921875,0.0006208419799804,0.3,0
0.0030937194824218,0.00262451171875,0.002105712890625,0.0022773742675781,2.86102294921875e-05,0.3,1
0.009765625,0.009765625,0.0017452239990234,0.0017452239990234,0.0005474090576171,0.3,0
0.0052108764648437,0.0052108764648437,0.0030326843261718,0.0034713745117187,0.0001544952392578,0.3,1
0.0004348754882812,0.0003833770751953,0.0002698898315429,0.0002822875976562,4.76837158203125e-06,0.3,1
0.0026588439941406,0.0015621185302734,0.0015811920166015,0.0019187927246093,4.673004150390625e-05,0.3,1
0.0018463134765625,0.0124664306640625,0.0016365051269531,0.0016460418701171,0.0005378723144531,0.003,1
0.0052108764648437,0.0052108764648437,0.0018596649169921,0.0018882751464843,0.0001649856567382,0.3,0
0.0027198791503906,0.0027198791503906,0.0012264251708984,0.001230239868164,0.0006561279296875,0.3,1
0.0033683776855468,0.0033683776855468,0.0023460388183593,0.0,0.0004081726074218,0.3,1
0.008819580078125,0.0031471252441406,0.0065994262695312,0.0075759887695312,0.001138687133789,0.3,1
0.0028457641601562,0.0028533935546875,0.0025138854980468,0.0025405883789062,0.000309944152832,0.041,1
0.0051956176757812,0.0052108764648437,0.0007791519165039,0.0007829666137695,0.0002822875976562,0.3,0
0.02166748046875,0.019500732421875,0.0069351196289062,0.0103912353515625,0.0003547668457031,0.3,0
0.041015625,0.0390625,0.0230712890625,0.02325439453125,0.000152587890625,0.3,1
0.0025558471679687,0.0075302124023437,1.9073486328125e-06,1.9073486328125e-06,0.0,0.001,2
0.01556396484375,0.01495361328125,0.003662109375,0.0039825439453125,2.86102294921875e-06,0.3,0
0.006011962890625,0.0057296752929687,0.004791259765625,0.0057296752929687,0.0002784729003906,0.3,1
0.0052108764648437,0.0052108764648437,0.0030326843261718,0.0034713745117187,0.0001544952392578,0.3,1
0.0015621185302734,0.023773193359375,9.5367431640625e-07,9.5367431640625e-07,0.0,0.001,2
0.0032539367675781,0.0032539367675781,0.0013999938964843,0.0013999938964843,0.0004243850708007,0.009,2
0.002471923828125,0.0521240234375,0.0011405944824218,0.0011444091796875,0.0001497268676757,0.3,1
0.0,0.0013027191162109,0.0186767578125,0.019287109375,0.001230239868164,0.3,0
0.0,0.0013027191162109,9.5367431640625e-07,9.5367431640625e-07,0.0,0.001,2
0.009368896484375,0.154052734375,1.9073486328125e-05,2.09808349609375e-05,0.0,0.01,2
0.1009521484375,0.187744140625,0.0005731582641601,0.0005731582641601,0.0005617141723632,0.004,2
0.020782470703125,0.020782470703125,0.014404296875,0.0144195556640625,0.0002317428588867,0.3,1
0.027862548828125,0.025665283203125,0.002777099609375,0.0027847290039062,0.000554084777832,0.226,0
0.009765625,0.009765625,0.0017452239990234,0.0017452239990234,0.0005474090576171,0.3,0
0.0032424926757812,0.0032539367675781,0.0006084442138671,0.0006084442138671,0.0001344680786132,0.3,0
0.0078277587890625,0.0078277587890625,0.0032501220703125,0.0032844543457031,0.0021247863769531,0.3,1
0.0065078735351562,0.0065078735351562,0.0017414093017578,0.0023078918457031,3.4332275390625e-05,0.016,2
0.0128326416015625,0.0128326416015625,0.006103515625,0.0061798095703125,0.0011844635009765,0.3,1
0.00262451171875,0.00262451171875,0.001230239868164,0.0014114379882812,0.0005855560302734,0.3,1
0.0057296752929687,0.0057296752929687,0.0042343139648437,0.0057296752929687,0.0002670288085937,0.3,1
0.0028572082519531,0.0028572082519531,0.0012397766113281,0.0012702941894531,0.0005664825439453,0.3,1
0.0034103393554687,0.0019683837890625,0.0027542114257812,0.0027732849121093,0.0004253387451171,0.3,1
0.0025520324707031,0.0025520324707031,9.5367431640625e-07,9.5367431640625e-07,0.0,0.001,2
0.0,0.0013027191162109,0.009002685546875,0.00958251953125,0.0013027191162109,0.3,0
0.0032501220703125,0.0036849975585937,0.001535415649414,0.0016059875488281,0.000258445739746,0.3,1
0.00262451171875,0.00262451171875,0.0003395080566406,0.0007743835449218,0.0002946853637695,0.004,2
0.0,0.0013027191162109,0.0007295608520507,0.0007305145263671,0.0004568099975585,0.3,0
0.001953125,0.001953125,0.0011348724365234,0.0013694763183593,0.0005369186401367,0.3,1
0.0,0.0013027191162109,0.0024795532226562,0.0030517578125,7.534027099609375e-05,0.079,2
0.0106201171875,0.0106201171875,0.0078277587890625,0.008544921875,4.76837158203125e-06,0.3,1
0.006500244140625,0.0065078735351562,9.5367431640625e-07,9.5367431640625e-07,0.0,0.001,2
0.0048370361328125,0.0030326843261718,0.0016231536865234,0.0016422271728515,1.239776611328125e-05,0.3,0
0.0036125183105468,0.0036125183105468,0.0033645629882812,0.0036125183105468,0.0,0.3,1
0.0003108978271484,0.0002927780151367,0.0001754760742187,0.0002050399780273,0.0,0.255,1
0.01080322265625,0.01080322265625,0.00848388671875,0.00848388671875,0.0008001327514648,0.3,1
0.0044326782226562,0.0044326782226562,0.0006971359252929,0.0006971359252929,0.0006732940673828,0.001,2
0.017425537109375,0.017425537109375,0.004974365234375,0.00506591796875,9.822845458984376e-05,0.3,0
0.0081329345703125,0.0081329345703125,2.09808349609375e-05,2.09808349609375e-05,0.0003557205200195,0.003,2
0.006500244140625,0.0065078735351562,9.5367431640625e-07,9.5367431640625e-07,0.0,0.001,2
0.0,0.0013027191162109,0.00982666015625,0.013671875,0.0005273818969726,0.3,0
0.00262451171875,0.00262451171875,9.441375732421876e-05,9.441375732421876e-05,6.67572021484375e-06,0.001,2
0.0012569427490234,0.0012569427490234,0.000833511352539,0.000859260559082,0.0002784729003906,0.3,1
0.0,0.0013027191162109,0.0092010498046875,0.02239990234375,0.0014972686767578,0.235,0
0.0028572082519531,0.0028572082519531,0.0012569427490234,0.0012588500976562,0.0002689361572265,0.3,1
0.006683349609375,0.0036125183105468,0.0006771087646484,0.0006790161132812,9.5367431640625e-07,0.3,0
0.0002803802490234,0.0003252029418945,0.0001478195190429,0.0001611709594726,8.58306884765625e-06,0.3,1
0.0008134841918945,0.0005674362182617,0.0005102157592773,0.0005121231079101,0.0001630783081054,0.3,1
0.0,0.0013027191162109,0.0072402954101562,0.00933837890625,0.0001478195190429,0.3,0
0.006683349609375,0.0036125183105468,0.0006961822509765,0.0006980895996093,1.1444091796875e-05,0.3,0
0.0032501220703125,0.0036849975585937,0.001535415649414,0.0016059875488281,0.000258445739746,0.3,1
0.009765625,0.009765625,0.0016994476318359,0.0017051696777343,0.0004358291625976,0.3,0
0.006683349609375,0.0036125183105468,0.0006961822509765,0.0006980895996093,1.1444091796875e-05,0.3,0
0.00726318359375,0.0072555541992187,0.005401611328125,0.0054092407226562,0.0004854202270507,0.3,1
0.0,0.0013027191162109,0.0107879638671875,0.0129241943359375,0.0005865097045898,0.3,0
0.0057296752929687,0.0026054382324218,0.0052261352539062,0.00555419921875,4.100799560546875e-05,0.3,1
0.0025825500488281,0.0087127685546875,0.0002098083496093,0.0002098083496093,0.00018310546875,0.002,2
0.0025520324707031,0.0025520324707031,9.5367431640625e-07,9.5367431640625e-07,0.0,0.001,2
0.0,0.0013027191162109,0.0024795532226562,0.0030517578125,7.534027099609375e-05,0.079,2
0.002960205078125,0.002960205078125,0.0018692016601562,0.0019054412841796,6.67572021484375e-06,0.3,1
0.0078125,0.0078887939453125,0.003875732421875,0.0050201416015625,0.0001335144042968,0.3,1
0.00262451171875,0.00262451171875,0.000762939453125,0.0007638931274414,0.0005645751953125,0.023,2
0.0,0.0013027191162109,0.0005998611450195,0.0008087158203125,0.0003271102905273,0.08,2
0.0052108764648437,0.0052108764648437,0.0018596649169921,0.0018882751464843,0.0001649856567382,0.3,0
0.0,0.0014476776123046,0.028564453125,0.028594970703125,0.0002517700195312,0.3,0
0.0072250366210937,0.0064239501953125,0.0052261352539062,0.0052337646484375,0.0004892349243164,0.3,1
0.0,0.0013027191162109,0.012481689453125,0.02093505859375,0.0023918151855468,0.257,0
0.0,0.0013027191162109,0.0098419189453125,0.010223388671875,0.0012245178222656,0.3,0
0.0,0.0013027191162109,9.5367431640625e-07,9.5367431640625e-07,0.0,0.001,2
0.0001955032348632,0.0001955032348632,9.250640869140624e-05,0.0001029968261718,9.5367431640625e-07,0.3,1
0.006500244140625,0.0065078735351562,9.5367431640625e-07,9.5367431640625e-07,0.0,0.001,2
0.0033683776855468,0.0033683776855468,0.0022125244140625,0.0,0.0001649856567382,0.3,1
0.0078125,0.0049972534179687,0.003875732421875,0.0050201416015625,0.0001335144042968,0.3,1
0.0052108764648437,0.0052108764648437,0.00115966796875,0.0011615753173828,0.0002899169921875,0.3,0
0.0026054382324218,0.0026054382324218,0.0012664794921875,0.0017929077148437,0.0005578994750976,0.3,1
0.041015625,0.0390625,0.0230712890625,0.02325439453125,0.000152587890625,0.3,1
0.0002717971801757,0.0002775192260742,7.62939453125e-05,7.62939453125e-05,9.5367431640625e-06,0.002,2
0.0077972412109375,0.0087432861328125,0.0044174194335937,0.0044174194335937,1.71661376953125e-05,0.3,1
0.024200439453125,0.0009994506835937,0.0077438354492187,0.008087158203125,0.0028572082519531,0.3,0
0.0,0.03253173828125,0.0001163482666015,0.0001201629638671,2.86102294921875e-06,0.3,0
0.0002355575561523,0.000279426574707,7.62939453125e-06,7.62939453125e-06,9.5367431640625e-07,0.002,2
0.0,0.0001649856567382,0.0001640319824218,0.0001678466796875,3.0517578125e-05,0.3,0
0.00262451171875,0.00262451171875,0.0011310577392578,0.0014019012451171,0.0005702972412109,0.3,1
0.022552490234375,0.022552490234375,0.0110626220703125,0.01129150390625,0.0006351470947265,0.3,1
0.008819580078125,0.0016498565673828,0.0038108825683593,0.003814697265625,0.0008535385131835,0.3,1
0.00262451171875,0.00262451171875,0.0003204345703125,0.0009174346923828,0.0001077651977539,0.009,2
0.0,0.0003175735473632,0.0002365112304687,0.0002546310424804,9.5367431640625e-07,0.3,0
0.1009521484375,0.187744140625,0.0005731582641601,0.0005731582641601,0.0005617141723632,0.004,2
0.0046768188476562,0.0037422180175781,0.0024642944335937,0.0024642944335937,9.5367431640625e-07,0.3,1
0.0,0.0013027191162109,9.5367431640625e-07,9.5367431640625e-07,0.0,0.001,2
0.0094757080078125,0.0094757080078125,0.0087127685546875,0.0087127685546875,9.5367431640625e-07,0.3,1
0.05621337890625,0.056396484375,0.0513916015625,0.0516357421875,0.0019645690917968,0.3,1
0.00213623046875,0.0018234252929687,0.0014305114746093,0.0018234252929687,4.00543212890625e-05,0.3,1
0.0148773193359375,0.0148773193359375,0.0006942749023437,0.0031471252441406,0.0004606246948242,0.3,0
0.1875,0.1041259765625,0.129638671875,0.129638671875,0.0017356872558593,0.3,3
0.0036125183105468,0.0078125,0.0006980895996093,0.0006999969482421,0.0001230239868164,0.3,0
0.0042190551757812,0.0059280395507812,0.0026779174804687,0.0026779174804687,0.0002374649047851,0.3,1
0.0,0.0013027191162109,0.01922607421875,0.0206298828125,0.0021095275878906,0.3,0
0.0001955032348632,0.0002002716064453,9.250640869140624e-05,0.0001029968261718,9.5367431640625e-07,0.3,1
0.0,0.0013027191162109,0.0097503662109375,0.0098114013671875,7.05718994140625e-05,0.104,2
0.009368896484375,0.154052734375,1.9073486328125e-05,2.09808349609375e-05,0.0,0.01,2
0.1875,0.1041259765625,0.129638671875,0.129638671875,0.0017356872558593,0.3,3
0.0,0.0013027191162109,0.0076751708984375,0.0087738037109375,0.0008134841918945,0.3,0
0.0050125122070312,0.0033836364746093,0.0026702880859375,0.0026702880859375,0.0005407333374023,0.3,1
0.0003023147583007,0.0002470016479492,0.0001964569091796,0.0002260208129882,0.0,0.053,1
0.0,0.0013027191162109,0.0076751708984375,0.0087738037109375,0.0008134841918945,0.3,0
0.006683349609375,0.0036125183105468,0.0006961822509765,0.0006980895996093,1.1444091796875e-05,0.3,0
0.1875,0.2587890625,0.2216796875,0.22216796875,0.0010700225830078,0.3,3
0.0,0.00262451171875,0.0,0.0,0.0,0.002,2
0.0016326904296875,0.0020256042480468,0.0012187957763671,0.0012722015380859,0.0001039505004882,0.3,1
0.0065078735351562,0.0065078735351562,0.0030097961425781,0.0037956237792968,0.0004444122314453,0.097,1
0.0052108764648437,0.0052108764648437,0.00115966796875,0.0011615753173828,0.0002899169921875,0.3,0
0.027435302734375,0.00921630859375,0.008941650390625,0.009735107421875,0.0015487670898437,0.3,0
0.0024490356445312,0.0018234252929687,0.0016365051269531,0.0016403198242187,8.487701416015625e-05,0.3,1
0.0,0.0013027191162109,0.009552001953125,0.0099639892578125,0.0013999938964843,0.3,0
0.0076141357421875,0.0039215087890625,9.5367431640625e-07,9.5367431640625e-07,0.0,0.001,2
0.0,0.0038566589355468,0.001953125,0.0019645690917968,0.0008172988891601,0.3,0
0.0,0.0013027191162109,0.0053558349609375,0.006103515625,0.0006942749023437,0.3,0
0.0,0.0013027191162109,0.012481689453125,0.02093505859375,0.0023918151855468,0.257,0
0.0002803802490234,0.0101318359375,0.0001478195190429,0.0001611709594726,8.58306884765625e-06,0.3,1
0.0051422119140625,0.0051422119140625,0.0029983520507812,0.0030746459960937,0.0001277923583984,0.3,1
0.0004348754882812,0.0003843307495117,0.0002698898315429,0.0002822875976562,4.76837158203125e-06,0.3,1
0.0036125183105468,0.0036125183105468,0.0013427734375,0.0013446807861328,0.0005006790161132,0.3,1
0.0,0.0013027191162109,0.02197265625,0.024078369140625,0.0005817413330078,0.3,0
0.020782470703125,0.0186767578125,0.014404296875,0.0144195556640625,0.0002317428588867,0.3,1
0.017242431640625,0.017242431640625,0.0047531127929687,0.0055007934570312,0.0007781982421875,0.3,0
0.009185791015625,0.0066146850585937,0.003936767578125,0.0067138671875,0.0002260208129882,0.3,1
0.0040130615234375,0.0013961791992187,0.0028343200683593,0.0028572082519531,0.0011539459228515,0.3,1
0.0065078735351562,0.0065078735351562,0.0030097961425781,0.0037956237792968,0.0004444122314453,0.097,1
0.0,0.0015621185302734,0.0006799697875976,0.0006828308105468,0.0002603530883789,0.3,0
0.0,0.0004997253417968,0.019866943359375,0.019927978515625,0.0013179779052734,0.3,0
0.0,0.0013027191162109,0.0052871704101562,0.0052947998046875,0.0024795532226562,0.3,0
0.0005979537963867,0.000462532043457,0.000441551208496,0.0,9.5367431640625e-07,0.3,1
0.0,0.0013027191162109,9.5367431640625e-07,1.9073486328125e-06,0.0005769729614257,0.002,2
0.0017528533935546,0.0017528533935546,0.0008258819580078,0.0011844635009765,0.0004606246948242,0.3,1
0.0,0.0013027191162109,9.5367431640625e-07,9.5367431640625e-07,0.0,0.001,2
0.0052108764648437,0.0052108764648437,0.0016651153564453,0.001749038696289,5.91278076171875e-05,0.3,0
0.0,0.00262451171875,0.0,0.0,0.0,0.002,2
0.0,0.0013027191162109,0.0072479248046875,0.01580810546875,0.0011405944824218,0.3,0
0.0065078735351562,0.0065078735351562,0.0030097961425781,0.0037956237792968,0.0004444122314453,0.097,1
0.0052108764648437,0.0052108764648437,0.0010910034179687,0.0011062622070312,0.0003108978271484,0.3,0
0.0148773193359375,0.0148773193359375,0.0006942749023437,0.0031471252441406,0.0004606246948242,0.3,0
0.0032539367675781,0.0024452209472656,0.0003337860107421,0.000335693359375,0.0001211166381835,0.3,0
0.006683349609375,0.0036125183105468,0.0006771087646484,0.0006790161132812,9.5367431640625e-07,0.3,0
0.0032424926757812,0.0032539367675781,0.0006084442138671,0.0006084442138671,0.0001344680786132,0.3,0
0.0052108764648437,0.0052108764648437,0.001626968383789,0.001708984375,3.814697265625e-06,0.3,0
0.00726318359375,0.0072555541992187,0.005401611328125,0.0054092407226562,0.0004854202270507,0.3,1
0.0,0.0011615753173828,0.0012264251708984,0.0012283325195312,0.000340461730957,0.3,0
0.05621337890625,0.0052108764648437,0.0516357421875,0.05194091796875,0.0013046264648437,0.3,1
0.0,0.00262451171875,0.0,0.0,0.0,0.002,2
0.0009145736694335,0.0020370483398437,0.0007209777832031,0.0007228851318359,4.863739013671875e-05,0.3,1
0.0012702941894531,0.0012454986572265,0.0009822845458984,0.0009841918945312,2.47955322265625e-05,0.295,1
0.006683349609375,0.0036125183105468,0.0006771087646484,0.0006790161132812,9.5367431640625e-07,0.3,0
0.006683349609375,0.0036125183105468,0.0006771087646484,0.0006790161132812,9.5367431640625e-07,0.3,0
0.0,0.00262451171875,0.0,0.0,0.0,0.002,2
0.0104217529296875,0.0104217529296875,6.580352783203125e-05,6.961822509765625e-05,2.86102294921875e-06,0.003,2
0.0065078735351562,0.0065078735351562,0.0001173019409179,0.0001192092895507,1.9073486328125e-06,0.003,2
0.006683349609375,0.0036125183105468,0.0006771087646484,0.0006790161132812,9.5367431640625e-07,0.3,0
0.005096435546875,0.005096435546875,0.00457763671875,0.0,0.0003786087036132,0.3,1
0.0025405883789062,0.0025405883789062,0.0003881454467773,0.0004396438598632,0.0003280639648437,0.003,2
0.0,0.0013027191162109,0.0126495361328125,0.012786865234375,0.0005807876586914,0.3,0
0.0,0.0013027191162109,0.0066299438476562,0.0099639892578125,0.0009479522705078,0.3,0
0.0052108764648437,0.0052108764648437,0.0016651153564453,0.001749038696289,5.91278076171875e-05,0.3,0
0.024200439453125,0.01605224609375,0.0076904296875,0.008056640625,0.0005369186401367,0.3,0
0.0849609375,0.0849609375,9.5367431640625e-07,9.5367431640625e-07,0.0,0.001,2
0.0065078735351562,0.0065078735351562,0.0013866424560546,0.0025978088378906,1.9073486328125e-06,0.002,2
0.0,0.0013027191162109,0.0063858032226562,0.017059326171875,0.0011215209960937,0.3,0
0.0052108764648437,0.0052108764648437,0.0010910034179687,0.0011062622070312,0.0003108978271484,0.3,0
0.0052108764648437,0.0052108764648437,0.0016651153564453,0.001749038696289,5.91278076171875e-05,0.3,0
0.0020751953125,0.0020751953125,0.0006313323974609,0.0006322860717773,0.0003299713134765,0.3,1
0.0065078735351562,0.0065078735351562,0.0030097961425781,0.0037956237792968,0.0004444122314453,0.097,1
0.00262451171875,0.00262451171875,0.0011024475097656,0.001443862915039,5.7220458984375e-06,0.3,1
0.0,0.0013027191162109,0.019287109375,0.02044677734375,0.0024795532226562,0.3,0
0.006500244140625,0.0065078735351562,9.5367431640625e-07,9.5367431640625e-07,0.0,0.001,2
0.021942138671875,0.021942138671875,0.0019359588623046,0.0019512176513671,2.47955322265625e-05,0.3,0
0.0001955032348632,0.000213623046875,9.250640869140624e-05,0.0001029968261718,9.5367431640625e-07,0.3,1
0.0,0.0013027191162109,0.0065765380859375,0.0105743408203125,0.0009918212890625,0.3,0
0.0,0.0013027191162109,0.0052871704101562,0.0052947998046875,0.0024795532226562,0.3,0
0.0052108764648437,0.0052108764648437,0.0030326843261718,0.0034713745117187,0.0001544952392578,0.3,1
0.00390625,0.00390625,0.0009088516235351,0.0009117126464843,0.0001716613769531,0.3,0
0.0052108764648437,0.0052108764648437,0.0010910034179687,0.0011062622070312,0.0003108978271484,0.3,0
0.00390625,0.00390625,0.0011768341064453,0.0012531280517578,0.0002517700195312,0.3,0
0.0104217529296875,0.0104217529296875,6.580352783203125e-05,6.961822509765625e-05,2.86102294921875e-06,0.003,2
0.0052108764648437,0.0052108764648437,0.0010910034179687,0.0011062622070312,0.0003108978271484,0.3,0
0.0106201171875,0.00262451171875,0.005889892578125,0.0060272216796875,0.0001506805419921,0.3,1
0.0002317428588867,0.0001993179321289,8.58306884765625e-06,8.58306884765625e-06,0.0,0.002,2
0.0,0.0013027191162109,0.0150909423828125,0.0174560546875,0.0001087188720703,0.3,0
0.0017509460449218,0.0017509460449218,0.0011539459228515,0.0015106201171875,0.0001001358032226,0.3,1
0.000227928161621,0.0002260208129882,0.000152587890625,0.00018310546875,0.0,0.241,1
0.0028572082519531,0.0028572082519531,0.0012397766113281,0.0012702941894531,0.0005664825439453,0.3,1
0.0104217529296875,0.0104217529296875,6.580352783203125e-05,6.961822509765625e-05,2.86102294921875e-06,0.003,2
0.006683349609375,0.0036125183105468,0.0006961822509765,0.0006980895996093,1.1444091796875e-05,0.3,0
0.0,0.0013027191162109,0.010101318359375,0.010162353515625,0.0002784729003906,0.072,2
0.0002317428588867,0.0002088546752929,8.58306884765625e-06,8.58306884765625e-06,0.0,0.002,2
0.0052108764648437,0.0052108764648437,0.0010910034179687,0.0011062622070312,0.0003108978271484,0.3,0
0.023284912109375,0.023284912109375,0.01824951171875,0.018798828125,0.0006866455078125,0.3,1
0.0065078735351562,0.0065078735351562,0.0013866424560546,0.0025978088378906,1.9073486328125e-06,0.002,2
0.009765625,0.009765625,0.0017452239990234,0.0017452239990234,0.0005474090576171,0.3,0
0.0088653564453125,0.0088653564453125,0.0024986267089843,0.0025177001953125,0.0005617141723632,0.3,0
0.00262451171875,0.0106353759765625,0.0010833740234375,0.0011711120605468,0.0004692077636718,0.105,1
0.0,0.0013027191162109,0.008880615234375,0.010040283203125,0.0012798309326171,0.3,0
0.0,0.0013027191162109,0.000411033630371,0.0006084442138671,0.0003061294555664,0.011,2
0.0,0.0013027191162109,0.02197265625,0.024078369140625,0.0005817413330078,0.3,0
0.0,0.0051956176757812,0.0001716613769531,0.0001735687255859,1.9073486328125e-05,0.3,0
0.0001955032348632,0.0001955032348632,9.250640869140624e-05,0.0001029968261718,9.5367431640625e-07,0.3,1
0.00262451171875,0.0008964538574218,0.0010833740234375,0.0011711120605468,0.0004692077636718,0.105,1
0.0,0.0013027191162109,9.5367431640625e-07,9.5367431640625e-07,1.1444091796875e-05,0.001,2
0.0052108764648437,0.0052108764648437,0.0010910034179687,0.0011062622070312,0.0003108978271484,0.3,0
0.0065078735351562,0.0065078735351562,0.0030097961425781,0.0037956237792968,0.0004444122314453,0.097,1
0.006500244140625,0.0065078735351562,0.0006999969482421,0.0007591247558593,0.0003204345703125,0.017,2
0.0031509399414062,0.0031509399414062,0.0021286010742187,0.0022735595703125,8.106231689453125e-05,0.3,1
0.027862548828125,0.025665283203125,0.002777099609375,0.0027847290039062,0.000554084777832,0.226,0
0.00262451171875,0.00262451171875,0.0021553039550781,0.0022048950195312,7.43865966796875e-05,0.3,1
0.0,0.0038566589355468,0.001953125,0.0019645690917968,0.0008172988891601,0.3,0
0.0052108764648437,0.0052108764648437,1.9073486328125e-06,1.9073486328125e-06,0.0,0.003,2
0.0065078735351562,0.0065078735351562,0.0017414093017578,0.0023078918457031,3.4332275390625e-05,0.016,2
0.0011978149414062,0.0011978149414062,9.5367431640625e-07,9.5367431640625e-07,0.0,0.001,2
0.008819580078125,0.008819580078125,0.0038261413574218,0.0038681030273437,0.0008192062377929,0.3,1
0.0021896362304687,0.0015621185302734,0.0013160705566406,0.0016536712646484,5.7220458984375e-06,0.3,1
0.0037422180175781,0.0066452026367187,0.0019397735595703,0.0021934509277343,0.0003833770751953,0.3,1
0.0675048828125,0.0675048828125,1.33514404296875e-05,1.430511474609375e-05,5.7220458984375e-06,0.004,2
0.00390625,0.00390625,0.0011177062988281,0.0014286041259765,2.6702880859375e-05,0.3,0
0.078125,0.078125,0.0738525390625,0.0750732421875,0.0005884170532226,0.3,3
0.0,0.0013027191162109,0.0052871704101562,0.0052947998046875,0.0024795532226562,0.3,0
0.0052108764648437,0.0052108764648437,0.001220703125,0.0012226104736328,0.0005769729614257,0.3,0
0.0,0.0013027191162109,0.01922607421875,0.0206298828125,0.0021095275878906,0.3,0
0.019989013671875,0.03326416015625,0.0072860717773437,0.0077438354492187,0.000563621520996,0.3,0
0.011016845703125,0.011016845703125,0.0008964538574218,0.000899314880371,7.62939453125e-06,0.3,0
0.0,0.0013027191162109,9.5367431640625e-07,9.5367431640625e-07,0.0,0.001,2
0.0123748779296875,0.0123748779296875,5.14984130859375e-05,5.14984130859375e-05,0.0002498626708984,0.001,2
0.0,0.00262451171875,0.0,0.0,0.0,0.002,2
0.019195556640625,0.011383056640625,0.0017986297607421,0.0017986297607421,0.0004596710205078,0.3,0
0.0016155242919921,0.0016155242919921,3.337860107421875e-05,3.337860107421875e-05,8.58306884765625e-06,0.002,2
0.011016845703125,0.011016845703125,0.0008964538574218,0.000899314880371,7.62939453125e-06,0.3,0
0.0127410888671875,0.016632080078125,0.0075759887695312,0.0076828002929687,0.0006341934204101,0.3,1
0.0516357421875,0.02069091796875,0.0013313293457031,0.0013313293457031,1.9073486328125e-06,0.3,0
0.0694580078125,0.04998779296875,0.010040283203125,0.0100860595703125,0.0010833740234375,0.3,0
0.0128326416015625,0.014007568359375,0.006103515625,0.0061798095703125,0.0011844635009765,0.3,1
0.1009521484375,0.187744140625,0.0005731582641601,0.0005731582641601,0.0005617141723632,0.004,2
0.0,0.0026054382324218,0.0001163482666015,0.0001201629638671,2.86102294921875e-06,0.3,0
0.010894775390625,0.010894775390625,0.0097198486328125,0.009857177734375,0.0006847381591796,0.3,1
0.0016155242919921,0.0016155242919921,3.337860107421875e-05,3.337860107421875e-05,8.58306884765625e-06,0.002,2
0.00262451171875,0.00262451171875,0.0017719268798828,0.0018730163574218,1.430511474609375e-05,0.3,1
0.0078125,0.0056381225585937,0.003875732421875,0.0050201416015625,0.0001335144042968,0.3,1
0.0032501220703125,0.0036849975585937,0.001535415649414,0.0016059875488281,0.000258445739746,0.3,1
0.006683349609375,0.0036125183105468,0.0006771087646484,0.0006790161132812,9.5367431640625e-07,0.3,0
0.019989013671875,0.019989013671875,0.0072860717773437,0.0077438354492187,0.000563621520996,0.3,0
0.016937255859375,0.016937255859375,0.0058746337890625,0.0060348510742187,0.000533103942871,0.3,0
0.0134124755859375,0.0134124755859375,0.031036376953125,0.0,0.0005311965942382,0.3,1
0.00262451171875,0.00262451171875,0.0021553039550781,0.0022048950195312,7.43865966796875e-05,0.3,1
0.0004348754882812,0.0003366470336914,0.0002698898315429,0.0002822875976562,4.76837158203125e-06,0.3,1
0.0052108764648437,0.0052108764648437,0.0010910034179687,0.0011062622070312,0.0003108978271484,0.3,0
0.0022773742675781,0.0022811889648437,0.0002574920654296,0.0002574920654296,0.0001354217529296,0.002,2
0.007476806640625,0.007476806640625,0.0007514953613281,0.001077651977539,0.0001983642578125,0.026,2
0.0035858154296875,0.003509521484375,0.0012149810791015,0.0012474060058593,7.534027099609375e-05,0.3,0
0.0036125183105468,0.0036125183105468,0.0033645629882812,0.0036125183105468,0.0,0.3,1
0.0032424926757812,0.00323486328125,0.0023117065429687,0.0023155212402343,0.0005464553833007,0.3,1
0.016571044921875,0.014404296875,0.0150299072265625,0.0150604248046875,0.0004844665527343,0.3,1
0.0123748779296875,0.0123748779296875,5.14984130859375e-05,5.14984130859375e-05,0.0002498626708984,0.001,2
0.0002317428588867,0.0002126693725585,8.58306884765625e-06,8.58306884765625e-06,0.0,0.002,2
0.05078125,0.05078125,0.0469970703125,0.0469970703125,0.000136375427246,0.3,1
0.01080322265625,0.01080322265625,0.00848388671875,0.00848388671875,0.0008001327514648,0.3,1
0.0,0.0081939697265625,0.0031700134277343,0.003173828125,0.0003433227539062,0.3,0
0.0002317428588867,0.0002155303955078,8.58306884765625e-06,8.58306884765625e-06,0.0,0.002,2
0.0015621185302734,0.0015621185302734,0.00091552734375,0.0011310577392578,0.0004224777221679,0.032,1
0.011474609375,0.01446533203125,0.0041275024414062,0.004730224609375,3.337860107421875e-05,0.3,0
0.0,0.00262451171875,0.0,0.0,0.0,0.002,2
0.0,0.0013027191162109,9.5367431640625e-07,9.5367431640625e-07,0.0,0.001,2
0.009429931640625,0.009429931640625,0.0062026977539062,0.00628662109375,0.0005207061767578,0.016,1
0.006683349609375,0.0036125183105468,0.0006961822509765,0.0006980895996093,1.1444091796875e-05,0.3,0
0.0,0.0013027191162109,1.9073486328125e-06,1.9073486328125e-06,0.0004234313964843,0.001,2
0.0002107620239257,0.0001916885375976,9.5367431640625e-06,9.5367431640625e-06,0.0,0.001,2
0.006622314453125,0.006622314453125,0.0053329467773437,0.0058517456054687,0.0006055831909179,0.3,1
0.006683349609375,0.0036125183105468,0.0006961822509765,0.0006980895996093,1.1444091796875e-05,0.3,0
0.0,0.0013027191162109,0.01922607421875,0.0206298828125,0.0021095275878906,0.3,0
0.0072250366210937,0.0072250366210937,0.0052261352539062,0.0052337646484375,0.0004892349243164,0.3,1
0.00262451171875,0.00262451171875,0.0013542175292968,0.0015068054199218,0.0005197525024414,0.3,1
0.0016555786132812,0.0016555786132812,0.0014686584472656,0.0014686584472656,0.0005016326904296,0.003,1
0.076171875,0.076171875,0.0631103515625,0.0631103515625,0.0015087127685546,0.039,3
0.006011962890625,0.0057296752929687,0.004791259765625,0.0057296752929687,0.0002784729003906,0.3,1
0.0025520324707031,0.0025520324707031,9.5367431640625e-07,9.5367431640625e-07,0.0,0.001,2
0.0,0.0013027191162109,9.5367431640625e-07,9.5367431640625e-07,0.0003080368041992,0.001,2
0.0032501220703125,0.0036849975585937,0.001535415649414,0.0016059875488281,0.000258445739746,0.3,1
0.0051422119140625,0.0049667358398437,0.00152587890625,0.0023765563964843,3.910064697265625e-05,0.3,0
0.005859375,0.005859375,0.0025634765625,0.0025634765625,0.0006237030029296,0.098,1
0.0035858154296875,0.003509521484375,0.0012149810791015,0.0012474060058593,7.534027099609375e-05,0.3,0
0.019927978515625,0.020111083984375,0.015777587890625,0.01580810546875,0.0004310607910156,0.3,1
0.0041885375976562,0.004638671875,9.72747802734375e-05,9.72747802734375e-05,0.0001630783081054,0.001,2
0.0015621185302734,0.0015621185302734,9.34600830078125e-05,9.34600830078125e-05,0.0005064010620117,0.002,2
0.0,0.0718994140625,0.0005397796630859,0.0005464553833007,0.000101089477539,0.3,0
0.0078125,0.0016765594482421,0.006622314453125,0.0066604614257812,0.0003862380981445,0.3,1
0.0,0.0003175735473632,0.0002365112304687,0.0002546310424804,9.5367431640625e-07,0.3,0
0.0065460205078125,0.0062484741210937,0.0030593872070312,0.0030746459960937,0.0013008117675781,0.3,1
0.0001955032348632,0.0001640319824218,9.250640869140624e-05,0.0001029968261718,9.5367431640625e-07,0.3,1
0.0026054382324218,0.0026054382324218,0.0014228820800781,0.001718521118164,8.296966552734375e-05,0.3,1
0.0029182434082031,0.0026054382324218,0.0021514892578125,0.0026054382324218,2.6702880859375e-05,0.3,1
0.0052413940429687,0.0052413940429687,0.0023765563964843,0.0024032592773437,0.000279426574707,0.3,1
0.0,0.0013027191162109,1.9073486328125e-06,2.86102294921875e-06,0.0002756118774414,0.003,2
0.009521484375,0.005706787109375,0.0023040771484375,0.0029640197753906,0.0001821517944335,0.3,0
0.0001955032348632,0.0001955032348632,9.250640869140624e-05,0.0001029968261718,9.5367431640625e-07,0.3,1
0.0338134765625,0.03399658203125,0.01654052734375,0.01654052734375,0.0013103485107421,0.3,0
0.017242431640625,0.017242431640625,0.0047531127929687,0.0055007934570312,0.0007781982421875,0.3,0
0.0,0.0013027191162109,0.019287109375,0.020599365234375,0.0011310577392578,0.3,0
0.0,0.0013027191162109,0.0052871704101562,0.0052947998046875,0.0024795532226562,0.3,0
0.0,0.0013027191162109,0.008880615234375,0.010040283203125,0.0012798309326171,0.3,0
0.013092041015625,0.013092041015625,0.0101776123046875,0.01019287109375,0.0012454986572265,0.3,1
0.0128326416015625,0.01123046875,0.006103515625,0.0061798095703125,0.0011844635009765,0.3,1
0.0,0.0013027191162109,0.006134033203125,0.0084228515625,0.0014801025390625,0.3,0
0.0,0.0013027191162109,1.9073486328125e-06,1.9073486328125e-06,9.918212890625e-05,0.005,2
0.0001955032348632,0.0002002716064453,9.250640869140624e-05,0.0001029968261718,9.5367431640625e-07,0.3,1
0.0,0.0003175735473632,0.0002155303955078,0.0002222061157226,0.0,0.3,0
0.0001955032348632,0.0001945495605468,9.250640869140624e-05,0.0001029968261718,9.5367431640625e-07,0.3,1
0.0052413940429687,0.0052413940429687,0.0023765563964843,0.0024032592773437,0.000279426574707,0.3,1
0.0,0.0013027191162109,0.0126495361328125,0.012786865234375,0.0005807876586914,0.3,0
0.00726318359375,0.0072555541992187,0.005401611328125,0.0054092407226562,0.0004854202270507,0.3,1
0.0104217529296875,0.0104217529296875,6.580352783203125e-05,6.961822509765625e-05,2.86102294921875e-06,0.003,2
0.0036125183105468,0.0036125183105468,0.0006799697875976,0.000680923461914,3.0517578125e-05,0.3,0
0.0052108764648437,0.0052108764648437,0.0009660720825195,0.0009727478027343,0.0005407333374023,0.3,0
0.0,0.0013027191162109,0.0,0.0,0.0,0.001,2
0.0001955032348632,0.0001955032348632,9.250640869140624e-05,0.0001029968261718,9.5367431640625e-07,0.3,1
0.0035820007324218,0.0035820007324218,0.0009679794311523,0.0010013580322265,0.0003728866577148,0.3,0
0.0002269744873046,0.0002260208129882,0.0001735687255859,0.0001859664916992,0.0,0.3,1
0.0063247680664062,0.0063247680664062,0.0048370361328125,0.0048446655273437,0.0003700256347656,0.3,1
0.00262451171875,0.00262451171875,0.0003395080566406,0.0007743835449218,0.0002946853637695,0.004,2
0.0123748779296875,0.0123748779296875,5.14984130859375e-05,5.14984130859375e-05,0.0002498626708984,0.001,2
0.000227928161621,0.000223159790039,0.000152587890625,0.00018310546875,0.0,0.241,1
0.0,0.0013027191162109,0.0052871704101562,0.0052947998046875,0.0024795532226562,0.3,0
0.000227928161621,0.000227928161621,0.000152587890625,0.00018310546875,0.0,0.241,1
0.0025405883789062,0.0025405883789062,0.0003881454467773,0.0004396438598632,0.0003280639648437,0.003,2
0.000258445739746,0.0002059936523437,0.0001306533813476,0.0001373291015625,8.58306884765625e-06,0.027,2
0.001016616821289,0.001016616821289,0.0008306503295898,0.0008316040039062,9.632110595703124e-05,0.3,1
0.0104217529296875,0.0104217529296875,6.580352783203125e-05,6.961822509765625e-05,2.86102294921875e-06,0.003,2
0.0015621185302734,0.0015621185302734,0.0007257461547851,0.0007276535034179,0.0002546310424804,0.291,1
0.0052108764648437,0.0052108764648437,0.0010910034179687,0.0011062622070312,0.0003108978271484,0.3,0
0.0002317428588867,0.0002088546752929,8.58306884765625e-06,8.58306884765625e-06,0.0,0.002,2
